{"level":"info","ts":"2026-01-13T16:48:07-08:00","logger":"tracecheck","msg":"starting!"}
{"level":"info","ts":"2026-01-13T16:48:07-08:00","logger":"tracecheck","msg":"Taking reconcile step","Depth":0,"# Distinct States":1,"Total States":1,"Resource States":1}
{"level":"info","ts":1768351687.548774,"logger":"fallback","caller":"service/service.go:171","msg":"Service reconciler fetching Route from lister: name=demo, namespace=default"}
{"level":"info","ts":1768351687.5496361,"logger":"fallback","caller":"service/service.go:126","msg":"Service reconciler checking Route: name=demo, Generation=0, ObservedGeneration=0, Ready=Unknown (reason=, message=), generationMatch=true, routeResourceVersion="}
{"level":"info","ts":1768351687.549642,"logger":"fallback","caller":"service/service.go:136","msg":"Service reconciler calling PropagateRouteStatus() because Generation == ObservedGeneration"}
{"level":"info","ts":"2026-01-13T16:48:07-08:00","logger":"ServiceReconciler.reconcile","msg":"reconcile completed","key":"default/demo","reconciler":"knative.dev.serving.pkg.reconciler.service.Reconciler","requeue":false,"requeueAfter":0}
{"level":"info","ts":"2026-01-13T16:48:07-08:00","logger":"tracecheck","msg":"Taking reconcile step","Depth":1,"# Distinct States":2,"Total States":2,"Resource States":2}
{"level":"info","ts":1768351687.553068,"logger":"fallback","caller":"configuration/configuration.go:308","msg":"Created Revision: &v1.Revision{TypeMeta:v1.TypeMeta{Kind:\"Revision\", APIVersion:\"serving.knative.dev/v1\"}, ObjectMeta:v1.ObjectMeta{Name:\"kamera-test\", GenerateName:\"\", Namespace:\"default\", SelfLink:\"\", UID:\"\", ResourceVersion:\"\", Generation:0, CreationTimestamp:time.Date(1, time.January, 1, 0, 0, 0, 0, time.UTC), DeletionTimestamp:<nil>, DeletionGracePeriodSeconds:(*int64)(nil), Labels:map[string]string{\"discrete.events/sleeve-object-id\":\"37jmqvjn\", \"serving.knative.dev/configuration\":\"demo\", \"serving.knative.dev/configurationGeneration\":\"1\", \"serving.knative.dev/routingState\":\"active\", \"serving.knative.dev/service\":\"demo\"}, Annotations:map[string]string{\"autoscaling.knative.dev/class\":\"kpa.autoscaling.knative.dev\", \"autoscaling.knative.dev/initial-scale\":\"1\", \"autoscaling.knative.dev/min-scale\":\"0\", \"serving.knative.dev/routes\":\"demo\", \"serving.knative.dev/routingStateModified\":\"1970-01-01T00:00:02Z\"}, OwnerReferences:[]v1.OwnerReference{v1.OwnerReference{APIVersion:\"serving.knative.dev/v1\", Kind:\"Configuration\", Name:\"demo\", UID:\"\", Controller:(*bool)(0x14000d045b0), BlockOwnerDeletion:(*bool)(0x14000d045b1)}}, Finalizers:[]string(nil), ManagedFields:[]v1.ManagedFieldsEntry(nil)}, Spec:v1.RevisionSpec{PodSpec:v1.PodSpec{Volumes:[]v1.Volume(nil), InitContainers:[]v1.Container(nil), Containers:[]v1.Container{v1.Container{Name:\"user-container\", Image:\"dev.local/test\", Command:[]string(nil), Args:[]string(nil), WorkingDir:\"\", Ports:[]v1.ContainerPort(nil), EnvFrom:[]v1.EnvFromSource(nil), Env:[]v1.EnvVar(nil), Resources:v1.ResourceRequirements{Limits:v1.ResourceList{}, Requests:v1.ResourceList{}, Claims:[]v1.ResourceClaim(nil)}, ResizePolicy:[]v1.ContainerResizePolicy(nil), RestartPolicy:(*v1.ContainerRestartPolicy)(nil), VolumeMounts:[]v1.VolumeMount(nil), VolumeDevices:[]v1.VolumeDevice(nil), LivenessProbe:(*v1.Probe)(nil), ReadinessProbe:(*v1.Probe)(0x14000d0c900), StartupProbe:(*v1.Probe)(nil), Lifecycle:(*v1.Lifecycle)(nil), TerminationMessagePath:\"\", TerminationMessagePolicy:\"\", ImagePullPolicy:\"\", SecurityContext:(*v1.SecurityContext)(nil), Stdin:false, StdinOnce:false, TTY:false}}, EphemeralContainers:[]v1.EphemeralContainer(nil), RestartPolicy:\"\", TerminationGracePeriodSeconds:(*int64)(nil), ActiveDeadlineSeconds:(*int64)(nil), DNSPolicy:\"\", NodeSelector:map[string]string(nil), ServiceAccountName:\"\", DeprecatedServiceAccount:\"\", AutomountServiceAccountToken:(*bool)(nil), NodeName:\"\", HostNetwork:false, HostPID:false, HostIPC:false, ShareProcessNamespace:(*bool)(nil), SecurityContext:(*v1.PodSecurityContext)(nil), ImagePullSecrets:[]v1.LocalObjectReference(nil), Hostname:\"\", Subdomain:\"\", Affinity:(*v1.Affinity)(nil), SchedulerName:\"\", Tolerations:[]v1.Toleration(nil), HostAliases:[]v1.HostAlias(nil), PriorityClassName:\"\", Priority:(*int32)(nil), DNSConfig:(*v1.PodDNSConfig)(nil), ReadinessGates:[]v1.PodReadinessGate(nil), RuntimeClassName:(*string)(nil), EnableServiceLinks:(*bool)(nil), PreemptionPolicy:(*v1.PreemptionPolicy)(nil), Overhead:v1.ResourceList(nil), TopologySpreadConstraints:[]v1.TopologySpreadConstraint(nil), SetHostnameAsFQDN:(*bool)(nil), OS:(*v1.PodOS)(nil), HostUsers:(*bool)(nil), SchedulingGates:[]v1.PodSchedulingGate(nil), ResourceClaims:[]v1.PodResourceClaim(nil), Resources:(*v1.ResourceRequirements)(nil)}, ContainerConcurrency:(*int64)(0x14000d045b8), TimeoutSeconds:(*int64)(0x14000d045c0), ResponseStartTimeoutSeconds:(*int64)(nil), IdleTimeoutSeconds:(*int64)(nil)}, Status:v1.RevisionStatus{Status:v1.Status{ObservedGeneration:0, Conditions:v1.Conditions(nil), Annotations:map[string]string(nil)}, LogURL:\"\", ContainerStatuses:[]v1.ContainerStatus(nil), InitContainerStatuses:[]v1.ContainerStatus(nil), ActualReplicas:(*int32)(nil), DesiredReplicas:(*int32)(nil)}}"}
{"level":"info","ts":1768351687.5530932,"logger":"fallback","caller":"configuration/configuration.go:103","msg":"Revision \"kamera-test\" of configuration is not ready"}
{"level":"info","ts":"2026-01-13T16:48:07-08:00","logger":"ConfigurationReconciler.reconcile","msg":"reconcile completed","key":"default/demo","reconciler":"knative.dev.serving.pkg.reconciler.configuration.Reconciler","requeue":false,"requeueAfter":0}
{"level":"info","ts":"2026-01-13T16:48:07-08:00","logger":"tracecheck","msg":"Taking reconcile step","Depth":2,"# Distinct States":3,"Total States":3,"Resource States":3}
{"level":"info","ts":1768351687.5566962,"logger":"fallback","caller":"route/route.go:480","msg":"Marking bad traffic target: Configuration \"demo\" not ready, isFailure=false"}
{"level":"info","ts":"2026-01-13T16:48:07-08:00","logger":"RouteReconciler.reconcile","msg":"reconcile completed","key":"default/demo","reconciler":"knative.dev.serving.pkg.reconciler.route.Reconciler","requeue":false,"requeueAfter":0}
{"level":"info","ts":"2026-01-13T16:48:07-08:00","logger":"tracecheck","msg":"Taking reconcile step","Depth":3,"# Distinct States":4,"Total States":4,"Resource States":4}
{"level":"info","ts":1768351687.560062,"logger":"fallback","caller":"service/service.go:171","msg":"Service reconciler fetching Route from lister: name=demo, namespace=default"}
{"level":"info","ts":1768351687.560074,"logger":"fallback","caller":"service/service.go:174","msg":"Service reconciler got Route from lister: name=demo, Generation=1, ObservedGeneration=1, ResourceVersion="}
{"level":"info","ts":1768351687.560086,"logger":"fallback","caller":"service/service.go:126","msg":"Service reconciler checking Route: name=demo, Generation=1, ObservedGeneration=1, Ready=Unknown (reason=RevisionMissing, message=Configuration \"demo\" is waiting for a Revision to become ready.), generationMatch=true, routeResourceVersion="}
{"level":"info","ts":1768351687.560089,"logger":"fallback","caller":"service/service.go:136","msg":"Service reconciler calling PropagateRouteStatus() because Generation == ObservedGeneration"}
{"level":"info","ts":"2026-01-13T16:48:07-08:00","logger":"ServiceReconciler.reconcile","msg":"reconcile completed","key":"default/demo","reconciler":"knative.dev.serving.pkg.reconciler.service.Reconciler","requeue":false,"requeueAfter":0}
{"level":"info","ts":"2026-01-13T16:48:07-08:00","logger":"tracecheck","msg":"Taking reconcile step","Depth":4,"# Distinct States":5,"Total States":5,"Resource States":5}
{"level":"info","ts":1768351687.562936,"logger":"fallback","caller":"configuration/configuration.go:103","msg":"Revision \"kamera-test\" of configuration is not ready"}
{"level":"info","ts":"2026-01-13T16:48:07-08:00","logger":"ConfigurationReconciler.reconcile","msg":"reconcile completed","key":"default/demo","reconciler":"knative.dev.serving.pkg.reconciler.configuration.Reconciler","requeue":false,"requeueAfter":0}
{"level":"info","ts":"2026-01-13T16:48:07-08:00","logger":"tracecheck","msg":"Taking reconcile step","Depth":5,"# Distinct States":6,"Total States":6,"Resource States":5}
{"level":"info","ts":"2026-01-13T16:48:07-08:00","logger":"tracecheck","msg":"Taking reconcile step","Depth":6,"# Distinct States":7,"Total States":7,"Resource States":6}
{"level":"error","ts":1768351687.566754,"logger":"fallback","caller":"revision/controller.go:116","msg":"Failed to create resolver transport","error":"open /var/run/secrets/kubernetes.io/serviceaccount/ca.crt: no such file or directory","stacktrace":"knative.dev/serving/pkg/reconciler/revision.newControllerWithOptions\n\t/Users/tgoodwin/tmp/gomodcache/knative.dev/serving@v0.46.5/pkg/reconciler/revision/controller.go:116\nknative.dev/serving/pkg/reconciler/revision.NewController\n\t/Users/tgoodwin/tmp/gomodcache/knative.dev/serving@v0.46.5/pkg/reconciler/revision/controller.go:64\nmain.configureKnativeExplorer.func1.1\n\t/Users/tgoodwin/projects/kamera/examples/knative-serving/scenario.go:91\ngithub.com/tgoodwin/kamera/examples/knative-serving/knative.NewKnativeStrategy.func1\n\t/Users/tgoodwin/projects/kamera/examples/knative-serving/knative/harness.go:555\ngithub.com/tgoodwin/kamera/examples/knative-serving/knative.(*KnativeStrategy).ReconcileAtState\n\t/Users/tgoodwin/projects/kamera/examples/knative-serving/knative/harness.go:895\ngithub.com/tgoodwin/kamera/pkg/tracecheck.(*ReconcilerContainer).doReconcile\n\t/Users/tgoodwin/projects/kamera/pkg/tracecheck/reconciler.go:164\ngithub.com/tgoodwin/kamera/pkg/tracecheck.(*Explorer).reconcileAtState\n\t/Users/tgoodwin/projects/kamera/pkg/tracecheck/explore.go:1313\ngithub.com/tgoodwin/kamera/pkg/tracecheck.(*Explorer).takeReconcileStep\n\t/Users/tgoodwin/projects/kamera/pkg/tracecheck/explore.go:1228\ngithub.com/tgoodwin/kamera/pkg/tracecheck.(*Explorer).explore\n\t/Users/tgoodwin/projects/kamera/pkg/tracecheck/explore.go:790\ngithub.com/tgoodwin/kamera/pkg/tracecheck.(*Explorer).Explore.func1\n\t/Users/tgoodwin/projects/kamera/pkg/tracecheck/explore.go:330"}
{"level":"info","ts":1768351687.567263,"logger":"fallback","caller":"revision/reconcile_resources.go:59","msg":"Created deployment \"kamera-test-deployment\"","knative.dev/deployment":"kamera-test-deployment"}
{"level":"info","ts":1768351687.5673301,"logger":"fallback","caller":"revision/reconcile_resources.go:142","msg":"Created image cache \"kamera-test-cache-user-container\""}
{"level":"info","ts":1768351687.567339,"logger":"fallback","caller":"revision/reconcile_resources.go:161","msg":"Reconciling PA: kamera-test"}
{"level":"info","ts":1768351687.567408,"logger":"fallback","caller":"revision/reconcile_resources.go:170","msg":"Created PA: kamera-test"}
{"level":"info","ts":"2026-01-13T16:48:07-08:00","logger":"RevisionReconciler.reconcile","msg":"reconcile completed","key":"default/kamera-test","reconciler":"knative.dev.serving.pkg.reconciler.revision.Reconciler","requeue":false,"requeueAfter":0}
{"level":"info","ts":"2026-01-13T16:48:07-08:00","logger":"tracecheck","msg":"Taking reconcile step","Depth":7,"# Distinct States":8,"Total States":8,"Resource States":7}
{"level":"info","ts":"2026-01-13T16:48:07-08:00","logger":"RouteReconciler.seed","msg":"added podscalable to informer","resource":"deployments","namespace":"default","name":"kamera-test-deployment","stage":"podscalable-add","keys":["default/kamera-test-deployment"]}
{"level":"info","ts":"2026-01-13T16:48:07-08:00","logger":"RouteReconciler.seed","msg":"podscalable visible to lister","resource":"deployments","namespace":"default","name":"kamera-test-deployment","stage":"podscalable-lister","object":{"apiVersion":"autoscaling.internal.knative.dev/v1alpha1","kind":"PodScalable","namespace":"default","name":"kamera-test-deployment"}}
{"level":"info","ts":1768351687.673774,"logger":"fallback","caller":"route/route.go:480","msg":"Marking bad traffic target: Configuration \"demo\" not ready, isFailure=false"}
{"level":"info","ts":"2026-01-13T16:48:07-08:00","logger":"RouteReconciler.reconcile","msg":"reconcile completed","key":"default/demo","reconciler":"knative.dev.serving.pkg.reconciler.route.Reconciler","requeue":false,"requeueAfter":0}
{"level":"info","ts":"2026-01-13T16:48:07-08:00","logger":"tracecheck","msg":"Taking reconcile step","Depth":8,"# Distinct States":9,"Total States":9,"Resource States":7}
{"level":"info","ts":"2026-01-13T16:48:07-08:00","logger":"ServiceReconciler.seed","msg":"added podscalable to informer","resource":"deployments","namespace":"default","name":"kamera-test-deployment","stage":"podscalable-add","keys":["default/kamera-test-deployment"]}
{"level":"info","ts":"2026-01-13T16:48:07-08:00","logger":"ServiceReconciler.seed","msg":"podscalable visible to lister","resource":"deployments","namespace":"default","name":"kamera-test-deployment","stage":"podscalable-lister","object":{"apiVersion":"autoscaling.internal.knative.dev/v1alpha1","kind":"PodScalable","namespace":"default","name":"kamera-test-deployment"}}
{"level":"info","ts":1768351687.777368,"logger":"fallback","caller":"service/service.go:171","msg":"Service reconciler fetching Route from lister: name=demo, namespace=default"}
{"level":"info","ts":1768351687.777378,"logger":"fallback","caller":"service/service.go:174","msg":"Service reconciler got Route from lister: name=demo, Generation=1, ObservedGeneration=1, ResourceVersion="}
{"level":"info","ts":1768351687.77739,"logger":"fallback","caller":"service/service.go:126","msg":"Service reconciler checking Route: name=demo, Generation=1, ObservedGeneration=1, Ready=Unknown (reason=RevisionMissing, message=Configuration \"demo\" is waiting for a Revision to become ready.), generationMatch=true, routeResourceVersion="}
{"level":"info","ts":1768351687.7773938,"logger":"fallback","caller":"service/service.go:136","msg":"Service reconciler calling PropagateRouteStatus() because Generation == ObservedGeneration"}
{"level":"info","ts":"2026-01-13T16:48:07-08:00","logger":"ServiceReconciler.reconcile","msg":"reconcile completed","key":"default/demo","reconciler":"knative.dev.serving.pkg.reconciler.service.Reconciler","requeue":false,"requeueAfter":0}
{"level":"info","ts":"2026-01-13T16:48:07-08:00","logger":"tracecheck","msg":"Taking reconcile step","Depth":9,"# Distinct States":10,"Total States":10,"Resource States":7}
{"level":"info","ts":"2026-01-13T16:48:07-08:00","logger":"ConfigurationReconciler.seed","msg":"added podscalable to informer","resource":"deployments","namespace":"default","name":"kamera-test-deployment","stage":"podscalable-add","keys":["default/kamera-test-deployment"]}
{"level":"info","ts":"2026-01-13T16:48:07-08:00","logger":"ConfigurationReconciler.seed","msg":"podscalable visible to lister","resource":"deployments","namespace":"default","name":"kamera-test-deployment","stage":"podscalable-lister","object":{"apiVersion":"autoscaling.internal.knative.dev/v1alpha1","kind":"PodScalable","namespace":"default","name":"kamera-test-deployment"}}
{"level":"info","ts":1768351687.8824031,"logger":"fallback","caller":"configuration/configuration.go:103","msg":"Revision \"kamera-test\" of configuration is not ready"}
{"level":"info","ts":"2026-01-13T16:48:07-08:00","logger":"ConfigurationReconciler.reconcile","msg":"reconcile completed","key":"default/demo","reconciler":"knative.dev.serving.pkg.reconciler.configuration.Reconciler","requeue":false,"requeueAfter":0}
{"level":"info","ts":"2026-01-13T16:48:07-08:00","logger":"tracecheck","msg":"Taking reconcile step","Depth":10,"# Distinct States":11,"Total States":11,"Resource States":7}
{"level":"info","ts":"2026-01-13T16:48:07-08:00","logger":"tracecheck","msg":"Taking reconcile step","Depth":11,"# Distinct States":12,"Total States":12,"Resource States":7}
{"level":"info","ts":"2026-01-13T16:48:07-08:00","logger":"tracecheck","msg":"Updated Deployment status","Depth":11,"# Distinct States":12,"Total States":12,"Resource States":7,"name":"kamera-test-deployment"}
{"level":"info","ts":"2026-01-13T16:48:07-08:00","logger":"tracecheck","msg":"Taking reconcile step","Depth":12,"# Distinct States":13,"Total States":13,"Resource States":8}
{"level":"info","ts":"2026-01-13T16:48:07-08:00","logger":"KPAReconciler.seed","msg":"added podscalable to informer","resource":"deployments","namespace":"default","name":"kamera-test-deployment","stage":"podscalable-add","keys":["default/kamera-test-deployment"]}
{"level":"info","ts":"2026-01-13T16:48:07-08:00","logger":"KPAReconciler.seed","msg":"podscalable visible to lister","resource":"deployments","namespace":"default","name":"kamera-test-deployment","stage":"podscalable-lister","object":{"apiVersion":"autoscaling.internal.knative.dev/v1alpha1","kind":"PodScalable","namespace":"default","name":"kamera-test-deployment"}}
{"level":"info","ts":1768351687.994304,"logger":"fallback","caller":"kpa/controller.go:77","msg":"Setting up ConfigMap receivers"}
{"level":"info","ts":1768351687.994383,"logger":"fallback","caller":"kpa/controller.go:91","msg":"Setting up KPA-Class event handlers"}
{"level":"info","ts":1768351687.994435,"logger":"fallback","caller":"autoscaling/reconciler.go:56","msg":"SKS does not exist; creating."}
{"level":"info","ts":1768351687.994549,"logger":"fallback","caller":"autoscaling/reconciler.go:61","msg":"Created SKS"}
{"level":"info","ts":"2026-01-13T16:48:07-08:00","logger":"KPAReconciler.reconcile","msg":"reconcile completed","key":"default/kamera-test","reconciler":"knative.dev.serving.pkg.reconciler.autoscaling.kpa.Reconciler","requeue":false,"requeueAfter":0}
{"level":"info","ts":"2026-01-13T16:48:07-08:00","logger":"tracecheck","msg":"Taking reconcile step","Depth":13,"# Distinct States":14,"Total States":14,"Resource States":9}
{"level":"info","ts":"2026-01-13T16:48:08-08:00","logger":"RevisionReconciler.seed","msg":"added podscalable to informer","resource":"deployments","namespace":"default","name":"kamera-test-deployment","stage":"podscalable-add","keys":["default/kamera-test-deployment"]}
{"level":"info","ts":"2026-01-13T16:48:08-08:00","logger":"RevisionReconciler.seed","msg":"podscalable visible to lister","resource":"deployments","namespace":"default","name":"kamera-test-deployment","stage":"podscalable-lister","object":{"apiVersion":"autoscaling.internal.knative.dev/v1alpha1","kind":"PodScalable","namespace":"default","name":"kamera-test-deployment"}}
{"level":"error","ts":1768351688.101656,"logger":"fallback","caller":"revision/controller.go:116","msg":"Failed to create resolver transport","error":"open /var/run/secrets/kubernetes.io/serviceaccount/ca.crt: no such file or directory","stacktrace":"knative.dev/serving/pkg/reconciler/revision.newControllerWithOptions\n\t/Users/tgoodwin/tmp/gomodcache/knative.dev/serving@v0.46.5/pkg/reconciler/revision/controller.go:116\nknative.dev/serving/pkg/reconciler/revision.NewController\n\t/Users/tgoodwin/tmp/gomodcache/knative.dev/serving@v0.46.5/pkg/reconciler/revision/controller.go:64\nmain.configureKnativeExplorer.func1.1\n\t/Users/tgoodwin/projects/kamera/examples/knative-serving/scenario.go:91\ngithub.com/tgoodwin/kamera/examples/knative-serving/knative.NewKnativeStrategy.func1\n\t/Users/tgoodwin/projects/kamera/examples/knative-serving/knative/harness.go:555\ngithub.com/tgoodwin/kamera/examples/knative-serving/knative.(*KnativeStrategy).ReconcileAtState\n\t/Users/tgoodwin/projects/kamera/examples/knative-serving/knative/harness.go:895\ngithub.com/tgoodwin/kamera/pkg/tracecheck.(*ReconcilerContainer).doReconcile\n\t/Users/tgoodwin/projects/kamera/pkg/tracecheck/reconciler.go:164\ngithub.com/tgoodwin/kamera/pkg/tracecheck.(*Explorer).reconcileAtState\n\t/Users/tgoodwin/projects/kamera/pkg/tracecheck/explore.go:1313\ngithub.com/tgoodwin/kamera/pkg/tracecheck.(*Explorer).takeReconcileStep\n\t/Users/tgoodwin/projects/kamera/pkg/tracecheck/explore.go:1228\ngithub.com/tgoodwin/kamera/pkg/tracecheck.(*Explorer).explore\n\t/Users/tgoodwin/projects/kamera/pkg/tracecheck/explore.go:790\ngithub.com/tgoodwin/kamera/pkg/tracecheck.(*Explorer).Explore.func1\n\t/Users/tgoodwin/projects/kamera/pkg/tracecheck/explore.go:330"}
{"level":"info","ts":1768351688.102958,"logger":"fallback","caller":"revision/reconcile_resources.go:161","msg":"Reconciling PA: kamera-test"}
{"level":"info","ts":"2026-01-13T16:48:08-08:00","logger":"RevisionReconciler.reconcile","msg":"reconcile completed","key":"default/kamera-test","reconciler":"knative.dev.serving.pkg.reconciler.revision.Reconciler","requeue":false,"requeueAfter":0}
{"level":"info","ts":"2026-01-13T16:48:08-08:00","logger":"tracecheck","msg":"Taking reconcile step","Depth":14,"# Distinct States":15,"Total States":15,"Resource States":10}
{"level":"info","ts":"2026-01-13T16:48:08-08:00","logger":"tracecheck","msg":"Taking reconcile step","Depth":15,"# Distinct States":16,"Total States":16,"Resource States":10}
{"level":"info","ts":"2026-01-13T16:48:08-08:00","logger":"tracecheck","msg":"Creating pods","Depth":15,"# Distinct States":16,"Total States":16,"Resource States":10,"count":1}
{"level":"info","ts":"2026-01-13T16:48:08-08:00","logger":"tracecheck","msg":"Updated ReplicaSet status","Depth":15,"# Distinct States":16,"Total States":16,"Resource States":10,"name":"kamera-test-deployment-1488584584"}
{"level":"info","ts":"2026-01-13T16:48:08-08:00","logger":"tracecheck","msg":"Taking reconcile step","Depth":16,"# Distinct States":17,"Total States":17,"Resource States":11}
{"level":"info","ts":"2026-01-13T16:48:08-08:00","logger":"tracecheck","msg":"Taking reconcile step","Depth":17,"# Distinct States":18,"Total States":18,"Resource States":11}
{"level":"info","ts":"2026-01-13T16:48:08-08:00","logger":"KPAReconciler.seed","msg":"added podscalable to informer","resource":"deployments","namespace":"default","name":"kamera-test-deployment","stage":"podscalable-add","keys":["default/kamera-test-deployment"]}
{"level":"info","ts":"2026-01-13T16:48:08-08:00","logger":"KPAReconciler.seed","msg":"podscalable visible to lister","resource":"deployments","namespace":"default","name":"kamera-test-deployment","stage":"podscalable-lister","object":{"apiVersion":"autoscaling.internal.knative.dev/v1alpha1","kind":"PodScalable","namespace":"default","name":"kamera-test-deployment"}}
{"level":"info","ts":1768351688.213857,"logger":"fallback","caller":"kpa/controller.go:77","msg":"Setting up ConfigMap receivers"}
{"level":"info","ts":1768351688.21402,"logger":"fallback","caller":"kpa/controller.go:91","msg":"Setting up KPA-Class event handlers"}
{"level":"info","ts":"2026-01-13T16:48:08-08:00","logger":"KPAReconciler.reconcile","msg":"reconcile completed","key":"default/kamera-test","reconciler":"knative.dev.serving.pkg.reconciler.autoscaling.kpa.Reconciler","requeue":false,"requeueAfter":0}
{"level":"info","ts":"2026-01-13T16:48:08-08:00","logger":"tracecheck","msg":"Taking reconcile step","Depth":18,"# Distinct States":19,"Total States":19,"Resource States":11}
{"level":"info","ts":"2026-01-13T16:48:08-08:00","logger":"ServerlessServiceReconciler.seed","msg":"added podscalable to informer","resource":"deployments","namespace":"default","name":"kamera-test-deployment","stage":"podscalable-add","keys":["default/kamera-test-deployment"]}
{"level":"info","ts":"2026-01-13T16:48:08-08:00","logger":"ServerlessServiceReconciler.seed","msg":"podscalable visible to lister","resource":"deployments","namespace":"default","name":"kamera-test-deployment","stage":"podscalable-lister","object":{"apiVersion":"autoscaling.internal.knative.dev/v1alpha1","kind":"PodScalable","namespace":"default","name":"kamera-test-deployment"}}
{"level":"info","ts":1768351688.323456,"logger":"fallback","caller":"serverlessservice/serverlessservice.go:316","msg":"SKS has no private service; creating."}
{"level":"info","ts":1768351688.32346,"logger":"fallback","caller":"serverlessservice/controller.go:90","msg":"Doing a global resync due to activator endpoint changes"}
{"level":"info","ts":1768351688.323668,"logger":"fallback","caller":"serverlessservice/serverlessservice.go:323","msg":"Created private K8s service: kamera-test-private"}
{"level":"info","ts":1768351688.323675,"logger":"fallback","caller":"serverlessservice/serverlessservice.go:97","msg":"K8s public service does not exist; creating."}
{"level":"info","ts":1768351688.32374,"logger":"fallback","caller":"serverlessservice/serverlessservice.go:105","msg":"Created public K8s service: kamera-test"}
{"level":"error","ts":1768351688.3238919,"logger":"fallback","caller":"serverlessservice/reconciler.go:303","msg":"Returned an error","targetMethod":"ReconcileKind","error":"failed to get private K8s Service endpoints: endpoints \"kamera-test-private\" not found","stacktrace":"knative.dev/networking/pkg/client/injection/reconciler/networking/v1alpha1/serverlessservice.(*reconcilerImpl).Reconcile\n\t/Users/tgoodwin/tmp/gomodcache/knative.dev/networking@v0.0.0-20250909015233-e3b68fc57bea/pkg/client/injection/reconciler/networking/v1alpha1/serverlessservice/reconciler.go:303\ngithub.com/tgoodwin/kamera/examples/knative-serving/knative.(*KnativeStrategy).ReconcileAtState\n\t/Users/tgoodwin/projects/kamera/examples/knative-serving/knative/harness.go:905\ngithub.com/tgoodwin/kamera/pkg/tracecheck.(*ReconcilerContainer).doReconcile\n\t/Users/tgoodwin/projects/kamera/pkg/tracecheck/reconciler.go:164\ngithub.com/tgoodwin/kamera/pkg/tracecheck.(*Explorer).reconcileAtState\n\t/Users/tgoodwin/projects/kamera/pkg/tracecheck/explore.go:1313\ngithub.com/tgoodwin/kamera/pkg/tracecheck.(*Explorer).takeReconcileStep\n\t/Users/tgoodwin/projects/kamera/pkg/tracecheck/explore.go:1228\ngithub.com/tgoodwin/kamera/pkg/tracecheck.(*Explorer).explore\n\t/Users/tgoodwin/projects/kamera/pkg/tracecheck/explore.go:790\ngithub.com/tgoodwin/kamera/pkg/tracecheck.(*Explorer).Explore.func1\n\t/Users/tgoodwin/projects/kamera/pkg/tracecheck/explore.go:330"}
{"level":"info","ts":"2026-01-13T16:48:08-08:00","logger":"ServerlessServiceReconciler.reconcile","msg":"transient not found; requeueing","key":"default/kamera-test","reconciler":"knative.dev.serving.pkg.reconciler.serverlessservice.reconciler","error":"failed to get private K8s Service endpoints: endpoints \"kamera-test-private\" not found"}
{"level":"info","ts":"2026-01-13T16:48:08-08:00","logger":"tracecheck","msg":"Taking reconcile step","Depth":19,"# Distinct States":20,"Total States":20,"Resource States":12}
{"level":"info","ts":"2026-01-13T16:48:08-08:00","logger":"ConfigurationReconciler.seed","msg":"added podscalable to informer","resource":"deployments","namespace":"default","name":"kamera-test-deployment","stage":"podscalable-add","keys":["default/kamera-test-deployment"]}
{"level":"info","ts":"2026-01-13T16:48:08-08:00","logger":"ConfigurationReconciler.seed","msg":"podscalable visible to lister","resource":"deployments","namespace":"default","name":"kamera-test-deployment","stage":"podscalable-lister","object":{"apiVersion":"autoscaling.internal.knative.dev/v1alpha1","kind":"PodScalable","namespace":"default","name":"kamera-test-deployment"}}
{"level":"info","ts":1768351688.430621,"logger":"fallback","caller":"configuration/configuration.go:103","msg":"Revision \"kamera-test\" of configuration is not ready"}
{"level":"info","ts":"2026-01-13T16:48:08-08:00","logger":"ConfigurationReconciler.reconcile","msg":"reconcile completed","key":"default/demo","reconciler":"knative.dev.serving.pkg.reconciler.configuration.Reconciler","requeue":false,"requeueAfter":0}
{"level":"info","ts":"2026-01-13T16:48:08-08:00","logger":"tracecheck","msg":"Taking reconcile step","Depth":20,"# Distinct States":21,"Total States":21,"Resource States":12}
{"level":"info","ts":"2026-01-13T16:48:08-08:00","logger":"RevisionReconciler.seed","msg":"added podscalable to informer","resource":"deployments","namespace":"default","name":"kamera-test-deployment","stage":"podscalable-add","keys":["default/kamera-test-deployment"]}
{"level":"info","ts":"2026-01-13T16:48:08-08:00","logger":"RevisionReconciler.seed","msg":"podscalable visible to lister","resource":"deployments","namespace":"default","name":"kamera-test-deployment","stage":"podscalable-lister","object":{"apiVersion":"autoscaling.internal.knative.dev/v1alpha1","kind":"PodScalable","namespace":"default","name":"kamera-test-deployment"}}
{"level":"error","ts":1768351688.537588,"logger":"fallback","caller":"revision/controller.go:116","msg":"Failed to create resolver transport","error":"open /var/run/secrets/kubernetes.io/serviceaccount/ca.crt: no such file or directory","stacktrace":"knative.dev/serving/pkg/reconciler/revision.newControllerWithOptions\n\t/Users/tgoodwin/tmp/gomodcache/knative.dev/serving@v0.46.5/pkg/reconciler/revision/controller.go:116\nknative.dev/serving/pkg/reconciler/revision.NewController\n\t/Users/tgoodwin/tmp/gomodcache/knative.dev/serving@v0.46.5/pkg/reconciler/revision/controller.go:64\nmain.configureKnativeExplorer.func1.1\n\t/Users/tgoodwin/projects/kamera/examples/knative-serving/scenario.go:91\ngithub.com/tgoodwin/kamera/examples/knative-serving/knative.NewKnativeStrategy.func1\n\t/Users/tgoodwin/projects/kamera/examples/knative-serving/knative/harness.go:555\ngithub.com/tgoodwin/kamera/examples/knative-serving/knative.(*KnativeStrategy).ReconcileAtState\n\t/Users/tgoodwin/projects/kamera/examples/knative-serving/knative/harness.go:895\ngithub.com/tgoodwin/kamera/pkg/tracecheck.(*ReconcilerContainer).doReconcile\n\t/Users/tgoodwin/projects/kamera/pkg/tracecheck/reconciler.go:164\ngithub.com/tgoodwin/kamera/pkg/tracecheck.(*Explorer).reconcileAtState\n\t/Users/tgoodwin/projects/kamera/pkg/tracecheck/explore.go:1313\ngithub.com/tgoodwin/kamera/pkg/tracecheck.(*Explorer).takeReconcileStep\n\t/Users/tgoodwin/projects/kamera/pkg/tracecheck/explore.go:1228\ngithub.com/tgoodwin/kamera/pkg/tracecheck.(*Explorer).explore\n\t/Users/tgoodwin/projects/kamera/pkg/tracecheck/explore.go:790\ngithub.com/tgoodwin/kamera/pkg/tracecheck.(*Explorer).Explore.func1\n\t/Users/tgoodwin/projects/kamera/pkg/tracecheck/explore.go:330"}
{"level":"info","ts":1768351688.538153,"logger":"fallback","caller":"revision/reconcile_resources.go:161","msg":"Reconciling PA: kamera-test"}
{"level":"info","ts":"2026-01-13T16:48:08-08:00","logger":"RevisionReconciler.reconcile","msg":"reconcile completed","key":"default/kamera-test","reconciler":"knative.dev.serving.pkg.reconciler.revision.Reconciler","requeue":false,"requeueAfter":0}
{"level":"info","ts":"2026-01-13T16:48:08-08:00","logger":"tracecheck","msg":"Taking reconcile step","Depth":21,"# Distinct States":22,"Total States":22,"Resource States":12}
{"level":"info","ts":"2026-01-13T16:48:08-08:00","logger":"tracecheck","msg":"Taking reconcile step","Depth":22,"# Distinct States":23,"Total States":23,"Resource States":12}
{"level":"info","ts":"2026-01-13T16:48:08-08:00","logger":"tracecheck","msg":"updated pod status","Depth":22,"# Distinct States":23,"Total States":23,"Resource States":12,"phase":"Pending","pod":{"name":"kamera-test-deployment-1488584584-0","namespace":"default"}}
{"level":"info","ts":"2026-01-13T16:48:08-08:00","logger":"tracecheck","msg":"Taking reconcile step","Depth":23,"# Distinct States":24,"Total States":24,"Resource States":13}
{"level":"info","ts":"2026-01-13T16:48:08-08:00","logger":"tracecheck","msg":"Updated ReplicaSet status","Depth":23,"# Distinct States":24,"Total States":24,"Resource States":13,"name":"kamera-test-deployment-1488584584"}
{"level":"info","ts":"2026-01-13T16:48:08-08:00","logger":"tracecheck","msg":"Taking reconcile step","Depth":24,"# Distinct States":25,"Total States":25,"Resource States":14}
{"level":"info","ts":"2026-01-13T16:48:08-08:00","logger":"tracecheck","msg":"Taking reconcile step","Depth":25,"# Distinct States":26,"Total States":26,"Resource States":14}
{"level":"info","ts":"2026-01-13T16:48:08-08:00","logger":"tracecheck","msg":"Taking reconcile step","Depth":26,"# Distinct States":27,"Total States":27,"Resource States":15}
{"level":"info","ts":"2026-01-13T16:48:08-08:00","logger":"KPAReconciler.seed","msg":"added podscalable to informer","resource":"deployments","namespace":"default","name":"kamera-test-deployment","stage":"podscalable-add","keys":["default/kamera-test-deployment"]}
{"level":"info","ts":"2026-01-13T16:48:08-08:00","logger":"KPAReconciler.seed","msg":"podscalable visible to lister","resource":"deployments","namespace":"default","name":"kamera-test-deployment","stage":"podscalable-lister","object":{"apiVersion":"autoscaling.internal.knative.dev/v1alpha1","kind":"PodScalable","namespace":"default","name":"kamera-test-deployment"}}
{"level":"info","ts":1768351688.6536288,"logger":"fallback","caller":"kpa/controller.go:77","msg":"Setting up ConfigMap receivers"}
{"level":"info","ts":1768351688.6537569,"logger":"fallback","caller":"kpa/controller.go:91","msg":"Setting up KPA-Class event handlers"}
{"level":"info","ts":1768351688.654166,"logger":"fallback","caller":"kpa/kpa.go:158","msg":"SKS should be in Proxy mode: want = -1, ebc = 0, #act's = 2 PA Inactive? = false"}
{"level":"info","ts":1768351688.6542,"logger":"fallback","caller":"kpa/kpa.go:178","msg":"PA scale got=0, want=-1, desiredPods=0 ebc=0"}
{"level":"info","ts":1768351688.654211,"logger":"fallback","caller":"kpa/kpa.go:188","msg":"Observed pod counts=kpa.podCounts{want:-1, ready:0, notReady:1, pending:1, terminating:0}"}
{"level":"info","ts":"2026-01-13T16:48:08-08:00","logger":"KPAReconciler.reconcile","msg":"reconcile completed","key":"default/kamera-test","reconciler":"knative.dev.serving.pkg.reconciler.autoscaling.kpa.Reconciler","requeue":false,"requeueAfter":0}
{"level":"info","ts":"2026-01-13T16:48:08-08:00","logger":"tracecheck","msg":"Taking reconcile step","Depth":27,"# Distinct States":28,"Total States":28,"Resource States":16}
{"level":"info","ts":"2026-01-13T16:48:08-08:00","logger":"ServerlessServiceReconciler.seed","msg":"added podscalable to informer","resource":"deployments","namespace":"default","name":"kamera-test-deployment","stage":"podscalable-add","keys":["default/kamera-test-deployment"]}
{"level":"info","ts":"2026-01-13T16:48:08-08:00","logger":"ServerlessServiceReconciler.seed","msg":"podscalable visible to lister","resource":"deployments","namespace":"default","name":"kamera-test-deployment","stage":"podscalable-lister","object":{"apiVersion":"autoscaling.internal.knative.dev/v1alpha1","kind":"PodScalable","namespace":"default","name":"kamera-test-deployment"}}
{"level":"info","ts":1768351688.7635121,"logger":"fallback","caller":"serverlessservice/serverlessservice.go:217","msg":"SKS is in Proxy mode; has 0 endpoints in kamera-test-private; 1 activator endpoints"}
{"level":"info","ts":1768351688.7635682,"logger":"fallback","caller":"serverlessservice/serverlessservice.go:245","msg":"Forcing SKS into Proxy mode, insufficient ready endpoints."}
{"level":"info","ts":1768351688.763577,"logger":"fallback","caller":"serverlessservice/serverlessservice.go:265","msg":"Public endpoints object does not exist; creating."}
{"level":"info","ts":1768351688.7643788,"logger":"fallback","caller":"serverlessservice/serverlessservice.go:270","msg":"Created K8s Endpoints: kamera-test"}
{"level":"info","ts":1768351688.764394,"logger":"fallback","caller":"serverlessservice/serverlessservice.go:290","msg":"No ready endpoints backing revision"}
{"level":"info","ts":1768351688.764521,"logger":"fallback","caller":"serverlessservice/controller.go:90","msg":"Doing a global resync due to activator endpoint changes"}
{"level":"info","ts":"2026-01-13T16:48:08-08:00","logger":"ServerlessServiceReconciler.reconcile","msg":"reconcile completed","key":"default/kamera-test","reconciler":"knative.dev.serving.pkg.reconciler.serverlessservice.reconciler","requeue":false,"requeueAfter":0}
{"level":"info","ts":"2026-01-13T16:48:08-08:00","logger":"tracecheck","msg":"Taking reconcile step","Depth":28,"# Distinct States":29,"Total States":29,"Resource States":17}
{"level":"info","ts":"2026-01-13T16:48:08-08:00","logger":"tracecheck","msg":"Taking reconcile step","Depth":29,"# Distinct States":30,"Total States":30,"Resource States":17}
{"level":"info","ts":"2026-01-13T16:48:08-08:00","logger":"tracecheck","msg":"Taking reconcile step","Depth":30,"# Distinct States":31,"Total States":31,"Resource States":17}
{"level":"info","ts":"2026-01-13T16:48:08-08:00","logger":"tracecheck","msg":"updated pod status","Depth":30,"# Distinct States":31,"Total States":31,"Resource States":17,"phase":"Running","pod":{"name":"kamera-test-deployment-1488584584-0","namespace":"default"}}
{"level":"info","ts":"2026-01-13T16:48:08-08:00","logger":"tracecheck","msg":"Taking reconcile step","Depth":31,"# Distinct States":32,"Total States":32,"Resource States":18}
{"level":"info","ts":"2026-01-13T16:48:08-08:00","logger":"tracecheck","msg":"Updated Deployment status","Depth":31,"# Distinct States":32,"Total States":32,"Resource States":18,"name":"kamera-test-deployment"}
{"level":"info","ts":"2026-01-13T16:48:08-08:00","logger":"tracecheck","msg":"Taking reconcile step","Depth":32,"# Distinct States":33,"Total States":33,"Resource States":19}
{"level":"info","ts":"2026-01-13T16:48:08-08:00","logger":"tracecheck","msg":"Taking reconcile step","Depth":33,"# Distinct States":34,"Total States":34,"Resource States":19}
{"level":"info","ts":"2026-01-13T16:48:08-08:00","logger":"tracecheck","msg":"Taking reconcile step","Depth":34,"# Distinct States":35,"Total States":35,"Resource States":19}
{"level":"info","ts":"2026-01-13T16:48:08-08:00","logger":"KPAReconciler.seed","msg":"added podscalable to informer","resource":"deployments","namespace":"default","name":"kamera-test-deployment","stage":"podscalable-add","keys":["default/kamera-test-deployment"]}
{"level":"info","ts":"2026-01-13T16:48:08-08:00","logger":"KPAReconciler.seed","msg":"podscalable visible to lister","resource":"deployments","namespace":"default","name":"kamera-test-deployment","stage":"podscalable-lister","object":{"apiVersion":"autoscaling.internal.knative.dev/v1alpha1","kind":"PodScalable","namespace":"default","name":"kamera-test-deployment"}}
{"level":"info","ts":1768351688.881758,"logger":"fallback","caller":"kpa/controller.go:77","msg":"Setting up ConfigMap receivers"}
{"level":"info","ts":1768351688.881848,"logger":"fallback","caller":"kpa/controller.go:91","msg":"Setting up KPA-Class event handlers"}
{"level":"info","ts":1768351688.881953,"logger":"fallback","caller":"kpa/kpa.go:158","msg":"SKS should be in Proxy mode: want = -1, ebc = 0, #act's = 2 PA Inactive? = false"}
{"level":"info","ts":1768351688.881967,"logger":"fallback","caller":"kpa/kpa.go:178","msg":"PA scale got=0, want=-1, desiredPods=0 ebc=0"}
{"level":"info","ts":1768351688.881971,"logger":"fallback","caller":"kpa/kpa.go:188","msg":"Observed pod counts=kpa.podCounts{want:-1, ready:0, notReady:1, pending:0, terminating:0}"}
{"level":"info","ts":"2026-01-13T16:48:08-08:00","logger":"KPAReconciler.reconcile","msg":"reconcile completed","key":"default/kamera-test","reconciler":"knative.dev.serving.pkg.reconciler.autoscaling.kpa.Reconciler","requeue":false,"requeueAfter":0}
{"level":"info","ts":"2026-01-13T16:48:08-08:00","logger":"tracecheck","msg":"Taking reconcile step","Depth":35,"# Distinct States":36,"Total States":36,"Resource States":19}
{"level":"info","ts":"2026-01-13T16:48:08-08:00","logger":"tracecheck","msg":"Taking reconcile step","Depth":36,"# Distinct States":37,"Total States":37,"Resource States":19}
{"level":"info","ts":"2026-01-13T16:48:08-08:00","logger":"RevisionReconciler.seed","msg":"added podscalable to informer","resource":"deployments","namespace":"default","name":"kamera-test-deployment","stage":"podscalable-add","keys":["default/kamera-test-deployment"]}
{"level":"info","ts":"2026-01-13T16:48:08-08:00","logger":"RevisionReconciler.seed","msg":"podscalable visible to lister","resource":"deployments","namespace":"default","name":"kamera-test-deployment","stage":"podscalable-lister","object":{"apiVersion":"autoscaling.internal.knative.dev/v1alpha1","kind":"PodScalable","namespace":"default","name":"kamera-test-deployment"}}
{"level":"error","ts":1768351688.988784,"logger":"fallback","caller":"revision/controller.go:116","msg":"Failed to create resolver transport","error":"open /var/run/secrets/kubernetes.io/serviceaccount/ca.crt: no such file or directory","stacktrace":"knative.dev/serving/pkg/reconciler/revision.newControllerWithOptions\n\t/Users/tgoodwin/tmp/gomodcache/knative.dev/serving@v0.46.5/pkg/reconciler/revision/controller.go:116\nknative.dev/serving/pkg/reconciler/revision.NewController\n\t/Users/tgoodwin/tmp/gomodcache/knative.dev/serving@v0.46.5/pkg/reconciler/revision/controller.go:64\nmain.configureKnativeExplorer.func1.1\n\t/Users/tgoodwin/projects/kamera/examples/knative-serving/scenario.go:91\ngithub.com/tgoodwin/kamera/examples/knative-serving/knative.NewKnativeStrategy.func1\n\t/Users/tgoodwin/projects/kamera/examples/knative-serving/knative/harness.go:555\ngithub.com/tgoodwin/kamera/examples/knative-serving/knative.(*KnativeStrategy).ReconcileAtState\n\t/Users/tgoodwin/projects/kamera/examples/knative-serving/knative/harness.go:895\ngithub.com/tgoodwin/kamera/pkg/tracecheck.(*ReconcilerContainer).doReconcile\n\t/Users/tgoodwin/projects/kamera/pkg/tracecheck/reconciler.go:164\ngithub.com/tgoodwin/kamera/pkg/tracecheck.(*Explorer).reconcileAtState\n\t/Users/tgoodwin/projects/kamera/pkg/tracecheck/explore.go:1313\ngithub.com/tgoodwin/kamera/pkg/tracecheck.(*Explorer).takeReconcileStep\n\t/Users/tgoodwin/projects/kamera/pkg/tracecheck/explore.go:1228\ngithub.com/tgoodwin/kamera/pkg/tracecheck.(*Explorer).explore\n\t/Users/tgoodwin/projects/kamera/pkg/tracecheck/explore.go:790\ngithub.com/tgoodwin/kamera/pkg/tracecheck.(*Explorer).Explore.func1\n\t/Users/tgoodwin/projects/kamera/pkg/tracecheck/explore.go:330"}
{"level":"info","ts":1768351688.9889889,"logger":"fallback","caller":"revision/reconcile_resources.go:161","msg":"Reconciling PA: kamera-test"}
{"level":"info","ts":"2026-01-13T16:48:08-08:00","logger":"RevisionReconciler.reconcile","msg":"reconcile completed","key":"default/kamera-test","reconciler":"knative.dev.serving.pkg.reconciler.revision.Reconciler","requeue":false,"requeueAfter":0}
{"level":"info","ts":"2026-01-13T16:48:08-08:00","logger":"tracecheck","msg":"Taking reconcile step","Depth":37,"# Distinct States":38,"Total States":38,"Resource States":20}
{"level":"info","ts":"2026-01-13T16:48:09-08:00","logger":"ServerlessServiceReconciler.seed","msg":"added podscalable to informer","resource":"deployments","namespace":"default","name":"kamera-test-deployment","stage":"podscalable-add","keys":["default/kamera-test-deployment"]}
{"level":"info","ts":"2026-01-13T16:48:09-08:00","logger":"ServerlessServiceReconciler.seed","msg":"podscalable visible to lister","resource":"deployments","namespace":"default","name":"kamera-test-deployment","stage":"podscalable-lister","object":{"apiVersion":"autoscaling.internal.knative.dev/v1alpha1","kind":"PodScalable","namespace":"default","name":"kamera-test-deployment"}}
{"level":"info","ts":1768351689.093719,"logger":"fallback","caller":"serverlessservice/controller.go:90","msg":"Doing a global resync due to activator endpoint changes"}
{"level":"info","ts":1768351689.093767,"logger":"fallback","caller":"serverlessservice/serverlessservice.go:217","msg":"SKS is in Proxy mode; has 0 endpoints in kamera-test-private; 1 activator endpoints"}
{"level":"info","ts":1768351689.093775,"logger":"fallback","caller":"serverlessservice/serverlessservice.go:245","msg":"Forcing SKS into Proxy mode, insufficient ready endpoints."}
{"level":"info","ts":1768351689.093781,"logger":"fallback","caller":"serverlessservice/serverlessservice.go:290","msg":"No ready endpoints backing revision"}
{"level":"info","ts":"2026-01-13T16:48:09-08:00","logger":"ServerlessServiceReconciler.reconcile","msg":"reconcile completed","key":"default/kamera-test","reconciler":"knative.dev.serving.pkg.reconciler.serverlessservice.reconciler","requeue":false,"requeueAfter":0}
{"level":"info","ts":"2026-01-13T16:48:09-08:00","logger":"tracecheck","msg":"Taking reconcile step","Depth":38,"# Distinct States":39,"Total States":39,"Resource States":20}
{"level":"info","ts":"2026-01-13T16:48:09-08:00","logger":"tracecheck","msg":"updated pod status","Depth":38,"# Distinct States":39,"Total States":39,"Resource States":20,"phase":"Running","pod":{"name":"kamera-test-deployment-1488584584-0","namespace":"default"}}
{"level":"info","ts":"2026-01-13T16:48:09-08:00","logger":"tracecheck","msg":"Taking reconcile step","Depth":39,"# Distinct States":40,"Total States":40,"Resource States":21}
{"level":"info","ts":"2026-01-13T16:48:09-08:00","logger":"tracecheck","msg":"Taking reconcile step","Depth":40,"# Distinct States":41,"Total States":41,"Resource States":21}
{"level":"info","ts":"2026-01-13T16:48:09-08:00","logger":"KPAReconciler.seed","msg":"added podscalable to informer","resource":"deployments","namespace":"default","name":"kamera-test-deployment","stage":"podscalable-add","keys":["default/kamera-test-deployment"]}
{"level":"info","ts":"2026-01-13T16:48:09-08:00","logger":"KPAReconciler.seed","msg":"podscalable visible to lister","resource":"deployments","namespace":"default","name":"kamera-test-deployment","stage":"podscalable-lister","object":{"apiVersion":"autoscaling.internal.knative.dev/v1alpha1","kind":"PodScalable","namespace":"default","name":"kamera-test-deployment"}}
{"level":"info","ts":1768351689.203521,"logger":"fallback","caller":"kpa/controller.go:77","msg":"Setting up ConfigMap receivers"}
{"level":"info","ts":1768351689.20366,"logger":"fallback","caller":"kpa/controller.go:91","msg":"Setting up KPA-Class event handlers"}
{"level":"info","ts":1768351689.203789,"logger":"fallback","caller":"kpa/kpa.go:158","msg":"SKS should be in Proxy mode: want = -1, ebc = 0, #act's = 2 PA Inactive? = false"}
{"level":"info","ts":1768351689.203819,"logger":"fallback","caller":"kpa/kpa.go:178","msg":"PA scale got=1, want=-1, desiredPods=0 ebc=0"}
{"level":"info","ts":1768351689.20383,"logger":"fallback","caller":"kpa/kpa.go:188","msg":"Observed pod counts=kpa.podCounts{want:-1, ready:1, notReady:0, pending:0, terminating:0}"}
{"level":"info","ts":"2026-01-13T16:48:09-08:00","logger":"KPAReconciler.reconcile","msg":"reconcile completed","key":"default/kamera-test","reconciler":"knative.dev.serving.pkg.reconciler.autoscaling.kpa.Reconciler","requeue":false,"requeueAfter":0}
{"level":"info","ts":"2026-01-13T16:48:09-08:00","logger":"tracecheck","msg":"Taking reconcile step","Depth":41,"# Distinct States":42,"Total States":42,"Resource States":22}
{"level":"info","ts":"2026-01-13T16:48:09-08:00","logger":"ConfigurationReconciler.seed","msg":"added podscalable to informer","resource":"deployments","namespace":"default","name":"kamera-test-deployment","stage":"podscalable-add","keys":["default/kamera-test-deployment"]}
{"level":"info","ts":"2026-01-13T16:48:09-08:00","logger":"ConfigurationReconciler.seed","msg":"podscalable visible to lister","resource":"deployments","namespace":"default","name":"kamera-test-deployment","stage":"podscalable-lister","object":{"apiVersion":"autoscaling.internal.knative.dev/v1alpha1","kind":"PodScalable","namespace":"default","name":"kamera-test-deployment"}}
{"level":"info","ts":1768351689.311164,"logger":"fallback","caller":"configuration/configuration.go:103","msg":"Revision \"kamera-test\" of configuration is not ready"}
{"level":"info","ts":"2026-01-13T16:48:09-08:00","logger":"ConfigurationReconciler.reconcile","msg":"reconcile completed","key":"default/demo","reconciler":"knative.dev.serving.pkg.reconciler.configuration.Reconciler","requeue":false,"requeueAfter":0}
{"level":"info","ts":"2026-01-13T16:48:09-08:00","logger":"tracecheck","msg":"Taking reconcile step","Depth":42,"# Distinct States":43,"Total States":43,"Resource States":22}
{"level":"info","ts":"2026-01-13T16:48:09-08:00","logger":"tracecheck","msg":"Taking reconcile step","Depth":43,"# Distinct States":44,"Total States":44,"Resource States":22}
{"level":"info","ts":"2026-01-13T16:48:09-08:00","logger":"RevisionReconciler.seed","msg":"added podscalable to informer","resource":"deployments","namespace":"default","name":"kamera-test-deployment","stage":"podscalable-add","keys":["default/kamera-test-deployment"]}
{"level":"info","ts":"2026-01-13T16:48:09-08:00","logger":"RevisionReconciler.seed","msg":"podscalable visible to lister","resource":"deployments","namespace":"default","name":"kamera-test-deployment","stage":"podscalable-lister","object":{"apiVersion":"autoscaling.internal.knative.dev/v1alpha1","kind":"PodScalable","namespace":"default","name":"kamera-test-deployment"}}
{"level":"error","ts":1768351689.417598,"logger":"fallback","caller":"revision/controller.go:116","msg":"Failed to create resolver transport","error":"open /var/run/secrets/kubernetes.io/serviceaccount/ca.crt: no such file or directory","stacktrace":"knative.dev/serving/pkg/reconciler/revision.newControllerWithOptions\n\t/Users/tgoodwin/tmp/gomodcache/knative.dev/serving@v0.46.5/pkg/reconciler/revision/controller.go:116\nknative.dev/serving/pkg/reconciler/revision.NewController\n\t/Users/tgoodwin/tmp/gomodcache/knative.dev/serving@v0.46.5/pkg/reconciler/revision/controller.go:64\nmain.configureKnativeExplorer.func1.1\n\t/Users/tgoodwin/projects/kamera/examples/knative-serving/scenario.go:91\ngithub.com/tgoodwin/kamera/examples/knative-serving/knative.NewKnativeStrategy.func1\n\t/Users/tgoodwin/projects/kamera/examples/knative-serving/knative/harness.go:555\ngithub.com/tgoodwin/kamera/examples/knative-serving/knative.(*KnativeStrategy).ReconcileAtState\n\t/Users/tgoodwin/projects/kamera/examples/knative-serving/knative/harness.go:895\ngithub.com/tgoodwin/kamera/pkg/tracecheck.(*ReconcilerContainer).doReconcile\n\t/Users/tgoodwin/projects/kamera/pkg/tracecheck/reconciler.go:164\ngithub.com/tgoodwin/kamera/pkg/tracecheck.(*Explorer).reconcileAtState\n\t/Users/tgoodwin/projects/kamera/pkg/tracecheck/explore.go:1313\ngithub.com/tgoodwin/kamera/pkg/tracecheck.(*Explorer).takeReconcileStep\n\t/Users/tgoodwin/projects/kamera/pkg/tracecheck/explore.go:1228\ngithub.com/tgoodwin/kamera/pkg/tracecheck.(*Explorer).explore\n\t/Users/tgoodwin/projects/kamera/pkg/tracecheck/explore.go:790\ngithub.com/tgoodwin/kamera/pkg/tracecheck.(*Explorer).Explore.func1\n\t/Users/tgoodwin/projects/kamera/pkg/tracecheck/explore.go:330"}
{"level":"info","ts":1768351689.418005,"logger":"fallback","caller":"revision/reconcile_resources.go:161","msg":"Reconciling PA: kamera-test"}
{"level":"info","ts":1768351689.418026,"logger":"fallback","caller":"revision/revision.go:166","msg":"Revision became ready"}
{"level":"info","ts":"2026-01-13T16:48:09-08:00","logger":"RevisionReconciler.reconcile","msg":"reconcile completed","key":"default/kamera-test","reconciler":"knative.dev.serving.pkg.reconciler.revision.Reconciler","requeue":false,"requeueAfter":0}
{"level":"info","ts":"2026-01-13T16:48:09-08:00","logger":"tracecheck","msg":"Taking reconcile step","Depth":44,"# Distinct States":45,"Total States":45,"Resource States":23}
{"level":"info","ts":"2026-01-13T16:48:09-08:00","logger":"tracecheck","msg":"Taking reconcile step","Depth":45,"# Distinct States":46,"Total States":46,"Resource States":23}
{"level":"info","ts":"2026-01-13T16:48:09-08:00","logger":"tracecheck","msg":"Updated ReplicaSet status","Depth":45,"# Distinct States":46,"Total States":46,"Resource States":23,"name":"kamera-test-deployment-1488584584"}
{"level":"info","ts":"2026-01-13T16:48:09-08:00","logger":"tracecheck","msg":"Taking reconcile step","Depth":46,"# Distinct States":47,"Total States":47,"Resource States":24}
{"level":"info","ts":"2026-01-13T16:48:09-08:00","logger":"KPAReconciler.seed","msg":"added podscalable to informer","resource":"deployments","namespace":"default","name":"kamera-test-deployment","stage":"podscalable-add","keys":["default/kamera-test-deployment"]}
{"level":"info","ts":"2026-01-13T16:48:09-08:00","logger":"KPAReconciler.seed","msg":"podscalable visible to lister","resource":"deployments","namespace":"default","name":"kamera-test-deployment","stage":"podscalable-lister","object":{"apiVersion":"autoscaling.internal.knative.dev/v1alpha1","kind":"PodScalable","namespace":"default","name":"kamera-test-deployment"}}
{"level":"info","ts":1768351689.5296168,"logger":"fallback","caller":"kpa/controller.go:77","msg":"Setting up ConfigMap receivers"}
{"level":"info","ts":1768351689.5297742,"logger":"fallback","caller":"kpa/controller.go:91","msg":"Setting up KPA-Class event handlers"}
{"level":"info","ts":1768351689.529991,"logger":"fallback","caller":"kpa/scaler.go:229","msg":"Can deactivate PA, was active for 12s"}
{"level":"info","ts":1768351689.530025,"logger":"fallback","caller":"kpa/kpa.go:158","msg":"SKS should be in Proxy mode: want = 0, ebc = 0, #act's = 2 PA Inactive? = false"}
{"level":"info","ts":1768351689.5300548,"logger":"fallback","caller":"kpa/kpa.go:178","msg":"PA scale got=1, want=0, desiredPods=0 ebc=0"}
{"level":"info","ts":1768351689.53007,"logger":"fallback","caller":"kpa/kpa.go:188","msg":"Observed pod counts=kpa.podCounts{want:0, ready:1, notReady:0, pending:0, terminating:0}"}
{"level":"info","ts":"2026-01-13T16:48:09-08:00","logger":"KPAReconciler.reconcile","msg":"reconcile completed","key":"default/kamera-test","reconciler":"knative.dev.serving.pkg.reconciler.autoscaling.kpa.Reconciler","requeue":false,"requeueAfter":0}
{"level":"info","ts":"2026-01-13T16:48:09-08:00","logger":"tracecheck","msg":"Taking reconcile step","Depth":47,"# Distinct States":48,"Total States":48,"Resource States":25}
{"level":"info","ts":"2026-01-13T16:48:09-08:00","logger":"ConfigurationReconciler.seed","msg":"added podscalable to informer","resource":"deployments","namespace":"default","name":"kamera-test-deployment","stage":"podscalable-add","keys":["default/kamera-test-deployment"]}
{"level":"info","ts":"2026-01-13T16:48:09-08:00","logger":"ConfigurationReconciler.seed","msg":"podscalable visible to lister","resource":"deployments","namespace":"default","name":"kamera-test-deployment","stage":"podscalable-lister","object":{"apiVersion":"autoscaling.internal.knative.dev/v1alpha1","kind":"PodScalable","namespace":"default","name":"kamera-test-deployment"}}
{"level":"info","ts":1768351689.639034,"logger":"fallback","caller":"configuration/configuration.go:106","msg":"Revision \"kamera-test\" of configuration is ready"}
{"level":"info","ts":"2026-01-13T16:48:09-08:00","logger":"ConfigurationReconciler.reconcile","msg":"reconcile completed","key":"default/demo","reconciler":"knative.dev.serving.pkg.reconciler.configuration.Reconciler","requeue":false,"requeueAfter":0}
{"level":"info","ts":"2026-01-13T16:48:09-08:00","logger":"tracecheck","msg":"Taking reconcile step","Depth":48,"# Distinct States":49,"Total States":49,"Resource States":26}
{"level":"info","ts":"2026-01-13T16:48:09-08:00","logger":"tracecheck","msg":"Taking reconcile step","Depth":49,"# Distinct States":50,"Total States":50,"Resource States":26}
{"level":"info","ts":"2026-01-13T16:48:09-08:00","logger":"RevisionReconciler.seed","msg":"added podscalable to informer","resource":"deployments","namespace":"default","name":"kamera-test-deployment","stage":"podscalable-add","keys":["default/kamera-test-deployment"]}
{"level":"info","ts":"2026-01-13T16:48:09-08:00","logger":"RevisionReconciler.seed","msg":"podscalable visible to lister","resource":"deployments","namespace":"default","name":"kamera-test-deployment","stage":"podscalable-lister","object":{"apiVersion":"autoscaling.internal.knative.dev/v1alpha1","kind":"PodScalable","namespace":"default","name":"kamera-test-deployment"}}
{"level":"error","ts":1768351689.7493792,"logger":"fallback","caller":"revision/controller.go:116","msg":"Failed to create resolver transport","error":"open /var/run/secrets/kubernetes.io/serviceaccount/ca.crt: no such file or directory","stacktrace":"knative.dev/serving/pkg/reconciler/revision.newControllerWithOptions\n\t/Users/tgoodwin/tmp/gomodcache/knative.dev/serving@v0.46.5/pkg/reconciler/revision/controller.go:116\nknative.dev/serving/pkg/reconciler/revision.NewController\n\t/Users/tgoodwin/tmp/gomodcache/knative.dev/serving@v0.46.5/pkg/reconciler/revision/controller.go:64\nmain.configureKnativeExplorer.func1.1\n\t/Users/tgoodwin/projects/kamera/examples/knative-serving/scenario.go:91\ngithub.com/tgoodwin/kamera/examples/knative-serving/knative.NewKnativeStrategy.func1\n\t/Users/tgoodwin/projects/kamera/examples/knative-serving/knative/harness.go:555\ngithub.com/tgoodwin/kamera/examples/knative-serving/knative.(*KnativeStrategy).ReconcileAtState\n\t/Users/tgoodwin/projects/kamera/examples/knative-serving/knative/harness.go:895\ngithub.com/tgoodwin/kamera/pkg/tracecheck.(*ReconcilerContainer).doReconcile\n\t/Users/tgoodwin/projects/kamera/pkg/tracecheck/reconciler.go:164\ngithub.com/tgoodwin/kamera/pkg/tracecheck.(*Explorer).reconcileAtState\n\t/Users/tgoodwin/projects/kamera/pkg/tracecheck/explore.go:1313\ngithub.com/tgoodwin/kamera/pkg/tracecheck.(*Explorer).takeReconcileStep\n\t/Users/tgoodwin/projects/kamera/pkg/tracecheck/explore.go:1228\ngithub.com/tgoodwin/kamera/pkg/tracecheck.(*Explorer).explore\n\t/Users/tgoodwin/projects/kamera/pkg/tracecheck/explore.go:790\ngithub.com/tgoodwin/kamera/pkg/tracecheck.(*Explorer).Explore.func1\n\t/Users/tgoodwin/projects/kamera/pkg/tracecheck/explore.go:330"}
{"level":"info","ts":1768351689.749859,"logger":"fallback","caller":"revision/reconcile_resources.go:161","msg":"Reconciling PA: kamera-test"}
{"level":"info","ts":"2026-01-13T16:48:09-08:00","logger":"RevisionReconciler.reconcile","msg":"reconcile completed","key":"default/kamera-test","reconciler":"knative.dev.serving.pkg.reconciler.revision.Reconciler","requeue":false,"requeueAfter":0}
{"level":"info","ts":"2026-01-13T16:48:09-08:00","logger":"tracecheck","msg":"Taking reconcile step","Depth":50,"# Distinct States":51,"Total States":51,"Resource States":27}
{"level":"info","ts":"2026-01-13T16:48:09-08:00","logger":"tracecheck","msg":"Updated Deployment status","Depth":50,"# Distinct States":51,"Total States":51,"Resource States":27,"name":"kamera-test-deployment"}
{"level":"info","ts":"2026-01-13T16:48:09-08:00","logger":"tracecheck","msg":"Taking reconcile step","Depth":51,"# Distinct States":52,"Total States":52,"Resource States":28}
{"level":"info","ts":"2026-01-13T16:48:09-08:00","logger":"tracecheck","msg":"Taking reconcile step","Depth":52,"# Distinct States":53,"Total States":53,"Resource States":28}
{"level":"info","ts":"2026-01-13T16:48:09-08:00","logger":"KPAReconciler.seed","msg":"added podscalable to informer","resource":"deployments","namespace":"default","name":"kamera-test-deployment","stage":"podscalable-add","keys":["default/kamera-test-deployment"]}
{"level":"info","ts":"2026-01-13T16:48:09-08:00","logger":"KPAReconciler.seed","msg":"podscalable visible to lister","resource":"deployments","namespace":"default","name":"kamera-test-deployment","stage":"podscalable-lister","object":{"apiVersion":"autoscaling.internal.knative.dev/v1alpha1","kind":"PodScalable","namespace":"default","name":"kamera-test-deployment"}}
{"level":"info","ts":1768351689.861449,"logger":"fallback","caller":"kpa/controller.go:77","msg":"Setting up ConfigMap receivers"}
{"level":"info","ts":1768351689.861509,"logger":"fallback","caller":"kpa/controller.go:91","msg":"Setting up KPA-Class event handlers"}
{"level":"info","ts":1768351689.8615649,"logger":"fallback","caller":"kpa/scaler.go:379","msg":"Scaling from 1 to 0"}
{"level":"info","ts":1768351689.86256,"logger":"fallback","caller":"kpa/kpa.go:158","msg":"SKS should be in Proxy mode: want = 0, ebc = 0, #act's = 2 PA Inactive? = true"}
{"level":"info","ts":1768351689.8625731,"logger":"fallback","caller":"kpa/kpa.go:178","msg":"PA scale got=1, want=0, desiredPods=0 ebc=0"}
{"level":"info","ts":1768351689.862577,"logger":"fallback","caller":"kpa/kpa.go:188","msg":"Observed pod counts=kpa.podCounts{want:0, ready:1, notReady:0, pending:0, terminating:0}"}
{"level":"info","ts":"2026-01-13T16:48:09-08:00","logger":"KPAReconciler.reconcile","msg":"reconcile completed","key":"default/kamera-test","reconciler":"knative.dev.serving.pkg.reconciler.autoscaling.kpa.Reconciler","requeue":false,"requeueAfter":0}
{"level":"info","ts":"2026-01-13T16:48:09-08:00","logger":"tracecheck","msg":"Taking reconcile step","Depth":53,"# Distinct States":54,"Total States":54,"Resource States":29}
{"level":"info","ts":"2026-01-13T16:48:09-08:00","logger":"ConfigurationReconciler.seed","msg":"added podscalable to informer","resource":"deployments","namespace":"default","name":"kamera-test-deployment","stage":"podscalable-add","keys":["default/kamera-test-deployment"]}
{"level":"info","ts":"2026-01-13T16:48:09-08:00","logger":"ConfigurationReconciler.seed","msg":"podscalable visible to lister","resource":"deployments","namespace":"default","name":"kamera-test-deployment","stage":"podscalable-lister","object":{"apiVersion":"autoscaling.internal.knative.dev/v1alpha1","kind":"PodScalable","namespace":"default","name":"kamera-test-deployment"}}
{"level":"info","ts":1768351689.971658,"logger":"fallback","caller":"configuration/configuration.go:106","msg":"Revision \"kamera-test\" of configuration is ready"}
{"level":"info","ts":"2026-01-13T16:48:09-08:00","logger":"ConfigurationReconciler.reconcile","msg":"reconcile completed","key":"default/demo","reconciler":"knative.dev.serving.pkg.reconciler.configuration.Reconciler","requeue":false,"requeueAfter":0}
{"level":"info","ts":"2026-01-13T16:48:09-08:00","logger":"tracecheck","msg":"Taking reconcile step","Depth":54,"# Distinct States":55,"Total States":55,"Resource States":29}
{"level":"info","ts":"2026-01-13T16:48:10-08:00","logger":"RouteReconciler.seed","msg":"added podscalable to informer","resource":"deployments","namespace":"default","name":"kamera-test-deployment","stage":"podscalable-add","keys":["default/kamera-test-deployment"]}
{"level":"info","ts":"2026-01-13T16:48:10-08:00","logger":"RouteReconciler.seed","msg":"podscalable visible to lister","resource":"deployments","namespace":"default","name":"kamera-test-deployment","stage":"podscalable-lister","object":{"apiVersion":"autoscaling.internal.knative.dev/v1alpha1","kind":"PodScalable","namespace":"default","name":"kamera-test-deployment"}}
{"level":"info","ts":1768351690.076426,"logger":"fallback","caller":"route/route.go:465","msg":"Revision default/kamera-test is inactive"}
{"level":"info","ts":1768351690.076452,"logger":"fallback","caller":"route/route.go:487","msg":"All referred targets are routable, marking AllTrafficAssigned with traffic information."}
{"level":"info","ts":1768351690.076467,"logger":"fallback","caller":"route/route.go:140","msg":"Creating placeholder k8s services"}
{"level":"info","ts":1768351690.0766048,"logger":"fallback","caller":"route/reconcile_resources.go:179","msg":"Created service demo"}
{"level":"info","ts":1768351690.077044,"logger":"fallback","caller":"route/route.go:176","msg":"Updating placeholder k8s services with ingress information"}
{"level":"warn","ts":1768351690.077077,"logger":"fallback","caller":"route/reconcile_resources.go:228","msg":"Failed to update k8s service","error":"failed to fetch loadbalancer domain/IP from ingress status"}
{"level":"info","ts":1768351690.077125,"logger":"fallback","caller":"route/route.go:198","msg":"Route successfully synced"}
{"level":"info","ts":"2026-01-13T16:48:10-08:00","logger":"RouteReconciler.reconcile","msg":"reconcile completed","key":"default/demo","reconciler":"knative.dev.serving.pkg.reconciler.route.Reconciler","requeue":false,"requeueAfter":0}
{"level":"info","ts":"2026-01-13T16:48:10-08:00","logger":"tracecheck","msg":"Taking reconcile step","Depth":55,"# Distinct States":56,"Total States":56,"Resource States":30}
{"level":"info","ts":"2026-01-13T16:48:10-08:00","logger":"ServiceReconciler.seed","msg":"added podscalable to informer","resource":"deployments","namespace":"default","name":"kamera-test-deployment","stage":"podscalable-add","keys":["default/kamera-test-deployment"]}
{"level":"info","ts":"2026-01-13T16:48:10-08:00","logger":"ServiceReconciler.seed","msg":"podscalable visible to lister","resource":"deployments","namespace":"default","name":"kamera-test-deployment","stage":"podscalable-lister","object":{"apiVersion":"autoscaling.internal.knative.dev/v1alpha1","kind":"PodScalable","namespace":"default","name":"kamera-test-deployment"}}
{"level":"info","ts":1768351690.185313,"logger":"fallback","caller":"service/service.go:171","msg":"Service reconciler fetching Route from lister: name=demo, namespace=default"}
{"level":"info","ts":1768351690.1853418,"logger":"fallback","caller":"service/service.go:174","msg":"Service reconciler got Route from lister: name=demo, Generation=1, ObservedGeneration=1, ResourceVersion="}
{"level":"info","ts":1768351690.1853828,"logger":"fallback","caller":"service/service.go:126","msg":"Service reconciler checking Route: name=demo, Generation=1, ObservedGeneration=1, Ready=Unknown (reason=IngressNotConfigured, message=Ingress has not yet been reconciled.), generationMatch=true, routeResourceVersion="}
{"level":"info","ts":1768351690.1853929,"logger":"fallback","caller":"service/service.go:136","msg":"Service reconciler calling PropagateRouteStatus() because Generation == ObservedGeneration"}
{"level":"info","ts":"2026-01-13T16:48:10-08:00","logger":"ServiceReconciler.reconcile","msg":"reconcile completed","key":"default/demo","reconciler":"knative.dev.serving.pkg.reconciler.service.Reconciler","requeue":false,"requeueAfter":0}
{"level":"info","ts":"2026-01-13T16:48:10-08:00","logger":"tracecheck","msg":"Taking reconcile step","Depth":56,"# Distinct States":57,"Total States":57,"Resource States":31}
{"level":"info","ts":"2026-01-13T16:48:10-08:00","logger":"tracecheck","msg":"Taking reconcile step","Depth":57,"# Distinct States":58,"Total States":58,"Resource States":31}
{"level":"info","ts":"2026-01-13T16:48:10-08:00","logger":"RevisionReconciler.seed","msg":"added podscalable to informer","resource":"deployments","namespace":"default","name":"kamera-test-deployment","stage":"podscalable-add","keys":["default/kamera-test-deployment"]}
{"level":"info","ts":"2026-01-13T16:48:10-08:00","logger":"RevisionReconciler.seed","msg":"podscalable visible to lister","resource":"deployments","namespace":"default","name":"kamera-test-deployment","stage":"podscalable-lister","object":{"apiVersion":"autoscaling.internal.knative.dev/v1alpha1","kind":"PodScalable","namespace":"default","name":"kamera-test-deployment"}}
{"level":"error","ts":1768351690.294181,"logger":"fallback","caller":"revision/controller.go:116","msg":"Failed to create resolver transport","error":"open /var/run/secrets/kubernetes.io/serviceaccount/ca.crt: no such file or directory","stacktrace":"knative.dev/serving/pkg/reconciler/revision.newControllerWithOptions\n\t/Users/tgoodwin/tmp/gomodcache/knative.dev/serving@v0.46.5/pkg/reconciler/revision/controller.go:116\nknative.dev/serving/pkg/reconciler/revision.NewController\n\t/Users/tgoodwin/tmp/gomodcache/knative.dev/serving@v0.46.5/pkg/reconciler/revision/controller.go:64\nmain.configureKnativeExplorer.func1.1\n\t/Users/tgoodwin/projects/kamera/examples/knative-serving/scenario.go:91\ngithub.com/tgoodwin/kamera/examples/knative-serving/knative.NewKnativeStrategy.func1\n\t/Users/tgoodwin/projects/kamera/examples/knative-serving/knative/harness.go:555\ngithub.com/tgoodwin/kamera/examples/knative-serving/knative.(*KnativeStrategy).ReconcileAtState\n\t/Users/tgoodwin/projects/kamera/examples/knative-serving/knative/harness.go:895\ngithub.com/tgoodwin/kamera/pkg/tracecheck.(*ReconcilerContainer).doReconcile\n\t/Users/tgoodwin/projects/kamera/pkg/tracecheck/reconciler.go:164\ngithub.com/tgoodwin/kamera/pkg/tracecheck.(*Explorer).reconcileAtState\n\t/Users/tgoodwin/projects/kamera/pkg/tracecheck/explore.go:1313\ngithub.com/tgoodwin/kamera/pkg/tracecheck.(*Explorer).takeReconcileStep\n\t/Users/tgoodwin/projects/kamera/pkg/tracecheck/explore.go:1228\ngithub.com/tgoodwin/kamera/pkg/tracecheck.(*Explorer).explore\n\t/Users/tgoodwin/projects/kamera/pkg/tracecheck/explore.go:790\ngithub.com/tgoodwin/kamera/pkg/tracecheck.(*Explorer).Explore.func1\n\t/Users/tgoodwin/projects/kamera/pkg/tracecheck/explore.go:330"}
{"level":"info","ts":1768351690.294358,"logger":"fallback","caller":"revision/reconcile_resources.go:161","msg":"Reconciling PA: kamera-test"}
{"level":"info","ts":"2026-01-13T16:48:10-08:00","logger":"RevisionReconciler.reconcile","msg":"reconcile completed","key":"default/kamera-test","reconciler":"knative.dev.serving.pkg.reconciler.revision.Reconciler","requeue":false,"requeueAfter":0}
{"level":"info","ts":"2026-01-13T16:48:10-08:00","logger":"tracecheck","msg":"Taking reconcile step","Depth":58,"# Distinct States":59,"Total States":59,"Resource States":31}
{"level":"info","ts":"2026-01-13T16:48:10-08:00","logger":"tracecheck","msg":"Updated Deployment status","Depth":58,"# Distinct States":59,"Total States":59,"Resource States":31,"name":"kamera-test-deployment"}
{"level":"info","ts":"2026-01-13T16:48:10-08:00","logger":"tracecheck","msg":"Taking reconcile step","Depth":59,"# Distinct States":60,"Total States":60,"Resource States":32}
{"level":"info","ts":"2026-01-13T16:48:10-08:00","logger":"KPAReconciler.seed","msg":"added podscalable to informer","resource":"deployments","namespace":"default","name":"kamera-test-deployment","stage":"podscalable-add","keys":["default/kamera-test-deployment"]}
{"level":"info","ts":"2026-01-13T16:48:10-08:00","logger":"KPAReconciler.seed","msg":"podscalable visible to lister","resource":"deployments","namespace":"default","name":"kamera-test-deployment","stage":"podscalable-lister","object":{"apiVersion":"autoscaling.internal.knative.dev/v1alpha1","kind":"PodScalable","namespace":"default","name":"kamera-test-deployment"}}
{"level":"info","ts":1768351690.407017,"logger":"fallback","caller":"kpa/controller.go:77","msg":"Setting up ConfigMap receivers"}
{"level":"info","ts":1768351690.407243,"logger":"fallback","caller":"kpa/controller.go:91","msg":"Setting up KPA-Class event handlers"}
{"level":"info","ts":1768351690.407412,"logger":"fallback","caller":"kpa/kpa.go:158","msg":"SKS should be in Proxy mode: want = 0, ebc = 0, #act's = 2 PA Inactive? = true"}
{"level":"info","ts":1768351690.4074318,"logger":"fallback","caller":"kpa/kpa.go:178","msg":"PA scale got=1, want=0, desiredPods=0 ebc=0"}
{"level":"info","ts":1768351690.407439,"logger":"fallback","caller":"kpa/kpa.go:188","msg":"Observed pod counts=kpa.podCounts{want:0, ready:1, notReady:0, pending:0, terminating:0}"}
{"level":"info","ts":"2026-01-13T16:48:10-08:00","logger":"KPAReconciler.reconcile","msg":"reconcile completed","key":"default/kamera-test","reconciler":"knative.dev.serving.pkg.reconciler.autoscaling.kpa.Reconciler","requeue":false,"requeueAfter":0}
{"level":"info","ts":"2026-01-13T16:48:10-08:00","logger":"tracecheck","msg":"Taking reconcile step","Depth":60,"# Distinct States":61,"Total States":61,"Resource States":32}
{"level":"info","ts":"2026-01-13T16:48:10-08:00","logger":"tracecheck","msg":"Taking reconcile step","Depth":61,"# Distinct States":62,"Total States":62,"Resource States":32}
{"level":"info","ts":"2026-01-13T16:48:10-08:00","logger":"tracecheck","msg":"Taking reconcile step","Depth":62,"# Distinct States":63,"Total States":63,"Resource States":33}
{"level":"info","ts":"2026-01-13T16:48:10-08:00","logger":"RouteReconciler.seed","msg":"added podscalable to informer","resource":"deployments","namespace":"default","name":"kamera-test-deployment","stage":"podscalable-add","keys":["default/kamera-test-deployment"]}
{"level":"info","ts":"2026-01-13T16:48:10-08:00","logger":"RouteReconciler.seed","msg":"podscalable visible to lister","resource":"deployments","namespace":"default","name":"kamera-test-deployment","stage":"podscalable-lister","object":{"apiVersion":"autoscaling.internal.knative.dev/v1alpha1","kind":"PodScalable","namespace":"default","name":"kamera-test-deployment"}}
{"level":"info","ts":1768351690.515156,"logger":"fallback","caller":"route/route.go:465","msg":"Revision default/kamera-test is inactive"}
{"level":"info","ts":1768351690.5152209,"logger":"fallback","caller":"route/route.go:487","msg":"All referred targets are routable, marking AllTrafficAssigned with traffic information."}
{"level":"info","ts":1768351690.5152562,"logger":"fallback","caller":"route/route.go:140","msg":"Creating placeholder k8s services"}
{"level":"info","ts":1768351690.51545,"logger":"fallback","caller":"route/route.go:176","msg":"Updating placeholder k8s services with ingress information"}
{"level":"info","ts":1768351690.515754,"logger":"fallback","caller":"route/route.go:198","msg":"Route successfully synced"}
{"level":"info","ts":"2026-01-13T16:48:10-08:00","logger":"RouteReconciler.reconcile","msg":"reconcile completed","key":"default/demo","reconciler":"knative.dev.serving.pkg.reconciler.route.Reconciler","requeue":false,"requeueAfter":0}
{"level":"info","ts":"2026-01-13T16:48:10-08:00","logger":"tracecheck","msg":"Taking reconcile step","Depth":63,"# Distinct States":64,"Total States":64,"Resource States":34}
{"level":"info","ts":"2026-01-13T16:48:10-08:00","logger":"tracecheck","msg":"Taking reconcile step","Depth":64,"# Distinct States":65,"Total States":65,"Resource States":34}
{"level":"info","ts":"2026-01-13T16:48:10-08:00","logger":"ServiceReconciler.seed","msg":"added podscalable to informer","resource":"deployments","namespace":"default","name":"kamera-test-deployment","stage":"podscalable-add","keys":["default/kamera-test-deployment"]}
{"level":"info","ts":"2026-01-13T16:48:10-08:00","logger":"ServiceReconciler.seed","msg":"podscalable visible to lister","resource":"deployments","namespace":"default","name":"kamera-test-deployment","stage":"podscalable-lister","object":{"apiVersion":"autoscaling.internal.knative.dev/v1alpha1","kind":"PodScalable","namespace":"default","name":"kamera-test-deployment"}}
{"level":"info","ts":1768351690.628049,"logger":"fallback","caller":"service/service.go:171","msg":"Service reconciler fetching Route from lister: name=demo, namespace=default"}
{"level":"info","ts":1768351690.628078,"logger":"fallback","caller":"service/service.go:174","msg":"Service reconciler got Route from lister: name=demo, Generation=1, ObservedGeneration=1, ResourceVersion="}
{"level":"info","ts":1768351690.6281102,"logger":"fallback","caller":"service/service.go:126","msg":"Service reconciler checking Route: name=demo, Generation=1, ObservedGeneration=1, Ready=True (reason=, message=), generationMatch=true, routeResourceVersion="}
{"level":"info","ts":1768351690.628119,"logger":"fallback","caller":"service/service.go:136","msg":"Service reconciler calling PropagateRouteStatus() because Generation == ObservedGeneration"}
{"level":"info","ts":"2026-01-13T16:48:10-08:00","logger":"ServiceReconciler.reconcile","msg":"reconcile completed","key":"default/demo","reconciler":"knative.dev.serving.pkg.reconciler.service.Reconciler","requeue":false,"requeueAfter":0}
{"level":"info","ts":"2026-01-13T16:48:10-08:00","logger":"tracecheck","msg":"Taking reconcile step","Depth":65,"# Distinct States":66,"Total States":66,"Resource States":35}
{"level":"info","ts":"2026-01-13T16:48:10-08:00","logger":"tracecheck","msg":"Taking reconcile step","Depth":66,"# Distinct States":67,"Total States":67,"Resource States":35}
{"level":"info","ts":"2026-01-13T16:48:10-08:00","logger":"tracecheck","msg":"Deleting pods","Depth":66,"# Distinct States":67,"Total States":67,"Resource States":35,"count":1}
{"level":"info","ts":"2026-01-13T16:48:10-08:00","logger":"tracecheck","msg":"Taking reconcile step","Depth":67,"# Distinct States":68,"Total States":68,"Resource States":36}
{"level":"info","ts":"2026-01-13T16:48:10-08:00","logger":"tracecheck","msg":"Taking reconcile step","Depth":68,"# Distinct States":69,"Total States":69,"Resource States":36}
{"level":"info","ts":"2026-01-13T16:48:10-08:00","logger":"RevisionReconciler.seed","msg":"added podscalable to informer","resource":"deployments","namespace":"default","name":"kamera-test-deployment","stage":"podscalable-add","keys":["default/kamera-test-deployment"]}
{"level":"info","ts":"2026-01-13T16:48:10-08:00","logger":"RevisionReconciler.seed","msg":"podscalable visible to lister","resource":"deployments","namespace":"default","name":"kamera-test-deployment","stage":"podscalable-lister","object":{"apiVersion":"autoscaling.internal.knative.dev/v1alpha1","kind":"PodScalable","namespace":"default","name":"kamera-test-deployment"}}
{"level":"error","ts":1768351690.7423701,"logger":"fallback","caller":"revision/controller.go:116","msg":"Failed to create resolver transport","error":"open /var/run/secrets/kubernetes.io/serviceaccount/ca.crt: no such file or directory","stacktrace":"knative.dev/serving/pkg/reconciler/revision.newControllerWithOptions\n\t/Users/tgoodwin/tmp/gomodcache/knative.dev/serving@v0.46.5/pkg/reconciler/revision/controller.go:116\nknative.dev/serving/pkg/reconciler/revision.NewController\n\t/Users/tgoodwin/tmp/gomodcache/knative.dev/serving@v0.46.5/pkg/reconciler/revision/controller.go:64\nmain.configureKnativeExplorer.func1.1\n\t/Users/tgoodwin/projects/kamera/examples/knative-serving/scenario.go:91\ngithub.com/tgoodwin/kamera/examples/knative-serving/knative.NewKnativeStrategy.func1\n\t/Users/tgoodwin/projects/kamera/examples/knative-serving/knative/harness.go:555\ngithub.com/tgoodwin/kamera/examples/knative-serving/knative.(*KnativeStrategy).ReconcileAtState\n\t/Users/tgoodwin/projects/kamera/examples/knative-serving/knative/harness.go:895\ngithub.com/tgoodwin/kamera/pkg/tracecheck.(*ReconcilerContainer).doReconcile\n\t/Users/tgoodwin/projects/kamera/pkg/tracecheck/reconciler.go:164\ngithub.com/tgoodwin/kamera/pkg/tracecheck.(*Explorer).reconcileAtState\n\t/Users/tgoodwin/projects/kamera/pkg/tracecheck/explore.go:1313\ngithub.com/tgoodwin/kamera/pkg/tracecheck.(*Explorer).takeReconcileStep\n\t/Users/tgoodwin/projects/kamera/pkg/tracecheck/explore.go:1228\ngithub.com/tgoodwin/kamera/pkg/tracecheck.(*Explorer).explore\n\t/Users/tgoodwin/projects/kamera/pkg/tracecheck/explore.go:790\ngithub.com/tgoodwin/kamera/pkg/tracecheck.(*Explorer).Explore.func1\n\t/Users/tgoodwin/projects/kamera/pkg/tracecheck/explore.go:330"}
{"level":"info","ts":1768351690.7425752,"logger":"fallback","caller":"revision/reconcile_resources.go:161","msg":"Reconciling PA: kamera-test"}
{"level":"info","ts":"2026-01-13T16:48:10-08:00","logger":"RevisionReconciler.reconcile","msg":"reconcile completed","key":"default/kamera-test","reconciler":"knative.dev.serving.pkg.reconciler.revision.Reconciler","requeue":false,"requeueAfter":0}
{"level":"info","ts":"2026-01-13T16:48:10-08:00","logger":"tracecheck","msg":"Taking reconcile step","Depth":69,"# Distinct States":70,"Total States":70,"Resource States":36}
{"level":"info","ts":"2026-01-13T16:48:10-08:00","logger":"KPAReconciler.seed","msg":"added podscalable to informer","resource":"deployments","namespace":"default","name":"kamera-test-deployment","stage":"podscalable-add","keys":["default/kamera-test-deployment"]}
{"level":"info","ts":"2026-01-13T16:48:10-08:00","logger":"KPAReconciler.seed","msg":"podscalable visible to lister","resource":"deployments","namespace":"default","name":"kamera-test-deployment","stage":"podscalable-lister","object":{"apiVersion":"autoscaling.internal.knative.dev/v1alpha1","kind":"PodScalable","namespace":"default","name":"kamera-test-deployment"}}
{"level":"info","ts":1768351690.848325,"logger":"fallback","caller":"kpa/controller.go:77","msg":"Setting up ConfigMap receivers"}
{"level":"info","ts":1768351690.848404,"logger":"fallback","caller":"kpa/controller.go:91","msg":"Setting up KPA-Class event handlers"}
{"level":"info","ts":1768351690.8485901,"logger":"fallback","caller":"kpa/kpa.go:158","msg":"SKS should be in Proxy mode: want = 0, ebc = 0, #act's = 2 PA Inactive? = true"}
{"level":"info","ts":1768351690.848602,"logger":"fallback","caller":"kpa/kpa.go:178","msg":"PA scale got=0, want=0, desiredPods=0 ebc=0"}
{"level":"info","ts":1768351690.848607,"logger":"fallback","caller":"kpa/kpa.go:188","msg":"Observed pod counts=kpa.podCounts{want:0, ready:0, notReady:1, pending:0, terminating:1}"}
{"level":"info","ts":"2026-01-13T16:48:10-08:00","logger":"KPAReconciler.reconcile","msg":"reconcile completed","key":"default/kamera-test","reconciler":"knative.dev.serving.pkg.reconciler.autoscaling.kpa.Reconciler","requeue":false,"requeueAfter":0}
{"level":"info","ts":"2026-01-13T16:48:10-08:00","logger":"tracecheck","msg":"Taking reconcile step","Depth":70,"# Distinct States":71,"Total States":71,"Resource States":37}
{"level":"info","ts":"2026-01-13T16:48:10-08:00","logger":"tracecheck","msg":"Taking reconcile step","Depth":71,"# Distinct States":72,"Total States":72,"Resource States":37}
{"level":"info","ts":"2026-01-13T16:48:10-08:00","logger":"tracecheck","msg":"Taking reconcile step","Depth":72,"# Distinct States":73,"Total States":73,"Resource States":37}
{"level":"info","ts":"2026-01-13T16:48:10-08:00","logger":"RouteReconciler.seed","msg":"added podscalable to informer","resource":"deployments","namespace":"default","name":"kamera-test-deployment","stage":"podscalable-add","keys":["default/kamera-test-deployment"]}
{"level":"info","ts":"2026-01-13T16:48:10-08:00","logger":"RouteReconciler.seed","msg":"podscalable visible to lister","resource":"deployments","namespace":"default","name":"kamera-test-deployment","stage":"podscalable-lister","object":{"apiVersion":"autoscaling.internal.knative.dev/v1alpha1","kind":"PodScalable","namespace":"default","name":"kamera-test-deployment"}}
{"level":"info","ts":1768351690.955601,"logger":"fallback","caller":"route/route.go:465","msg":"Revision default/kamera-test is inactive"}
{"level":"info","ts":1768351690.955615,"logger":"fallback","caller":"route/route.go:487","msg":"All referred targets are routable, marking AllTrafficAssigned with traffic information."}
{"level":"info","ts":1768351690.955625,"logger":"fallback","caller":"route/route.go:140","msg":"Creating placeholder k8s services"}
{"level":"info","ts":1768351690.9556742,"logger":"fallback","caller":"route/route.go:176","msg":"Updating placeholder k8s services with ingress information"}
{"level":"info","ts":1768351690.9556968,"logger":"fallback","caller":"route/route.go:198","msg":"Route successfully synced"}
{"level":"info","ts":"2026-01-13T16:48:10-08:00","logger":"RouteReconciler.reconcile","msg":"reconcile completed","key":"default/demo","reconciler":"knative.dev.serving.pkg.reconciler.route.Reconciler","requeue":false,"requeueAfter":0}
{"level":"info","ts":"2026-01-13T16:48:10-08:00","logger":"tracecheck","msg":"Taking reconcile step","Depth":73,"# Distinct States":74,"Total States":74,"Resource States":37}
{"level":"info","ts":"2026-01-13T16:48:11-08:00","logger":"ServiceReconciler.seed","msg":"added podscalable to informer","resource":"deployments","namespace":"default","name":"kamera-test-deployment","stage":"podscalable-add","keys":["default/kamera-test-deployment"]}
{"level":"info","ts":"2026-01-13T16:48:11-08:00","logger":"ServiceReconciler.seed","msg":"podscalable visible to lister","resource":"deployments","namespace":"default","name":"kamera-test-deployment","stage":"podscalable-lister","object":{"apiVersion":"autoscaling.internal.knative.dev/v1alpha1","kind":"PodScalable","namespace":"default","name":"kamera-test-deployment"}}
{"level":"info","ts":1768351691.059699,"logger":"fallback","caller":"service/service.go:171","msg":"Service reconciler fetching Route from lister: name=demo, namespace=default"}
{"level":"info","ts":1768351691.059721,"logger":"fallback","caller":"service/service.go:174","msg":"Service reconciler got Route from lister: name=demo, Generation=1, ObservedGeneration=1, ResourceVersion="}
{"level":"info","ts":1768351691.0597482,"logger":"fallback","caller":"service/service.go:126","msg":"Service reconciler checking Route: name=demo, Generation=1, ObservedGeneration=1, Ready=True (reason=, message=), generationMatch=true, routeResourceVersion="}
{"level":"info","ts":1768351691.059756,"logger":"fallback","caller":"service/service.go:136","msg":"Service reconciler calling PropagateRouteStatus() because Generation == ObservedGeneration"}
{"level":"info","ts":"2026-01-13T16:48:11-08:00","logger":"ServiceReconciler.reconcile","msg":"reconcile completed","key":"default/demo","reconciler":"knative.dev.serving.pkg.reconciler.service.Reconciler","requeue":false,"requeueAfter":0}
{"level":"info","ts":"2026-01-13T16:48:11-08:00","logger":"tracecheck","msg":"Taking reconcile step","Depth":74,"# Distinct States":75,"Total States":75,"Resource States":37}
{"level":"error","ts":"2026-01-13T16:48:11-08:00","logger":"tracegen","msg":"setting root context","Kind":"/v1, Kind=Pod","Name":"kamera-test-deployment-1488584584-0","NewRootID":"","labels":{"app":"kamera-test","discrete.events/sleeve-object-id":"37jmqvjn","pod-template-hash":"1488584584","serving.knative.dev/configuration":"demo","serving.knative.dev/configurationGeneration":"1","serving.knative.dev/revision":"kamera-test","serving.knative.dev/revisionUID":"","serving.knative.dev/service":"demo"},"error":"no root ID set on object - is this namespace handled by the sleeve webhook?","stacktrace":"github.com/tgoodwin/kamera/pkg/tracegen.(*ContextTracker).setRootContextFromObservation\n\t/Users/tgoodwin/projects/kamera/pkg/tracegen/context.go:153\ngithub.com/tgoodwin/kamera/pkg/tracegen.(*ContextTracker).TrackOperation\n\t/Users/tgoodwin/projects/kamera/pkg/tracegen/context.go:197\ngithub.com/tgoodwin/kamera/pkg/tracegen.(*Client).Get\n\t/Users/tgoodwin/projects/kamera/pkg/tracegen/client.go:177\ngithub.com/tgoodwin/kamera/sleevectrl/pkg/controller.(*FinalizerReconciler).Reconcile\n\t/Users/tgoodwin/projects/kamera/sleevectrl/pkg/controller/sleeve_finalizer_controller.go:41\ngithub.com/tgoodwin/kamera/pkg/tracecheck.(*ControllerRuntimeStrategy).ReconcileAtState\n\t/Users/tgoodwin/projects/kamera/pkg/tracecheck/reconciler.go:82\ngithub.com/tgoodwin/kamera/pkg/tracecheck.(*ReconcilerContainer).doReconcile\n\t/Users/tgoodwin/projects/kamera/pkg/tracecheck/reconciler.go:164\ngithub.com/tgoodwin/kamera/pkg/tracecheck.(*Explorer).reconcileAtState\n\t/Users/tgoodwin/projects/kamera/pkg/tracecheck/explore.go:1313\ngithub.com/tgoodwin/kamera/pkg/tracecheck.(*Explorer).takeReconcileStep\n\t/Users/tgoodwin/projects/kamera/pkg/tracecheck/explore.go:1228\ngithub.com/tgoodwin/kamera/pkg/tracecheck.(*Explorer).explore\n\t/Users/tgoodwin/projects/kamera/pkg/tracecheck/explore.go:790\ngithub.com/tgoodwin/kamera/pkg/tracecheck.(*Explorer).Explore.func1\n\t/Users/tgoodwin/projects/kamera/pkg/tracecheck/explore.go:330"}
{"level":"error","ts":"2026-01-13T16:48:11-08:00","logger":"tracegen","msg":"rootID is empty","Kind":"/v1, Kind=Pod","Name":"kamera-test-deployment-1488584584-0","NewRootID":"","stacktrace":"github.com/tgoodwin/kamera/pkg/tracegen.(*ContextTracker).setRootContextFromObservation\n\t/Users/tgoodwin/projects/kamera/pkg/tracegen/context.go:157\ngithub.com/tgoodwin/kamera/pkg/tracegen.(*ContextTracker).TrackOperation\n\t/Users/tgoodwin/projects/kamera/pkg/tracegen/context.go:197\ngithub.com/tgoodwin/kamera/pkg/tracegen.(*Client).Get\n\t/Users/tgoodwin/projects/kamera/pkg/tracegen/client.go:177\ngithub.com/tgoodwin/kamera/sleevectrl/pkg/controller.(*FinalizerReconciler).Reconcile\n\t/Users/tgoodwin/projects/kamera/sleevectrl/pkg/controller/sleeve_finalizer_controller.go:41\ngithub.com/tgoodwin/kamera/pkg/tracecheck.(*ControllerRuntimeStrategy).ReconcileAtState\n\t/Users/tgoodwin/projects/kamera/pkg/tracecheck/reconciler.go:82\ngithub.com/tgoodwin/kamera/pkg/tracecheck.(*ReconcilerContainer).doReconcile\n\t/Users/tgoodwin/projects/kamera/pkg/tracecheck/reconciler.go:164\ngithub.com/tgoodwin/kamera/pkg/tracecheck.(*Explorer).reconcileAtState\n\t/Users/tgoodwin/projects/kamera/pkg/tracecheck/explore.go:1313\ngithub.com/tgoodwin/kamera/pkg/tracecheck.(*Explorer).takeReconcileStep\n\t/Users/tgoodwin/projects/kamera/pkg/tracecheck/explore.go:1228\ngithub.com/tgoodwin/kamera/pkg/tracecheck.(*Explorer).explore\n\t/Users/tgoodwin/projects/kamera/pkg/tracecheck/explore.go:790\ngithub.com/tgoodwin/kamera/pkg/tracecheck.(*Explorer).Explore.func1\n\t/Users/tgoodwin/projects/kamera/pkg/tracecheck/explore.go:330"}
{"level":"error","ts":"2026-01-13T16:48:11-08:00","logger":"tracegen","msg":"creating event","error":"failed to get change ID: Event does not have a change ID","stacktrace":"github.com/tgoodwin/kamera/pkg/tracegen.(*Client).LogOperation\n\t/Users/tgoodwin/projects/kamera/pkg/tracegen/client.go:106\ngithub.com/tgoodwin/kamera/pkg/tracegen.(*Client).Get\n\t/Users/tgoodwin/projects/kamera/pkg/tracegen/client.go:178\ngithub.com/tgoodwin/kamera/sleevectrl/pkg/controller.(*FinalizerReconciler).Reconcile\n\t/Users/tgoodwin/projects/kamera/sleevectrl/pkg/controller/sleeve_finalizer_controller.go:41\ngithub.com/tgoodwin/kamera/pkg/tracecheck.(*ControllerRuntimeStrategy).ReconcileAtState\n\t/Users/tgoodwin/projects/kamera/pkg/tracecheck/reconciler.go:82\ngithub.com/tgoodwin/kamera/pkg/tracecheck.(*ReconcilerContainer).doReconcile\n\t/Users/tgoodwin/projects/kamera/pkg/tracecheck/reconciler.go:164\ngithub.com/tgoodwin/kamera/pkg/tracecheck.(*Explorer).reconcileAtState\n\t/Users/tgoodwin/projects/kamera/pkg/tracecheck/explore.go:1313\ngithub.com/tgoodwin/kamera/pkg/tracecheck.(*Explorer).takeReconcileStep\n\t/Users/tgoodwin/projects/kamera/pkg/tracecheck/explore.go:1228\ngithub.com/tgoodwin/kamera/pkg/tracecheck.(*Explorer).explore\n\t/Users/tgoodwin/projects/kamera/pkg/tracecheck/explore.go:790\ngithub.com/tgoodwin/kamera/pkg/tracecheck.(*Explorer).Explore.func1\n\t/Users/tgoodwin/projects/kamera/pkg/tracecheck/explore.go:330"}
{"level":"error","ts":"2026-01-13T16:48:11-08:00","logger":"tracegen","msg":"creating event","error":"failed to get change ID: Event does not have a change ID","stacktrace":"github.com/tgoodwin/kamera/pkg/tracegen.(*Client).LogOperation\n\t/Users/tgoodwin/projects/kamera/pkg/tracegen/client.go:106\ngithub.com/tgoodwin/kamera/sleevectrl/pkg/controller.(*FinalizerReconciler).Reconcile\n\t/Users/tgoodwin/projects/kamera/sleevectrl/pkg/controller/sleeve_finalizer_controller.go:69\ngithub.com/tgoodwin/kamera/pkg/tracecheck.(*ControllerRuntimeStrategy).ReconcileAtState\n\t/Users/tgoodwin/projects/kamera/pkg/tracecheck/reconciler.go:82\ngithub.com/tgoodwin/kamera/pkg/tracecheck.(*ReconcilerContainer).doReconcile\n\t/Users/tgoodwin/projects/kamera/pkg/tracecheck/reconciler.go:164\ngithub.com/tgoodwin/kamera/pkg/tracecheck.(*Explorer).reconcileAtState\n\t/Users/tgoodwin/projects/kamera/pkg/tracecheck/explore.go:1313\ngithub.com/tgoodwin/kamera/pkg/tracecheck.(*Explorer).takeReconcileStep\n\t/Users/tgoodwin/projects/kamera/pkg/tracecheck/explore.go:1228\ngithub.com/tgoodwin/kamera/pkg/tracecheck.(*Explorer).explore\n\t/Users/tgoodwin/projects/kamera/pkg/tracecheck/explore.go:790\ngithub.com/tgoodwin/kamera/pkg/tracecheck.(*Explorer).Explore.func1\n\t/Users/tgoodwin/projects/kamera/pkg/tracecheck/explore.go:330"}
{"level":"info","ts":"2026-01-13T16:48:11-08:00","logger":"tracecheck","msg":"Taking reconcile step","Depth":75,"# Distinct States":76,"Total States":76,"Resource States":38}
{"level":"info","ts":"2026-01-13T16:48:11-08:00","logger":"tracecheck","msg":"Taking reconcile step","Depth":76,"# Distinct States":77,"Total States":77,"Resource States":38}
{"level":"info","ts":"2026-01-13T16:48:11-08:00","logger":"tracecheck","msg":"Updated ReplicaSet status","Depth":76,"# Distinct States":77,"Total States":77,"Resource States":38,"name":"kamera-test-deployment-1488584584"}
{"level":"info","ts":"2026-01-13T16:48:11-08:00","logger":"tracecheck","msg":"Taking reconcile step","Depth":77,"# Distinct States":78,"Total States":78,"Resource States":39}
{"level":"info","ts":"2026-01-13T16:48:11-08:00","logger":"KPAReconciler.seed","msg":"added podscalable to informer","resource":"deployments","namespace":"default","name":"kamera-test-deployment","stage":"podscalable-add","keys":["default/kamera-test-deployment"]}
{"level":"info","ts":"2026-01-13T16:48:11-08:00","logger":"KPAReconciler.seed","msg":"podscalable visible to lister","resource":"deployments","namespace":"default","name":"kamera-test-deployment","stage":"podscalable-lister","object":{"apiVersion":"autoscaling.internal.knative.dev/v1alpha1","kind":"PodScalable","namespace":"default","name":"kamera-test-deployment"}}
{"level":"info","ts":1768351691.1717498,"logger":"fallback","caller":"kpa/controller.go:77","msg":"Setting up ConfigMap receivers"}
{"level":"info","ts":1768351691.171874,"logger":"fallback","caller":"kpa/controller.go:91","msg":"Setting up KPA-Class event handlers"}
{"level":"info","ts":1768351691.172,"logger":"fallback","caller":"kpa/kpa.go:158","msg":"SKS should be in Proxy mode: want = 0, ebc = 0, #act's = 2 PA Inactive? = true"}
{"level":"info","ts":1768351691.1720269,"logger":"fallback","caller":"kpa/kpa.go:178","msg":"PA scale got=0, want=0, desiredPods=0 ebc=0"}
{"level":"info","ts":1768351691.1720388,"logger":"fallback","caller":"kpa/kpa.go:188","msg":"Observed pod counts=kpa.podCounts{want:0, ready:0, notReady:0, pending:0, terminating:0}"}
{"level":"info","ts":"2026-01-13T16:48:11-08:00","logger":"KPAReconciler.reconcile","msg":"reconcile completed","key":"default/kamera-test","reconciler":"knative.dev.serving.pkg.reconciler.autoscaling.kpa.Reconciler","requeue":false,"requeueAfter":0}
{"level":"info","ts":"2026-01-13T16:48:11-08:00","logger":"tracecheck","msg":"Taking reconcile step","Depth":78,"# Distinct States":79,"Total States":79,"Resource States":39}
{"level":"info","ts":"2026-01-13T16:48:11-08:00","logger":"tracecheck","msg":"Taking reconcile step","Depth":79,"# Distinct States":80,"Total States":80,"Resource States":39}
{"level":"info","ts":"2026-01-13T16:48:11-08:00","logger":"RevisionReconciler.seed","msg":"added podscalable to informer","resource":"deployments","namespace":"default","name":"kamera-test-deployment","stage":"podscalable-add","keys":["default/kamera-test-deployment"]}
{"level":"info","ts":"2026-01-13T16:48:11-08:00","logger":"RevisionReconciler.seed","msg":"podscalable visible to lister","resource":"deployments","namespace":"default","name":"kamera-test-deployment","stage":"podscalable-lister","object":{"apiVersion":"autoscaling.internal.knative.dev/v1alpha1","kind":"PodScalable","namespace":"default","name":"kamera-test-deployment"}}
{"level":"error","ts":1768351691.2798002,"logger":"fallback","caller":"revision/controller.go:116","msg":"Failed to create resolver transport","error":"open /var/run/secrets/kubernetes.io/serviceaccount/ca.crt: no such file or directory","stacktrace":"knative.dev/serving/pkg/reconciler/revision.newControllerWithOptions\n\t/Users/tgoodwin/tmp/gomodcache/knative.dev/serving@v0.46.5/pkg/reconciler/revision/controller.go:116\nknative.dev/serving/pkg/reconciler/revision.NewController\n\t/Users/tgoodwin/tmp/gomodcache/knative.dev/serving@v0.46.5/pkg/reconciler/revision/controller.go:64\nmain.configureKnativeExplorer.func1.1\n\t/Users/tgoodwin/projects/kamera/examples/knative-serving/scenario.go:91\ngithub.com/tgoodwin/kamera/examples/knative-serving/knative.NewKnativeStrategy.func1\n\t/Users/tgoodwin/projects/kamera/examples/knative-serving/knative/harness.go:555\ngithub.com/tgoodwin/kamera/examples/knative-serving/knative.(*KnativeStrategy).ReconcileAtState\n\t/Users/tgoodwin/projects/kamera/examples/knative-serving/knative/harness.go:895\ngithub.com/tgoodwin/kamera/pkg/tracecheck.(*ReconcilerContainer).doReconcile\n\t/Users/tgoodwin/projects/kamera/pkg/tracecheck/reconciler.go:164\ngithub.com/tgoodwin/kamera/pkg/tracecheck.(*Explorer).reconcileAtState\n\t/Users/tgoodwin/projects/kamera/pkg/tracecheck/explore.go:1313\ngithub.com/tgoodwin/kamera/pkg/tracecheck.(*Explorer).takeReconcileStep\n\t/Users/tgoodwin/projects/kamera/pkg/tracecheck/explore.go:1228\ngithub.com/tgoodwin/kamera/pkg/tracecheck.(*Explorer).explore\n\t/Users/tgoodwin/projects/kamera/pkg/tracecheck/explore.go:790\ngithub.com/tgoodwin/kamera/pkg/tracecheck.(*Explorer).Explore.func1\n\t/Users/tgoodwin/projects/kamera/pkg/tracecheck/explore.go:330"}
{"level":"info","ts":1768351691.280233,"logger":"fallback","caller":"revision/reconcile_resources.go:161","msg":"Reconciling PA: kamera-test"}
{"level":"info","ts":"2026-01-13T16:48:11-08:00","logger":"RevisionReconciler.reconcile","msg":"reconcile completed","key":"default/kamera-test","reconciler":"knative.dev.serving.pkg.reconciler.revision.Reconciler","requeue":false,"requeueAfter":0}
{"level":"info","ts":"2026-01-13T16:48:11-08:00","logger":"tracecheck","msg":"Taking reconcile step","Depth":80,"# Distinct States":81,"Total States":81,"Resource States":40}
{"level":"info","ts":"2026-01-13T16:48:11-08:00","logger":"tracecheck","msg":"Updated Deployment status","Depth":80,"# Distinct States":81,"Total States":81,"Resource States":40,"name":"kamera-test-deployment"}
{"level":"info","ts":"2026-01-13T16:48:11-08:00","logger":"tracecheck","msg":"Taking reconcile step","Depth":81,"# Distinct States":82,"Total States":82,"Resource States":41}
{"level":"info","ts":"2026-01-13T16:48:11-08:00","logger":"tracecheck","msg":"Taking reconcile step","Depth":82,"# Distinct States":83,"Total States":83,"Resource States":41}
{"level":"info","ts":"2026-01-13T16:48:11-08:00","logger":"KPAReconciler.seed","msg":"added podscalable to informer","resource":"deployments","namespace":"default","name":"kamera-test-deployment","stage":"podscalable-add","keys":["default/kamera-test-deployment"]}
{"level":"info","ts":"2026-01-13T16:48:11-08:00","logger":"KPAReconciler.seed","msg":"podscalable visible to lister","resource":"deployments","namespace":"default","name":"kamera-test-deployment","stage":"podscalable-lister","object":{"apiVersion":"autoscaling.internal.knative.dev/v1alpha1","kind":"PodScalable","namespace":"default","name":"kamera-test-deployment"}}
{"level":"info","ts":1768351691.394021,"logger":"fallback","caller":"kpa/controller.go:77","msg":"Setting up ConfigMap receivers"}
{"level":"info","ts":1768351691.394187,"logger":"fallback","caller":"kpa/controller.go:91","msg":"Setting up KPA-Class event handlers"}
{"level":"info","ts":1768351691.394326,"logger":"fallback","caller":"kpa/kpa.go:158","msg":"SKS should be in Proxy mode: want = 0, ebc = 0, #act's = 2 PA Inactive? = true"}
{"level":"info","ts":1768351691.394355,"logger":"fallback","caller":"kpa/kpa.go:178","msg":"PA scale got=0, want=0, desiredPods=0 ebc=0"}
{"level":"info","ts":1768351691.394368,"logger":"fallback","caller":"kpa/kpa.go:188","msg":"Observed pod counts=kpa.podCounts{want:0, ready:0, notReady:0, pending:0, terminating:0}"}
{"level":"info","ts":"2026-01-13T16:48:11-08:00","logger":"KPAReconciler.reconcile","msg":"reconcile completed","key":"default/kamera-test","reconciler":"knative.dev.serving.pkg.reconciler.autoscaling.kpa.Reconciler","requeue":false,"requeueAfter":0}
{"level":"info","ts":"2026-01-13T16:48:11-08:00","logger":"tracecheck","msg":"Taking reconcile step","Depth":83,"# Distinct States":84,"Total States":84,"Resource States":41}
{"level":"info","ts":"2026-01-13T16:48:11-08:00","logger":"ConfigurationReconciler.seed","msg":"added podscalable to informer","resource":"deployments","namespace":"default","name":"kamera-test-deployment","stage":"podscalable-add","keys":["default/kamera-test-deployment"]}
{"level":"info","ts":"2026-01-13T16:48:11-08:00","logger":"ConfigurationReconciler.seed","msg":"podscalable visible to lister","resource":"deployments","namespace":"default","name":"kamera-test-deployment","stage":"podscalable-lister","object":{"apiVersion":"autoscaling.internal.knative.dev/v1alpha1","kind":"PodScalable","namespace":"default","name":"kamera-test-deployment"}}
{"level":"info","ts":1768351691.5022678,"logger":"fallback","caller":"configuration/configuration.go:106","msg":"Revision \"kamera-test\" of configuration is ready"}
{"level":"info","ts":"2026-01-13T16:48:11-08:00","logger":"ConfigurationReconciler.reconcile","msg":"reconcile completed","key":"default/demo","reconciler":"knative.dev.serving.pkg.reconciler.configuration.Reconciler","requeue":false,"requeueAfter":0}
{"level":"info","ts":"2026-01-13T16:48:11-08:00","logger":"tracecheck","msg":"Taking reconcile step","Depth":84,"# Distinct States":85,"Total States":85,"Resource States":41}
{"level":"info","ts":"2026-01-13T16:48:11-08:00","logger":"tracecheck","msg":"Taking reconcile step","Depth":85,"# Distinct States":86,"Total States":86,"Resource States":41}
{"level":"info","ts":"2026-01-13T16:48:11-08:00","logger":"RevisionReconciler.seed","msg":"added podscalable to informer","resource":"deployments","namespace":"default","name":"kamera-test-deployment","stage":"podscalable-add","keys":["default/kamera-test-deployment"]}
{"level":"info","ts":"2026-01-13T16:48:11-08:00","logger":"RevisionReconciler.seed","msg":"podscalable visible to lister","resource":"deployments","namespace":"default","name":"kamera-test-deployment","stage":"podscalable-lister","object":{"apiVersion":"autoscaling.internal.knative.dev/v1alpha1","kind":"PodScalable","namespace":"default","name":"kamera-test-deployment"}}
{"level":"error","ts":1768351691.6085062,"logger":"fallback","caller":"revision/controller.go:116","msg":"Failed to create resolver transport","error":"open /var/run/secrets/kubernetes.io/serviceaccount/ca.crt: no such file or directory","stacktrace":"knative.dev/serving/pkg/reconciler/revision.newControllerWithOptions\n\t/Users/tgoodwin/tmp/gomodcache/knative.dev/serving@v0.46.5/pkg/reconciler/revision/controller.go:116\nknative.dev/serving/pkg/reconciler/revision.NewController\n\t/Users/tgoodwin/tmp/gomodcache/knative.dev/serving@v0.46.5/pkg/reconciler/revision/controller.go:64\nmain.configureKnativeExplorer.func1.1\n\t/Users/tgoodwin/projects/kamera/examples/knative-serving/scenario.go:91\ngithub.com/tgoodwin/kamera/examples/knative-serving/knative.NewKnativeStrategy.func1\n\t/Users/tgoodwin/projects/kamera/examples/knative-serving/knative/harness.go:555\ngithub.com/tgoodwin/kamera/examples/knative-serving/knative.(*KnativeStrategy).ReconcileAtState\n\t/Users/tgoodwin/projects/kamera/examples/knative-serving/knative/harness.go:895\ngithub.com/tgoodwin/kamera/pkg/tracecheck.(*ReconcilerContainer).doReconcile\n\t/Users/tgoodwin/projects/kamera/pkg/tracecheck/reconciler.go:164\ngithub.com/tgoodwin/kamera/pkg/tracecheck.(*Explorer).reconcileAtState\n\t/Users/tgoodwin/projects/kamera/pkg/tracecheck/explore.go:1313\ngithub.com/tgoodwin/kamera/pkg/tracecheck.(*Explorer).takeReconcileStep\n\t/Users/tgoodwin/projects/kamera/pkg/tracecheck/explore.go:1228\ngithub.com/tgoodwin/kamera/pkg/tracecheck.(*Explorer).explore\n\t/Users/tgoodwin/projects/kamera/pkg/tracecheck/explore.go:790\ngithub.com/tgoodwin/kamera/pkg/tracecheck.(*Explorer).Explore.func1\n\t/Users/tgoodwin/projects/kamera/pkg/tracecheck/explore.go:330"}
{"level":"info","ts":1768351691.608851,"logger":"fallback","caller":"revision/reconcile_resources.go:161","msg":"Reconciling PA: kamera-test"}
{"level":"info","ts":"2026-01-13T16:48:11-08:00","logger":"RevisionReconciler.reconcile","msg":"reconcile completed","key":"default/kamera-test","reconciler":"knative.dev.serving.pkg.reconciler.revision.Reconciler","requeue":false,"requeueAfter":0}
{"level":"info","ts":"2026-01-13T16:48:11-08:00","logger":"tracecheck","msg":"Taking reconcile step","Depth":86,"# Distinct States":87,"Total States":87,"Resource States":41}
{"level":"info","ts":"2026-01-13T16:48:11-08:00","logger":"tracecheck","msg":"Taking reconcile step","Depth":80,"# Distinct States":89,"Total States":89,"Resource States":41}
{"level":"info","ts":"2026-01-13T16:48:11-08:00","logger":"RevisionReconciler.seed","msg":"added podscalable to informer","resource":"deployments","namespace":"default","name":"kamera-test-deployment","stage":"podscalable-add","keys":["default/kamera-test-deployment"]}
{"level":"info","ts":"2026-01-13T16:48:11-08:00","logger":"RevisionReconciler.seed","msg":"podscalable visible to lister","resource":"deployments","namespace":"default","name":"kamera-test-deployment","stage":"podscalable-lister","object":{"apiVersion":"autoscaling.internal.knative.dev/v1alpha1","kind":"PodScalable","namespace":"default","name":"kamera-test-deployment"}}
{"level":"error","ts":1768351691.717324,"logger":"fallback","caller":"revision/controller.go:116","msg":"Failed to create resolver transport","error":"open /var/run/secrets/kubernetes.io/serviceaccount/ca.crt: no such file or directory","stacktrace":"knative.dev/serving/pkg/reconciler/revision.newControllerWithOptions\n\t/Users/tgoodwin/tmp/gomodcache/knative.dev/serving@v0.46.5/pkg/reconciler/revision/controller.go:116\nknative.dev/serving/pkg/reconciler/revision.NewController\n\t/Users/tgoodwin/tmp/gomodcache/knative.dev/serving@v0.46.5/pkg/reconciler/revision/controller.go:64\nmain.configureKnativeExplorer.func1.1\n\t/Users/tgoodwin/projects/kamera/examples/knative-serving/scenario.go:91\ngithub.com/tgoodwin/kamera/examples/knative-serving/knative.NewKnativeStrategy.func1\n\t/Users/tgoodwin/projects/kamera/examples/knative-serving/knative/harness.go:555\ngithub.com/tgoodwin/kamera/examples/knative-serving/knative.(*KnativeStrategy).ReconcileAtState\n\t/Users/tgoodwin/projects/kamera/examples/knative-serving/knative/harness.go:895\ngithub.com/tgoodwin/kamera/pkg/tracecheck.(*ReconcilerContainer).doReconcile\n\t/Users/tgoodwin/projects/kamera/pkg/tracecheck/reconciler.go:164\ngithub.com/tgoodwin/kamera/pkg/tracecheck.(*Explorer).reconcileAtState\n\t/Users/tgoodwin/projects/kamera/pkg/tracecheck/explore.go:1313\ngithub.com/tgoodwin/kamera/pkg/tracecheck.(*Explorer).takeReconcileStep\n\t/Users/tgoodwin/projects/kamera/pkg/tracecheck/explore.go:1228\ngithub.com/tgoodwin/kamera/pkg/tracecheck.(*Explorer).explore\n\t/Users/tgoodwin/projects/kamera/pkg/tracecheck/explore.go:790\ngithub.com/tgoodwin/kamera/pkg/tracecheck.(*Explorer).Explore.func1\n\t/Users/tgoodwin/projects/kamera/pkg/tracecheck/explore.go:330"}
{"level":"info","ts":1768351691.717847,"logger":"fallback","caller":"revision/reconcile_resources.go:161","msg":"Reconciling PA: kamera-test"}
{"level":"info","ts":"2026-01-13T16:48:11-08:00","logger":"RevisionReconciler.reconcile","msg":"reconcile completed","key":"default/kamera-test","reconciler":"knative.dev.serving.pkg.reconciler.revision.Reconciler","requeue":false,"requeueAfter":0}
{"level":"info","ts":"2026-01-13T16:48:11-08:00","logger":"tracecheck","msg":"Taking reconcile step","Depth":81,"# Distinct States":90,"Total States":90,"Resource States":41}
{"level":"info","ts":"2026-01-13T16:48:11-08:00","logger":"tracecheck","msg":"Updated Deployment status","Depth":81,"# Distinct States":90,"Total States":90,"Resource States":41,"name":"kamera-test-deployment"}
{"level":"info","ts":"2026-01-13T16:48:11-08:00","logger":"tracecheck","msg":"Taking reconcile step","Depth":70,"# Distinct States":91,"Total States":91,"Resource States":41}
{"level":"info","ts":"2026-01-13T16:48:11-08:00","logger":"RevisionReconciler.seed","msg":"added podscalable to informer","resource":"deployments","namespace":"default","name":"kamera-test-deployment","stage":"podscalable-add","keys":["default/kamera-test-deployment"]}
{"level":"info","ts":"2026-01-13T16:48:11-08:00","logger":"RevisionReconciler.seed","msg":"podscalable visible to lister","resource":"deployments","namespace":"default","name":"kamera-test-deployment","stage":"podscalable-lister","object":{"apiVersion":"autoscaling.internal.knative.dev/v1alpha1","kind":"PodScalable","namespace":"default","name":"kamera-test-deployment"}}
{"level":"error","ts":1768351691.826716,"logger":"fallback","caller":"revision/controller.go:116","msg":"Failed to create resolver transport","error":"open /var/run/secrets/kubernetes.io/serviceaccount/ca.crt: no such file or directory","stacktrace":"knative.dev/serving/pkg/reconciler/revision.newControllerWithOptions\n\t/Users/tgoodwin/tmp/gomodcache/knative.dev/serving@v0.46.5/pkg/reconciler/revision/controller.go:116\nknative.dev/serving/pkg/reconciler/revision.NewController\n\t/Users/tgoodwin/tmp/gomodcache/knative.dev/serving@v0.46.5/pkg/reconciler/revision/controller.go:64\nmain.configureKnativeExplorer.func1.1\n\t/Users/tgoodwin/projects/kamera/examples/knative-serving/scenario.go:91\ngithub.com/tgoodwin/kamera/examples/knative-serving/knative.NewKnativeStrategy.func1\n\t/Users/tgoodwin/projects/kamera/examples/knative-serving/knative/harness.go:555\ngithub.com/tgoodwin/kamera/examples/knative-serving/knative.(*KnativeStrategy).ReconcileAtState\n\t/Users/tgoodwin/projects/kamera/examples/knative-serving/knative/harness.go:895\ngithub.com/tgoodwin/kamera/pkg/tracecheck.(*ReconcilerContainer).doReconcile\n\t/Users/tgoodwin/projects/kamera/pkg/tracecheck/reconciler.go:164\ngithub.com/tgoodwin/kamera/pkg/tracecheck.(*Explorer).reconcileAtState\n\t/Users/tgoodwin/projects/kamera/pkg/tracecheck/explore.go:1313\ngithub.com/tgoodwin/kamera/pkg/tracecheck.(*Explorer).takeReconcileStep\n\t/Users/tgoodwin/projects/kamera/pkg/tracecheck/explore.go:1228\ngithub.com/tgoodwin/kamera/pkg/tracecheck.(*Explorer).explore\n\t/Users/tgoodwin/projects/kamera/pkg/tracecheck/explore.go:790\ngithub.com/tgoodwin/kamera/pkg/tracecheck.(*Explorer).Explore.func1\n\t/Users/tgoodwin/projects/kamera/pkg/tracecheck/explore.go:330"}
{"level":"info","ts":1768351691.8270972,"logger":"fallback","caller":"revision/reconcile_resources.go:161","msg":"Reconciling PA: kamera-test"}
{"level":"info","ts":"2026-01-13T16:48:11-08:00","logger":"RevisionReconciler.reconcile","msg":"reconcile completed","key":"default/kamera-test","reconciler":"knative.dev.serving.pkg.reconciler.revision.Reconciler","requeue":false,"requeueAfter":0}
{"level":"info","ts":"2026-01-13T16:48:11-08:00","logger":"tracecheck","msg":"Taking reconcile step","Depth":71,"# Distinct States":92,"Total States":92,"Resource States":42}
{"level":"info","ts":"2026-01-13T16:48:11-08:00","logger":"tracecheck","msg":"Taking reconcile step","Depth":72,"# Distinct States":93,"Total States":93,"Resource States":42}
{"level":"info","ts":"2026-01-13T16:48:11-08:00","logger":"tracecheck","msg":"Taking reconcile step","Depth":73,"# Distinct States":94,"Total States":94,"Resource States":42}
{"level":"info","ts":"2026-01-13T16:48:11-08:00","logger":"RouteReconciler.seed","msg":"added podscalable to informer","resource":"deployments","namespace":"default","name":"kamera-test-deployment","stage":"podscalable-add","keys":["default/kamera-test-deployment"]}
{"level":"info","ts":"2026-01-13T16:48:11-08:00","logger":"RouteReconciler.seed","msg":"podscalable visible to lister","resource":"deployments","namespace":"default","name":"kamera-test-deployment","stage":"podscalable-lister","object":{"apiVersion":"autoscaling.internal.knative.dev/v1alpha1","kind":"PodScalable","namespace":"default","name":"kamera-test-deployment"}}
{"level":"info","ts":1768351691.937494,"logger":"fallback","caller":"route/route.go:465","msg":"Revision default/kamera-test is inactive"}
{"level":"info","ts":1768351691.937537,"logger":"fallback","caller":"route/route.go:487","msg":"All referred targets are routable, marking AllTrafficAssigned with traffic information."}
{"level":"info","ts":1768351691.9375591,"logger":"fallback","caller":"route/route.go:140","msg":"Creating placeholder k8s services"}
{"level":"info","ts":1768351691.937697,"logger":"fallback","caller":"route/route.go:176","msg":"Updating placeholder k8s services with ingress information"}
{"level":"info","ts":1768351691.937751,"logger":"fallback","caller":"route/route.go:198","msg":"Route successfully synced"}
{"level":"info","ts":"2026-01-13T16:48:11-08:00","logger":"RouteReconciler.reconcile","msg":"reconcile completed","key":"default/demo","reconciler":"knative.dev.serving.pkg.reconciler.route.Reconciler","requeue":false,"requeueAfter":0}
{"level":"info","ts":"2026-01-13T16:48:11-08:00","logger":"tracecheck","msg":"Taking reconcile step","Depth":74,"# Distinct States":95,"Total States":95,"Resource States":42}
{"level":"info","ts":"2026-01-13T16:48:12-08:00","logger":"ServiceReconciler.seed","msg":"added podscalable to informer","resource":"deployments","namespace":"default","name":"kamera-test-deployment","stage":"podscalable-add","keys":["default/kamera-test-deployment"]}
{"level":"info","ts":"2026-01-13T16:48:12-08:00","logger":"ServiceReconciler.seed","msg":"podscalable visible to lister","resource":"deployments","namespace":"default","name":"kamera-test-deployment","stage":"podscalable-lister","object":{"apiVersion":"autoscaling.internal.knative.dev/v1alpha1","kind":"PodScalable","namespace":"default","name":"kamera-test-deployment"}}
{"level":"info","ts":1768351692.0478668,"logger":"fallback","caller":"service/service.go:171","msg":"Service reconciler fetching Route from lister: name=demo, namespace=default"}
{"level":"info","ts":1768351692.047893,"logger":"fallback","caller":"service/service.go:174","msg":"Service reconciler got Route from lister: name=demo, Generation=1, ObservedGeneration=1, ResourceVersion="}
{"level":"info","ts":1768351692.0479228,"logger":"fallback","caller":"service/service.go:126","msg":"Service reconciler checking Route: name=demo, Generation=1, ObservedGeneration=1, Ready=True (reason=, message=), generationMatch=true, routeResourceVersion="}
{"level":"info","ts":1768351692.047931,"logger":"fallback","caller":"service/service.go:136","msg":"Service reconciler calling PropagateRouteStatus() because Generation == ObservedGeneration"}
{"level":"info","ts":"2026-01-13T16:48:12-08:00","logger":"ServiceReconciler.reconcile","msg":"reconcile completed","key":"default/demo","reconciler":"knative.dev.serving.pkg.reconciler.service.Reconciler","requeue":false,"requeueAfter":0}
{"level":"info","ts":"2026-01-13T16:48:12-08:00","logger":"tracecheck","msg":"Taking reconcile step","Depth":75,"# Distinct States":96,"Total States":96,"Resource States":42}
{"level":"error","ts":"2026-01-13T16:48:12-08:00","logger":"tracegen","msg":"setting root context","Kind":"/v1, Kind=Pod","Name":"kamera-test-deployment-1488584584-0","NewRootID":"","labels":{"app":"kamera-test","discrete.events/sleeve-object-id":"37jmqvjn","pod-template-hash":"1488584584","serving.knative.dev/configuration":"demo","serving.knative.dev/configurationGeneration":"1","serving.knative.dev/revision":"kamera-test","serving.knative.dev/revisionUID":"","serving.knative.dev/service":"demo"},"error":"no root ID set on object - is this namespace handled by the sleeve webhook?","stacktrace":"github.com/tgoodwin/kamera/pkg/tracegen.(*ContextTracker).setRootContextFromObservation\n\t/Users/tgoodwin/projects/kamera/pkg/tracegen/context.go:153\ngithub.com/tgoodwin/kamera/pkg/tracegen.(*ContextTracker).TrackOperation\n\t/Users/tgoodwin/projects/kamera/pkg/tracegen/context.go:197\ngithub.com/tgoodwin/kamera/pkg/tracegen.(*Client).Get\n\t/Users/tgoodwin/projects/kamera/pkg/tracegen/client.go:177\ngithub.com/tgoodwin/kamera/sleevectrl/pkg/controller.(*FinalizerReconciler).Reconcile\n\t/Users/tgoodwin/projects/kamera/sleevectrl/pkg/controller/sleeve_finalizer_controller.go:41\ngithub.com/tgoodwin/kamera/pkg/tracecheck.(*ControllerRuntimeStrategy).ReconcileAtState\n\t/Users/tgoodwin/projects/kamera/pkg/tracecheck/reconciler.go:82\ngithub.com/tgoodwin/kamera/pkg/tracecheck.(*ReconcilerContainer).doReconcile\n\t/Users/tgoodwin/projects/kamera/pkg/tracecheck/reconciler.go:164\ngithub.com/tgoodwin/kamera/pkg/tracecheck.(*Explorer).reconcileAtState\n\t/Users/tgoodwin/projects/kamera/pkg/tracecheck/explore.go:1313\ngithub.com/tgoodwin/kamera/pkg/tracecheck.(*Explorer).takeReconcileStep\n\t/Users/tgoodwin/projects/kamera/pkg/tracecheck/explore.go:1228\ngithub.com/tgoodwin/kamera/pkg/tracecheck.(*Explorer).explore\n\t/Users/tgoodwin/projects/kamera/pkg/tracecheck/explore.go:790\ngithub.com/tgoodwin/kamera/pkg/tracecheck.(*Explorer).Explore.func1\n\t/Users/tgoodwin/projects/kamera/pkg/tracecheck/explore.go:330"}
{"level":"error","ts":"2026-01-13T16:48:12-08:00","logger":"tracegen","msg":"rootID is empty","Kind":"/v1, Kind=Pod","Name":"kamera-test-deployment-1488584584-0","NewRootID":"","stacktrace":"github.com/tgoodwin/kamera/pkg/tracegen.(*ContextTracker).setRootContextFromObservation\n\t/Users/tgoodwin/projects/kamera/pkg/tracegen/context.go:157\ngithub.com/tgoodwin/kamera/pkg/tracegen.(*ContextTracker).TrackOperation\n\t/Users/tgoodwin/projects/kamera/pkg/tracegen/context.go:197\ngithub.com/tgoodwin/kamera/pkg/tracegen.(*Client).Get\n\t/Users/tgoodwin/projects/kamera/pkg/tracegen/client.go:177\ngithub.com/tgoodwin/kamera/sleevectrl/pkg/controller.(*FinalizerReconciler).Reconcile\n\t/Users/tgoodwin/projects/kamera/sleevectrl/pkg/controller/sleeve_finalizer_controller.go:41\ngithub.com/tgoodwin/kamera/pkg/tracecheck.(*ControllerRuntimeStrategy).ReconcileAtState\n\t/Users/tgoodwin/projects/kamera/pkg/tracecheck/reconciler.go:82\ngithub.com/tgoodwin/kamera/pkg/tracecheck.(*ReconcilerContainer).doReconcile\n\t/Users/tgoodwin/projects/kamera/pkg/tracecheck/reconciler.go:164\ngithub.com/tgoodwin/kamera/pkg/tracecheck.(*Explorer).reconcileAtState\n\t/Users/tgoodwin/projects/kamera/pkg/tracecheck/explore.go:1313\ngithub.com/tgoodwin/kamera/pkg/tracecheck.(*Explorer).takeReconcileStep\n\t/Users/tgoodwin/projects/kamera/pkg/tracecheck/explore.go:1228\ngithub.com/tgoodwin/kamera/pkg/tracecheck.(*Explorer).explore\n\t/Users/tgoodwin/projects/kamera/pkg/tracecheck/explore.go:790\ngithub.com/tgoodwin/kamera/pkg/tracecheck.(*Explorer).Explore.func1\n\t/Users/tgoodwin/projects/kamera/pkg/tracecheck/explore.go:330"}
{"level":"error","ts":"2026-01-13T16:48:12-08:00","logger":"tracegen","msg":"creating event","error":"failed to get change ID: Event does not have a change ID","stacktrace":"github.com/tgoodwin/kamera/pkg/tracegen.(*Client).LogOperation\n\t/Users/tgoodwin/projects/kamera/pkg/tracegen/client.go:106\ngithub.com/tgoodwin/kamera/pkg/tracegen.(*Client).Get\n\t/Users/tgoodwin/projects/kamera/pkg/tracegen/client.go:178\ngithub.com/tgoodwin/kamera/sleevectrl/pkg/controller.(*FinalizerReconciler).Reconcile\n\t/Users/tgoodwin/projects/kamera/sleevectrl/pkg/controller/sleeve_finalizer_controller.go:41\ngithub.com/tgoodwin/kamera/pkg/tracecheck.(*ControllerRuntimeStrategy).ReconcileAtState\n\t/Users/tgoodwin/projects/kamera/pkg/tracecheck/reconciler.go:82\ngithub.com/tgoodwin/kamera/pkg/tracecheck.(*ReconcilerContainer).doReconcile\n\t/Users/tgoodwin/projects/kamera/pkg/tracecheck/reconciler.go:164\ngithub.com/tgoodwin/kamera/pkg/tracecheck.(*Explorer).reconcileAtState\n\t/Users/tgoodwin/projects/kamera/pkg/tracecheck/explore.go:1313\ngithub.com/tgoodwin/kamera/pkg/tracecheck.(*Explorer).takeReconcileStep\n\t/Users/tgoodwin/projects/kamera/pkg/tracecheck/explore.go:1228\ngithub.com/tgoodwin/kamera/pkg/tracecheck.(*Explorer).explore\n\t/Users/tgoodwin/projects/kamera/pkg/tracecheck/explore.go:790\ngithub.com/tgoodwin/kamera/pkg/tracecheck.(*Explorer).Explore.func1\n\t/Users/tgoodwin/projects/kamera/pkg/tracecheck/explore.go:330"}
{"level":"error","ts":"2026-01-13T16:48:12-08:00","logger":"tracegen","msg":"creating event","error":"failed to get change ID: Event does not have a change ID","stacktrace":"github.com/tgoodwin/kamera/pkg/tracegen.(*Client).LogOperation\n\t/Users/tgoodwin/projects/kamera/pkg/tracegen/client.go:106\ngithub.com/tgoodwin/kamera/sleevectrl/pkg/controller.(*FinalizerReconciler).Reconcile\n\t/Users/tgoodwin/projects/kamera/sleevectrl/pkg/controller/sleeve_finalizer_controller.go:69\ngithub.com/tgoodwin/kamera/pkg/tracecheck.(*ControllerRuntimeStrategy).ReconcileAtState\n\t/Users/tgoodwin/projects/kamera/pkg/tracecheck/reconciler.go:82\ngithub.com/tgoodwin/kamera/pkg/tracecheck.(*ReconcilerContainer).doReconcile\n\t/Users/tgoodwin/projects/kamera/pkg/tracecheck/reconciler.go:164\ngithub.com/tgoodwin/kamera/pkg/tracecheck.(*Explorer).reconcileAtState\n\t/Users/tgoodwin/projects/kamera/pkg/tracecheck/explore.go:1313\ngithub.com/tgoodwin/kamera/pkg/tracecheck.(*Explorer).takeReconcileStep\n\t/Users/tgoodwin/projects/kamera/pkg/tracecheck/explore.go:1228\ngithub.com/tgoodwin/kamera/pkg/tracecheck.(*Explorer).explore\n\t/Users/tgoodwin/projects/kamera/pkg/tracecheck/explore.go:790\ngithub.com/tgoodwin/kamera/pkg/tracecheck.(*Explorer).Explore.func1\n\t/Users/tgoodwin/projects/kamera/pkg/tracecheck/explore.go:330"}
{"level":"info","ts":"2026-01-13T16:48:12-08:00","logger":"tracecheck","msg":"Taking reconcile step","Depth":76,"# Distinct States":97,"Total States":97,"Resource States":43}
{"level":"info","ts":"2026-01-13T16:48:12-08:00","logger":"tracecheck","msg":"Taking reconcile step","Depth":77,"# Distinct States":98,"Total States":98,"Resource States":43}
{"level":"info","ts":"2026-01-13T16:48:12-08:00","logger":"tracecheck","msg":"Updated ReplicaSet status","Depth":77,"# Distinct States":98,"Total States":98,"Resource States":43,"name":"kamera-test-deployment-1488584584"}
{"level":"info","ts":"2026-01-13T16:48:12-08:00","logger":"tracecheck","msg":"Taking reconcile step","Depth":78,"# Distinct States":99,"Total States":99,"Resource States":43}
{"level":"info","ts":"2026-01-13T16:48:12-08:00","logger":"KPAReconciler.seed","msg":"added podscalable to informer","resource":"deployments","namespace":"default","name":"kamera-test-deployment","stage":"podscalable-add","keys":["default/kamera-test-deployment"]}
{"level":"info","ts":"2026-01-13T16:48:12-08:00","logger":"KPAReconciler.seed","msg":"podscalable visible to lister","resource":"deployments","namespace":"default","name":"kamera-test-deployment","stage":"podscalable-lister","object":{"apiVersion":"autoscaling.internal.knative.dev/v1alpha1","kind":"PodScalable","namespace":"default","name":"kamera-test-deployment"}}
{"level":"info","ts":1768351692.1636748,"logger":"fallback","caller":"kpa/controller.go:77","msg":"Setting up ConfigMap receivers"}
{"level":"info","ts":1768351692.163789,"logger":"fallback","caller":"kpa/controller.go:91","msg":"Setting up KPA-Class event handlers"}
{"level":"info","ts":1768351692.163886,"logger":"fallback","caller":"kpa/kpa.go:158","msg":"SKS should be in Proxy mode: want = 0, ebc = 0, #act's = 2 PA Inactive? = true"}
{"level":"info","ts":1768351692.163905,"logger":"fallback","caller":"kpa/kpa.go:178","msg":"PA scale got=0, want=0, desiredPods=0 ebc=0"}
{"level":"info","ts":1768351692.163914,"logger":"fallback","caller":"kpa/kpa.go:188","msg":"Observed pod counts=kpa.podCounts{want:0, ready:0, notReady:0, pending:0, terminating:0}"}
{"level":"info","ts":"2026-01-13T16:48:12-08:00","logger":"KPAReconciler.reconcile","msg":"reconcile completed","key":"default/kamera-test","reconciler":"knative.dev.serving.pkg.reconciler.autoscaling.kpa.Reconciler","requeue":false,"requeueAfter":0}
{"level":"info","ts":"2026-01-13T16:48:12-08:00","logger":"tracecheck","msg":"Taking reconcile step","Depth":79,"# Distinct States":100,"Total States":100,"Resource States":43}
{"level":"info","ts":"2026-01-13T16:48:12-08:00","logger":"tracecheck","msg":"Taking reconcile step","Depth":80,"# Distinct States":101,"Total States":101,"Resource States":43}
{"level":"info","ts":"2026-01-13T16:48:12-08:00","logger":"ConfigurationReconciler.seed","msg":"added podscalable to informer","resource":"deployments","namespace":"default","name":"kamera-test-deployment","stage":"podscalable-add","keys":["default/kamera-test-deployment"]}
{"level":"info","ts":"2026-01-13T16:48:12-08:00","logger":"ConfigurationReconciler.seed","msg":"podscalable visible to lister","resource":"deployments","namespace":"default","name":"kamera-test-deployment","stage":"podscalable-lister","object":{"apiVersion":"autoscaling.internal.knative.dev/v1alpha1","kind":"PodScalable","namespace":"default","name":"kamera-test-deployment"}}
{"level":"info","ts":1768351692.2715929,"logger":"fallback","caller":"configuration/configuration.go:106","msg":"Revision \"kamera-test\" of configuration is ready"}
{"level":"info","ts":"2026-01-13T16:48:12-08:00","logger":"ConfigurationReconciler.reconcile","msg":"reconcile completed","key":"default/demo","reconciler":"knative.dev.serving.pkg.reconciler.configuration.Reconciler","requeue":false,"requeueAfter":0}
{"level":"info","ts":"2026-01-13T16:48:12-08:00","logger":"tracecheck","msg":"Taking reconcile step","Depth":81,"# Distinct States":102,"Total States":102,"Resource States":43}
{"level":"info","ts":"2026-01-13T16:48:12-08:00","logger":"RevisionReconciler.seed","msg":"added podscalable to informer","resource":"deployments","namespace":"default","name":"kamera-test-deployment","stage":"podscalable-add","keys":["default/kamera-test-deployment"]}
{"level":"info","ts":"2026-01-13T16:48:12-08:00","logger":"RevisionReconciler.seed","msg":"podscalable visible to lister","resource":"deployments","namespace":"default","name":"kamera-test-deployment","stage":"podscalable-lister","object":{"apiVersion":"autoscaling.internal.knative.dev/v1alpha1","kind":"PodScalable","namespace":"default","name":"kamera-test-deployment"}}
{"level":"error","ts":1768351692.379064,"logger":"fallback","caller":"revision/controller.go:116","msg":"Failed to create resolver transport","error":"open /var/run/secrets/kubernetes.io/serviceaccount/ca.crt: no such file or directory","stacktrace":"knative.dev/serving/pkg/reconciler/revision.newControllerWithOptions\n\t/Users/tgoodwin/tmp/gomodcache/knative.dev/serving@v0.46.5/pkg/reconciler/revision/controller.go:116\nknative.dev/serving/pkg/reconciler/revision.NewController\n\t/Users/tgoodwin/tmp/gomodcache/knative.dev/serving@v0.46.5/pkg/reconciler/revision/controller.go:64\nmain.configureKnativeExplorer.func1.1\n\t/Users/tgoodwin/projects/kamera/examples/knative-serving/scenario.go:91\ngithub.com/tgoodwin/kamera/examples/knative-serving/knative.NewKnativeStrategy.func1\n\t/Users/tgoodwin/projects/kamera/examples/knative-serving/knative/harness.go:555\ngithub.com/tgoodwin/kamera/examples/knative-serving/knative.(*KnativeStrategy).ReconcileAtState\n\t/Users/tgoodwin/projects/kamera/examples/knative-serving/knative/harness.go:895\ngithub.com/tgoodwin/kamera/pkg/tracecheck.(*ReconcilerContainer).doReconcile\n\t/Users/tgoodwin/projects/kamera/pkg/tracecheck/reconciler.go:164\ngithub.com/tgoodwin/kamera/pkg/tracecheck.(*Explorer).reconcileAtState\n\t/Users/tgoodwin/projects/kamera/pkg/tracecheck/explore.go:1313\ngithub.com/tgoodwin/kamera/pkg/tracecheck.(*Explorer).takeReconcileStep\n\t/Users/tgoodwin/projects/kamera/pkg/tracecheck/explore.go:1228\ngithub.com/tgoodwin/kamera/pkg/tracecheck.(*Explorer).explore\n\t/Users/tgoodwin/projects/kamera/pkg/tracecheck/explore.go:790\ngithub.com/tgoodwin/kamera/pkg/tracecheck.(*Explorer).Explore.func1\n\t/Users/tgoodwin/projects/kamera/pkg/tracecheck/explore.go:330"}
{"level":"info","ts":1768351692.379377,"logger":"fallback","caller":"revision/reconcile_resources.go:161","msg":"Reconciling PA: kamera-test"}
{"level":"info","ts":"2026-01-13T16:48:12-08:00","logger":"RevisionReconciler.reconcile","msg":"reconcile completed","key":"default/kamera-test","reconciler":"knative.dev.serving.pkg.reconciler.revision.Reconciler","requeue":false,"requeueAfter":0}
{"level":"info","ts":"2026-01-13T16:48:12-08:00","logger":"tracecheck","msg":"Taking reconcile step","Depth":82,"# Distinct States":103,"Total States":103,"Resource States":43}
{"level":"info","ts":"2026-01-13T16:48:12-08:00","logger":"tracecheck","msg":"Updated Deployment status","Depth":82,"# Distinct States":103,"Total States":103,"Resource States":43,"name":"kamera-test-deployment"}
{"level":"info","ts":"2026-01-13T16:48:12-08:00","logger":"tracecheck","msg":"Taking reconcile step","Depth":71,"# Distinct States":104,"Total States":104,"Resource States":43}
{"level":"info","ts":"2026-01-13T16:48:12-08:00","logger":"RevisionReconciler.seed","msg":"added podscalable to informer","resource":"deployments","namespace":"default","name":"kamera-test-deployment","stage":"podscalable-add","keys":["default/kamera-test-deployment"]}
{"level":"info","ts":"2026-01-13T16:48:12-08:00","logger":"RevisionReconciler.seed","msg":"podscalable visible to lister","resource":"deployments","namespace":"default","name":"kamera-test-deployment","stage":"podscalable-lister","object":{"apiVersion":"autoscaling.internal.knative.dev/v1alpha1","kind":"PodScalable","namespace":"default","name":"kamera-test-deployment"}}
{"level":"error","ts":1768351692.491503,"logger":"fallback","caller":"revision/controller.go:116","msg":"Failed to create resolver transport","error":"open /var/run/secrets/kubernetes.io/serviceaccount/ca.crt: no such file or directory","stacktrace":"knative.dev/serving/pkg/reconciler/revision.newControllerWithOptions\n\t/Users/tgoodwin/tmp/gomodcache/knative.dev/serving@v0.46.5/pkg/reconciler/revision/controller.go:116\nknative.dev/serving/pkg/reconciler/revision.NewController\n\t/Users/tgoodwin/tmp/gomodcache/knative.dev/serving@v0.46.5/pkg/reconciler/revision/controller.go:64\nmain.configureKnativeExplorer.func1.1\n\t/Users/tgoodwin/projects/kamera/examples/knative-serving/scenario.go:91\ngithub.com/tgoodwin/kamera/examples/knative-serving/knative.NewKnativeStrategy.func1\n\t/Users/tgoodwin/projects/kamera/examples/knative-serving/knative/harness.go:555\ngithub.com/tgoodwin/kamera/examples/knative-serving/knative.(*KnativeStrategy).ReconcileAtState\n\t/Users/tgoodwin/projects/kamera/examples/knative-serving/knative/harness.go:895\ngithub.com/tgoodwin/kamera/pkg/tracecheck.(*ReconcilerContainer).doReconcile\n\t/Users/tgoodwin/projects/kamera/pkg/tracecheck/reconciler.go:164\ngithub.com/tgoodwin/kamera/pkg/tracecheck.(*Explorer).reconcileAtState\n\t/Users/tgoodwin/projects/kamera/pkg/tracecheck/explore.go:1313\ngithub.com/tgoodwin/kamera/pkg/tracecheck.(*Explorer).takeReconcileStep\n\t/Users/tgoodwin/projects/kamera/pkg/tracecheck/explore.go:1228\ngithub.com/tgoodwin/kamera/pkg/tracecheck.(*Explorer).explore\n\t/Users/tgoodwin/projects/kamera/pkg/tracecheck/explore.go:790\ngithub.com/tgoodwin/kamera/pkg/tracecheck.(*Explorer).Explore.func1\n\t/Users/tgoodwin/projects/kamera/pkg/tracecheck/explore.go:330"}
{"level":"info","ts":1768351692.491777,"logger":"fallback","caller":"revision/reconcile_resources.go:161","msg":"Reconciling PA: kamera-test"}
{"level":"info","ts":"2026-01-13T16:48:12-08:00","logger":"RevisionReconciler.reconcile","msg":"reconcile completed","key":"default/kamera-test","reconciler":"knative.dev.serving.pkg.reconciler.revision.Reconciler","requeue":false,"requeueAfter":0}
{"level":"info","ts":"2026-01-13T16:48:12-08:00","logger":"tracecheck","msg":"Taking reconcile step","Depth":72,"# Distinct States":105,"Total States":105,"Resource States":43}
{"level":"info","ts":"2026-01-13T16:48:12-08:00","logger":"tracecheck","msg":"Taking reconcile step","Depth":73,"# Distinct States":106,"Total States":106,"Resource States":43}
{"level":"info","ts":"2026-01-13T16:48:12-08:00","logger":"tracecheck","msg":"Taking reconcile step","Depth":74,"# Distinct States":107,"Total States":107,"Resource States":43}
{"level":"info","ts":"2026-01-13T16:48:12-08:00","logger":"RouteReconciler.seed","msg":"added podscalable to informer","resource":"deployments","namespace":"default","name":"kamera-test-deployment","stage":"podscalable-add","keys":["default/kamera-test-deployment"]}
{"level":"info","ts":"2026-01-13T16:48:12-08:00","logger":"RouteReconciler.seed","msg":"podscalable visible to lister","resource":"deployments","namespace":"default","name":"kamera-test-deployment","stage":"podscalable-lister","object":{"apiVersion":"autoscaling.internal.knative.dev/v1alpha1","kind":"PodScalable","namespace":"default","name":"kamera-test-deployment"}}
{"level":"info","ts":1768351692.601332,"logger":"fallback","caller":"route/route.go:465","msg":"Revision default/kamera-test is inactive"}
{"level":"info","ts":1768351692.6013582,"logger":"fallback","caller":"route/route.go:487","msg":"All referred targets are routable, marking AllTrafficAssigned with traffic information."}
{"level":"info","ts":1768351692.6013708,"logger":"fallback","caller":"route/route.go:140","msg":"Creating placeholder k8s services"}
{"level":"info","ts":1768351692.60145,"logger":"fallback","caller":"route/route.go:176","msg":"Updating placeholder k8s services with ingress information"}
{"level":"info","ts":1768351692.601493,"logger":"fallback","caller":"route/route.go:198","msg":"Route successfully synced"}
{"level":"info","ts":"2026-01-13T16:48:12-08:00","logger":"RouteReconciler.reconcile","msg":"reconcile completed","key":"default/demo","reconciler":"knative.dev.serving.pkg.reconciler.route.Reconciler","requeue":false,"requeueAfter":0}
{"level":"info","ts":"2026-01-13T16:48:12-08:00","logger":"tracecheck","msg":"Taking reconcile step","Depth":75,"# Distinct States":108,"Total States":108,"Resource States":43}
{"level":"info","ts":"2026-01-13T16:48:12-08:00","logger":"ServiceReconciler.seed","msg":"added podscalable to informer","resource":"deployments","namespace":"default","name":"kamera-test-deployment","stage":"podscalable-add","keys":["default/kamera-test-deployment"]}
{"level":"info","ts":"2026-01-13T16:48:12-08:00","logger":"ServiceReconciler.seed","msg":"podscalable visible to lister","resource":"deployments","namespace":"default","name":"kamera-test-deployment","stage":"podscalable-lister","object":{"apiVersion":"autoscaling.internal.knative.dev/v1alpha1","kind":"PodScalable","namespace":"default","name":"kamera-test-deployment"}}
{"level":"info","ts":1768351692.708626,"logger":"fallback","caller":"service/service.go:171","msg":"Service reconciler fetching Route from lister: name=demo, namespace=default"}
{"level":"info","ts":1768351692.708655,"logger":"fallback","caller":"service/service.go:174","msg":"Service reconciler got Route from lister: name=demo, Generation=1, ObservedGeneration=1, ResourceVersion="}
{"level":"info","ts":1768351692.70868,"logger":"fallback","caller":"service/service.go:126","msg":"Service reconciler checking Route: name=demo, Generation=1, ObservedGeneration=1, Ready=True (reason=, message=), generationMatch=true, routeResourceVersion="}
{"level":"info","ts":1768351692.708687,"logger":"fallback","caller":"service/service.go:136","msg":"Service reconciler calling PropagateRouteStatus() because Generation == ObservedGeneration"}
{"level":"info","ts":"2026-01-13T16:48:12-08:00","logger":"ServiceReconciler.reconcile","msg":"reconcile completed","key":"default/demo","reconciler":"knative.dev.serving.pkg.reconciler.service.Reconciler","requeue":false,"requeueAfter":0}
{"level":"info","ts":"2026-01-13T16:48:12-08:00","logger":"tracecheck","msg":"Taking reconcile step","Depth":76,"# Distinct States":109,"Total States":109,"Resource States":43}
{"level":"error","ts":"2026-01-13T16:48:12-08:00","logger":"tracegen","msg":"setting root context","Kind":"/v1, Kind=Pod","Name":"kamera-test-deployment-1488584584-0","NewRootID":"","labels":{"app":"kamera-test","discrete.events/sleeve-object-id":"37jmqvjn","pod-template-hash":"1488584584","serving.knative.dev/configuration":"demo","serving.knative.dev/configurationGeneration":"1","serving.knative.dev/revision":"kamera-test","serving.knative.dev/revisionUID":"","serving.knative.dev/service":"demo"},"error":"no root ID set on object - is this namespace handled by the sleeve webhook?","stacktrace":"github.com/tgoodwin/kamera/pkg/tracegen.(*ContextTracker).setRootContextFromObservation\n\t/Users/tgoodwin/projects/kamera/pkg/tracegen/context.go:153\ngithub.com/tgoodwin/kamera/pkg/tracegen.(*ContextTracker).TrackOperation\n\t/Users/tgoodwin/projects/kamera/pkg/tracegen/context.go:197\ngithub.com/tgoodwin/kamera/pkg/tracegen.(*Client).Get\n\t/Users/tgoodwin/projects/kamera/pkg/tracegen/client.go:177\ngithub.com/tgoodwin/kamera/sleevectrl/pkg/controller.(*FinalizerReconciler).Reconcile\n\t/Users/tgoodwin/projects/kamera/sleevectrl/pkg/controller/sleeve_finalizer_controller.go:41\ngithub.com/tgoodwin/kamera/pkg/tracecheck.(*ControllerRuntimeStrategy).ReconcileAtState\n\t/Users/tgoodwin/projects/kamera/pkg/tracecheck/reconciler.go:82\ngithub.com/tgoodwin/kamera/pkg/tracecheck.(*ReconcilerContainer).doReconcile\n\t/Users/tgoodwin/projects/kamera/pkg/tracecheck/reconciler.go:164\ngithub.com/tgoodwin/kamera/pkg/tracecheck.(*Explorer).reconcileAtState\n\t/Users/tgoodwin/projects/kamera/pkg/tracecheck/explore.go:1313\ngithub.com/tgoodwin/kamera/pkg/tracecheck.(*Explorer).takeReconcileStep\n\t/Users/tgoodwin/projects/kamera/pkg/tracecheck/explore.go:1228\ngithub.com/tgoodwin/kamera/pkg/tracecheck.(*Explorer).explore\n\t/Users/tgoodwin/projects/kamera/pkg/tracecheck/explore.go:790\ngithub.com/tgoodwin/kamera/pkg/tracecheck.(*Explorer).Explore.func1\n\t/Users/tgoodwin/projects/kamera/pkg/tracecheck/explore.go:330"}
{"level":"error","ts":"2026-01-13T16:48:12-08:00","logger":"tracegen","msg":"rootID is empty","Kind":"/v1, Kind=Pod","Name":"kamera-test-deployment-1488584584-0","NewRootID":"","stacktrace":"github.com/tgoodwin/kamera/pkg/tracegen.(*ContextTracker).setRootContextFromObservation\n\t/Users/tgoodwin/projects/kamera/pkg/tracegen/context.go:157\ngithub.com/tgoodwin/kamera/pkg/tracegen.(*ContextTracker).TrackOperation\n\t/Users/tgoodwin/projects/kamera/pkg/tracegen/context.go:197\ngithub.com/tgoodwin/kamera/pkg/tracegen.(*Client).Get\n\t/Users/tgoodwin/projects/kamera/pkg/tracegen/client.go:177\ngithub.com/tgoodwin/kamera/sleevectrl/pkg/controller.(*FinalizerReconciler).Reconcile\n\t/Users/tgoodwin/projects/kamera/sleevectrl/pkg/controller/sleeve_finalizer_controller.go:41\ngithub.com/tgoodwin/kamera/pkg/tracecheck.(*ControllerRuntimeStrategy).ReconcileAtState\n\t/Users/tgoodwin/projects/kamera/pkg/tracecheck/reconciler.go:82\ngithub.com/tgoodwin/kamera/pkg/tracecheck.(*ReconcilerContainer).doReconcile\n\t/Users/tgoodwin/projects/kamera/pkg/tracecheck/reconciler.go:164\ngithub.com/tgoodwin/kamera/pkg/tracecheck.(*Explorer).reconcileAtState\n\t/Users/tgoodwin/projects/kamera/pkg/tracecheck/explore.go:1313\ngithub.com/tgoodwin/kamera/pkg/tracecheck.(*Explorer).takeReconcileStep\n\t/Users/tgoodwin/projects/kamera/pkg/tracecheck/explore.go:1228\ngithub.com/tgoodwin/kamera/pkg/tracecheck.(*Explorer).explore\n\t/Users/tgoodwin/projects/kamera/pkg/tracecheck/explore.go:790\ngithub.com/tgoodwin/kamera/pkg/tracecheck.(*Explorer).Explore.func1\n\t/Users/tgoodwin/projects/kamera/pkg/tracecheck/explore.go:330"}
{"level":"error","ts":"2026-01-13T16:48:12-08:00","logger":"tracegen","msg":"creating event","error":"failed to get change ID: Event does not have a change ID","stacktrace":"github.com/tgoodwin/kamera/pkg/tracegen.(*Client).LogOperation\n\t/Users/tgoodwin/projects/kamera/pkg/tracegen/client.go:106\ngithub.com/tgoodwin/kamera/pkg/tracegen.(*Client).Get\n\t/Users/tgoodwin/projects/kamera/pkg/tracegen/client.go:178\ngithub.com/tgoodwin/kamera/sleevectrl/pkg/controller.(*FinalizerReconciler).Reconcile\n\t/Users/tgoodwin/projects/kamera/sleevectrl/pkg/controller/sleeve_finalizer_controller.go:41\ngithub.com/tgoodwin/kamera/pkg/tracecheck.(*ControllerRuntimeStrategy).ReconcileAtState\n\t/Users/tgoodwin/projects/kamera/pkg/tracecheck/reconciler.go:82\ngithub.com/tgoodwin/kamera/pkg/tracecheck.(*ReconcilerContainer).doReconcile\n\t/Users/tgoodwin/projects/kamera/pkg/tracecheck/reconciler.go:164\ngithub.com/tgoodwin/kamera/pkg/tracecheck.(*Explorer).reconcileAtState\n\t/Users/tgoodwin/projects/kamera/pkg/tracecheck/explore.go:1313\ngithub.com/tgoodwin/kamera/pkg/tracecheck.(*Explorer).takeReconcileStep\n\t/Users/tgoodwin/projects/kamera/pkg/tracecheck/explore.go:1228\ngithub.com/tgoodwin/kamera/pkg/tracecheck.(*Explorer).explore\n\t/Users/tgoodwin/projects/kamera/pkg/tracecheck/explore.go:790\ngithub.com/tgoodwin/kamera/pkg/tracecheck.(*Explorer).Explore.func1\n\t/Users/tgoodwin/projects/kamera/pkg/tracecheck/explore.go:330"}
{"level":"error","ts":"2026-01-13T16:48:12-08:00","logger":"tracegen","msg":"creating event","error":"failed to get change ID: Event does not have a change ID","stacktrace":"github.com/tgoodwin/kamera/pkg/tracegen.(*Client).LogOperation\n\t/Users/tgoodwin/projects/kamera/pkg/tracegen/client.go:106\ngithub.com/tgoodwin/kamera/sleevectrl/pkg/controller.(*FinalizerReconciler).Reconcile\n\t/Users/tgoodwin/projects/kamera/sleevectrl/pkg/controller/sleeve_finalizer_controller.go:69\ngithub.com/tgoodwin/kamera/pkg/tracecheck.(*ControllerRuntimeStrategy).ReconcileAtState\n\t/Users/tgoodwin/projects/kamera/pkg/tracecheck/reconciler.go:82\ngithub.com/tgoodwin/kamera/pkg/tracecheck.(*ReconcilerContainer).doReconcile\n\t/Users/tgoodwin/projects/kamera/pkg/tracecheck/reconciler.go:164\ngithub.com/tgoodwin/kamera/pkg/tracecheck.(*Explorer).reconcileAtState\n\t/Users/tgoodwin/projects/kamera/pkg/tracecheck/explore.go:1313\ngithub.com/tgoodwin/kamera/pkg/tracecheck.(*Explorer).takeReconcileStep\n\t/Users/tgoodwin/projects/kamera/pkg/tracecheck/explore.go:1228\ngithub.com/tgoodwin/kamera/pkg/tracecheck.(*Explorer).explore\n\t/Users/tgoodwin/projects/kamera/pkg/tracecheck/explore.go:790\ngithub.com/tgoodwin/kamera/pkg/tracecheck.(*Explorer).Explore.func1\n\t/Users/tgoodwin/projects/kamera/pkg/tracecheck/explore.go:330"}
{"level":"info","ts":"2026-01-13T16:48:12-08:00","logger":"tracecheck","msg":"Taking reconcile step","Depth":77,"# Distinct States":110,"Total States":110,"Resource States":43}
{"level":"info","ts":"2026-01-13T16:48:12-08:00","logger":"tracecheck","msg":"Taking reconcile step","Depth":78,"# Distinct States":111,"Total States":111,"Resource States":43}
{"level":"info","ts":"2026-01-13T16:48:12-08:00","logger":"tracecheck","msg":"Updated ReplicaSet status","Depth":78,"# Distinct States":111,"Total States":111,"Resource States":43,"name":"kamera-test-deployment-1488584584"}
{"level":"info","ts":"2026-01-13T16:48:12-08:00","logger":"tracecheck","msg":"Taking reconcile step","Depth":79,"# Distinct States":112,"Total States":112,"Resource States":43}
{"level":"info","ts":"2026-01-13T16:48:12-08:00","logger":"KPAReconciler.seed","msg":"added podscalable to informer","resource":"deployments","namespace":"default","name":"kamera-test-deployment","stage":"podscalable-add","keys":["default/kamera-test-deployment"]}
{"level":"info","ts":"2026-01-13T16:48:12-08:00","logger":"KPAReconciler.seed","msg":"podscalable visible to lister","resource":"deployments","namespace":"default","name":"kamera-test-deployment","stage":"podscalable-lister","object":{"apiVersion":"autoscaling.internal.knative.dev/v1alpha1","kind":"PodScalable","namespace":"default","name":"kamera-test-deployment"}}
{"level":"info","ts":1768351692.827172,"logger":"fallback","caller":"kpa/controller.go:77","msg":"Setting up ConfigMap receivers"}
{"level":"info","ts":1768351692.8272672,"logger":"fallback","caller":"kpa/controller.go:91","msg":"Setting up KPA-Class event handlers"}
{"level":"info","ts":1768351692.827369,"logger":"fallback","caller":"kpa/kpa.go:158","msg":"SKS should be in Proxy mode: want = 0, ebc = 0, #act's = 2 PA Inactive? = true"}
{"level":"info","ts":1768351692.8273878,"logger":"fallback","caller":"kpa/kpa.go:178","msg":"PA scale got=0, want=0, desiredPods=0 ebc=0"}
{"level":"info","ts":1768351692.8273978,"logger":"fallback","caller":"kpa/kpa.go:188","msg":"Observed pod counts=kpa.podCounts{want:0, ready:0, notReady:0, pending:0, terminating:0}"}
{"level":"info","ts":"2026-01-13T16:48:12-08:00","logger":"KPAReconciler.reconcile","msg":"reconcile completed","key":"default/kamera-test","reconciler":"knative.dev.serving.pkg.reconciler.autoscaling.kpa.Reconciler","requeue":false,"requeueAfter":0}
{"level":"info","ts":"2026-01-13T16:48:12-08:00","logger":"tracecheck","msg":"Taking reconcile step","Depth":80,"# Distinct States":113,"Total States":113,"Resource States":43}
{"level":"info","ts":"2026-01-13T16:48:12-08:00","logger":"tracecheck","msg":"Taking reconcile step","Depth":59,"# Distinct States":115,"Total States":115,"Resource States":43}
{"level":"info","ts":"2026-01-13T16:48:12-08:00","logger":"RevisionReconciler.seed","msg":"added podscalable to informer","resource":"deployments","namespace":"default","name":"kamera-test-deployment","stage":"podscalable-add","keys":["default/kamera-test-deployment"]}
{"level":"info","ts":"2026-01-13T16:48:12-08:00","logger":"RevisionReconciler.seed","msg":"podscalable visible to lister","resource":"deployments","namespace":"default","name":"kamera-test-deployment","stage":"podscalable-lister","object":{"apiVersion":"autoscaling.internal.knative.dev/v1alpha1","kind":"PodScalable","namespace":"default","name":"kamera-test-deployment"}}
{"level":"error","ts":1768351692.935688,"logger":"fallback","caller":"revision/controller.go:116","msg":"Failed to create resolver transport","error":"open /var/run/secrets/kubernetes.io/serviceaccount/ca.crt: no such file or directory","stacktrace":"knative.dev/serving/pkg/reconciler/revision.newControllerWithOptions\n\t/Users/tgoodwin/tmp/gomodcache/knative.dev/serving@v0.46.5/pkg/reconciler/revision/controller.go:116\nknative.dev/serving/pkg/reconciler/revision.NewController\n\t/Users/tgoodwin/tmp/gomodcache/knative.dev/serving@v0.46.5/pkg/reconciler/revision/controller.go:64\nmain.configureKnativeExplorer.func1.1\n\t/Users/tgoodwin/projects/kamera/examples/knative-serving/scenario.go:91\ngithub.com/tgoodwin/kamera/examples/knative-serving/knative.NewKnativeStrategy.func1\n\t/Users/tgoodwin/projects/kamera/examples/knative-serving/knative/harness.go:555\ngithub.com/tgoodwin/kamera/examples/knative-serving/knative.(*KnativeStrategy).ReconcileAtState\n\t/Users/tgoodwin/projects/kamera/examples/knative-serving/knative/harness.go:895\ngithub.com/tgoodwin/kamera/pkg/tracecheck.(*ReconcilerContainer).doReconcile\n\t/Users/tgoodwin/projects/kamera/pkg/tracecheck/reconciler.go:164\ngithub.com/tgoodwin/kamera/pkg/tracecheck.(*Explorer).reconcileAtState\n\t/Users/tgoodwin/projects/kamera/pkg/tracecheck/explore.go:1313\ngithub.com/tgoodwin/kamera/pkg/tracecheck.(*Explorer).takeReconcileStep\n\t/Users/tgoodwin/projects/kamera/pkg/tracecheck/explore.go:1228\ngithub.com/tgoodwin/kamera/pkg/tracecheck.(*Explorer).explore\n\t/Users/tgoodwin/projects/kamera/pkg/tracecheck/explore.go:790\ngithub.com/tgoodwin/kamera/pkg/tracecheck.(*Explorer).Explore.func1\n\t/Users/tgoodwin/projects/kamera/pkg/tracecheck/explore.go:330"}
{"level":"info","ts":1768351692.936067,"logger":"fallback","caller":"revision/reconcile_resources.go:161","msg":"Reconciling PA: kamera-test"}
{"level":"info","ts":"2026-01-13T16:48:12-08:00","logger":"RevisionReconciler.reconcile","msg":"reconcile completed","key":"default/kamera-test","reconciler":"knative.dev.serving.pkg.reconciler.revision.Reconciler","requeue":false,"requeueAfter":0}
{"level":"info","ts":"2026-01-13T16:48:12-08:00","logger":"tracecheck","msg":"Taking reconcile step","Depth":60,"# Distinct States":116,"Total States":116,"Resource States":43}
{"level":"info","ts":"2026-01-13T16:48:13-08:00","logger":"KPAReconciler.seed","msg":"added podscalable to informer","resource":"deployments","namespace":"default","name":"kamera-test-deployment","stage":"podscalable-add","keys":["default/kamera-test-deployment"]}
{"level":"info","ts":"2026-01-13T16:48:13-08:00","logger":"KPAReconciler.seed","msg":"podscalable visible to lister","resource":"deployments","namespace":"default","name":"kamera-test-deployment","stage":"podscalable-lister","object":{"apiVersion":"autoscaling.internal.knative.dev/v1alpha1","kind":"PodScalable","namespace":"default","name":"kamera-test-deployment"}}
{"level":"info","ts":1768351693.0438101,"logger":"fallback","caller":"kpa/controller.go:77","msg":"Setting up ConfigMap receivers"}
{"level":"info","ts":1768351693.04395,"logger":"fallback","caller":"kpa/controller.go:91","msg":"Setting up KPA-Class event handlers"}
{"level":"info","ts":1768351693.044054,"logger":"fallback","caller":"kpa/kpa.go:158","msg":"SKS should be in Proxy mode: want = 0, ebc = 0, #act's = 2 PA Inactive? = true"}
{"level":"info","ts":1768351693.044074,"logger":"fallback","caller":"kpa/kpa.go:178","msg":"PA scale got=1, want=0, desiredPods=0 ebc=0"}
{"level":"info","ts":1768351693.044084,"logger":"fallback","caller":"kpa/kpa.go:188","msg":"Observed pod counts=kpa.podCounts{want:0, ready:1, notReady:0, pending:0, terminating:0}"}
{"level":"info","ts":"2026-01-13T16:48:13-08:00","logger":"KPAReconciler.reconcile","msg":"reconcile completed","key":"default/kamera-test","reconciler":"knative.dev.serving.pkg.reconciler.autoscaling.kpa.Reconciler","requeue":false,"requeueAfter":0}
{"level":"info","ts":"2026-01-13T16:48:13-08:00","logger":"tracecheck","msg":"Taking reconcile step","Depth":61,"# Distinct States":117,"Total States":117,"Resource States":43}
{"level":"info","ts":"2026-01-13T16:48:13-08:00","logger":"tracecheck","msg":"Taking reconcile step","Depth":62,"# Distinct States":118,"Total States":118,"Resource States":43}
{"level":"info","ts":"2026-01-13T16:48:13-08:00","logger":"tracecheck","msg":"Taking reconcile step","Depth":63,"# Distinct States":119,"Total States":119,"Resource States":43}
{"level":"info","ts":"2026-01-13T16:48:13-08:00","logger":"RouteReconciler.seed","msg":"added podscalable to informer","resource":"deployments","namespace":"default","name":"kamera-test-deployment","stage":"podscalable-add","keys":["default/kamera-test-deployment"]}
{"level":"info","ts":"2026-01-13T16:48:13-08:00","logger":"RouteReconciler.seed","msg":"podscalable visible to lister","resource":"deployments","namespace":"default","name":"kamera-test-deployment","stage":"podscalable-lister","object":{"apiVersion":"autoscaling.internal.knative.dev/v1alpha1","kind":"PodScalable","namespace":"default","name":"kamera-test-deployment"}}
{"level":"info","ts":1768351693.15619,"logger":"fallback","caller":"route/route.go:465","msg":"Revision default/kamera-test is inactive"}
{"level":"info","ts":1768351693.1562161,"logger":"fallback","caller":"route/route.go:487","msg":"All referred targets are routable, marking AllTrafficAssigned with traffic information."}
{"level":"info","ts":1768351693.15623,"logger":"fallback","caller":"route/route.go:140","msg":"Creating placeholder k8s services"}
{"level":"info","ts":1768351693.156317,"logger":"fallback","caller":"route/route.go:176","msg":"Updating placeholder k8s services with ingress information"}
{"level":"info","ts":1768351693.156492,"logger":"fallback","caller":"route/route.go:198","msg":"Route successfully synced"}
{"level":"info","ts":"2026-01-13T16:48:13-08:00","logger":"RouteReconciler.reconcile","msg":"reconcile completed","key":"default/demo","reconciler":"knative.dev.serving.pkg.reconciler.route.Reconciler","requeue":false,"requeueAfter":0}
{"level":"info","ts":"2026-01-13T16:48:13-08:00","logger":"tracecheck","msg":"Taking reconcile step","Depth":64,"# Distinct States":120,"Total States":120,"Resource States":43}
{"level":"info","ts":"2026-01-13T16:48:13-08:00","logger":"tracecheck","msg":"Taking reconcile step","Depth":65,"# Distinct States":121,"Total States":121,"Resource States":43}
{"level":"info","ts":"2026-01-13T16:48:13-08:00","logger":"ServiceReconciler.seed","msg":"added podscalable to informer","resource":"deployments","namespace":"default","name":"kamera-test-deployment","stage":"podscalable-add","keys":["default/kamera-test-deployment"]}
{"level":"info","ts":"2026-01-13T16:48:13-08:00","logger":"ServiceReconciler.seed","msg":"podscalable visible to lister","resource":"deployments","namespace":"default","name":"kamera-test-deployment","stage":"podscalable-lister","object":{"apiVersion":"autoscaling.internal.knative.dev/v1alpha1","kind":"PodScalable","namespace":"default","name":"kamera-test-deployment"}}
{"level":"info","ts":1768351693.26603,"logger":"fallback","caller":"service/service.go:171","msg":"Service reconciler fetching Route from lister: name=demo, namespace=default"}
{"level":"info","ts":1768351693.266046,"logger":"fallback","caller":"service/service.go:174","msg":"Service reconciler got Route from lister: name=demo, Generation=1, ObservedGeneration=1, ResourceVersion="}
{"level":"info","ts":1768351693.266068,"logger":"fallback","caller":"service/service.go:126","msg":"Service reconciler checking Route: name=demo, Generation=1, ObservedGeneration=1, Ready=True (reason=, message=), generationMatch=true, routeResourceVersion="}
{"level":"info","ts":1768351693.266073,"logger":"fallback","caller":"service/service.go:136","msg":"Service reconciler calling PropagateRouteStatus() because Generation == ObservedGeneration"}
{"level":"info","ts":"2026-01-13T16:48:13-08:00","logger":"ServiceReconciler.reconcile","msg":"reconcile completed","key":"default/demo","reconciler":"knative.dev.serving.pkg.reconciler.service.Reconciler","requeue":false,"requeueAfter":0}
{"level":"info","ts":"2026-01-13T16:48:13-08:00","logger":"tracecheck","msg":"Taking reconcile step","Depth":66,"# Distinct States":122,"Total States":122,"Resource States":43}
{"level":"info","ts":"2026-01-13T16:48:13-08:00","logger":"tracecheck","msg":"Taking reconcile step","Depth":67,"# Distinct States":123,"Total States":123,"Resource States":43}
{"level":"info","ts":"2026-01-13T16:48:13-08:00","logger":"tracecheck","msg":"Deleting pods","Depth":67,"# Distinct States":123,"Total States":123,"Resource States":43,"count":1}
{"level":"info","ts":"2026-01-13T16:48:13-08:00","logger":"tracecheck","msg":"Taking reconcile step","Depth":53,"# Distinct States":125,"Total States":125,"Resource States":43}
{"level":"info","ts":"2026-01-13T16:48:13-08:00","logger":"RevisionReconciler.seed","msg":"added podscalable to informer","resource":"deployments","namespace":"default","name":"kamera-test-deployment","stage":"podscalable-add","keys":["default/kamera-test-deployment"]}
{"level":"info","ts":"2026-01-13T16:48:13-08:00","logger":"RevisionReconciler.seed","msg":"podscalable visible to lister","resource":"deployments","namespace":"default","name":"kamera-test-deployment","stage":"podscalable-lister","object":{"apiVersion":"autoscaling.internal.knative.dev/v1alpha1","kind":"PodScalable","namespace":"default","name":"kamera-test-deployment"}}
{"level":"error","ts":1768351693.3778229,"logger":"fallback","caller":"revision/controller.go:116","msg":"Failed to create resolver transport","error":"open /var/run/secrets/kubernetes.io/serviceaccount/ca.crt: no such file or directory","stacktrace":"knative.dev/serving/pkg/reconciler/revision.newControllerWithOptions\n\t/Users/tgoodwin/tmp/gomodcache/knative.dev/serving@v0.46.5/pkg/reconciler/revision/controller.go:116\nknative.dev/serving/pkg/reconciler/revision.NewController\n\t/Users/tgoodwin/tmp/gomodcache/knative.dev/serving@v0.46.5/pkg/reconciler/revision/controller.go:64\nmain.configureKnativeExplorer.func1.1\n\t/Users/tgoodwin/projects/kamera/examples/knative-serving/scenario.go:91\ngithub.com/tgoodwin/kamera/examples/knative-serving/knative.NewKnativeStrategy.func1\n\t/Users/tgoodwin/projects/kamera/examples/knative-serving/knative/harness.go:555\ngithub.com/tgoodwin/kamera/examples/knative-serving/knative.(*KnativeStrategy).ReconcileAtState\n\t/Users/tgoodwin/projects/kamera/examples/knative-serving/knative/harness.go:895\ngithub.com/tgoodwin/kamera/pkg/tracecheck.(*ReconcilerContainer).doReconcile\n\t/Users/tgoodwin/projects/kamera/pkg/tracecheck/reconciler.go:164\ngithub.com/tgoodwin/kamera/pkg/tracecheck.(*Explorer).reconcileAtState\n\t/Users/tgoodwin/projects/kamera/pkg/tracecheck/explore.go:1313\ngithub.com/tgoodwin/kamera/pkg/tracecheck.(*Explorer).takeReconcileStep\n\t/Users/tgoodwin/projects/kamera/pkg/tracecheck/explore.go:1228\ngithub.com/tgoodwin/kamera/pkg/tracecheck.(*Explorer).explore\n\t/Users/tgoodwin/projects/kamera/pkg/tracecheck/explore.go:790\ngithub.com/tgoodwin/kamera/pkg/tracecheck.(*Explorer).Explore.func1\n\t/Users/tgoodwin/projects/kamera/pkg/tracecheck/explore.go:330"}
{"level":"info","ts":1768351693.378125,"logger":"fallback","caller":"revision/reconcile_resources.go:161","msg":"Reconciling PA: kamera-test"}
{"level":"info","ts":"2026-01-13T16:48:13-08:00","logger":"RevisionReconciler.reconcile","msg":"reconcile completed","key":"default/kamera-test","reconciler":"knative.dev.serving.pkg.reconciler.revision.Reconciler","requeue":false,"requeueAfter":0}
{"level":"info","ts":"2026-01-13T16:48:13-08:00","logger":"tracecheck","msg":"Taking reconcile step","Depth":54,"# Distinct States":126,"Total States":126,"Resource States":43}
{"level":"info","ts":"2026-01-13T16:48:13-08:00","logger":"ConfigurationReconciler.seed","msg":"added podscalable to informer","resource":"deployments","namespace":"default","name":"kamera-test-deployment","stage":"podscalable-add","keys":["default/kamera-test-deployment"]}
{"level":"info","ts":"2026-01-13T16:48:13-08:00","logger":"ConfigurationReconciler.seed","msg":"podscalable visible to lister","resource":"deployments","namespace":"default","name":"kamera-test-deployment","stage":"podscalable-lister","object":{"apiVersion":"autoscaling.internal.knative.dev/v1alpha1","kind":"PodScalable","namespace":"default","name":"kamera-test-deployment"}}
{"level":"info","ts":1768351693.484921,"logger":"fallback","caller":"configuration/configuration.go:106","msg":"Revision \"kamera-test\" of configuration is ready"}
{"level":"info","ts":"2026-01-13T16:48:13-08:00","logger":"ConfigurationReconciler.reconcile","msg":"reconcile completed","key":"default/demo","reconciler":"knative.dev.serving.pkg.reconciler.configuration.Reconciler","requeue":false,"requeueAfter":0}
{"level":"info","ts":"2026-01-13T16:48:13-08:00","logger":"tracecheck","msg":"Taking reconcile step","Depth":55,"# Distinct States":127,"Total States":127,"Resource States":43}
{"level":"info","ts":"2026-01-13T16:48:13-08:00","logger":"RouteReconciler.seed","msg":"added podscalable to informer","resource":"deployments","namespace":"default","name":"kamera-test-deployment","stage":"podscalable-add","keys":["default/kamera-test-deployment"]}
{"level":"info","ts":"2026-01-13T16:48:13-08:00","logger":"RouteReconciler.seed","msg":"podscalable visible to lister","resource":"deployments","namespace":"default","name":"kamera-test-deployment","stage":"podscalable-lister","object":{"apiVersion":"autoscaling.internal.knative.dev/v1alpha1","kind":"PodScalable","namespace":"default","name":"kamera-test-deployment"}}
{"level":"info","ts":1768351693.591764,"logger":"fallback","caller":"route/route.go:465","msg":"Revision default/kamera-test is inactive"}
{"level":"info","ts":1768351693.591788,"logger":"fallback","caller":"route/route.go:487","msg":"All referred targets are routable, marking AllTrafficAssigned with traffic information."}
{"level":"info","ts":1768351693.5918038,"logger":"fallback","caller":"route/route.go:140","msg":"Creating placeholder k8s services"}
{"level":"info","ts":1768351693.591965,"logger":"fallback","caller":"route/reconcile_resources.go:179","msg":"Created service demo"}
{"level":"info","ts":1768351693.5922189,"logger":"fallback","caller":"route/route.go:176","msg":"Updating placeholder k8s services with ingress information"}
{"level":"warn","ts":1768351693.5922382,"logger":"fallback","caller":"route/reconcile_resources.go:228","msg":"Failed to update k8s service","error":"failed to fetch loadbalancer domain/IP from ingress status"}
{"level":"info","ts":1768351693.592247,"logger":"fallback","caller":"route/route.go:198","msg":"Route successfully synced"}
{"level":"info","ts":"2026-01-13T16:48:13-08:00","logger":"RouteReconciler.reconcile","msg":"reconcile completed","key":"default/demo","reconciler":"knative.dev.serving.pkg.reconciler.route.Reconciler","requeue":false,"requeueAfter":0}
{"level":"info","ts":"2026-01-13T16:48:13-08:00","logger":"tracecheck","msg":"Taking reconcile step","Depth":56,"# Distinct States":128,"Total States":128,"Resource States":43}
{"level":"info","ts":"2026-01-13T16:48:13-08:00","logger":"ServiceReconciler.seed","msg":"added podscalable to informer","resource":"deployments","namespace":"default","name":"kamera-test-deployment","stage":"podscalable-add","keys":["default/kamera-test-deployment"]}
{"level":"info","ts":"2026-01-13T16:48:13-08:00","logger":"ServiceReconciler.seed","msg":"podscalable visible to lister","resource":"deployments","namespace":"default","name":"kamera-test-deployment","stage":"podscalable-lister","object":{"apiVersion":"autoscaling.internal.knative.dev/v1alpha1","kind":"PodScalable","namespace":"default","name":"kamera-test-deployment"}}
{"level":"info","ts":1768351693.700521,"logger":"fallback","caller":"service/service.go:171","msg":"Service reconciler fetching Route from lister: name=demo, namespace=default"}
{"level":"info","ts":1768351693.7005599,"logger":"fallback","caller":"service/service.go:174","msg":"Service reconciler got Route from lister: name=demo, Generation=1, ObservedGeneration=1, ResourceVersion="}
{"level":"info","ts":1768351693.7006028,"logger":"fallback","caller":"service/service.go:126","msg":"Service reconciler checking Route: name=demo, Generation=1, ObservedGeneration=1, Ready=Unknown (reason=IngressNotConfigured, message=Ingress has not yet been reconciled.), generationMatch=true, routeResourceVersion="}
{"level":"info","ts":1768351693.700617,"logger":"fallback","caller":"service/service.go:136","msg":"Service reconciler calling PropagateRouteStatus() because Generation == ObservedGeneration"}
{"level":"info","ts":"2026-01-13T16:48:13-08:00","logger":"ServiceReconciler.reconcile","msg":"reconcile completed","key":"default/demo","reconciler":"knative.dev.serving.pkg.reconciler.service.Reconciler","requeue":false,"requeueAfter":0}
{"level":"info","ts":"2026-01-13T16:48:13-08:00","logger":"tracecheck","msg":"Taking reconcile step","Depth":51,"# Distinct States":130,"Total States":130,"Resource States":43}
{"level":"info","ts":"2026-01-13T16:48:13-08:00","logger":"RevisionReconciler.seed","msg":"added podscalable to informer","resource":"deployments","namespace":"default","name":"kamera-test-deployment","stage":"podscalable-add","keys":["default/kamera-test-deployment"]}
{"level":"info","ts":"2026-01-13T16:48:13-08:00","logger":"RevisionReconciler.seed","msg":"podscalable visible to lister","resource":"deployments","namespace":"default","name":"kamera-test-deployment","stage":"podscalable-lister","object":{"apiVersion":"autoscaling.internal.knative.dev/v1alpha1","kind":"PodScalable","namespace":"default","name":"kamera-test-deployment"}}
{"level":"error","ts":1768351693.809408,"logger":"fallback","caller":"revision/controller.go:116","msg":"Failed to create resolver transport","error":"open /var/run/secrets/kubernetes.io/serviceaccount/ca.crt: no such file or directory","stacktrace":"knative.dev/serving/pkg/reconciler/revision.newControllerWithOptions\n\t/Users/tgoodwin/tmp/gomodcache/knative.dev/serving@v0.46.5/pkg/reconciler/revision/controller.go:116\nknative.dev/serving/pkg/reconciler/revision.NewController\n\t/Users/tgoodwin/tmp/gomodcache/knative.dev/serving@v0.46.5/pkg/reconciler/revision/controller.go:64\nmain.configureKnativeExplorer.func1.1\n\t/Users/tgoodwin/projects/kamera/examples/knative-serving/scenario.go:91\ngithub.com/tgoodwin/kamera/examples/knative-serving/knative.NewKnativeStrategy.func1\n\t/Users/tgoodwin/projects/kamera/examples/knative-serving/knative/harness.go:555\ngithub.com/tgoodwin/kamera/examples/knative-serving/knative.(*KnativeStrategy).ReconcileAtState\n\t/Users/tgoodwin/projects/kamera/examples/knative-serving/knative/harness.go:895\ngithub.com/tgoodwin/kamera/pkg/tracecheck.(*ReconcilerContainer).doReconcile\n\t/Users/tgoodwin/projects/kamera/pkg/tracecheck/reconciler.go:164\ngithub.com/tgoodwin/kamera/pkg/tracecheck.(*Explorer).reconcileAtState\n\t/Users/tgoodwin/projects/kamera/pkg/tracecheck/explore.go:1313\ngithub.com/tgoodwin/kamera/pkg/tracecheck.(*Explorer).takeReconcileStep\n\t/Users/tgoodwin/projects/kamera/pkg/tracecheck/explore.go:1228\ngithub.com/tgoodwin/kamera/pkg/tracecheck.(*Explorer).explore\n\t/Users/tgoodwin/projects/kamera/pkg/tracecheck/explore.go:790\ngithub.com/tgoodwin/kamera/pkg/tracecheck.(*Explorer).Explore.func1\n\t/Users/tgoodwin/projects/kamera/pkg/tracecheck/explore.go:330"}
{"level":"info","ts":1768351693.80982,"logger":"fallback","caller":"revision/reconcile_resources.go:161","msg":"Reconciling PA: kamera-test"}
{"level":"info","ts":"2026-01-13T16:48:13-08:00","logger":"RevisionReconciler.reconcile","msg":"reconcile completed","key":"default/kamera-test","reconciler":"knative.dev.serving.pkg.reconciler.revision.Reconciler","requeue":false,"requeueAfter":0}
{"level":"info","ts":"2026-01-13T16:48:13-08:00","logger":"tracecheck","msg":"Taking reconcile step","Depth":52,"# Distinct States":131,"Total States":131,"Resource States":43}
{"level":"info","ts":"2026-01-13T16:48:13-08:00","logger":"tracecheck","msg":"Taking reconcile step","Depth":53,"# Distinct States":132,"Total States":132,"Resource States":43}
{"level":"info","ts":"2026-01-13T16:48:13-08:00","logger":"KPAReconciler.seed","msg":"added podscalable to informer","resource":"deployments","namespace":"default","name":"kamera-test-deployment","stage":"podscalable-add","keys":["default/kamera-test-deployment"]}
{"level":"info","ts":"2026-01-13T16:48:13-08:00","logger":"KPAReconciler.seed","msg":"podscalable visible to lister","resource":"deployments","namespace":"default","name":"kamera-test-deployment","stage":"podscalable-lister","object":{"apiVersion":"autoscaling.internal.knative.dev/v1alpha1","kind":"PodScalable","namespace":"default","name":"kamera-test-deployment"}}
{"level":"info","ts":1768351693.91928,"logger":"fallback","caller":"kpa/controller.go:77","msg":"Setting up ConfigMap receivers"}
{"level":"info","ts":1768351693.919399,"logger":"fallback","caller":"kpa/controller.go:91","msg":"Setting up KPA-Class event handlers"}
{"level":"info","ts":1768351693.9195101,"logger":"fallback","caller":"kpa/scaler.go:379","msg":"Scaling from 1 to 0"}
{"level":"info","ts":1768351693.921515,"logger":"fallback","caller":"kpa/kpa.go:158","msg":"SKS should be in Proxy mode: want = 0, ebc = 0, #act's = 2 PA Inactive? = true"}
{"level":"info","ts":1768351693.921538,"logger":"fallback","caller":"kpa/kpa.go:178","msg":"PA scale got=1, want=0, desiredPods=0 ebc=0"}
{"level":"info","ts":1768351693.9215481,"logger":"fallback","caller":"kpa/kpa.go:188","msg":"Observed pod counts=kpa.podCounts{want:0, ready:1, notReady:0, pending:0, terminating:0}"}
{"level":"info","ts":"2026-01-13T16:48:13-08:00","logger":"KPAReconciler.reconcile","msg":"reconcile completed","key":"default/kamera-test","reconciler":"knative.dev.serving.pkg.reconciler.autoscaling.kpa.Reconciler","requeue":false,"requeueAfter":0}
{"level":"info","ts":"2026-01-13T16:48:13-08:00","logger":"tracecheck","msg":"Taking reconcile step","Depth":54,"# Distinct States":133,"Total States":133,"Resource States":43}
{"level":"info","ts":"2026-01-13T16:48:14-08:00","logger":"ConfigurationReconciler.seed","msg":"added podscalable to informer","resource":"deployments","namespace":"default","name":"kamera-test-deployment","stage":"podscalable-add","keys":["default/kamera-test-deployment"]}
{"level":"info","ts":"2026-01-13T16:48:14-08:00","logger":"ConfigurationReconciler.seed","msg":"podscalable visible to lister","resource":"deployments","namespace":"default","name":"kamera-test-deployment","stage":"podscalable-lister","object":{"apiVersion":"autoscaling.internal.knative.dev/v1alpha1","kind":"PodScalable","namespace":"default","name":"kamera-test-deployment"}}
{"level":"info","ts":1768351694.0324411,"logger":"fallback","caller":"configuration/configuration.go:106","msg":"Revision \"kamera-test\" of configuration is ready"}
{"level":"info","ts":"2026-01-13T16:48:14-08:00","logger":"ConfigurationReconciler.reconcile","msg":"reconcile completed","key":"default/demo","reconciler":"knative.dev.serving.pkg.reconciler.configuration.Reconciler","requeue":false,"requeueAfter":0}
{"level":"info","ts":"2026-01-13T16:48:14-08:00","logger":"tracecheck","msg":"Taking reconcile step","Depth":55,"# Distinct States":134,"Total States":134,"Resource States":43}
{"level":"info","ts":"2026-01-13T16:48:14-08:00","logger":"RouteReconciler.seed","msg":"added podscalable to informer","resource":"deployments","namespace":"default","name":"kamera-test-deployment","stage":"podscalable-add","keys":["default/kamera-test-deployment"]}
{"level":"info","ts":"2026-01-13T16:48:14-08:00","logger":"RouteReconciler.seed","msg":"podscalable visible to lister","resource":"deployments","namespace":"default","name":"kamera-test-deployment","stage":"podscalable-lister","object":{"apiVersion":"autoscaling.internal.knative.dev/v1alpha1","kind":"PodScalable","namespace":"default","name":"kamera-test-deployment"}}
{"level":"info","ts":1768351694.139777,"logger":"fallback","caller":"route/route.go:465","msg":"Revision default/kamera-test is inactive"}
{"level":"info","ts":1768351694.1398022,"logger":"fallback","caller":"route/route.go:487","msg":"All referred targets are routable, marking AllTrafficAssigned with traffic information."}
{"level":"info","ts":1768351694.139819,"logger":"fallback","caller":"route/route.go:140","msg":"Creating placeholder k8s services"}
{"level":"info","ts":1768351694.1400042,"logger":"fallback","caller":"route/reconcile_resources.go:179","msg":"Created service demo"}
{"level":"info","ts":1768351694.140275,"logger":"fallback","caller":"route/route.go:176","msg":"Updating placeholder k8s services with ingress information"}
{"level":"warn","ts":1768351694.1402938,"logger":"fallback","caller":"route/reconcile_resources.go:228","msg":"Failed to update k8s service","error":"failed to fetch loadbalancer domain/IP from ingress status"}
{"level":"info","ts":1768351694.1403039,"logger":"fallback","caller":"route/route.go:198","msg":"Route successfully synced"}
{"level":"info","ts":"2026-01-13T16:48:14-08:00","logger":"RouteReconciler.reconcile","msg":"reconcile completed","key":"default/demo","reconciler":"knative.dev.serving.pkg.reconciler.route.Reconciler","requeue":false,"requeueAfter":0}
{"level":"info","ts":"2026-01-13T16:48:14-08:00","logger":"tracecheck","msg":"Taking reconcile step","Depth":56,"# Distinct States":135,"Total States":135,"Resource States":43}
{"level":"info","ts":"2026-01-13T16:48:14-08:00","logger":"ServiceReconciler.seed","msg":"added podscalable to informer","resource":"deployments","namespace":"default","name":"kamera-test-deployment","stage":"podscalable-add","keys":["default/kamera-test-deployment"]}
{"level":"info","ts":"2026-01-13T16:48:14-08:00","logger":"ServiceReconciler.seed","msg":"podscalable visible to lister","resource":"deployments","namespace":"default","name":"kamera-test-deployment","stage":"podscalable-lister","object":{"apiVersion":"autoscaling.internal.knative.dev/v1alpha1","kind":"PodScalable","namespace":"default","name":"kamera-test-deployment"}}
{"level":"info","ts":1768351694.248887,"logger":"fallback","caller":"service/service.go:171","msg":"Service reconciler fetching Route from lister: name=demo, namespace=default"}
{"level":"info","ts":1768351694.248909,"logger":"fallback","caller":"service/service.go:174","msg":"Service reconciler got Route from lister: name=demo, Generation=1, ObservedGeneration=1, ResourceVersion="}
{"level":"info","ts":1768351694.248937,"logger":"fallback","caller":"service/service.go:126","msg":"Service reconciler checking Route: name=demo, Generation=1, ObservedGeneration=1, Ready=Unknown (reason=IngressNotConfigured, message=Ingress has not yet been reconciled.), generationMatch=true, routeResourceVersion="}
{"level":"info","ts":1768351694.248946,"logger":"fallback","caller":"service/service.go:136","msg":"Service reconciler calling PropagateRouteStatus() because Generation == ObservedGeneration"}
{"level":"info","ts":"2026-01-13T16:48:14-08:00","logger":"ServiceReconciler.reconcile","msg":"reconcile completed","key":"default/demo","reconciler":"knative.dev.serving.pkg.reconciler.service.Reconciler","requeue":false,"requeueAfter":0}
{"level":"info","ts":"2026-01-13T16:48:14-08:00","logger":"tracecheck","msg":"Taking reconcile step","Depth":57,"# Distinct States":136,"Total States":136,"Resource States":43}
{"level":"info","ts":"2026-01-13T16:48:14-08:00","logger":"tracecheck","msg":"Taking reconcile step","Depth":58,"# Distinct States":137,"Total States":137,"Resource States":43}
{"level":"info","ts":"2026-01-13T16:48:14-08:00","logger":"tracecheck","msg":"Updated Deployment status","Depth":58,"# Distinct States":137,"Total States":137,"Resource States":43,"name":"kamera-test-deployment"}
{"level":"info","ts":"2026-01-13T16:48:14-08:00","logger":"tracecheck","msg":"Taking reconcile step","Depth":50,"# Distinct States":138,"Total States":138,"Resource States":43}
{"level":"info","ts":"2026-01-13T16:48:14-08:00","logger":"RevisionReconciler.seed","msg":"added podscalable to informer","resource":"deployments","namespace":"default","name":"kamera-test-deployment","stage":"podscalable-add","keys":["default/kamera-test-deployment"]}
{"level":"info","ts":"2026-01-13T16:48:14-08:00","logger":"RevisionReconciler.seed","msg":"podscalable visible to lister","resource":"deployments","namespace":"default","name":"kamera-test-deployment","stage":"podscalable-lister","object":{"apiVersion":"autoscaling.internal.knative.dev/v1alpha1","kind":"PodScalable","namespace":"default","name":"kamera-test-deployment"}}
{"level":"error","ts":1768351694.3662589,"logger":"fallback","caller":"revision/controller.go:116","msg":"Failed to create resolver transport","error":"open /var/run/secrets/kubernetes.io/serviceaccount/ca.crt: no such file or directory","stacktrace":"knative.dev/serving/pkg/reconciler/revision.newControllerWithOptions\n\t/Users/tgoodwin/tmp/gomodcache/knative.dev/serving@v0.46.5/pkg/reconciler/revision/controller.go:116\nknative.dev/serving/pkg/reconciler/revision.NewController\n\t/Users/tgoodwin/tmp/gomodcache/knative.dev/serving@v0.46.5/pkg/reconciler/revision/controller.go:64\nmain.configureKnativeExplorer.func1.1\n\t/Users/tgoodwin/projects/kamera/examples/knative-serving/scenario.go:91\ngithub.com/tgoodwin/kamera/examples/knative-serving/knative.NewKnativeStrategy.func1\n\t/Users/tgoodwin/projects/kamera/examples/knative-serving/knative/harness.go:555\ngithub.com/tgoodwin/kamera/examples/knative-serving/knative.(*KnativeStrategy).ReconcileAtState\n\t/Users/tgoodwin/projects/kamera/examples/knative-serving/knative/harness.go:895\ngithub.com/tgoodwin/kamera/pkg/tracecheck.(*ReconcilerContainer).doReconcile\n\t/Users/tgoodwin/projects/kamera/pkg/tracecheck/reconciler.go:164\ngithub.com/tgoodwin/kamera/pkg/tracecheck.(*Explorer).reconcileAtState\n\t/Users/tgoodwin/projects/kamera/pkg/tracecheck/explore.go:1313\ngithub.com/tgoodwin/kamera/pkg/tracecheck.(*Explorer).takeReconcileStep\n\t/Users/tgoodwin/projects/kamera/pkg/tracecheck/explore.go:1228\ngithub.com/tgoodwin/kamera/pkg/tracecheck.(*Explorer).explore\n\t/Users/tgoodwin/projects/kamera/pkg/tracecheck/explore.go:790\ngithub.com/tgoodwin/kamera/pkg/tracecheck.(*Explorer).Explore.func1\n\t/Users/tgoodwin/projects/kamera/pkg/tracecheck/explore.go:330"}
{"level":"info","ts":1768351694.366615,"logger":"fallback","caller":"revision/reconcile_resources.go:161","msg":"Reconciling PA: kamera-test"}
{"level":"info","ts":"2026-01-13T16:48:14-08:00","logger":"RevisionReconciler.reconcile","msg":"reconcile completed","key":"default/kamera-test","reconciler":"knative.dev.serving.pkg.reconciler.revision.Reconciler","requeue":false,"requeueAfter":0}
{"level":"info","ts":"2026-01-13T16:48:14-08:00","logger":"tracecheck","msg":"Taking reconcile step","Depth":51,"# Distinct States":139,"Total States":139,"Resource States":43}
{"level":"info","ts":"2026-01-13T16:48:14-08:00","logger":"tracecheck","msg":"Updated Deployment status","Depth":51,"# Distinct States":139,"Total States":139,"Resource States":43,"name":"kamera-test-deployment"}
{"level":"info","ts":"2026-01-13T16:48:14-08:00","logger":"tracecheck","msg":"Taking reconcile step","Depth":52,"# Distinct States":140,"Total States":140,"Resource States":43}
{"level":"info","ts":"2026-01-13T16:48:14-08:00","logger":"tracecheck","msg":"Taking reconcile step","Depth":53,"# Distinct States":141,"Total States":141,"Resource States":43}
{"level":"info","ts":"2026-01-13T16:48:14-08:00","logger":"KPAReconciler.seed","msg":"added podscalable to informer","resource":"deployments","namespace":"default","name":"kamera-test-deployment","stage":"podscalable-add","keys":["default/kamera-test-deployment"]}
{"level":"info","ts":"2026-01-13T16:48:14-08:00","logger":"KPAReconciler.seed","msg":"podscalable visible to lister","resource":"deployments","namespace":"default","name":"kamera-test-deployment","stage":"podscalable-lister","object":{"apiVersion":"autoscaling.internal.knative.dev/v1alpha1","kind":"PodScalable","namespace":"default","name":"kamera-test-deployment"}}
{"level":"info","ts":1768351694.4830499,"logger":"fallback","caller":"kpa/controller.go:77","msg":"Setting up ConfigMap receivers"}
{"level":"info","ts":1768351694.4831302,"logger":"fallback","caller":"kpa/controller.go:91","msg":"Setting up KPA-Class event handlers"}
{"level":"info","ts":1768351694.483218,"logger":"fallback","caller":"kpa/scaler.go:379","msg":"Scaling from 1 to 0"}
{"level":"info","ts":1768351694.485237,"logger":"fallback","caller":"kpa/kpa.go:158","msg":"SKS should be in Proxy mode: want = 0, ebc = 0, #act's = 2 PA Inactive? = true"}
{"level":"info","ts":1768351694.485259,"logger":"fallback","caller":"kpa/kpa.go:178","msg":"PA scale got=1, want=0, desiredPods=0 ebc=0"}
{"level":"info","ts":1768351694.48527,"logger":"fallback","caller":"kpa/kpa.go:188","msg":"Observed pod counts=kpa.podCounts{want:0, ready:1, notReady:0, pending:0, terminating:0}"}
{"level":"info","ts":"2026-01-13T16:48:14-08:00","logger":"KPAReconciler.reconcile","msg":"reconcile completed","key":"default/kamera-test","reconciler":"knative.dev.serving.pkg.reconciler.autoscaling.kpa.Reconciler","requeue":false,"requeueAfter":0}
{"level":"info","ts":"2026-01-13T16:48:14-08:00","logger":"tracecheck","msg":"Taking reconcile step","Depth":47,"# Distinct States":142,"Total States":142,"Resource States":43}
{"level":"info","ts":"2026-01-13T16:48:14-08:00","logger":"RevisionReconciler.seed","msg":"added podscalable to informer","resource":"deployments","namespace":"default","name":"kamera-test-deployment","stage":"podscalable-add","keys":["default/kamera-test-deployment"]}
{"level":"info","ts":"2026-01-13T16:48:14-08:00","logger":"RevisionReconciler.seed","msg":"podscalable visible to lister","resource":"deployments","namespace":"default","name":"kamera-test-deployment","stage":"podscalable-lister","object":{"apiVersion":"autoscaling.internal.knative.dev/v1alpha1","kind":"PodScalable","namespace":"default","name":"kamera-test-deployment"}}
{"level":"error","ts":1768351694.594246,"logger":"fallback","caller":"revision/controller.go:116","msg":"Failed to create resolver transport","error":"open /var/run/secrets/kubernetes.io/serviceaccount/ca.crt: no such file or directory","stacktrace":"knative.dev/serving/pkg/reconciler/revision.newControllerWithOptions\n\t/Users/tgoodwin/tmp/gomodcache/knative.dev/serving@v0.46.5/pkg/reconciler/revision/controller.go:116\nknative.dev/serving/pkg/reconciler/revision.NewController\n\t/Users/tgoodwin/tmp/gomodcache/knative.dev/serving@v0.46.5/pkg/reconciler/revision/controller.go:64\nmain.configureKnativeExplorer.func1.1\n\t/Users/tgoodwin/projects/kamera/examples/knative-serving/scenario.go:91\ngithub.com/tgoodwin/kamera/examples/knative-serving/knative.NewKnativeStrategy.func1\n\t/Users/tgoodwin/projects/kamera/examples/knative-serving/knative/harness.go:555\ngithub.com/tgoodwin/kamera/examples/knative-serving/knative.(*KnativeStrategy).ReconcileAtState\n\t/Users/tgoodwin/projects/kamera/examples/knative-serving/knative/harness.go:895\ngithub.com/tgoodwin/kamera/pkg/tracecheck.(*ReconcilerContainer).doReconcile\n\t/Users/tgoodwin/projects/kamera/pkg/tracecheck/reconciler.go:164\ngithub.com/tgoodwin/kamera/pkg/tracecheck.(*Explorer).reconcileAtState\n\t/Users/tgoodwin/projects/kamera/pkg/tracecheck/explore.go:1313\ngithub.com/tgoodwin/kamera/pkg/tracecheck.(*Explorer).takeReconcileStep\n\t/Users/tgoodwin/projects/kamera/pkg/tracecheck/explore.go:1228\ngithub.com/tgoodwin/kamera/pkg/tracecheck.(*Explorer).explore\n\t/Users/tgoodwin/projects/kamera/pkg/tracecheck/explore.go:790\ngithub.com/tgoodwin/kamera/pkg/tracecheck.(*Explorer).Explore.func1\n\t/Users/tgoodwin/projects/kamera/pkg/tracecheck/explore.go:330"}
{"level":"info","ts":1768351694.594621,"logger":"fallback","caller":"revision/reconcile_resources.go:161","msg":"Reconciling PA: kamera-test"}
{"level":"info","ts":"2026-01-13T16:48:14-08:00","logger":"RevisionReconciler.reconcile","msg":"reconcile completed","key":"default/kamera-test","reconciler":"knative.dev.serving.pkg.reconciler.revision.Reconciler","requeue":false,"requeueAfter":0}
{"level":"info","ts":"2026-01-13T16:48:14-08:00","logger":"tracecheck","msg":"Taking reconcile step","Depth":48,"# Distinct States":143,"Total States":143,"Resource States":44}
{"level":"info","ts":"2026-01-13T16:48:14-08:00","logger":"ConfigurationReconciler.seed","msg":"added podscalable to informer","resource":"deployments","namespace":"default","name":"kamera-test-deployment","stage":"podscalable-add","keys":["default/kamera-test-deployment"]}
{"level":"info","ts":"2026-01-13T16:48:14-08:00","logger":"ConfigurationReconciler.seed","msg":"podscalable visible to lister","resource":"deployments","namespace":"default","name":"kamera-test-deployment","stage":"podscalable-lister","object":{"apiVersion":"autoscaling.internal.knative.dev/v1alpha1","kind":"PodScalable","namespace":"default","name":"kamera-test-deployment"}}
{"level":"info","ts":1768351694.701886,"logger":"fallback","caller":"configuration/configuration.go:106","msg":"Revision \"kamera-test\" of configuration is ready"}
{"level":"info","ts":"2026-01-13T16:48:14-08:00","logger":"ConfigurationReconciler.reconcile","msg":"reconcile completed","key":"default/demo","reconciler":"knative.dev.serving.pkg.reconciler.configuration.Reconciler","requeue":false,"requeueAfter":0}
{"level":"info","ts":"2026-01-13T16:48:14-08:00","logger":"tracecheck","msg":"Taking reconcile step","Depth":49,"# Distinct States":144,"Total States":144,"Resource States":44}
{"level":"info","ts":"2026-01-13T16:48:14-08:00","logger":"tracecheck","msg":"Taking reconcile step","Depth":50,"# Distinct States":145,"Total States":145,"Resource States":44}
{"level":"info","ts":"2026-01-13T16:48:14-08:00","logger":"tracecheck","msg":"Updated Deployment status","Depth":50,"# Distinct States":145,"Total States":145,"Resource States":44,"name":"kamera-test-deployment"}
{"level":"info","ts":"2026-01-13T16:48:14-08:00","logger":"tracecheck","msg":"Taking reconcile step","Depth":51,"# Distinct States":146,"Total States":146,"Resource States":44}
{"level":"info","ts":"2026-01-13T16:48:14-08:00","logger":"tracecheck","msg":"Taking reconcile step","Depth":52,"# Distinct States":147,"Total States":147,"Resource States":44}
{"level":"info","ts":"2026-01-13T16:48:14-08:00","logger":"KPAReconciler.seed","msg":"added podscalable to informer","resource":"deployments","namespace":"default","name":"kamera-test-deployment","stage":"podscalable-add","keys":["default/kamera-test-deployment"]}
{"level":"info","ts":"2026-01-13T16:48:14-08:00","logger":"KPAReconciler.seed","msg":"podscalable visible to lister","resource":"deployments","namespace":"default","name":"kamera-test-deployment","stage":"podscalable-lister","object":{"apiVersion":"autoscaling.internal.knative.dev/v1alpha1","kind":"PodScalable","namespace":"default","name":"kamera-test-deployment"}}
{"level":"info","ts":1768351694.8212118,"logger":"fallback","caller":"kpa/controller.go:77","msg":"Setting up ConfigMap receivers"}
{"level":"info","ts":1768351694.8213,"logger":"fallback","caller":"kpa/controller.go:91","msg":"Setting up KPA-Class event handlers"}
{"level":"info","ts":1768351694.821387,"logger":"fallback","caller":"kpa/scaler.go:379","msg":"Scaling from 1 to 0"}
{"level":"info","ts":1768351694.823136,"logger":"fallback","caller":"kpa/kpa.go:158","msg":"SKS should be in Proxy mode: want = 0, ebc = 0, #act's = 2 PA Inactive? = true"}
{"level":"info","ts":1768351694.8231559,"logger":"fallback","caller":"kpa/kpa.go:178","msg":"PA scale got=1, want=0, desiredPods=0 ebc=0"}
{"level":"info","ts":1768351694.823164,"logger":"fallback","caller":"kpa/kpa.go:188","msg":"Observed pod counts=kpa.podCounts{want:0, ready:1, notReady:0, pending:0, terminating:0}"}
{"level":"info","ts":"2026-01-13T16:48:14-08:00","logger":"KPAReconciler.reconcile","msg":"reconcile completed","key":"default/kamera-test","reconciler":"knative.dev.serving.pkg.reconciler.autoscaling.kpa.Reconciler","requeue":false,"requeueAfter":0}
{"level":"info","ts":"2026-01-13T16:48:14-08:00","logger":"tracecheck","msg":"Taking reconcile step","Depth":53,"# Distinct States":148,"Total States":148,"Resource States":44}
{"level":"info","ts":"2026-01-13T16:48:14-08:00","logger":"RevisionReconciler.seed","msg":"added podscalable to informer","resource":"deployments","namespace":"default","name":"kamera-test-deployment","stage":"podscalable-add","keys":["default/kamera-test-deployment"]}
{"level":"info","ts":"2026-01-13T16:48:14-08:00","logger":"RevisionReconciler.seed","msg":"podscalable visible to lister","resource":"deployments","namespace":"default","name":"kamera-test-deployment","stage":"podscalable-lister","object":{"apiVersion":"autoscaling.internal.knative.dev/v1alpha1","kind":"PodScalable","namespace":"default","name":"kamera-test-deployment"}}
{"level":"error","ts":1768351694.931521,"logger":"fallback","caller":"revision/controller.go:116","msg":"Failed to create resolver transport","error":"open /var/run/secrets/kubernetes.io/serviceaccount/ca.crt: no such file or directory","stacktrace":"knative.dev/serving/pkg/reconciler/revision.newControllerWithOptions\n\t/Users/tgoodwin/tmp/gomodcache/knative.dev/serving@v0.46.5/pkg/reconciler/revision/controller.go:116\nknative.dev/serving/pkg/reconciler/revision.NewController\n\t/Users/tgoodwin/tmp/gomodcache/knative.dev/serving@v0.46.5/pkg/reconciler/revision/controller.go:64\nmain.configureKnativeExplorer.func1.1\n\t/Users/tgoodwin/projects/kamera/examples/knative-serving/scenario.go:91\ngithub.com/tgoodwin/kamera/examples/knative-serving/knative.NewKnativeStrategy.func1\n\t/Users/tgoodwin/projects/kamera/examples/knative-serving/knative/harness.go:555\ngithub.com/tgoodwin/kamera/examples/knative-serving/knative.(*KnativeStrategy).ReconcileAtState\n\t/Users/tgoodwin/projects/kamera/examples/knative-serving/knative/harness.go:895\ngithub.com/tgoodwin/kamera/pkg/tracecheck.(*ReconcilerContainer).doReconcile\n\t/Users/tgoodwin/projects/kamera/pkg/tracecheck/reconciler.go:164\ngithub.com/tgoodwin/kamera/pkg/tracecheck.(*Explorer).reconcileAtState\n\t/Users/tgoodwin/projects/kamera/pkg/tracecheck/explore.go:1313\ngithub.com/tgoodwin/kamera/pkg/tracecheck.(*Explorer).takeReconcileStep\n\t/Users/tgoodwin/projects/kamera/pkg/tracecheck/explore.go:1228\ngithub.com/tgoodwin/kamera/pkg/tracecheck.(*Explorer).explore\n\t/Users/tgoodwin/projects/kamera/pkg/tracecheck/explore.go:790\ngithub.com/tgoodwin/kamera/pkg/tracecheck.(*Explorer).Explore.func1\n\t/Users/tgoodwin/projects/kamera/pkg/tracecheck/explore.go:330"}
{"level":"info","ts":1768351694.9319072,"logger":"fallback","caller":"revision/reconcile_resources.go:161","msg":"Reconciling PA: kamera-test"}
{"level":"info","ts":"2026-01-13T16:48:14-08:00","logger":"RevisionReconciler.reconcile","msg":"reconcile completed","key":"default/kamera-test","reconciler":"knative.dev.serving.pkg.reconciler.revision.Reconciler","requeue":false,"requeueAfter":0}
{"level":"info","ts":"2026-01-13T16:48:14-08:00","logger":"tracecheck","msg":"Taking reconcile step","Depth":54,"# Distinct States":149,"Total States":149,"Resource States":44}
{"level":"info","ts":"2026-01-13T16:48:15-08:00","logger":"ConfigurationReconciler.seed","msg":"added podscalable to informer","resource":"deployments","namespace":"default","name":"kamera-test-deployment","stage":"podscalable-add","keys":["default/kamera-test-deployment"]}
{"level":"info","ts":"2026-01-13T16:48:15-08:00","logger":"ConfigurationReconciler.seed","msg":"podscalable visible to lister","resource":"deployments","namespace":"default","name":"kamera-test-deployment","stage":"podscalable-lister","object":{"apiVersion":"autoscaling.internal.knative.dev/v1alpha1","kind":"PodScalable","namespace":"default","name":"kamera-test-deployment"}}
{"level":"info","ts":1768351695.039147,"logger":"fallback","caller":"configuration/configuration.go:106","msg":"Revision \"kamera-test\" of configuration is ready"}
{"level":"info","ts":"2026-01-13T16:48:15-08:00","logger":"ConfigurationReconciler.reconcile","msg":"reconcile completed","key":"default/demo","reconciler":"knative.dev.serving.pkg.reconciler.configuration.Reconciler","requeue":false,"requeueAfter":0}
{"level":"info","ts":"2026-01-13T16:48:15-08:00","logger":"tracecheck","msg":"Taking reconcile step","Depth":55,"# Distinct States":150,"Total States":150,"Resource States":44}
{"level":"info","ts":"2026-01-13T16:48:15-08:00","logger":"RouteReconciler.seed","msg":"added podscalable to informer","resource":"deployments","namespace":"default","name":"kamera-test-deployment","stage":"podscalable-add","keys":["default/kamera-test-deployment"]}
{"level":"info","ts":"2026-01-13T16:48:15-08:00","logger":"RouteReconciler.seed","msg":"podscalable visible to lister","resource":"deployments","namespace":"default","name":"kamera-test-deployment","stage":"podscalable-lister","object":{"apiVersion":"autoscaling.internal.knative.dev/v1alpha1","kind":"PodScalable","namespace":"default","name":"kamera-test-deployment"}}
{"level":"info","ts":1768351695.146284,"logger":"fallback","caller":"route/route.go:465","msg":"Revision default/kamera-test is inactive"}
{"level":"info","ts":1768351695.146315,"logger":"fallback","caller":"route/route.go:487","msg":"All referred targets are routable, marking AllTrafficAssigned with traffic information."}
{"level":"info","ts":1768351695.146333,"logger":"fallback","caller":"route/route.go:140","msg":"Creating placeholder k8s services"}
{"level":"info","ts":1768351695.1465,"logger":"fallback","caller":"route/reconcile_resources.go:179","msg":"Created service demo"}
{"level":"info","ts":1768351695.1467662,"logger":"fallback","caller":"route/route.go:176","msg":"Updating placeholder k8s services with ingress information"}
{"level":"warn","ts":1768351695.1467881,"logger":"fallback","caller":"route/reconcile_resources.go:228","msg":"Failed to update k8s service","error":"failed to fetch loadbalancer domain/IP from ingress status"}
{"level":"info","ts":1768351695.146797,"logger":"fallback","caller":"route/route.go:198","msg":"Route successfully synced"}
{"level":"info","ts":"2026-01-13T16:48:15-08:00","logger":"RouteReconciler.reconcile","msg":"reconcile completed","key":"default/demo","reconciler":"knative.dev.serving.pkg.reconciler.route.Reconciler","requeue":false,"requeueAfter":0}
{"level":"info","ts":"2026-01-13T16:48:15-08:00","logger":"tracecheck","msg":"Taking reconcile step","Depth":56,"# Distinct States":151,"Total States":151,"Resource States":44}
{"level":"info","ts":"2026-01-13T16:48:15-08:00","logger":"ServiceReconciler.seed","msg":"added podscalable to informer","resource":"deployments","namespace":"default","name":"kamera-test-deployment","stage":"podscalable-add","keys":["default/kamera-test-deployment"]}
{"level":"info","ts":"2026-01-13T16:48:15-08:00","logger":"ServiceReconciler.seed","msg":"podscalable visible to lister","resource":"deployments","namespace":"default","name":"kamera-test-deployment","stage":"podscalable-lister","object":{"apiVersion":"autoscaling.internal.knative.dev/v1alpha1","kind":"PodScalable","namespace":"default","name":"kamera-test-deployment"}}
{"level":"info","ts":1768351695.255868,"logger":"fallback","caller":"service/service.go:171","msg":"Service reconciler fetching Route from lister: name=demo, namespace=default"}
{"level":"info","ts":1768351695.255888,"logger":"fallback","caller":"service/service.go:174","msg":"Service reconciler got Route from lister: name=demo, Generation=1, ObservedGeneration=1, ResourceVersion="}
{"level":"info","ts":1768351695.255915,"logger":"fallback","caller":"service/service.go:126","msg":"Service reconciler checking Route: name=demo, Generation=1, ObservedGeneration=1, Ready=Unknown (reason=IngressNotConfigured, message=Ingress has not yet been reconciled.), generationMatch=true, routeResourceVersion="}
{"level":"info","ts":1768351695.255924,"logger":"fallback","caller":"service/service.go:136","msg":"Service reconciler calling PropagateRouteStatus() because Generation == ObservedGeneration"}
{"level":"info","ts":"2026-01-13T16:48:15-08:00","logger":"ServiceReconciler.reconcile","msg":"reconcile completed","key":"default/demo","reconciler":"knative.dev.serving.pkg.reconciler.service.Reconciler","requeue":false,"requeueAfter":0}
{"level":"info","ts":"2026-01-13T16:48:15-08:00","logger":"tracecheck","msg":"Taking reconcile step","Depth":57,"# Distinct States":152,"Total States":152,"Resource States":44}
{"level":"info","ts":"2026-01-13T16:48:15-08:00","logger":"tracecheck","msg":"Updated Deployment status","Depth":57,"# Distinct States":152,"Total States":152,"Resource States":44,"name":"kamera-test-deployment"}
{"level":"info","ts":"2026-01-13T16:48:15-08:00","logger":"tracecheck","msg":"Taking reconcile step","Depth":58,"# Distinct States":153,"Total States":153,"Resource States":44}
{"level":"info","ts":"2026-01-13T16:48:15-08:00","logger":"tracecheck","msg":"Taking reconcile step","Depth":59,"# Distinct States":154,"Total States":154,"Resource States":44}
{"level":"info","ts":"2026-01-13T16:48:15-08:00","logger":"KPAReconciler.seed","msg":"added podscalable to informer","resource":"deployments","namespace":"default","name":"kamera-test-deployment","stage":"podscalable-add","keys":["default/kamera-test-deployment"]}
{"level":"info","ts":"2026-01-13T16:48:15-08:00","logger":"KPAReconciler.seed","msg":"podscalable visible to lister","resource":"deployments","namespace":"default","name":"kamera-test-deployment","stage":"podscalable-lister","object":{"apiVersion":"autoscaling.internal.knative.dev/v1alpha1","kind":"PodScalable","namespace":"default","name":"kamera-test-deployment"}}
{"level":"info","ts":1768351695.372376,"logger":"fallback","caller":"kpa/controller.go:77","msg":"Setting up ConfigMap receivers"}
{"level":"info","ts":1768351695.372467,"logger":"fallback","caller":"kpa/controller.go:91","msg":"Setting up KPA-Class event handlers"}
{"level":"info","ts":1768351695.372565,"logger":"fallback","caller":"kpa/kpa.go:158","msg":"SKS should be in Proxy mode: want = 0, ebc = 0, #act's = 2 PA Inactive? = true"}
{"level":"info","ts":1768351695.372585,"logger":"fallback","caller":"kpa/kpa.go:178","msg":"PA scale got=1, want=0, desiredPods=0 ebc=0"}
{"level":"info","ts":1768351695.372593,"logger":"fallback","caller":"kpa/kpa.go:188","msg":"Observed pod counts=kpa.podCounts{want:0, ready:1, notReady:0, pending:0, terminating:0}"}
{"level":"info","ts":"2026-01-13T16:48:15-08:00","logger":"KPAReconciler.reconcile","msg":"reconcile completed","key":"default/kamera-test","reconciler":"knative.dev.serving.pkg.reconciler.autoscaling.kpa.Reconciler","requeue":false,"requeueAfter":0}
{"level":"info","ts":"2026-01-13T16:48:15-08:00","logger":"tracecheck","msg":"Taking reconcile step","Depth":60,"# Distinct States":155,"Total States":155,"Resource States":44}
{"level":"info","ts":"2026-01-13T16:48:15-08:00","logger":"tracecheck","msg":"Taking reconcile step","Depth":61,"# Distinct States":156,"Total States":156,"Resource States":44}
{"level":"info","ts":"2026-01-13T16:48:15-08:00","logger":"tracecheck","msg":"Taking reconcile step","Depth":62,"# Distinct States":157,"Total States":157,"Resource States":44}
{"level":"info","ts":"2026-01-13T16:48:15-08:00","logger":"RouteReconciler.seed","msg":"added podscalable to informer","resource":"deployments","namespace":"default","name":"kamera-test-deployment","stage":"podscalable-add","keys":["default/kamera-test-deployment"]}
{"level":"info","ts":"2026-01-13T16:48:15-08:00","logger":"RouteReconciler.seed","msg":"podscalable visible to lister","resource":"deployments","namespace":"default","name":"kamera-test-deployment","stage":"podscalable-lister","object":{"apiVersion":"autoscaling.internal.knative.dev/v1alpha1","kind":"PodScalable","namespace":"default","name":"kamera-test-deployment"}}
{"level":"info","ts":1768351695.483328,"logger":"fallback","caller":"route/route.go:465","msg":"Revision default/kamera-test is inactive"}
{"level":"info","ts":1768351695.483354,"logger":"fallback","caller":"route/route.go:487","msg":"All referred targets are routable, marking AllTrafficAssigned with traffic information."}
{"level":"info","ts":1768351695.483368,"logger":"fallback","caller":"route/route.go:140","msg":"Creating placeholder k8s services"}
{"level":"info","ts":1768351695.483454,"logger":"fallback","caller":"route/route.go:176","msg":"Updating placeholder k8s services with ingress information"}
{"level":"info","ts":1768351695.483648,"logger":"fallback","caller":"route/route.go:198","msg":"Route successfully synced"}
{"level":"info","ts":"2026-01-13T16:48:15-08:00","logger":"RouteReconciler.reconcile","msg":"reconcile completed","key":"default/demo","reconciler":"knative.dev.serving.pkg.reconciler.route.Reconciler","requeue":false,"requeueAfter":0}
{"level":"info","ts":"2026-01-13T16:48:15-08:00","logger":"tracecheck","msg":"Taking reconcile step","Depth":63,"# Distinct States":158,"Total States":158,"Resource States":44}
{"level":"info","ts":"2026-01-13T16:48:15-08:00","logger":"tracecheck","msg":"Taking reconcile step","Depth":64,"# Distinct States":159,"Total States":159,"Resource States":44}
{"level":"info","ts":"2026-01-13T16:48:15-08:00","logger":"ServiceReconciler.seed","msg":"added podscalable to informer","resource":"deployments","namespace":"default","name":"kamera-test-deployment","stage":"podscalable-add","keys":["default/kamera-test-deployment"]}
{"level":"info","ts":"2026-01-13T16:48:15-08:00","logger":"ServiceReconciler.seed","msg":"podscalable visible to lister","resource":"deployments","namespace":"default","name":"kamera-test-deployment","stage":"podscalable-lister","object":{"apiVersion":"autoscaling.internal.knative.dev/v1alpha1","kind":"PodScalable","namespace":"default","name":"kamera-test-deployment"}}
{"level":"info","ts":1768351695.5938098,"logger":"fallback","caller":"service/service.go:171","msg":"Service reconciler fetching Route from lister: name=demo, namespace=default"}
{"level":"info","ts":1768351695.5938518,"logger":"fallback","caller":"service/service.go:174","msg":"Service reconciler got Route from lister: name=demo, Generation=1, ObservedGeneration=1, ResourceVersion="}
{"level":"info","ts":1768351695.593971,"logger":"fallback","caller":"service/service.go:126","msg":"Service reconciler checking Route: name=demo, Generation=1, ObservedGeneration=1, Ready=True (reason=, message=), generationMatch=true, routeResourceVersion="}
{"level":"info","ts":1768351695.593984,"logger":"fallback","caller":"service/service.go:136","msg":"Service reconciler calling PropagateRouteStatus() because Generation == ObservedGeneration"}
{"level":"info","ts":"2026-01-13T16:48:15-08:00","logger":"ServiceReconciler.reconcile","msg":"reconcile completed","key":"default/demo","reconciler":"knative.dev.serving.pkg.reconciler.service.Reconciler","requeue":false,"requeueAfter":0}
{"level":"info","ts":"2026-01-13T16:48:15-08:00","logger":"tracecheck","msg":"Taking reconcile step","Depth":65,"# Distinct States":160,"Total States":160,"Resource States":44}
{"level":"info","ts":"2026-01-13T16:48:15-08:00","logger":"tracecheck","msg":"Taking reconcile step","Depth":66,"# Distinct States":161,"Total States":161,"Resource States":44}
{"level":"info","ts":"2026-01-13T16:48:15-08:00","logger":"tracecheck","msg":"Deleting pods","Depth":66,"# Distinct States":161,"Total States":161,"Resource States":44,"count":1}
{"level":"info","ts":"2026-01-13T16:48:15-08:00","logger":"tracecheck","msg":"Taking reconcile step","Depth":48,"# Distinct States":162,"Total States":162,"Resource States":44}
{"level":"info","ts":"2026-01-13T16:48:15-08:00","logger":"RevisionReconciler.seed","msg":"added podscalable to informer","resource":"deployments","namespace":"default","name":"kamera-test-deployment","stage":"podscalable-add","keys":["default/kamera-test-deployment"]}
{"level":"info","ts":"2026-01-13T16:48:15-08:00","logger":"RevisionReconciler.seed","msg":"podscalable visible to lister","resource":"deployments","namespace":"default","name":"kamera-test-deployment","stage":"podscalable-lister","object":{"apiVersion":"autoscaling.internal.knative.dev/v1alpha1","kind":"PodScalable","namespace":"default","name":"kamera-test-deployment"}}
{"level":"error","ts":1768351695.7104251,"logger":"fallback","caller":"revision/controller.go:116","msg":"Failed to create resolver transport","error":"open /var/run/secrets/kubernetes.io/serviceaccount/ca.crt: no such file or directory","stacktrace":"knative.dev/serving/pkg/reconciler/revision.newControllerWithOptions\n\t/Users/tgoodwin/tmp/gomodcache/knative.dev/serving@v0.46.5/pkg/reconciler/revision/controller.go:116\nknative.dev/serving/pkg/reconciler/revision.NewController\n\t/Users/tgoodwin/tmp/gomodcache/knative.dev/serving@v0.46.5/pkg/reconciler/revision/controller.go:64\nmain.configureKnativeExplorer.func1.1\n\t/Users/tgoodwin/projects/kamera/examples/knative-serving/scenario.go:91\ngithub.com/tgoodwin/kamera/examples/knative-serving/knative.NewKnativeStrategy.func1\n\t/Users/tgoodwin/projects/kamera/examples/knative-serving/knative/harness.go:555\ngithub.com/tgoodwin/kamera/examples/knative-serving/knative.(*KnativeStrategy).ReconcileAtState\n\t/Users/tgoodwin/projects/kamera/examples/knative-serving/knative/harness.go:895\ngithub.com/tgoodwin/kamera/pkg/tracecheck.(*ReconcilerContainer).doReconcile\n\t/Users/tgoodwin/projects/kamera/pkg/tracecheck/reconciler.go:164\ngithub.com/tgoodwin/kamera/pkg/tracecheck.(*Explorer).reconcileAtState\n\t/Users/tgoodwin/projects/kamera/pkg/tracecheck/explore.go:1313\ngithub.com/tgoodwin/kamera/pkg/tracecheck.(*Explorer).takeReconcileStep\n\t/Users/tgoodwin/projects/kamera/pkg/tracecheck/explore.go:1228\ngithub.com/tgoodwin/kamera/pkg/tracecheck.(*Explorer).explore\n\t/Users/tgoodwin/projects/kamera/pkg/tracecheck/explore.go:790\ngithub.com/tgoodwin/kamera/pkg/tracecheck.(*Explorer).Explore.func1\n\t/Users/tgoodwin/projects/kamera/pkg/tracecheck/explore.go:330"}
{"level":"info","ts":1768351695.7108889,"logger":"fallback","caller":"revision/reconcile_resources.go:161","msg":"Reconciling PA: kamera-test"}
{"level":"info","ts":"2026-01-13T16:48:15-08:00","logger":"RevisionReconciler.reconcile","msg":"reconcile completed","key":"default/kamera-test","reconciler":"knative.dev.serving.pkg.reconciler.revision.Reconciler","requeue":false,"requeueAfter":0}
{"level":"info","ts":"2026-01-13T16:48:15-08:00","logger":"tracecheck","msg":"Taking reconcile step","Depth":49,"# Distinct States":163,"Total States":163,"Resource States":44}
{"level":"info","ts":"2026-01-13T16:48:15-08:00","logger":"ConfigurationReconciler.seed","msg":"added podscalable to informer","resource":"deployments","namespace":"default","name":"kamera-test-deployment","stage":"podscalable-add","keys":["default/kamera-test-deployment"]}
{"level":"info","ts":"2026-01-13T16:48:15-08:00","logger":"ConfigurationReconciler.seed","msg":"podscalable visible to lister","resource":"deployments","namespace":"default","name":"kamera-test-deployment","stage":"podscalable-lister","object":{"apiVersion":"autoscaling.internal.knative.dev/v1alpha1","kind":"PodScalable","namespace":"default","name":"kamera-test-deployment"}}
{"level":"info","ts":1768351695.8169339,"logger":"fallback","caller":"configuration/configuration.go:106","msg":"Revision \"kamera-test\" of configuration is ready"}
{"level":"info","ts":"2026-01-13T16:48:15-08:00","logger":"ConfigurationReconciler.reconcile","msg":"reconcile completed","key":"default/demo","reconciler":"knative.dev.serving.pkg.reconciler.configuration.Reconciler","requeue":false,"requeueAfter":0}
{"level":"info","ts":"2026-01-13T16:48:15-08:00","logger":"tracecheck","msg":"Taking reconcile step","Depth":50,"# Distinct States":164,"Total States":164,"Resource States":44}
{"level":"info","ts":"2026-01-13T16:48:15-08:00","logger":"tracecheck","msg":"Taking reconcile step","Depth":51,"# Distinct States":165,"Total States":165,"Resource States":44}
{"level":"info","ts":"2026-01-13T16:48:15-08:00","logger":"tracecheck","msg":"Updated Deployment status","Depth":51,"# Distinct States":165,"Total States":165,"Resource States":44,"name":"kamera-test-deployment"}
{"level":"info","ts":"2026-01-13T16:48:15-08:00","logger":"tracecheck","msg":"Taking reconcile step","Depth":52,"# Distinct States":166,"Total States":166,"Resource States":44}
{"level":"info","ts":"2026-01-13T16:48:15-08:00","logger":"tracecheck","msg":"Taking reconcile step","Depth":53,"# Distinct States":167,"Total States":167,"Resource States":44}
{"level":"info","ts":"2026-01-13T16:48:15-08:00","logger":"KPAReconciler.seed","msg":"added podscalable to informer","resource":"deployments","namespace":"default","name":"kamera-test-deployment","stage":"podscalable-add","keys":["default/kamera-test-deployment"]}
{"level":"info","ts":"2026-01-13T16:48:15-08:00","logger":"KPAReconciler.seed","msg":"podscalable visible to lister","resource":"deployments","namespace":"default","name":"kamera-test-deployment","stage":"podscalable-lister","object":{"apiVersion":"autoscaling.internal.knative.dev/v1alpha1","kind":"PodScalable","namespace":"default","name":"kamera-test-deployment"}}
{"level":"info","ts":1768351695.9332402,"logger":"fallback","caller":"kpa/controller.go:77","msg":"Setting up ConfigMap receivers"}
{"level":"info","ts":1768351695.933347,"logger":"fallback","caller":"kpa/controller.go:91","msg":"Setting up KPA-Class event handlers"}
{"level":"info","ts":1768351695.9334688,"logger":"fallback","caller":"kpa/scaler.go:379","msg":"Scaling from 1 to 0"}
{"level":"info","ts":1768351695.935807,"logger":"fallback","caller":"kpa/kpa.go:158","msg":"SKS should be in Proxy mode: want = 0, ebc = 0, #act's = 2 PA Inactive? = true"}
{"level":"info","ts":1768351695.935832,"logger":"fallback","caller":"kpa/kpa.go:178","msg":"PA scale got=1, want=0, desiredPods=0 ebc=0"}
{"level":"info","ts":1768351695.935843,"logger":"fallback","caller":"kpa/kpa.go:188","msg":"Observed pod counts=kpa.podCounts{want:0, ready:1, notReady:0, pending:0, terminating:0}"}
{"level":"info","ts":"2026-01-13T16:48:15-08:00","logger":"KPAReconciler.reconcile","msg":"reconcile completed","key":"default/kamera-test","reconciler":"knative.dev.serving.pkg.reconciler.autoscaling.kpa.Reconciler","requeue":false,"requeueAfter":0}
{"level":"info","ts":"2026-01-13T16:48:15-08:00","logger":"tracecheck","msg":"Taking reconcile step","Depth":54,"# Distinct States":168,"Total States":168,"Resource States":44}
{"level":"info","ts":"2026-01-13T16:48:16-08:00","logger":"ConfigurationReconciler.seed","msg":"added podscalable to informer","resource":"deployments","namespace":"default","name":"kamera-test-deployment","stage":"podscalable-add","keys":["default/kamera-test-deployment"]}
{"level":"info","ts":"2026-01-13T16:48:16-08:00","logger":"ConfigurationReconciler.seed","msg":"podscalable visible to lister","resource":"deployments","namespace":"default","name":"kamera-test-deployment","stage":"podscalable-lister","object":{"apiVersion":"autoscaling.internal.knative.dev/v1alpha1","kind":"PodScalable","namespace":"default","name":"kamera-test-deployment"}}
{"level":"info","ts":1768351696.047931,"logger":"fallback","caller":"configuration/configuration.go:106","msg":"Revision \"kamera-test\" of configuration is ready"}
{"level":"info","ts":"2026-01-13T16:48:16-08:00","logger":"ConfigurationReconciler.reconcile","msg":"reconcile completed","key":"default/demo","reconciler":"knative.dev.serving.pkg.reconciler.configuration.Reconciler","requeue":false,"requeueAfter":0}
{"level":"info","ts":"2026-01-13T16:48:16-08:00","logger":"tracecheck","msg":"Taking reconcile step","Depth":55,"# Distinct States":169,"Total States":169,"Resource States":44}
{"level":"info","ts":"2026-01-13T16:48:16-08:00","logger":"RouteReconciler.seed","msg":"added podscalable to informer","resource":"deployments","namespace":"default","name":"kamera-test-deployment","stage":"podscalable-add","keys":["default/kamera-test-deployment"]}
{"level":"info","ts":"2026-01-13T16:48:16-08:00","logger":"RouteReconciler.seed","msg":"podscalable visible to lister","resource":"deployments","namespace":"default","name":"kamera-test-deployment","stage":"podscalable-lister","object":{"apiVersion":"autoscaling.internal.knative.dev/v1alpha1","kind":"PodScalable","namespace":"default","name":"kamera-test-deployment"}}
{"level":"info","ts":1768351696.154971,"logger":"fallback","caller":"route/route.go:465","msg":"Revision default/kamera-test is inactive"}
{"level":"info","ts":1768351696.154996,"logger":"fallback","caller":"route/route.go:487","msg":"All referred targets are routable, marking AllTrafficAssigned with traffic information."}
{"level":"info","ts":1768351696.155013,"logger":"fallback","caller":"route/route.go:140","msg":"Creating placeholder k8s services"}
{"level":"info","ts":1768351696.15517,"logger":"fallback","caller":"route/reconcile_resources.go:179","msg":"Created service demo"}
{"level":"info","ts":1768351696.155408,"logger":"fallback","caller":"route/route.go:176","msg":"Updating placeholder k8s services with ingress information"}
{"level":"warn","ts":1768351696.155426,"logger":"fallback","caller":"route/reconcile_resources.go:228","msg":"Failed to update k8s service","error":"failed to fetch loadbalancer domain/IP from ingress status"}
{"level":"info","ts":1768351696.155435,"logger":"fallback","caller":"route/route.go:198","msg":"Route successfully synced"}
{"level":"info","ts":"2026-01-13T16:48:16-08:00","logger":"RouteReconciler.reconcile","msg":"reconcile completed","key":"default/demo","reconciler":"knative.dev.serving.pkg.reconciler.route.Reconciler","requeue":false,"requeueAfter":0}
{"level":"info","ts":"2026-01-13T16:48:16-08:00","logger":"tracecheck","msg":"Taking reconcile step","Depth":56,"# Distinct States":170,"Total States":170,"Resource States":44}
{"level":"info","ts":"2026-01-13T16:48:16-08:00","logger":"ServiceReconciler.seed","msg":"added podscalable to informer","resource":"deployments","namespace":"default","name":"kamera-test-deployment","stage":"podscalable-add","keys":["default/kamera-test-deployment"]}
{"level":"info","ts":"2026-01-13T16:48:16-08:00","logger":"ServiceReconciler.seed","msg":"podscalable visible to lister","resource":"deployments","namespace":"default","name":"kamera-test-deployment","stage":"podscalable-lister","object":{"apiVersion":"autoscaling.internal.knative.dev/v1alpha1","kind":"PodScalable","namespace":"default","name":"kamera-test-deployment"}}
{"level":"info","ts":1768351696.263519,"logger":"fallback","caller":"service/service.go:171","msg":"Service reconciler fetching Route from lister: name=demo, namespace=default"}
{"level":"info","ts":1768351696.2635388,"logger":"fallback","caller":"service/service.go:174","msg":"Service reconciler got Route from lister: name=demo, Generation=1, ObservedGeneration=1, ResourceVersion="}
{"level":"info","ts":1768351696.2635598,"logger":"fallback","caller":"service/service.go:126","msg":"Service reconciler checking Route: name=demo, Generation=1, ObservedGeneration=1, Ready=Unknown (reason=IngressNotConfigured, message=Ingress has not yet been reconciled.), generationMatch=true, routeResourceVersion="}
{"level":"info","ts":1768351696.263566,"logger":"fallback","caller":"service/service.go:136","msg":"Service reconciler calling PropagateRouteStatus() because Generation == ObservedGeneration"}
{"level":"info","ts":"2026-01-13T16:48:16-08:00","logger":"ServiceReconciler.reconcile","msg":"reconcile completed","key":"default/demo","reconciler":"knative.dev.serving.pkg.reconciler.service.Reconciler","requeue":false,"requeueAfter":0}
{"level":"info","ts":"2026-01-13T16:48:16-08:00","logger":"tracecheck","msg":"Taking reconcile step","Depth":57,"# Distinct States":171,"Total States":171,"Resource States":44}
{"level":"info","ts":"2026-01-13T16:48:16-08:00","logger":"tracecheck","msg":"Updated Deployment status","Depth":57,"# Distinct States":171,"Total States":171,"Resource States":44,"name":"kamera-test-deployment"}
{"level":"info","ts":"2026-01-13T16:48:16-08:00","logger":"tracecheck","msg":"Taking reconcile step","Depth":58,"# Distinct States":172,"Total States":172,"Resource States":44}
{"level":"info","ts":"2026-01-13T16:48:16-08:00","logger":"tracecheck","msg":"Taking reconcile step","Depth":59,"# Distinct States":173,"Total States":173,"Resource States":44}
{"level":"info","ts":"2026-01-13T16:48:16-08:00","logger":"RevisionReconciler.seed","msg":"added podscalable to informer","resource":"deployments","namespace":"default","name":"kamera-test-deployment","stage":"podscalable-add","keys":["default/kamera-test-deployment"]}
{"level":"info","ts":"2026-01-13T16:48:16-08:00","logger":"RevisionReconciler.seed","msg":"podscalable visible to lister","resource":"deployments","namespace":"default","name":"kamera-test-deployment","stage":"podscalable-lister","object":{"apiVersion":"autoscaling.internal.knative.dev/v1alpha1","kind":"PodScalable","namespace":"default","name":"kamera-test-deployment"}}
{"level":"error","ts":1768351696.3809159,"logger":"fallback","caller":"revision/controller.go:116","msg":"Failed to create resolver transport","error":"open /var/run/secrets/kubernetes.io/serviceaccount/ca.crt: no such file or directory","stacktrace":"knative.dev/serving/pkg/reconciler/revision.newControllerWithOptions\n\t/Users/tgoodwin/tmp/gomodcache/knative.dev/serving@v0.46.5/pkg/reconciler/revision/controller.go:116\nknative.dev/serving/pkg/reconciler/revision.NewController\n\t/Users/tgoodwin/tmp/gomodcache/knative.dev/serving@v0.46.5/pkg/reconciler/revision/controller.go:64\nmain.configureKnativeExplorer.func1.1\n\t/Users/tgoodwin/projects/kamera/examples/knative-serving/scenario.go:91\ngithub.com/tgoodwin/kamera/examples/knative-serving/knative.NewKnativeStrategy.func1\n\t/Users/tgoodwin/projects/kamera/examples/knative-serving/knative/harness.go:555\ngithub.com/tgoodwin/kamera/examples/knative-serving/knative.(*KnativeStrategy).ReconcileAtState\n\t/Users/tgoodwin/projects/kamera/examples/knative-serving/knative/harness.go:895\ngithub.com/tgoodwin/kamera/pkg/tracecheck.(*ReconcilerContainer).doReconcile\n\t/Users/tgoodwin/projects/kamera/pkg/tracecheck/reconciler.go:164\ngithub.com/tgoodwin/kamera/pkg/tracecheck.(*Explorer).reconcileAtState\n\t/Users/tgoodwin/projects/kamera/pkg/tracecheck/explore.go:1313\ngithub.com/tgoodwin/kamera/pkg/tracecheck.(*Explorer).takeReconcileStep\n\t/Users/tgoodwin/projects/kamera/pkg/tracecheck/explore.go:1228\ngithub.com/tgoodwin/kamera/pkg/tracecheck.(*Explorer).explore\n\t/Users/tgoodwin/projects/kamera/pkg/tracecheck/explore.go:790\ngithub.com/tgoodwin/kamera/pkg/tracecheck.(*Explorer).Explore.func1\n\t/Users/tgoodwin/projects/kamera/pkg/tracecheck/explore.go:330"}
{"level":"info","ts":1768351696.381247,"logger":"fallback","caller":"revision/reconcile_resources.go:161","msg":"Reconciling PA: kamera-test"}
{"level":"info","ts":"2026-01-13T16:48:16-08:00","logger":"RevisionReconciler.reconcile","msg":"reconcile completed","key":"default/kamera-test","reconciler":"knative.dev.serving.pkg.reconciler.revision.Reconciler","requeue":false,"requeueAfter":0}
{"level":"info","ts":"2026-01-13T16:48:16-08:00","logger":"tracecheck","msg":"Taking reconcile step","Depth":60,"# Distinct States":174,"Total States":174,"Resource States":44}
{"level":"info","ts":"2026-01-13T16:48:16-08:00","logger":"KPAReconciler.seed","msg":"added podscalable to informer","resource":"deployments","namespace":"default","name":"kamera-test-deployment","stage":"podscalable-add","keys":["default/kamera-test-deployment"]}
{"level":"info","ts":"2026-01-13T16:48:16-08:00","logger":"KPAReconciler.seed","msg":"podscalable visible to lister","resource":"deployments","namespace":"default","name":"kamera-test-deployment","stage":"podscalable-lister","object":{"apiVersion":"autoscaling.internal.knative.dev/v1alpha1","kind":"PodScalable","namespace":"default","name":"kamera-test-deployment"}}
{"level":"info","ts":1768351696.488215,"logger":"fallback","caller":"kpa/controller.go:77","msg":"Setting up ConfigMap receivers"}
{"level":"info","ts":1768351696.488317,"logger":"fallback","caller":"kpa/controller.go:91","msg":"Setting up KPA-Class event handlers"}
{"level":"info","ts":1768351696.4884522,"logger":"fallback","caller":"kpa/kpa.go:158","msg":"SKS should be in Proxy mode: want = 0, ebc = 0, #act's = 2 PA Inactive? = true"}
{"level":"info","ts":1768351696.488472,"logger":"fallback","caller":"kpa/kpa.go:178","msg":"PA scale got=1, want=0, desiredPods=0 ebc=0"}
{"level":"info","ts":1768351696.488481,"logger":"fallback","caller":"kpa/kpa.go:188","msg":"Observed pod counts=kpa.podCounts{want:0, ready:1, notReady:0, pending:0, terminating:0}"}
{"level":"info","ts":"2026-01-13T16:48:16-08:00","logger":"KPAReconciler.reconcile","msg":"reconcile completed","key":"default/kamera-test","reconciler":"knative.dev.serving.pkg.reconciler.autoscaling.kpa.Reconciler","requeue":false,"requeueAfter":0}
{"level":"info","ts":"2026-01-13T16:48:16-08:00","logger":"tracecheck","msg":"Taking reconcile step","Depth":61,"# Distinct States":175,"Total States":175,"Resource States":44}
{"level":"info","ts":"2026-01-13T16:48:16-08:00","logger":"tracecheck","msg":"Taking reconcile step","Depth":62,"# Distinct States":176,"Total States":176,"Resource States":44}
{"level":"info","ts":"2026-01-13T16:48:16-08:00","logger":"tracecheck","msg":"Taking reconcile step","Depth":63,"# Distinct States":177,"Total States":177,"Resource States":44}
{"level":"info","ts":"2026-01-13T16:48:16-08:00","logger":"RouteReconciler.seed","msg":"added podscalable to informer","resource":"deployments","namespace":"default","name":"kamera-test-deployment","stage":"podscalable-add","keys":["default/kamera-test-deployment"]}
{"level":"info","ts":"2026-01-13T16:48:16-08:00","logger":"RouteReconciler.seed","msg":"podscalable visible to lister","resource":"deployments","namespace":"default","name":"kamera-test-deployment","stage":"podscalable-lister","object":{"apiVersion":"autoscaling.internal.knative.dev/v1alpha1","kind":"PodScalable","namespace":"default","name":"kamera-test-deployment"}}
{"level":"info","ts":1768351696.603261,"logger":"fallback","caller":"route/route.go:465","msg":"Revision default/kamera-test is inactive"}
{"level":"info","ts":1768351696.6032891,"logger":"fallback","caller":"route/route.go:487","msg":"All referred targets are routable, marking AllTrafficAssigned with traffic information."}
{"level":"info","ts":1768351696.603304,"logger":"fallback","caller":"route/route.go:140","msg":"Creating placeholder k8s services"}
{"level":"info","ts":1768351696.6034071,"logger":"fallback","caller":"route/route.go:176","msg":"Updating placeholder k8s services with ingress information"}
{"level":"info","ts":1768351696.603612,"logger":"fallback","caller":"route/route.go:198","msg":"Route successfully synced"}
{"level":"info","ts":"2026-01-13T16:48:16-08:00","logger":"RouteReconciler.reconcile","msg":"reconcile completed","key":"default/demo","reconciler":"knative.dev.serving.pkg.reconciler.route.Reconciler","requeue":false,"requeueAfter":0}
{"level":"info","ts":"2026-01-13T16:48:16-08:00","logger":"tracecheck","msg":"Taking reconcile step","Depth":64,"# Distinct States":178,"Total States":178,"Resource States":44}
{"level":"info","ts":"2026-01-13T16:48:16-08:00","logger":"tracecheck","msg":"Taking reconcile step","Depth":65,"# Distinct States":179,"Total States":179,"Resource States":44}
{"level":"info","ts":"2026-01-13T16:48:16-08:00","logger":"ServiceReconciler.seed","msg":"added podscalable to informer","resource":"deployments","namespace":"default","name":"kamera-test-deployment","stage":"podscalable-add","keys":["default/kamera-test-deployment"]}
{"level":"info","ts":"2026-01-13T16:48:16-08:00","logger":"ServiceReconciler.seed","msg":"podscalable visible to lister","resource":"deployments","namespace":"default","name":"kamera-test-deployment","stage":"podscalable-lister","object":{"apiVersion":"autoscaling.internal.knative.dev/v1alpha1","kind":"PodScalable","namespace":"default","name":"kamera-test-deployment"}}
{"level":"info","ts":1768351696.713547,"logger":"fallback","caller":"service/service.go:171","msg":"Service reconciler fetching Route from lister: name=demo, namespace=default"}
{"level":"info","ts":1768351696.713564,"logger":"fallback","caller":"service/service.go:174","msg":"Service reconciler got Route from lister: name=demo, Generation=1, ObservedGeneration=1, ResourceVersion="}
{"level":"info","ts":1768351696.713589,"logger":"fallback","caller":"service/service.go:126","msg":"Service reconciler checking Route: name=demo, Generation=1, ObservedGeneration=1, Ready=True (reason=, message=), generationMatch=true, routeResourceVersion="}
{"level":"info","ts":1768351696.7135968,"logger":"fallback","caller":"service/service.go:136","msg":"Service reconciler calling PropagateRouteStatus() because Generation == ObservedGeneration"}
{"level":"info","ts":"2026-01-13T16:48:16-08:00","logger":"ServiceReconciler.reconcile","msg":"reconcile completed","key":"default/demo","reconciler":"knative.dev.serving.pkg.reconciler.service.Reconciler","requeue":false,"requeueAfter":0}
{"level":"info","ts":"2026-01-13T16:48:16-08:00","logger":"tracecheck","msg":"Taking reconcile step","Depth":66,"# Distinct States":180,"Total States":180,"Resource States":44}
{"level":"info","ts":"2026-01-13T16:48:16-08:00","logger":"tracecheck","msg":"Taking reconcile step","Depth":67,"# Distinct States":181,"Total States":181,"Resource States":44}
{"level":"info","ts":"2026-01-13T16:48:16-08:00","logger":"tracecheck","msg":"Deleting pods","Depth":67,"# Distinct States":181,"Total States":181,"Resource States":44,"count":1}
{"level":"info","ts":"2026-01-13T16:48:16-08:00","logger":"tracecheck","msg":"Taking reconcile step","Depth":44,"# Distinct States":182,"Total States":182,"Resource States":44}
{"level":"info","ts":"2026-01-13T16:48:16-08:00","logger":"RevisionReconciler.seed","msg":"added podscalable to informer","resource":"deployments","namespace":"default","name":"kamera-test-deployment","stage":"podscalable-add","keys":["default/kamera-test-deployment"]}
{"level":"info","ts":"2026-01-13T16:48:16-08:00","logger":"RevisionReconciler.seed","msg":"podscalable visible to lister","resource":"deployments","namespace":"default","name":"kamera-test-deployment","stage":"podscalable-lister","object":{"apiVersion":"autoscaling.internal.knative.dev/v1alpha1","kind":"PodScalable","namespace":"default","name":"kamera-test-deployment"}}
{"level":"error","ts":1768351696.827687,"logger":"fallback","caller":"revision/controller.go:116","msg":"Failed to create resolver transport","error":"open /var/run/secrets/kubernetes.io/serviceaccount/ca.crt: no such file or directory","stacktrace":"knative.dev/serving/pkg/reconciler/revision.newControllerWithOptions\n\t/Users/tgoodwin/tmp/gomodcache/knative.dev/serving@v0.46.5/pkg/reconciler/revision/controller.go:116\nknative.dev/serving/pkg/reconciler/revision.NewController\n\t/Users/tgoodwin/tmp/gomodcache/knative.dev/serving@v0.46.5/pkg/reconciler/revision/controller.go:64\nmain.configureKnativeExplorer.func1.1\n\t/Users/tgoodwin/projects/kamera/examples/knative-serving/scenario.go:91\ngithub.com/tgoodwin/kamera/examples/knative-serving/knative.NewKnativeStrategy.func1\n\t/Users/tgoodwin/projects/kamera/examples/knative-serving/knative/harness.go:555\ngithub.com/tgoodwin/kamera/examples/knative-serving/knative.(*KnativeStrategy).ReconcileAtState\n\t/Users/tgoodwin/projects/kamera/examples/knative-serving/knative/harness.go:895\ngithub.com/tgoodwin/kamera/pkg/tracecheck.(*ReconcilerContainer).doReconcile\n\t/Users/tgoodwin/projects/kamera/pkg/tracecheck/reconciler.go:164\ngithub.com/tgoodwin/kamera/pkg/tracecheck.(*Explorer).reconcileAtState\n\t/Users/tgoodwin/projects/kamera/pkg/tracecheck/explore.go:1313\ngithub.com/tgoodwin/kamera/pkg/tracecheck.(*Explorer).takeReconcileStep\n\t/Users/tgoodwin/projects/kamera/pkg/tracecheck/explore.go:1228\ngithub.com/tgoodwin/kamera/pkg/tracecheck.(*Explorer).explore\n\t/Users/tgoodwin/projects/kamera/pkg/tracecheck/explore.go:790\ngithub.com/tgoodwin/kamera/pkg/tracecheck.(*Explorer).Explore.func1\n\t/Users/tgoodwin/projects/kamera/pkg/tracecheck/explore.go:330"}
{"level":"info","ts":1768351696.828065,"logger":"fallback","caller":"revision/reconcile_resources.go:161","msg":"Reconciling PA: kamera-test"}
{"level":"info","ts":"2026-01-13T16:48:16-08:00","logger":"RevisionReconciler.reconcile","msg":"reconcile completed","key":"default/kamera-test","reconciler":"knative.dev.serving.pkg.reconciler.revision.Reconciler","requeue":false,"requeueAfter":0}
{"level":"info","ts":"2026-01-13T16:48:16-08:00","logger":"tracecheck","msg":"Taking reconcile step","Depth":45,"# Distinct States":183,"Total States":183,"Resource States":44}
{"level":"info","ts":"2026-01-13T16:48:16-08:00","logger":"tracecheck","msg":"Taking reconcile step","Depth":46,"# Distinct States":184,"Total States":184,"Resource States":44}
{"level":"info","ts":"2026-01-13T16:48:16-08:00","logger":"tracecheck","msg":"Updated ReplicaSet status","Depth":46,"# Distinct States":184,"Total States":184,"Resource States":44,"name":"kamera-test-deployment-1488584584"}
{"level":"info","ts":"2026-01-13T16:48:16-08:00","logger":"tracecheck","msg":"Taking reconcile step","Depth":47,"# Distinct States":185,"Total States":185,"Resource States":44}
{"level":"info","ts":"2026-01-13T16:48:16-08:00","logger":"KPAReconciler.seed","msg":"added podscalable to informer","resource":"deployments","namespace":"default","name":"kamera-test-deployment","stage":"podscalable-add","keys":["default/kamera-test-deployment"]}
{"level":"info","ts":"2026-01-13T16:48:16-08:00","logger":"KPAReconciler.seed","msg":"podscalable visible to lister","resource":"deployments","namespace":"default","name":"kamera-test-deployment","stage":"podscalable-lister","object":{"apiVersion":"autoscaling.internal.knative.dev/v1alpha1","kind":"PodScalable","namespace":"default","name":"kamera-test-deployment"}}
{"level":"info","ts":1768351696.941946,"logger":"fallback","caller":"kpa/controller.go:77","msg":"Setting up ConfigMap receivers"}
{"level":"info","ts":1768351696.942162,"logger":"fallback","caller":"kpa/controller.go:91","msg":"Setting up KPA-Class event handlers"}
{"level":"info","ts":1768351696.942349,"logger":"fallback","caller":"kpa/scaler.go:229","msg":"Can deactivate PA, was active for 14s"}
{"level":"info","ts":1768351696.942373,"logger":"fallback","caller":"kpa/kpa.go:158","msg":"SKS should be in Proxy mode: want = 0, ebc = 0, #act's = 2 PA Inactive? = false"}
{"level":"info","ts":1768351696.94241,"logger":"fallback","caller":"kpa/kpa.go:178","msg":"PA scale got=1, want=0, desiredPods=0 ebc=0"}
{"level":"info","ts":1768351696.942421,"logger":"fallback","caller":"kpa/kpa.go:188","msg":"Observed pod counts=kpa.podCounts{want:0, ready:1, notReady:0, pending:0, terminating:0}"}
{"level":"info","ts":"2026-01-13T16:48:16-08:00","logger":"KPAReconciler.reconcile","msg":"reconcile completed","key":"default/kamera-test","reconciler":"knative.dev.serving.pkg.reconciler.autoscaling.kpa.Reconciler","requeue":false,"requeueAfter":0}
{"level":"info","ts":"2026-01-13T16:48:16-08:00","logger":"tracecheck","msg":"Taking reconcile step","Depth":48,"# Distinct States":186,"Total States":186,"Resource States":44}
{"level":"info","ts":"2026-01-13T16:48:17-08:00","logger":"ConfigurationReconciler.seed","msg":"added podscalable to informer","resource":"deployments","namespace":"default","name":"kamera-test-deployment","stage":"podscalable-add","keys":["default/kamera-test-deployment"]}
{"level":"info","ts":"2026-01-13T16:48:17-08:00","logger":"ConfigurationReconciler.seed","msg":"podscalable visible to lister","resource":"deployments","namespace":"default","name":"kamera-test-deployment","stage":"podscalable-lister","object":{"apiVersion":"autoscaling.internal.knative.dev/v1alpha1","kind":"PodScalable","namespace":"default","name":"kamera-test-deployment"}}
{"level":"info","ts":1768351697.0507221,"logger":"fallback","caller":"configuration/configuration.go:106","msg":"Revision \"kamera-test\" of configuration is ready"}
{"level":"info","ts":"2026-01-13T16:48:17-08:00","logger":"ConfigurationReconciler.reconcile","msg":"reconcile completed","key":"default/demo","reconciler":"knative.dev.serving.pkg.reconciler.configuration.Reconciler","requeue":false,"requeueAfter":0}
{"level":"info","ts":"2026-01-13T16:48:17-08:00","logger":"tracecheck","msg":"Taking reconcile step","Depth":49,"# Distinct States":187,"Total States":187,"Resource States":44}
{"level":"info","ts":"2026-01-13T16:48:17-08:00","logger":"tracecheck","msg":"Taking reconcile step","Depth":50,"# Distinct States":188,"Total States":188,"Resource States":44}
{"level":"info","ts":"2026-01-13T16:48:17-08:00","logger":"tracecheck","msg":"Updated Deployment status","Depth":50,"# Distinct States":188,"Total States":188,"Resource States":44,"name":"kamera-test-deployment"}
{"level":"info","ts":"2026-01-13T16:48:17-08:00","logger":"tracecheck","msg":"Taking reconcile step","Depth":51,"# Distinct States":189,"Total States":189,"Resource States":45}
{"level":"info","ts":"2026-01-13T16:48:17-08:00","logger":"tracecheck","msg":"Taking reconcile step","Depth":52,"# Distinct States":190,"Total States":190,"Resource States":45}
{"level":"info","ts":"2026-01-13T16:48:17-08:00","logger":"KPAReconciler.seed","msg":"added podscalable to informer","resource":"deployments","namespace":"default","name":"kamera-test-deployment","stage":"podscalable-add","keys":["default/kamera-test-deployment"]}
{"level":"info","ts":"2026-01-13T16:48:17-08:00","logger":"KPAReconciler.seed","msg":"podscalable visible to lister","resource":"deployments","namespace":"default","name":"kamera-test-deployment","stage":"podscalable-lister","object":{"apiVersion":"autoscaling.internal.knative.dev/v1alpha1","kind":"PodScalable","namespace":"default","name":"kamera-test-deployment"}}
{"level":"info","ts":1768351697.165537,"logger":"fallback","caller":"kpa/controller.go:77","msg":"Setting up ConfigMap receivers"}
{"level":"info","ts":1768351697.165642,"logger":"fallback","caller":"kpa/controller.go:91","msg":"Setting up KPA-Class event handlers"}
{"level":"info","ts":1768351697.1657422,"logger":"fallback","caller":"kpa/scaler.go:379","msg":"Scaling from 1 to 0"}
{"level":"info","ts":1768351697.1675231,"logger":"fallback","caller":"kpa/kpa.go:158","msg":"SKS should be in Proxy mode: want = 0, ebc = 0, #act's = 2 PA Inactive? = true"}
{"level":"info","ts":1768351697.167548,"logger":"fallback","caller":"kpa/kpa.go:178","msg":"PA scale got=1, want=0, desiredPods=0 ebc=0"}
{"level":"info","ts":1768351697.167558,"logger":"fallback","caller":"kpa/kpa.go:188","msg":"Observed pod counts=kpa.podCounts{want:0, ready:1, notReady:0, pending:0, terminating:0}"}
{"level":"info","ts":"2026-01-13T16:48:17-08:00","logger":"KPAReconciler.reconcile","msg":"reconcile completed","key":"default/kamera-test","reconciler":"knative.dev.serving.pkg.reconciler.autoscaling.kpa.Reconciler","requeue":false,"requeueAfter":0}
{"level":"info","ts":"2026-01-13T16:48:17-08:00","logger":"tracecheck","msg":"Taking reconcile step","Depth":53,"# Distinct States":191,"Total States":191,"Resource States":46}
{"level":"info","ts":"2026-01-13T16:48:17-08:00","logger":"RevisionReconciler.seed","msg":"added podscalable to informer","resource":"deployments","namespace":"default","name":"kamera-test-deployment","stage":"podscalable-add","keys":["default/kamera-test-deployment"]}
{"level":"info","ts":"2026-01-13T16:48:17-08:00","logger":"RevisionReconciler.seed","msg":"podscalable visible to lister","resource":"deployments","namespace":"default","name":"kamera-test-deployment","stage":"podscalable-lister","object":{"apiVersion":"autoscaling.internal.knative.dev/v1alpha1","kind":"PodScalable","namespace":"default","name":"kamera-test-deployment"}}
{"level":"error","ts":1768351697.276171,"logger":"fallback","caller":"revision/controller.go:116","msg":"Failed to create resolver transport","error":"open /var/run/secrets/kubernetes.io/serviceaccount/ca.crt: no such file or directory","stacktrace":"knative.dev/serving/pkg/reconciler/revision.newControllerWithOptions\n\t/Users/tgoodwin/tmp/gomodcache/knative.dev/serving@v0.46.5/pkg/reconciler/revision/controller.go:116\nknative.dev/serving/pkg/reconciler/revision.NewController\n\t/Users/tgoodwin/tmp/gomodcache/knative.dev/serving@v0.46.5/pkg/reconciler/revision/controller.go:64\nmain.configureKnativeExplorer.func1.1\n\t/Users/tgoodwin/projects/kamera/examples/knative-serving/scenario.go:91\ngithub.com/tgoodwin/kamera/examples/knative-serving/knative.NewKnativeStrategy.func1\n\t/Users/tgoodwin/projects/kamera/examples/knative-serving/knative/harness.go:555\ngithub.com/tgoodwin/kamera/examples/knative-serving/knative.(*KnativeStrategy).ReconcileAtState\n\t/Users/tgoodwin/projects/kamera/examples/knative-serving/knative/harness.go:895\ngithub.com/tgoodwin/kamera/pkg/tracecheck.(*ReconcilerContainer).doReconcile\n\t/Users/tgoodwin/projects/kamera/pkg/tracecheck/reconciler.go:164\ngithub.com/tgoodwin/kamera/pkg/tracecheck.(*Explorer).reconcileAtState\n\t/Users/tgoodwin/projects/kamera/pkg/tracecheck/explore.go:1313\ngithub.com/tgoodwin/kamera/pkg/tracecheck.(*Explorer).takeReconcileStep\n\t/Users/tgoodwin/projects/kamera/pkg/tracecheck/explore.go:1228\ngithub.com/tgoodwin/kamera/pkg/tracecheck.(*Explorer).explore\n\t/Users/tgoodwin/projects/kamera/pkg/tracecheck/explore.go:790\ngithub.com/tgoodwin/kamera/pkg/tracecheck.(*Explorer).Explore.func1\n\t/Users/tgoodwin/projects/kamera/pkg/tracecheck/explore.go:330"}
{"level":"info","ts":1768351697.2764642,"logger":"fallback","caller":"revision/reconcile_resources.go:161","msg":"Reconciling PA: kamera-test"}
{"level":"info","ts":"2026-01-13T16:48:17-08:00","logger":"RevisionReconciler.reconcile","msg":"reconcile completed","key":"default/kamera-test","reconciler":"knative.dev.serving.pkg.reconciler.revision.Reconciler","requeue":false,"requeueAfter":0}
{"level":"info","ts":"2026-01-13T16:48:17-08:00","logger":"tracecheck","msg":"Taking reconcile step","Depth":54,"# Distinct States":192,"Total States":192,"Resource States":46}
{"level":"info","ts":"2026-01-13T16:48:17-08:00","logger":"ConfigurationReconciler.seed","msg":"added podscalable to informer","resource":"deployments","namespace":"default","name":"kamera-test-deployment","stage":"podscalable-add","keys":["default/kamera-test-deployment"]}
{"level":"info","ts":"2026-01-13T16:48:17-08:00","logger":"ConfigurationReconciler.seed","msg":"podscalable visible to lister","resource":"deployments","namespace":"default","name":"kamera-test-deployment","stage":"podscalable-lister","object":{"apiVersion":"autoscaling.internal.knative.dev/v1alpha1","kind":"PodScalable","namespace":"default","name":"kamera-test-deployment"}}
{"level":"info","ts":1768351697.3840692,"logger":"fallback","caller":"configuration/configuration.go:106","msg":"Revision \"kamera-test\" of configuration is ready"}
{"level":"info","ts":"2026-01-13T16:48:17-08:00","logger":"ConfigurationReconciler.reconcile","msg":"reconcile completed","key":"default/demo","reconciler":"knative.dev.serving.pkg.reconciler.configuration.Reconciler","requeue":false,"requeueAfter":0}
{"level":"info","ts":"2026-01-13T16:48:17-08:00","logger":"tracecheck","msg":"Taking reconcile step","Depth":55,"# Distinct States":193,"Total States":193,"Resource States":46}
{"level":"info","ts":"2026-01-13T16:48:17-08:00","logger":"RouteReconciler.seed","msg":"added podscalable to informer","resource":"deployments","namespace":"default","name":"kamera-test-deployment","stage":"podscalable-add","keys":["default/kamera-test-deployment"]}
{"level":"info","ts":"2026-01-13T16:48:17-08:00","logger":"RouteReconciler.seed","msg":"podscalable visible to lister","resource":"deployments","namespace":"default","name":"kamera-test-deployment","stage":"podscalable-lister","object":{"apiVersion":"autoscaling.internal.knative.dev/v1alpha1","kind":"PodScalable","namespace":"default","name":"kamera-test-deployment"}}
{"level":"info","ts":1768351697.4911098,"logger":"fallback","caller":"route/route.go:465","msg":"Revision default/kamera-test is inactive"}
{"level":"info","ts":1768351697.491134,"logger":"fallback","caller":"route/route.go:487","msg":"All referred targets are routable, marking AllTrafficAssigned with traffic information."}
{"level":"info","ts":1768351697.491148,"logger":"fallback","caller":"route/route.go:140","msg":"Creating placeholder k8s services"}
{"level":"info","ts":1768351697.4912908,"logger":"fallback","caller":"route/reconcile_resources.go:179","msg":"Created service demo"}
{"level":"info","ts":1768351697.49153,"logger":"fallback","caller":"route/route.go:176","msg":"Updating placeholder k8s services with ingress information"}
{"level":"warn","ts":1768351697.4915478,"logger":"fallback","caller":"route/reconcile_resources.go:228","msg":"Failed to update k8s service","error":"failed to fetch loadbalancer domain/IP from ingress status"}
{"level":"info","ts":1768351697.4915571,"logger":"fallback","caller":"route/route.go:198","msg":"Route successfully synced"}
{"level":"info","ts":"2026-01-13T16:48:17-08:00","logger":"RouteReconciler.reconcile","msg":"reconcile completed","key":"default/demo","reconciler":"knative.dev.serving.pkg.reconciler.route.Reconciler","requeue":false,"requeueAfter":0}
{"level":"info","ts":"2026-01-13T16:48:17-08:00","logger":"tracecheck","msg":"Taking reconcile step","Depth":56,"# Distinct States":194,"Total States":194,"Resource States":46}
{"level":"info","ts":"2026-01-13T16:48:17-08:00","logger":"ServiceReconciler.seed","msg":"added podscalable to informer","resource":"deployments","namespace":"default","name":"kamera-test-deployment","stage":"podscalable-add","keys":["default/kamera-test-deployment"]}
{"level":"info","ts":"2026-01-13T16:48:17-08:00","logger":"ServiceReconciler.seed","msg":"podscalable visible to lister","resource":"deployments","namespace":"default","name":"kamera-test-deployment","stage":"podscalable-lister","object":{"apiVersion":"autoscaling.internal.knative.dev/v1alpha1","kind":"PodScalable","namespace":"default","name":"kamera-test-deployment"}}
{"level":"info","ts":1768351697.601621,"logger":"fallback","caller":"service/service.go:171","msg":"Service reconciler fetching Route from lister: name=demo, namespace=default"}
{"level":"info","ts":1768351697.601644,"logger":"fallback","caller":"service/service.go:174","msg":"Service reconciler got Route from lister: name=demo, Generation=1, ObservedGeneration=1, ResourceVersion="}
{"level":"info","ts":1768351697.601672,"logger":"fallback","caller":"service/service.go:126","msg":"Service reconciler checking Route: name=demo, Generation=1, ObservedGeneration=1, Ready=Unknown (reason=IngressNotConfigured, message=Ingress has not yet been reconciled.), generationMatch=true, routeResourceVersion="}
{"level":"info","ts":1768351697.601681,"logger":"fallback","caller":"service/service.go:136","msg":"Service reconciler calling PropagateRouteStatus() because Generation == ObservedGeneration"}
{"level":"info","ts":"2026-01-13T16:48:17-08:00","logger":"ServiceReconciler.reconcile","msg":"reconcile completed","key":"default/demo","reconciler":"knative.dev.serving.pkg.reconciler.service.Reconciler","requeue":false,"requeueAfter":0}
{"level":"info","ts":"2026-01-13T16:48:17-08:00","logger":"tracecheck","msg":"Taking reconcile step","Depth":57,"# Distinct States":195,"Total States":195,"Resource States":46}
{"level":"info","ts":"2026-01-13T16:48:17-08:00","logger":"tracecheck","msg":"Updated Deployment status","Depth":57,"# Distinct States":195,"Total States":195,"Resource States":46,"name":"kamera-test-deployment"}
{"level":"info","ts":"2026-01-13T16:48:17-08:00","logger":"tracecheck","msg":"Taking reconcile step","Depth":58,"# Distinct States":196,"Total States":196,"Resource States":46}
{"level":"info","ts":"2026-01-13T16:48:17-08:00","logger":"tracecheck","msg":"Taking reconcile step","Depth":59,"# Distinct States":197,"Total States":197,"Resource States":46}
{"level":"info","ts":"2026-01-13T16:48:17-08:00","logger":"KPAReconciler.seed","msg":"added podscalable to informer","resource":"deployments","namespace":"default","name":"kamera-test-deployment","stage":"podscalable-add","keys":["default/kamera-test-deployment"]}
{"level":"info","ts":"2026-01-13T16:48:17-08:00","logger":"KPAReconciler.seed","msg":"podscalable visible to lister","resource":"deployments","namespace":"default","name":"kamera-test-deployment","stage":"podscalable-lister","object":{"apiVersion":"autoscaling.internal.knative.dev/v1alpha1","kind":"PodScalable","namespace":"default","name":"kamera-test-deployment"}}
{"level":"info","ts":1768351697.719393,"logger":"fallback","caller":"kpa/controller.go:77","msg":"Setting up ConfigMap receivers"}
{"level":"info","ts":1768351697.719532,"logger":"fallback","caller":"kpa/controller.go:91","msg":"Setting up KPA-Class event handlers"}
{"level":"info","ts":1768351697.719664,"logger":"fallback","caller":"kpa/kpa.go:158","msg":"SKS should be in Proxy mode: want = 0, ebc = 0, #act's = 2 PA Inactive? = true"}
{"level":"info","ts":1768351697.7196858,"logger":"fallback","caller":"kpa/kpa.go:178","msg":"PA scale got=1, want=0, desiredPods=0 ebc=0"}
{"level":"info","ts":1768351697.719695,"logger":"fallback","caller":"kpa/kpa.go:188","msg":"Observed pod counts=kpa.podCounts{want:0, ready:1, notReady:0, pending:0, terminating:0}"}
{"level":"info","ts":"2026-01-13T16:48:17-08:00","logger":"KPAReconciler.reconcile","msg":"reconcile completed","key":"default/kamera-test","reconciler":"knative.dev.serving.pkg.reconciler.autoscaling.kpa.Reconciler","requeue":false,"requeueAfter":0}
{"level":"info","ts":"2026-01-13T16:48:17-08:00","logger":"tracecheck","msg":"Taking reconcile step","Depth":60,"# Distinct States":198,"Total States":198,"Resource States":46}
{"level":"info","ts":"2026-01-13T16:48:17-08:00","logger":"RevisionReconciler.seed","msg":"added podscalable to informer","resource":"deployments","namespace":"default","name":"kamera-test-deployment","stage":"podscalable-add","keys":["default/kamera-test-deployment"]}
{"level":"info","ts":"2026-01-13T16:48:17-08:00","logger":"RevisionReconciler.seed","msg":"podscalable visible to lister","resource":"deployments","namespace":"default","name":"kamera-test-deployment","stage":"podscalable-lister","object":{"apiVersion":"autoscaling.internal.knative.dev/v1alpha1","kind":"PodScalable","namespace":"default","name":"kamera-test-deployment"}}
{"level":"error","ts":1768351697.826095,"logger":"fallback","caller":"revision/controller.go:116","msg":"Failed to create resolver transport","error":"open /var/run/secrets/kubernetes.io/serviceaccount/ca.crt: no such file or directory","stacktrace":"knative.dev/serving/pkg/reconciler/revision.newControllerWithOptions\n\t/Users/tgoodwin/tmp/gomodcache/knative.dev/serving@v0.46.5/pkg/reconciler/revision/controller.go:116\nknative.dev/serving/pkg/reconciler/revision.NewController\n\t/Users/tgoodwin/tmp/gomodcache/knative.dev/serving@v0.46.5/pkg/reconciler/revision/controller.go:64\nmain.configureKnativeExplorer.func1.1\n\t/Users/tgoodwin/projects/kamera/examples/knative-serving/scenario.go:91\ngithub.com/tgoodwin/kamera/examples/knative-serving/knative.NewKnativeStrategy.func1\n\t/Users/tgoodwin/projects/kamera/examples/knative-serving/knative/harness.go:555\ngithub.com/tgoodwin/kamera/examples/knative-serving/knative.(*KnativeStrategy).ReconcileAtState\n\t/Users/tgoodwin/projects/kamera/examples/knative-serving/knative/harness.go:895\ngithub.com/tgoodwin/kamera/pkg/tracecheck.(*ReconcilerContainer).doReconcile\n\t/Users/tgoodwin/projects/kamera/pkg/tracecheck/reconciler.go:164\ngithub.com/tgoodwin/kamera/pkg/tracecheck.(*Explorer).reconcileAtState\n\t/Users/tgoodwin/projects/kamera/pkg/tracecheck/explore.go:1313\ngithub.com/tgoodwin/kamera/pkg/tracecheck.(*Explorer).takeReconcileStep\n\t/Users/tgoodwin/projects/kamera/pkg/tracecheck/explore.go:1228\ngithub.com/tgoodwin/kamera/pkg/tracecheck.(*Explorer).explore\n\t/Users/tgoodwin/projects/kamera/pkg/tracecheck/explore.go:790\ngithub.com/tgoodwin/kamera/pkg/tracecheck.(*Explorer).Explore.func1\n\t/Users/tgoodwin/projects/kamera/pkg/tracecheck/explore.go:330"}
{"level":"info","ts":1768351697.826394,"logger":"fallback","caller":"revision/reconcile_resources.go:161","msg":"Reconciling PA: kamera-test"}
{"level":"info","ts":"2026-01-13T16:48:17-08:00","logger":"RevisionReconciler.reconcile","msg":"reconcile completed","key":"default/kamera-test","reconciler":"knative.dev.serving.pkg.reconciler.revision.Reconciler","requeue":false,"requeueAfter":0}
{"level":"info","ts":"2026-01-13T16:48:17-08:00","logger":"tracecheck","msg":"Taking reconcile step","Depth":51,"# Distinct States":199,"Total States":200,"Resource States":46}
{"level":"info","ts":"2026-01-13T16:48:17-08:00","logger":"RevisionReconciler.seed","msg":"added podscalable to informer","resource":"deployments","namespace":"default","name":"kamera-test-deployment","stage":"podscalable-add","keys":["default/kamera-test-deployment"]}
{"level":"info","ts":"2026-01-13T16:48:17-08:00","logger":"RevisionReconciler.seed","msg":"podscalable visible to lister","resource":"deployments","namespace":"default","name":"kamera-test-deployment","stage":"podscalable-lister","object":{"apiVersion":"autoscaling.internal.knative.dev/v1alpha1","kind":"PodScalable","namespace":"default","name":"kamera-test-deployment"}}
{"level":"error","ts":1768351697.932877,"logger":"fallback","caller":"revision/controller.go:116","msg":"Failed to create resolver transport","error":"open /var/run/secrets/kubernetes.io/serviceaccount/ca.crt: no such file or directory","stacktrace":"knative.dev/serving/pkg/reconciler/revision.newControllerWithOptions\n\t/Users/tgoodwin/tmp/gomodcache/knative.dev/serving@v0.46.5/pkg/reconciler/revision/controller.go:116\nknative.dev/serving/pkg/reconciler/revision.NewController\n\t/Users/tgoodwin/tmp/gomodcache/knative.dev/serving@v0.46.5/pkg/reconciler/revision/controller.go:64\nmain.configureKnativeExplorer.func1.1\n\t/Users/tgoodwin/projects/kamera/examples/knative-serving/scenario.go:91\ngithub.com/tgoodwin/kamera/examples/knative-serving/knative.NewKnativeStrategy.func1\n\t/Users/tgoodwin/projects/kamera/examples/knative-serving/knative/harness.go:555\ngithub.com/tgoodwin/kamera/examples/knative-serving/knative.(*KnativeStrategy).ReconcileAtState\n\t/Users/tgoodwin/projects/kamera/examples/knative-serving/knative/harness.go:895\ngithub.com/tgoodwin/kamera/pkg/tracecheck.(*ReconcilerContainer).doReconcile\n\t/Users/tgoodwin/projects/kamera/pkg/tracecheck/reconciler.go:164\ngithub.com/tgoodwin/kamera/pkg/tracecheck.(*Explorer).reconcileAtState\n\t/Users/tgoodwin/projects/kamera/pkg/tracecheck/explore.go:1313\ngithub.com/tgoodwin/kamera/pkg/tracecheck.(*Explorer).takeReconcileStep\n\t/Users/tgoodwin/projects/kamera/pkg/tracecheck/explore.go:1228\ngithub.com/tgoodwin/kamera/pkg/tracecheck.(*Explorer).explore\n\t/Users/tgoodwin/projects/kamera/pkg/tracecheck/explore.go:790\ngithub.com/tgoodwin/kamera/pkg/tracecheck.(*Explorer).Explore.func1\n\t/Users/tgoodwin/projects/kamera/pkg/tracecheck/explore.go:330"}
{"level":"info","ts":1768351697.9332201,"logger":"fallback","caller":"revision/reconcile_resources.go:161","msg":"Reconciling PA: kamera-test"}
{"level":"info","ts":"2026-01-13T16:48:17-08:00","logger":"RevisionReconciler.reconcile","msg":"reconcile completed","key":"default/kamera-test","reconciler":"knative.dev.serving.pkg.reconciler.revision.Reconciler","requeue":false,"requeueAfter":0}
{"level":"info","ts":"2026-01-13T16:48:17-08:00","logger":"tracecheck","msg":"Taking reconcile step","Depth":41,"# Distinct States":200,"Total States":201,"Resource States":46}
{"level":"info","ts":"2026-01-13T16:48:18-08:00","logger":"RevisionReconciler.seed","msg":"added podscalable to informer","resource":"deployments","namespace":"default","name":"kamera-test-deployment","stage":"podscalable-add","keys":["default/kamera-test-deployment"]}
{"level":"info","ts":"2026-01-13T16:48:18-08:00","logger":"RevisionReconciler.seed","msg":"podscalable visible to lister","resource":"deployments","namespace":"default","name":"kamera-test-deployment","stage":"podscalable-lister","object":{"apiVersion":"autoscaling.internal.knative.dev/v1alpha1","kind":"PodScalable","namespace":"default","name":"kamera-test-deployment"}}
{"level":"error","ts":1768351698.0411441,"logger":"fallback","caller":"revision/controller.go:116","msg":"Failed to create resolver transport","error":"open /var/run/secrets/kubernetes.io/serviceaccount/ca.crt: no such file or directory","stacktrace":"knative.dev/serving/pkg/reconciler/revision.newControllerWithOptions\n\t/Users/tgoodwin/tmp/gomodcache/knative.dev/serving@v0.46.5/pkg/reconciler/revision/controller.go:116\nknative.dev/serving/pkg/reconciler/revision.NewController\n\t/Users/tgoodwin/tmp/gomodcache/knative.dev/serving@v0.46.5/pkg/reconciler/revision/controller.go:64\nmain.configureKnativeExplorer.func1.1\n\t/Users/tgoodwin/projects/kamera/examples/knative-serving/scenario.go:91\ngithub.com/tgoodwin/kamera/examples/knative-serving/knative.NewKnativeStrategy.func1\n\t/Users/tgoodwin/projects/kamera/examples/knative-serving/knative/harness.go:555\ngithub.com/tgoodwin/kamera/examples/knative-serving/knative.(*KnativeStrategy).ReconcileAtState\n\t/Users/tgoodwin/projects/kamera/examples/knative-serving/knative/harness.go:895\ngithub.com/tgoodwin/kamera/pkg/tracecheck.(*ReconcilerContainer).doReconcile\n\t/Users/tgoodwin/projects/kamera/pkg/tracecheck/reconciler.go:164\ngithub.com/tgoodwin/kamera/pkg/tracecheck.(*Explorer).reconcileAtState\n\t/Users/tgoodwin/projects/kamera/pkg/tracecheck/explore.go:1313\ngithub.com/tgoodwin/kamera/pkg/tracecheck.(*Explorer).takeReconcileStep\n\t/Users/tgoodwin/projects/kamera/pkg/tracecheck/explore.go:1228\ngithub.com/tgoodwin/kamera/pkg/tracecheck.(*Explorer).explore\n\t/Users/tgoodwin/projects/kamera/pkg/tracecheck/explore.go:790\ngithub.com/tgoodwin/kamera/pkg/tracecheck.(*Explorer).Explore.func1\n\t/Users/tgoodwin/projects/kamera/pkg/tracecheck/explore.go:330"}
{"level":"info","ts":1768351698.041503,"logger":"fallback","caller":"revision/reconcile_resources.go:161","msg":"Reconciling PA: kamera-test"}
{"level":"info","ts":1768351698.041533,"logger":"fallback","caller":"revision/revision.go:166","msg":"Revision became ready"}
{"level":"info","ts":"2026-01-13T16:48:18-08:00","logger":"RevisionReconciler.reconcile","msg":"reconcile completed","key":"default/kamera-test","reconciler":"knative.dev.serving.pkg.reconciler.revision.Reconciler","requeue":false,"requeueAfter":0}
{"level":"info","ts":"2026-01-13T16:48:18-08:00","logger":"tracecheck","msg":"Taking reconcile step","Depth":42,"# Distinct States":201,"Total States":202,"Resource States":46}
{"level":"info","ts":"2026-01-13T16:48:18-08:00","logger":"ConfigurationReconciler.seed","msg":"added podscalable to informer","resource":"deployments","namespace":"default","name":"kamera-test-deployment","stage":"podscalable-add","keys":["default/kamera-test-deployment"]}
{"level":"info","ts":"2026-01-13T16:48:18-08:00","logger":"ConfigurationReconciler.seed","msg":"podscalable visible to lister","resource":"deployments","namespace":"default","name":"kamera-test-deployment","stage":"podscalable-lister","object":{"apiVersion":"autoscaling.internal.knative.dev/v1alpha1","kind":"PodScalable","namespace":"default","name":"kamera-test-deployment"}}
{"level":"info","ts":1768351698.149077,"logger":"fallback","caller":"configuration/configuration.go:106","msg":"Revision \"kamera-test\" of configuration is ready"}
{"level":"info","ts":"2026-01-13T16:48:18-08:00","logger":"ConfigurationReconciler.reconcile","msg":"reconcile completed","key":"default/demo","reconciler":"knative.dev.serving.pkg.reconciler.configuration.Reconciler","requeue":false,"requeueAfter":0}
{"level":"info","ts":"2026-01-13T16:48:18-08:00","logger":"tracecheck","msg":"Taking reconcile step","Depth":43,"# Distinct States":202,"Total States":203,"Resource States":47}
{"level":"info","ts":"2026-01-13T16:48:18-08:00","logger":"tracecheck","msg":"Taking reconcile step","Depth":44,"# Distinct States":203,"Total States":204,"Resource States":47}
{"level":"info","ts":"2026-01-13T16:48:18-08:00","logger":"tracecheck","msg":"Taking reconcile step","Depth":45,"# Distinct States":204,"Total States":205,"Resource States":47}
{"level":"info","ts":"2026-01-13T16:48:18-08:00","logger":"tracecheck","msg":"Updated ReplicaSet status","Depth":45,"# Distinct States":204,"Total States":205,"Resource States":47,"name":"kamera-test-deployment-1488584584"}
{"level":"info","ts":"2026-01-13T16:48:18-08:00","logger":"tracecheck","msg":"Taking reconcile step","Depth":46,"# Distinct States":205,"Total States":206,"Resource States":48}
{"level":"info","ts":"2026-01-13T16:48:18-08:00","logger":"KPAReconciler.seed","msg":"added podscalable to informer","resource":"deployments","namespace":"default","name":"kamera-test-deployment","stage":"podscalable-add","keys":["default/kamera-test-deployment"]}
{"level":"info","ts":"2026-01-13T16:48:18-08:00","logger":"KPAReconciler.seed","msg":"podscalable visible to lister","resource":"deployments","namespace":"default","name":"kamera-test-deployment","stage":"podscalable-lister","object":{"apiVersion":"autoscaling.internal.knative.dev/v1alpha1","kind":"PodScalable","namespace":"default","name":"kamera-test-deployment"}}
{"level":"info","ts":1768351698.268407,"logger":"fallback","caller":"kpa/controller.go:77","msg":"Setting up ConfigMap receivers"}
{"level":"info","ts":1768351698.2685802,"logger":"fallback","caller":"kpa/controller.go:91","msg":"Setting up KPA-Class event handlers"}
{"level":"info","ts":1768351698.2687502,"logger":"fallback","caller":"kpa/scaler.go:229","msg":"Can deactivate PA, was active for 12s"}
{"level":"info","ts":1768351698.268776,"logger":"fallback","caller":"kpa/kpa.go:158","msg":"SKS should be in Proxy mode: want = 0, ebc = 0, #act's = 2 PA Inactive? = false"}
{"level":"info","ts":1768351698.268806,"logger":"fallback","caller":"kpa/kpa.go:178","msg":"PA scale got=1, want=0, desiredPods=0 ebc=0"}
{"level":"info","ts":1768351698.2688189,"logger":"fallback","caller":"kpa/kpa.go:188","msg":"Observed pod counts=kpa.podCounts{want:0, ready:1, notReady:0, pending:0, terminating:0}"}
{"level":"info","ts":"2026-01-13T16:48:18-08:00","logger":"KPAReconciler.reconcile","msg":"reconcile completed","key":"default/kamera-test","reconciler":"knative.dev.serving.pkg.reconciler.autoscaling.kpa.Reconciler","requeue":false,"requeueAfter":0}
{"level":"info","ts":"2026-01-13T16:48:18-08:00","logger":"tracecheck","msg":"Taking reconcile step","Depth":47,"# Distinct States":206,"Total States":207,"Resource States":48}
{"level":"info","ts":"2026-01-13T16:48:18-08:00","logger":"RevisionReconciler.seed","msg":"added podscalable to informer","resource":"deployments","namespace":"default","name":"kamera-test-deployment","stage":"podscalable-add","keys":["default/kamera-test-deployment"]}
{"level":"info","ts":"2026-01-13T16:48:18-08:00","logger":"RevisionReconciler.seed","msg":"podscalable visible to lister","resource":"deployments","namespace":"default","name":"kamera-test-deployment","stage":"podscalable-lister","object":{"apiVersion":"autoscaling.internal.knative.dev/v1alpha1","kind":"PodScalable","namespace":"default","name":"kamera-test-deployment"}}
{"level":"error","ts":1768351698.377641,"logger":"fallback","caller":"revision/controller.go:116","msg":"Failed to create resolver transport","error":"open /var/run/secrets/kubernetes.io/serviceaccount/ca.crt: no such file or directory","stacktrace":"knative.dev/serving/pkg/reconciler/revision.newControllerWithOptions\n\t/Users/tgoodwin/tmp/gomodcache/knative.dev/serving@v0.46.5/pkg/reconciler/revision/controller.go:116\nknative.dev/serving/pkg/reconciler/revision.NewController\n\t/Users/tgoodwin/tmp/gomodcache/knative.dev/serving@v0.46.5/pkg/reconciler/revision/controller.go:64\nmain.configureKnativeExplorer.func1.1\n\t/Users/tgoodwin/projects/kamera/examples/knative-serving/scenario.go:91\ngithub.com/tgoodwin/kamera/examples/knative-serving/knative.NewKnativeStrategy.func1\n\t/Users/tgoodwin/projects/kamera/examples/knative-serving/knative/harness.go:555\ngithub.com/tgoodwin/kamera/examples/knative-serving/knative.(*KnativeStrategy).ReconcileAtState\n\t/Users/tgoodwin/projects/kamera/examples/knative-serving/knative/harness.go:895\ngithub.com/tgoodwin/kamera/pkg/tracecheck.(*ReconcilerContainer).doReconcile\n\t/Users/tgoodwin/projects/kamera/pkg/tracecheck/reconciler.go:164\ngithub.com/tgoodwin/kamera/pkg/tracecheck.(*Explorer).reconcileAtState\n\t/Users/tgoodwin/projects/kamera/pkg/tracecheck/explore.go:1313\ngithub.com/tgoodwin/kamera/pkg/tracecheck.(*Explorer).takeReconcileStep\n\t/Users/tgoodwin/projects/kamera/pkg/tracecheck/explore.go:1228\ngithub.com/tgoodwin/kamera/pkg/tracecheck.(*Explorer).explore\n\t/Users/tgoodwin/projects/kamera/pkg/tracecheck/explore.go:790\ngithub.com/tgoodwin/kamera/pkg/tracecheck.(*Explorer).Explore.func1\n\t/Users/tgoodwin/projects/kamera/pkg/tracecheck/explore.go:330"}
{"level":"info","ts":1768351698.378182,"logger":"fallback","caller":"revision/reconcile_resources.go:161","msg":"Reconciling PA: kamera-test"}
{"level":"info","ts":"2026-01-13T16:48:18-08:00","logger":"RevisionReconciler.reconcile","msg":"reconcile completed","key":"default/kamera-test","reconciler":"knative.dev.serving.pkg.reconciler.revision.Reconciler","requeue":false,"requeueAfter":0}
{"level":"info","ts":"2026-01-13T16:48:18-08:00","logger":"tracecheck","msg":"Taking reconcile step","Depth":48,"# Distinct States":207,"Total States":208,"Resource States":48}
{"level":"info","ts":"2026-01-13T16:48:18-08:00","logger":"ConfigurationReconciler.seed","msg":"added podscalable to informer","resource":"deployments","namespace":"default","name":"kamera-test-deployment","stage":"podscalable-add","keys":["default/kamera-test-deployment"]}
{"level":"info","ts":"2026-01-13T16:48:18-08:00","logger":"ConfigurationReconciler.seed","msg":"podscalable visible to lister","resource":"deployments","namespace":"default","name":"kamera-test-deployment","stage":"podscalable-lister","object":{"apiVersion":"autoscaling.internal.knative.dev/v1alpha1","kind":"PodScalable","namespace":"default","name":"kamera-test-deployment"}}
{"level":"info","ts":1768351698.486759,"logger":"fallback","caller":"configuration/configuration.go:106","msg":"Revision \"kamera-test\" of configuration is ready"}
{"level":"info","ts":"2026-01-13T16:48:18-08:00","logger":"ConfigurationReconciler.reconcile","msg":"reconcile completed","key":"default/demo","reconciler":"knative.dev.serving.pkg.reconciler.configuration.Reconciler","requeue":false,"requeueAfter":0}
{"level":"info","ts":"2026-01-13T16:48:18-08:00","logger":"tracecheck","msg":"Taking reconcile step","Depth":49,"# Distinct States":208,"Total States":209,"Resource States":48}
{"level":"info","ts":"2026-01-13T16:48:18-08:00","logger":"RouteReconciler.seed","msg":"added podscalable to informer","resource":"deployments","namespace":"default","name":"kamera-test-deployment","stage":"podscalable-add","keys":["default/kamera-test-deployment"]}
{"level":"info","ts":"2026-01-13T16:48:18-08:00","logger":"RouteReconciler.seed","msg":"podscalable visible to lister","resource":"deployments","namespace":"default","name":"kamera-test-deployment","stage":"podscalable-lister","object":{"apiVersion":"autoscaling.internal.knative.dev/v1alpha1","kind":"PodScalable","namespace":"default","name":"kamera-test-deployment"}}
{"level":"info","ts":1768351698.595225,"logger":"fallback","caller":"route/route.go:465","msg":"Revision default/kamera-test is inactive"}
{"level":"info","ts":1768351698.595252,"logger":"fallback","caller":"route/route.go:487","msg":"All referred targets are routable, marking AllTrafficAssigned with traffic information."}
{"level":"info","ts":1768351698.595267,"logger":"fallback","caller":"route/route.go:140","msg":"Creating placeholder k8s services"}
{"level":"info","ts":1768351698.595427,"logger":"fallback","caller":"route/reconcile_resources.go:179","msg":"Created service demo"}
{"level":"info","ts":1768351698.595691,"logger":"fallback","caller":"route/route.go:176","msg":"Updating placeholder k8s services with ingress information"}
{"level":"warn","ts":1768351698.59571,"logger":"fallback","caller":"route/reconcile_resources.go:228","msg":"Failed to update k8s service","error":"failed to fetch loadbalancer domain/IP from ingress status"}
{"level":"info","ts":1768351698.59572,"logger":"fallback","caller":"route/route.go:198","msg":"Route successfully synced"}
{"level":"info","ts":"2026-01-13T16:48:18-08:00","logger":"RouteReconciler.reconcile","msg":"reconcile completed","key":"default/demo","reconciler":"knative.dev.serving.pkg.reconciler.route.Reconciler","requeue":false,"requeueAfter":0}
{"level":"info","ts":"2026-01-13T16:48:18-08:00","logger":"tracecheck","msg":"Taking reconcile step","Depth":50,"# Distinct States":209,"Total States":210,"Resource States":49}
{"level":"info","ts":"2026-01-13T16:48:18-08:00","logger":"ServiceReconciler.seed","msg":"added podscalable to informer","resource":"deployments","namespace":"default","name":"kamera-test-deployment","stage":"podscalable-add","keys":["default/kamera-test-deployment"]}
{"level":"info","ts":"2026-01-13T16:48:18-08:00","logger":"ServiceReconciler.seed","msg":"podscalable visible to lister","resource":"deployments","namespace":"default","name":"kamera-test-deployment","stage":"podscalable-lister","object":{"apiVersion":"autoscaling.internal.knative.dev/v1alpha1","kind":"PodScalable","namespace":"default","name":"kamera-test-deployment"}}
{"level":"info","ts":1768351698.7035148,"logger":"fallback","caller":"service/service.go:171","msg":"Service reconciler fetching Route from lister: name=demo, namespace=default"}
{"level":"info","ts":1768351698.7035332,"logger":"fallback","caller":"service/service.go:174","msg":"Service reconciler got Route from lister: name=demo, Generation=1, ObservedGeneration=1, ResourceVersion="}
{"level":"info","ts":1768351698.7035542,"logger":"fallback","caller":"service/service.go:126","msg":"Service reconciler checking Route: name=demo, Generation=1, ObservedGeneration=1, Ready=Unknown (reason=IngressNotConfigured, message=Ingress has not yet been reconciled.), generationMatch=true, routeResourceVersion="}
{"level":"info","ts":1768351698.703561,"logger":"fallback","caller":"service/service.go:136","msg":"Service reconciler calling PropagateRouteStatus() because Generation == ObservedGeneration"}
{"level":"info","ts":"2026-01-13T16:48:18-08:00","logger":"ServiceReconciler.reconcile","msg":"reconcile completed","key":"default/demo","reconciler":"knative.dev.serving.pkg.reconciler.service.Reconciler","requeue":false,"requeueAfter":0}
{"level":"info","ts":"2026-01-13T16:48:18-08:00","logger":"tracecheck","msg":"Taking reconcile step","Depth":51,"# Distinct States":210,"Total States":211,"Resource States":50}
{"level":"info","ts":"2026-01-13T16:48:18-08:00","logger":"tracecheck","msg":"Updated Deployment status","Depth":51,"# Distinct States":210,"Total States":211,"Resource States":50,"name":"kamera-test-deployment"}
{"level":"info","ts":"2026-01-13T16:48:18-08:00","logger":"tracecheck","msg":"Taking reconcile step","Depth":52,"# Distinct States":211,"Total States":212,"Resource States":51}
{"level":"info","ts":"2026-01-13T16:48:18-08:00","logger":"tracecheck","msg":"Taking reconcile step","Depth":53,"# Distinct States":212,"Total States":213,"Resource States":51}
{"level":"info","ts":"2026-01-13T16:48:18-08:00","logger":"KPAReconciler.seed","msg":"added podscalable to informer","resource":"deployments","namespace":"default","name":"kamera-test-deployment","stage":"podscalable-add","keys":["default/kamera-test-deployment"]}
{"level":"info","ts":"2026-01-13T16:48:18-08:00","logger":"KPAReconciler.seed","msg":"podscalable visible to lister","resource":"deployments","namespace":"default","name":"kamera-test-deployment","stage":"podscalable-lister","object":{"apiVersion":"autoscaling.internal.knative.dev/v1alpha1","kind":"PodScalable","namespace":"default","name":"kamera-test-deployment"}}
{"level":"info","ts":1768351698.819654,"logger":"fallback","caller":"kpa/controller.go:77","msg":"Setting up ConfigMap receivers"}
{"level":"info","ts":1768351698.8197389,"logger":"fallback","caller":"kpa/controller.go:91","msg":"Setting up KPA-Class event handlers"}
{"level":"info","ts":1768351698.819841,"logger":"fallback","caller":"kpa/scaler.go:379","msg":"Scaling from 1 to 0"}
{"level":"info","ts":1768351698.821821,"logger":"fallback","caller":"kpa/kpa.go:158","msg":"SKS should be in Proxy mode: want = 0, ebc = 0, #act's = 2 PA Inactive? = true"}
{"level":"info","ts":1768351698.821839,"logger":"fallback","caller":"kpa/kpa.go:178","msg":"PA scale got=1, want=0, desiredPods=0 ebc=0"}
{"level":"info","ts":1768351698.821847,"logger":"fallback","caller":"kpa/kpa.go:188","msg":"Observed pod counts=kpa.podCounts{want:0, ready:1, notReady:0, pending:0, terminating:0}"}
{"level":"info","ts":"2026-01-13T16:48:18-08:00","logger":"KPAReconciler.reconcile","msg":"reconcile completed","key":"default/kamera-test","reconciler":"knative.dev.serving.pkg.reconciler.autoscaling.kpa.Reconciler","requeue":false,"requeueAfter":0}
{"level":"info","ts":"2026-01-13T16:48:18-08:00","logger":"tracecheck","msg":"Taking reconcile step","Depth":54,"# Distinct States":213,"Total States":214,"Resource States":51}
{"level":"info","ts":"2026-01-13T16:48:18-08:00","logger":"tracecheck","msg":"Taking reconcile step","Depth":55,"# Distinct States":214,"Total States":215,"Resource States":51}
{"level":"info","ts":"2026-01-13T16:48:18-08:00","logger":"RevisionReconciler.seed","msg":"added podscalable to informer","resource":"deployments","namespace":"default","name":"kamera-test-deployment","stage":"podscalable-add","keys":["default/kamera-test-deployment"]}
{"level":"info","ts":"2026-01-13T16:48:18-08:00","logger":"RevisionReconciler.seed","msg":"podscalable visible to lister","resource":"deployments","namespace":"default","name":"kamera-test-deployment","stage":"podscalable-lister","object":{"apiVersion":"autoscaling.internal.knative.dev/v1alpha1","kind":"PodScalable","namespace":"default","name":"kamera-test-deployment"}}
{"level":"error","ts":1768351698.93201,"logger":"fallback","caller":"revision/controller.go:116","msg":"Failed to create resolver transport","error":"open /var/run/secrets/kubernetes.io/serviceaccount/ca.crt: no such file or directory","stacktrace":"knative.dev/serving/pkg/reconciler/revision.newControllerWithOptions\n\t/Users/tgoodwin/tmp/gomodcache/knative.dev/serving@v0.46.5/pkg/reconciler/revision/controller.go:116\nknative.dev/serving/pkg/reconciler/revision.NewController\n\t/Users/tgoodwin/tmp/gomodcache/knative.dev/serving@v0.46.5/pkg/reconciler/revision/controller.go:64\nmain.configureKnativeExplorer.func1.1\n\t/Users/tgoodwin/projects/kamera/examples/knative-serving/scenario.go:91\ngithub.com/tgoodwin/kamera/examples/knative-serving/knative.NewKnativeStrategy.func1\n\t/Users/tgoodwin/projects/kamera/examples/knative-serving/knative/harness.go:555\ngithub.com/tgoodwin/kamera/examples/knative-serving/knative.(*KnativeStrategy).ReconcileAtState\n\t/Users/tgoodwin/projects/kamera/examples/knative-serving/knative/harness.go:895\ngithub.com/tgoodwin/kamera/pkg/tracecheck.(*ReconcilerContainer).doReconcile\n\t/Users/tgoodwin/projects/kamera/pkg/tracecheck/reconciler.go:164\ngithub.com/tgoodwin/kamera/pkg/tracecheck.(*Explorer).reconcileAtState\n\t/Users/tgoodwin/projects/kamera/pkg/tracecheck/explore.go:1313\ngithub.com/tgoodwin/kamera/pkg/tracecheck.(*Explorer).takeReconcileStep\n\t/Users/tgoodwin/projects/kamera/pkg/tracecheck/explore.go:1228\ngithub.com/tgoodwin/kamera/pkg/tracecheck.(*Explorer).explore\n\t/Users/tgoodwin/projects/kamera/pkg/tracecheck/explore.go:790\ngithub.com/tgoodwin/kamera/pkg/tracecheck.(*Explorer).Explore.func1\n\t/Users/tgoodwin/projects/kamera/pkg/tracecheck/explore.go:330"}
{"level":"info","ts":1768351698.932328,"logger":"fallback","caller":"revision/reconcile_resources.go:161","msg":"Reconciling PA: kamera-test"}
{"level":"info","ts":"2026-01-13T16:48:18-08:00","logger":"RevisionReconciler.reconcile","msg":"reconcile completed","key":"default/kamera-test","reconciler":"knative.dev.serving.pkg.reconciler.revision.Reconciler","requeue":false,"requeueAfter":0}
{"level":"info","ts":"2026-01-13T16:48:18-08:00","logger":"tracecheck","msg":"Taking reconcile step","Depth":56,"# Distinct States":215,"Total States":216,"Resource States":51}
{"level":"info","ts":"2026-01-13T16:48:18-08:00","logger":"tracecheck","msg":"Taking reconcile step","Depth":57,"# Distinct States":216,"Total States":217,"Resource States":51}
{"level":"info","ts":"2026-01-13T16:48:18-08:00","logger":"tracecheck","msg":"Taking reconcile step","Depth":58,"# Distinct States":217,"Total States":218,"Resource States":52}
{"level":"info","ts":"2026-01-13T16:48:19-08:00","logger":"RouteReconciler.seed","msg":"added podscalable to informer","resource":"deployments","namespace":"default","name":"kamera-test-deployment","stage":"podscalable-add","keys":["default/kamera-test-deployment"]}
{"level":"info","ts":"2026-01-13T16:48:19-08:00","logger":"RouteReconciler.seed","msg":"podscalable visible to lister","resource":"deployments","namespace":"default","name":"kamera-test-deployment","stage":"podscalable-lister","object":{"apiVersion":"autoscaling.internal.knative.dev/v1alpha1","kind":"PodScalable","namespace":"default","name":"kamera-test-deployment"}}
{"level":"info","ts":1768351699.043453,"logger":"fallback","caller":"route/route.go:465","msg":"Revision default/kamera-test is inactive"}
{"level":"info","ts":1768351699.043479,"logger":"fallback","caller":"route/route.go:487","msg":"All referred targets are routable, marking AllTrafficAssigned with traffic information."}
{"level":"info","ts":1768351699.043495,"logger":"fallback","caller":"route/route.go:140","msg":"Creating placeholder k8s services"}
{"level":"info","ts":1768351699.0435998,"logger":"fallback","caller":"route/route.go:176","msg":"Updating placeholder k8s services with ingress information"}
{"level":"info","ts":1768351699.043812,"logger":"fallback","caller":"route/route.go:198","msg":"Route successfully synced"}
{"level":"info","ts":"2026-01-13T16:48:19-08:00","logger":"RouteReconciler.reconcile","msg":"reconcile completed","key":"default/demo","reconciler":"knative.dev.serving.pkg.reconciler.route.Reconciler","requeue":false,"requeueAfter":0}
{"level":"info","ts":"2026-01-13T16:48:19-08:00","logger":"tracecheck","msg":"Taking reconcile step","Depth":59,"# Distinct States":218,"Total States":219,"Resource States":53}
{"level":"info","ts":"2026-01-13T16:48:19-08:00","logger":"tracecheck","msg":"Taking reconcile step","Depth":60,"# Distinct States":219,"Total States":220,"Resource States":53}
{"level":"info","ts":"2026-01-13T16:48:19-08:00","logger":"ServiceReconciler.seed","msg":"added podscalable to informer","resource":"deployments","namespace":"default","name":"kamera-test-deployment","stage":"podscalable-add","keys":["default/kamera-test-deployment"]}
{"level":"info","ts":"2026-01-13T16:48:19-08:00","logger":"ServiceReconciler.seed","msg":"podscalable visible to lister","resource":"deployments","namespace":"default","name":"kamera-test-deployment","stage":"podscalable-lister","object":{"apiVersion":"autoscaling.internal.knative.dev/v1alpha1","kind":"PodScalable","namespace":"default","name":"kamera-test-deployment"}}
{"level":"info","ts":1768351699.153748,"logger":"fallback","caller":"service/service.go:171","msg":"Service reconciler fetching Route from lister: name=demo, namespace=default"}
{"level":"info","ts":1768351699.153772,"logger":"fallback","caller":"service/service.go:174","msg":"Service reconciler got Route from lister: name=demo, Generation=1, ObservedGeneration=1, ResourceVersion="}
{"level":"info","ts":1768351699.1538088,"logger":"fallback","caller":"service/service.go:126","msg":"Service reconciler checking Route: name=demo, Generation=1, ObservedGeneration=1, Ready=True (reason=, message=), generationMatch=true, routeResourceVersion="}
{"level":"info","ts":1768351699.1538181,"logger":"fallback","caller":"service/service.go:136","msg":"Service reconciler calling PropagateRouteStatus() because Generation == ObservedGeneration"}
{"level":"info","ts":"2026-01-13T16:48:19-08:00","logger":"ServiceReconciler.reconcile","msg":"reconcile completed","key":"default/demo","reconciler":"knative.dev.serving.pkg.reconciler.service.Reconciler","requeue":false,"requeueAfter":0}
{"level":"info","ts":"2026-01-13T16:48:19-08:00","logger":"tracecheck","msg":"Taking reconcile step","Depth":61,"# Distinct States":220,"Total States":221,"Resource States":54}
{"level":"info","ts":"2026-01-13T16:48:19-08:00","logger":"tracecheck","msg":"Updated Deployment status","Depth":61,"# Distinct States":220,"Total States":221,"Resource States":54,"name":"kamera-test-deployment"}
{"level":"info","ts":"2026-01-13T16:48:19-08:00","logger":"tracecheck","msg":"Taking reconcile step","Depth":62,"# Distinct States":221,"Total States":222,"Resource States":54}
{"level":"info","ts":"2026-01-13T16:48:19-08:00","logger":"KPAReconciler.seed","msg":"added podscalable to informer","resource":"deployments","namespace":"default","name":"kamera-test-deployment","stage":"podscalable-add","keys":["default/kamera-test-deployment"]}
{"level":"info","ts":"2026-01-13T16:48:19-08:00","logger":"KPAReconciler.seed","msg":"podscalable visible to lister","resource":"deployments","namespace":"default","name":"kamera-test-deployment","stage":"podscalable-lister","object":{"apiVersion":"autoscaling.internal.knative.dev/v1alpha1","kind":"PodScalable","namespace":"default","name":"kamera-test-deployment"}}
{"level":"info","ts":1768351699.269253,"logger":"fallback","caller":"kpa/controller.go:77","msg":"Setting up ConfigMap receivers"}
{"level":"info","ts":1768351699.269376,"logger":"fallback","caller":"kpa/controller.go:91","msg":"Setting up KPA-Class event handlers"}
{"level":"info","ts":1768351699.269515,"logger":"fallback","caller":"kpa/kpa.go:158","msg":"SKS should be in Proxy mode: want = 0, ebc = 0, #act's = 2 PA Inactive? = true"}
{"level":"info","ts":1768351699.2695382,"logger":"fallback","caller":"kpa/kpa.go:178","msg":"PA scale got=1, want=0, desiredPods=0 ebc=0"}
{"level":"info","ts":1768351699.2695491,"logger":"fallback","caller":"kpa/kpa.go:188","msg":"Observed pod counts=kpa.podCounts{want:0, ready:1, notReady:0, pending:0, terminating:0}"}
{"level":"info","ts":"2026-01-13T16:48:19-08:00","logger":"KPAReconciler.reconcile","msg":"reconcile completed","key":"default/kamera-test","reconciler":"knative.dev.serving.pkg.reconciler.autoscaling.kpa.Reconciler","requeue":false,"requeueAfter":0}
{"level":"info","ts":"2026-01-13T16:48:19-08:00","logger":"tracecheck","msg":"Taking reconcile step","Depth":63,"# Distinct States":222,"Total States":223,"Resource States":54}
{"level":"info","ts":"2026-01-13T16:48:19-08:00","logger":"tracecheck","msg":"Taking reconcile step","Depth":64,"# Distinct States":223,"Total States":224,"Resource States":54}
{"level":"info","ts":"2026-01-13T16:48:19-08:00","logger":"tracecheck","msg":"Taking reconcile step","Depth":65,"# Distinct States":224,"Total States":225,"Resource States":54}
{"level":"info","ts":"2026-01-13T16:48:19-08:00","logger":"RouteReconciler.seed","msg":"added podscalable to informer","resource":"deployments","namespace":"default","name":"kamera-test-deployment","stage":"podscalable-add","keys":["default/kamera-test-deployment"]}
{"level":"info","ts":"2026-01-13T16:48:19-08:00","logger":"RouteReconciler.seed","msg":"podscalable visible to lister","resource":"deployments","namespace":"default","name":"kamera-test-deployment","stage":"podscalable-lister","object":{"apiVersion":"autoscaling.internal.knative.dev/v1alpha1","kind":"PodScalable","namespace":"default","name":"kamera-test-deployment"}}
{"level":"info","ts":1768351699.382711,"logger":"fallback","caller":"route/route.go:465","msg":"Revision default/kamera-test is inactive"}
{"level":"info","ts":1768351699.382744,"logger":"fallback","caller":"route/route.go:487","msg":"All referred targets are routable, marking AllTrafficAssigned with traffic information."}
{"level":"info","ts":1768351699.382761,"logger":"fallback","caller":"route/route.go:140","msg":"Creating placeholder k8s services"}
{"level":"info","ts":1768351699.382863,"logger":"fallback","caller":"route/route.go:176","msg":"Updating placeholder k8s services with ingress information"}
{"level":"info","ts":1768351699.382911,"logger":"fallback","caller":"route/route.go:198","msg":"Route successfully synced"}
{"level":"info","ts":"2026-01-13T16:48:19-08:00","logger":"RouteReconciler.reconcile","msg":"reconcile completed","key":"default/demo","reconciler":"knative.dev.serving.pkg.reconciler.route.Reconciler","requeue":false,"requeueAfter":0}
{"level":"info","ts":"2026-01-13T16:48:19-08:00","logger":"tracecheck","msg":"Taking reconcile step","Depth":66,"# Distinct States":225,"Total States":226,"Resource States":54}
{"level":"info","ts":"2026-01-13T16:48:19-08:00","logger":"ServiceReconciler.seed","msg":"added podscalable to informer","resource":"deployments","namespace":"default","name":"kamera-test-deployment","stage":"podscalable-add","keys":["default/kamera-test-deployment"]}
{"level":"info","ts":"2026-01-13T16:48:19-08:00","logger":"ServiceReconciler.seed","msg":"podscalable visible to lister","resource":"deployments","namespace":"default","name":"kamera-test-deployment","stage":"podscalable-lister","object":{"apiVersion":"autoscaling.internal.knative.dev/v1alpha1","kind":"PodScalable","namespace":"default","name":"kamera-test-deployment"}}
{"level":"info","ts":1768351699.4904141,"logger":"fallback","caller":"service/service.go:171","msg":"Service reconciler fetching Route from lister: name=demo, namespace=default"}
{"level":"info","ts":1768351699.490437,"logger":"fallback","caller":"service/service.go:174","msg":"Service reconciler got Route from lister: name=demo, Generation=1, ObservedGeneration=1, ResourceVersion="}
{"level":"info","ts":1768351699.490464,"logger":"fallback","caller":"service/service.go:126","msg":"Service reconciler checking Route: name=demo, Generation=1, ObservedGeneration=1, Ready=True (reason=, message=), generationMatch=true, routeResourceVersion="}
{"level":"info","ts":1768351699.4904718,"logger":"fallback","caller":"service/service.go:136","msg":"Service reconciler calling PropagateRouteStatus() because Generation == ObservedGeneration"}
{"level":"info","ts":"2026-01-13T16:48:19-08:00","logger":"ServiceReconciler.reconcile","msg":"reconcile completed","key":"default/demo","reconciler":"knative.dev.serving.pkg.reconciler.service.Reconciler","requeue":false,"requeueAfter":0}
{"level":"info","ts":"2026-01-13T16:48:19-08:00","logger":"tracecheck","msg":"Taking reconcile step","Depth":67,"# Distinct States":226,"Total States":227,"Resource States":54}
{"level":"info","ts":"2026-01-13T16:48:19-08:00","logger":"tracecheck","msg":"Taking reconcile step","Depth":68,"# Distinct States":227,"Total States":228,"Resource States":54}
{"level":"info","ts":"2026-01-13T16:48:19-08:00","logger":"tracecheck","msg":"Deleting pods","Depth":68,"# Distinct States":227,"Total States":228,"Resource States":54,"count":1}
{"level":"info","ts":"2026-01-13T16:48:19-08:00","logger":"tracecheck","msg":"Taking reconcile step","Depth":69,"# Distinct States":228,"Total States":229,"Resource States":54}
{"level":"info","ts":"2026-01-13T16:48:19-08:00","logger":"tracecheck","msg":"Taking reconcile step","Depth":70,"# Distinct States":229,"Total States":230,"Resource States":54}
{"level":"info","ts":"2026-01-13T16:48:19-08:00","logger":"RevisionReconciler.seed","msg":"added podscalable to informer","resource":"deployments","namespace":"default","name":"kamera-test-deployment","stage":"podscalable-add","keys":["default/kamera-test-deployment"]}
{"level":"info","ts":"2026-01-13T16:48:19-08:00","logger":"RevisionReconciler.seed","msg":"podscalable visible to lister","resource":"deployments","namespace":"default","name":"kamera-test-deployment","stage":"podscalable-lister","object":{"apiVersion":"autoscaling.internal.knative.dev/v1alpha1","kind":"PodScalable","namespace":"default","name":"kamera-test-deployment"}}
{"level":"error","ts":1768351699.606014,"logger":"fallback","caller":"revision/controller.go:116","msg":"Failed to create resolver transport","error":"open /var/run/secrets/kubernetes.io/serviceaccount/ca.crt: no such file or directory","stacktrace":"knative.dev/serving/pkg/reconciler/revision.newControllerWithOptions\n\t/Users/tgoodwin/tmp/gomodcache/knative.dev/serving@v0.46.5/pkg/reconciler/revision/controller.go:116\nknative.dev/serving/pkg/reconciler/revision.NewController\n\t/Users/tgoodwin/tmp/gomodcache/knative.dev/serving@v0.46.5/pkg/reconciler/revision/controller.go:64\nmain.configureKnativeExplorer.func1.1\n\t/Users/tgoodwin/projects/kamera/examples/knative-serving/scenario.go:91\ngithub.com/tgoodwin/kamera/examples/knative-serving/knative.NewKnativeStrategy.func1\n\t/Users/tgoodwin/projects/kamera/examples/knative-serving/knative/harness.go:555\ngithub.com/tgoodwin/kamera/examples/knative-serving/knative.(*KnativeStrategy).ReconcileAtState\n\t/Users/tgoodwin/projects/kamera/examples/knative-serving/knative/harness.go:895\ngithub.com/tgoodwin/kamera/pkg/tracecheck.(*ReconcilerContainer).doReconcile\n\t/Users/tgoodwin/projects/kamera/pkg/tracecheck/reconciler.go:164\ngithub.com/tgoodwin/kamera/pkg/tracecheck.(*Explorer).reconcileAtState\n\t/Users/tgoodwin/projects/kamera/pkg/tracecheck/explore.go:1313\ngithub.com/tgoodwin/kamera/pkg/tracecheck.(*Explorer).takeReconcileStep\n\t/Users/tgoodwin/projects/kamera/pkg/tracecheck/explore.go:1228\ngithub.com/tgoodwin/kamera/pkg/tracecheck.(*Explorer).explore\n\t/Users/tgoodwin/projects/kamera/pkg/tracecheck/explore.go:790\ngithub.com/tgoodwin/kamera/pkg/tracecheck.(*Explorer).Explore.func1\n\t/Users/tgoodwin/projects/kamera/pkg/tracecheck/explore.go:330"}
{"level":"info","ts":1768351699.6063511,"logger":"fallback","caller":"revision/reconcile_resources.go:161","msg":"Reconciling PA: kamera-test"}
{"level":"info","ts":"2026-01-13T16:48:19-08:00","logger":"RevisionReconciler.reconcile","msg":"reconcile completed","key":"default/kamera-test","reconciler":"knative.dev.serving.pkg.reconciler.revision.Reconciler","requeue":false,"requeueAfter":0}
{"level":"info","ts":"2026-01-13T16:48:19-08:00","logger":"tracecheck","msg":"Taking reconcile step","Depth":71,"# Distinct States":230,"Total States":231,"Resource States":54}
{"level":"info","ts":"2026-01-13T16:48:19-08:00","logger":"KPAReconciler.seed","msg":"added podscalable to informer","resource":"deployments","namespace":"default","name":"kamera-test-deployment","stage":"podscalable-add","keys":["default/kamera-test-deployment"]}
{"level":"info","ts":"2026-01-13T16:48:19-08:00","logger":"KPAReconciler.seed","msg":"podscalable visible to lister","resource":"deployments","namespace":"default","name":"kamera-test-deployment","stage":"podscalable-lister","object":{"apiVersion":"autoscaling.internal.knative.dev/v1alpha1","kind":"PodScalable","namespace":"default","name":"kamera-test-deployment"}}
{"level":"info","ts":1768351699.714154,"logger":"fallback","caller":"kpa/controller.go:77","msg":"Setting up ConfigMap receivers"}
{"level":"info","ts":1768351699.7142851,"logger":"fallback","caller":"kpa/controller.go:91","msg":"Setting up KPA-Class event handlers"}
{"level":"info","ts":1768351699.714411,"logger":"fallback","caller":"kpa/kpa.go:158","msg":"SKS should be in Proxy mode: want = 0, ebc = 0, #act's = 2 PA Inactive? = true"}
{"level":"info","ts":1768351699.714435,"logger":"fallback","caller":"kpa/kpa.go:178","msg":"PA scale got=0, want=0, desiredPods=0 ebc=0"}
{"level":"info","ts":1768351699.714445,"logger":"fallback","caller":"kpa/kpa.go:188","msg":"Observed pod counts=kpa.podCounts{want:0, ready:0, notReady:1, pending:0, terminating:1}"}
{"level":"info","ts":"2026-01-13T16:48:19-08:00","logger":"KPAReconciler.reconcile","msg":"reconcile completed","key":"default/kamera-test","reconciler":"knative.dev.serving.pkg.reconciler.autoscaling.kpa.Reconciler","requeue":false,"requeueAfter":0}
{"level":"info","ts":"2026-01-13T16:48:19-08:00","logger":"tracecheck","msg":"Taking reconcile step","Depth":72,"# Distinct States":231,"Total States":232,"Resource States":54}
{"level":"info","ts":"2026-01-13T16:48:19-08:00","logger":"RevisionReconciler.seed","msg":"added podscalable to informer","resource":"deployments","namespace":"default","name":"kamera-test-deployment","stage":"podscalable-add","keys":["default/kamera-test-deployment"]}
{"level":"info","ts":"2026-01-13T16:48:19-08:00","logger":"RevisionReconciler.seed","msg":"podscalable visible to lister","resource":"deployments","namespace":"default","name":"kamera-test-deployment","stage":"podscalable-lister","object":{"apiVersion":"autoscaling.internal.knative.dev/v1alpha1","kind":"PodScalable","namespace":"default","name":"kamera-test-deployment"}}
{"level":"error","ts":1768351699.8235,"logger":"fallback","caller":"revision/controller.go:116","msg":"Failed to create resolver transport","error":"open /var/run/secrets/kubernetes.io/serviceaccount/ca.crt: no such file or directory","stacktrace":"knative.dev/serving/pkg/reconciler/revision.newControllerWithOptions\n\t/Users/tgoodwin/tmp/gomodcache/knative.dev/serving@v0.46.5/pkg/reconciler/revision/controller.go:116\nknative.dev/serving/pkg/reconciler/revision.NewController\n\t/Users/tgoodwin/tmp/gomodcache/knative.dev/serving@v0.46.5/pkg/reconciler/revision/controller.go:64\nmain.configureKnativeExplorer.func1.1\n\t/Users/tgoodwin/projects/kamera/examples/knative-serving/scenario.go:91\ngithub.com/tgoodwin/kamera/examples/knative-serving/knative.NewKnativeStrategy.func1\n\t/Users/tgoodwin/projects/kamera/examples/knative-serving/knative/harness.go:555\ngithub.com/tgoodwin/kamera/examples/knative-serving/knative.(*KnativeStrategy).ReconcileAtState\n\t/Users/tgoodwin/projects/kamera/examples/knative-serving/knative/harness.go:895\ngithub.com/tgoodwin/kamera/pkg/tracecheck.(*ReconcilerContainer).doReconcile\n\t/Users/tgoodwin/projects/kamera/pkg/tracecheck/reconciler.go:164\ngithub.com/tgoodwin/kamera/pkg/tracecheck.(*Explorer).reconcileAtState\n\t/Users/tgoodwin/projects/kamera/pkg/tracecheck/explore.go:1313\ngithub.com/tgoodwin/kamera/pkg/tracecheck.(*Explorer).takeReconcileStep\n\t/Users/tgoodwin/projects/kamera/pkg/tracecheck/explore.go:1228\ngithub.com/tgoodwin/kamera/pkg/tracecheck.(*Explorer).explore\n\t/Users/tgoodwin/projects/kamera/pkg/tracecheck/explore.go:790\ngithub.com/tgoodwin/kamera/pkg/tracecheck.(*Explorer).Explore.func1\n\t/Users/tgoodwin/projects/kamera/pkg/tracecheck/explore.go:330"}
{"level":"info","ts":1768351699.8238678,"logger":"fallback","caller":"revision/reconcile_resources.go:161","msg":"Reconciling PA: kamera-test"}
{"level":"info","ts":"2026-01-13T16:48:19-08:00","logger":"RevisionReconciler.reconcile","msg":"reconcile completed","key":"default/kamera-test","reconciler":"knative.dev.serving.pkg.reconciler.revision.Reconciler","requeue":false,"requeueAfter":0}
{"level":"info","ts":"2026-01-13T16:48:19-08:00","logger":"tracecheck","msg":"Taking reconcile step","Depth":62,"# Distinct States":232,"Total States":233,"Resource States":54}
{"level":"info","ts":"2026-01-13T16:48:19-08:00","logger":"RevisionReconciler.seed","msg":"added podscalable to informer","resource":"deployments","namespace":"default","name":"kamera-test-deployment","stage":"podscalable-add","keys":["default/kamera-test-deployment"]}
{"level":"info","ts":"2026-01-13T16:48:19-08:00","logger":"RevisionReconciler.seed","msg":"podscalable visible to lister","resource":"deployments","namespace":"default","name":"kamera-test-deployment","stage":"podscalable-lister","object":{"apiVersion":"autoscaling.internal.knative.dev/v1alpha1","kind":"PodScalable","namespace":"default","name":"kamera-test-deployment"}}
{"level":"error","ts":1768351699.931854,"logger":"fallback","caller":"revision/controller.go:116","msg":"Failed to create resolver transport","error":"open /var/run/secrets/kubernetes.io/serviceaccount/ca.crt: no such file or directory","stacktrace":"knative.dev/serving/pkg/reconciler/revision.newControllerWithOptions\n\t/Users/tgoodwin/tmp/gomodcache/knative.dev/serving@v0.46.5/pkg/reconciler/revision/controller.go:116\nknative.dev/serving/pkg/reconciler/revision.NewController\n\t/Users/tgoodwin/tmp/gomodcache/knative.dev/serving@v0.46.5/pkg/reconciler/revision/controller.go:64\nmain.configureKnativeExplorer.func1.1\n\t/Users/tgoodwin/projects/kamera/examples/knative-serving/scenario.go:91\ngithub.com/tgoodwin/kamera/examples/knative-serving/knative.NewKnativeStrategy.func1\n\t/Users/tgoodwin/projects/kamera/examples/knative-serving/knative/harness.go:555\ngithub.com/tgoodwin/kamera/examples/knative-serving/knative.(*KnativeStrategy).ReconcileAtState\n\t/Users/tgoodwin/projects/kamera/examples/knative-serving/knative/harness.go:895\ngithub.com/tgoodwin/kamera/pkg/tracecheck.(*ReconcilerContainer).doReconcile\n\t/Users/tgoodwin/projects/kamera/pkg/tracecheck/reconciler.go:164\ngithub.com/tgoodwin/kamera/pkg/tracecheck.(*Explorer).reconcileAtState\n\t/Users/tgoodwin/projects/kamera/pkg/tracecheck/explore.go:1313\ngithub.com/tgoodwin/kamera/pkg/tracecheck.(*Explorer).takeReconcileStep\n\t/Users/tgoodwin/projects/kamera/pkg/tracecheck/explore.go:1228\ngithub.com/tgoodwin/kamera/pkg/tracecheck.(*Explorer).explore\n\t/Users/tgoodwin/projects/kamera/pkg/tracecheck/explore.go:790\ngithub.com/tgoodwin/kamera/pkg/tracecheck.(*Explorer).Explore.func1\n\t/Users/tgoodwin/projects/kamera/pkg/tracecheck/explore.go:330"}
{"level":"info","ts":1768351699.932214,"logger":"fallback","caller":"revision/reconcile_resources.go:161","msg":"Reconciling PA: kamera-test"}
{"level":"info","ts":"2026-01-13T16:48:19-08:00","logger":"RevisionReconciler.reconcile","msg":"reconcile completed","key":"default/kamera-test","reconciler":"knative.dev.serving.pkg.reconciler.revision.Reconciler","requeue":false,"requeueAfter":0}
{"level":"info","ts":"2026-01-13T16:48:19-08:00","logger":"tracecheck","msg":"Taking reconcile step","Depth":63,"# Distinct States":233,"Total States":234,"Resource States":54}
{"level":"info","ts":"2026-01-13T16:48:20-08:00","logger":"KPAReconciler.seed","msg":"added podscalable to informer","resource":"deployments","namespace":"default","name":"kamera-test-deployment","stage":"podscalable-add","keys":["default/kamera-test-deployment"]}
{"level":"info","ts":"2026-01-13T16:48:20-08:00","logger":"KPAReconciler.seed","msg":"podscalable visible to lister","resource":"deployments","namespace":"default","name":"kamera-test-deployment","stage":"podscalable-lister","object":{"apiVersion":"autoscaling.internal.knative.dev/v1alpha1","kind":"PodScalable","namespace":"default","name":"kamera-test-deployment"}}
{"level":"info","ts":1768351700.039169,"logger":"fallback","caller":"kpa/controller.go:77","msg":"Setting up ConfigMap receivers"}
{"level":"info","ts":1768351700.039291,"logger":"fallback","caller":"kpa/controller.go:91","msg":"Setting up KPA-Class event handlers"}
{"level":"info","ts":1768351700.039447,"logger":"fallback","caller":"kpa/kpa.go:158","msg":"SKS should be in Proxy mode: want = 0, ebc = 0, #act's = 2 PA Inactive? = true"}
{"level":"info","ts":1768351700.039468,"logger":"fallback","caller":"kpa/kpa.go:178","msg":"PA scale got=1, want=0, desiredPods=0 ebc=0"}
{"level":"info","ts":1768351700.039479,"logger":"fallback","caller":"kpa/kpa.go:188","msg":"Observed pod counts=kpa.podCounts{want:0, ready:1, notReady:0, pending:0, terminating:0}"}
{"level":"info","ts":"2026-01-13T16:48:20-08:00","logger":"KPAReconciler.reconcile","msg":"reconcile completed","key":"default/kamera-test","reconciler":"knative.dev.serving.pkg.reconciler.autoscaling.kpa.Reconciler","requeue":false,"requeueAfter":0}
{"level":"info","ts":"2026-01-13T16:48:20-08:00","logger":"tracecheck","msg":"Taking reconcile step","Depth":64,"# Distinct States":234,"Total States":235,"Resource States":54}
{"level":"info","ts":"2026-01-13T16:48:20-08:00","logger":"tracecheck","msg":"Taking reconcile step","Depth":65,"# Distinct States":235,"Total States":236,"Resource States":54}
{"level":"info","ts":"2026-01-13T16:48:20-08:00","logger":"tracecheck","msg":"Taking reconcile step","Depth":66,"# Distinct States":236,"Total States":237,"Resource States":54}
{"level":"info","ts":"2026-01-13T16:48:20-08:00","logger":"RouteReconciler.seed","msg":"added podscalable to informer","resource":"deployments","namespace":"default","name":"kamera-test-deployment","stage":"podscalable-add","keys":["default/kamera-test-deployment"]}
{"level":"info","ts":"2026-01-13T16:48:20-08:00","logger":"RouteReconciler.seed","msg":"podscalable visible to lister","resource":"deployments","namespace":"default","name":"kamera-test-deployment","stage":"podscalable-lister","object":{"apiVersion":"autoscaling.internal.knative.dev/v1alpha1","kind":"PodScalable","namespace":"default","name":"kamera-test-deployment"}}
{"level":"info","ts":1768351700.151982,"logger":"fallback","caller":"route/route.go:465","msg":"Revision default/kamera-test is inactive"}
{"level":"info","ts":1768351700.152004,"logger":"fallback","caller":"route/route.go:487","msg":"All referred targets are routable, marking AllTrafficAssigned with traffic information."}
{"level":"info","ts":1768351700.1520178,"logger":"fallback","caller":"route/route.go:140","msg":"Creating placeholder k8s services"}
{"level":"info","ts":1768351700.1521,"logger":"fallback","caller":"route/route.go:176","msg":"Updating placeholder k8s services with ingress information"}
{"level":"info","ts":1768351700.152142,"logger":"fallback","caller":"route/route.go:198","msg":"Route successfully synced"}
{"level":"info","ts":"2026-01-13T16:48:20-08:00","logger":"RouteReconciler.reconcile","msg":"reconcile completed","key":"default/demo","reconciler":"knative.dev.serving.pkg.reconciler.route.Reconciler","requeue":false,"requeueAfter":0}
{"level":"info","ts":"2026-01-13T16:48:20-08:00","logger":"tracecheck","msg":"Taking reconcile step","Depth":67,"# Distinct States":237,"Total States":238,"Resource States":54}
{"level":"info","ts":"2026-01-13T16:48:20-08:00","logger":"ServiceReconciler.seed","msg":"added podscalable to informer","resource":"deployments","namespace":"default","name":"kamera-test-deployment","stage":"podscalable-add","keys":["default/kamera-test-deployment"]}
{"level":"info","ts":"2026-01-13T16:48:20-08:00","logger":"ServiceReconciler.seed","msg":"podscalable visible to lister","resource":"deployments","namespace":"default","name":"kamera-test-deployment","stage":"podscalable-lister","object":{"apiVersion":"autoscaling.internal.knative.dev/v1alpha1","kind":"PodScalable","namespace":"default","name":"kamera-test-deployment"}}
{"level":"info","ts":1768351700.25895,"logger":"fallback","caller":"service/service.go:171","msg":"Service reconciler fetching Route from lister: name=demo, namespace=default"}
{"level":"info","ts":1768351700.258966,"logger":"fallback","caller":"service/service.go:174","msg":"Service reconciler got Route from lister: name=demo, Generation=1, ObservedGeneration=1, ResourceVersion="}
{"level":"info","ts":1768351700.258991,"logger":"fallback","caller":"service/service.go:126","msg":"Service reconciler checking Route: name=demo, Generation=1, ObservedGeneration=1, Ready=True (reason=, message=), generationMatch=true, routeResourceVersion="}
{"level":"info","ts":1768351700.258999,"logger":"fallback","caller":"service/service.go:136","msg":"Service reconciler calling PropagateRouteStatus() because Generation == ObservedGeneration"}
{"level":"info","ts":"2026-01-13T16:48:20-08:00","logger":"ServiceReconciler.reconcile","msg":"reconcile completed","key":"default/demo","reconciler":"knative.dev.serving.pkg.reconciler.service.Reconciler","requeue":false,"requeueAfter":0}
{"level":"info","ts":"2026-01-13T16:48:20-08:00","logger":"tracecheck","msg":"Taking reconcile step","Depth":68,"# Distinct States":238,"Total States":239,"Resource States":54}
{"level":"info","ts":"2026-01-13T16:48:20-08:00","logger":"tracecheck","msg":"Taking reconcile step","Depth":69,"# Distinct States":239,"Total States":240,"Resource States":54}
{"level":"info","ts":"2026-01-13T16:48:20-08:00","logger":"tracecheck","msg":"Deleting pods","Depth":69,"# Distinct States":239,"Total States":240,"Resource States":54,"count":1}
{"level":"info","ts":"2026-01-13T16:48:20-08:00","logger":"tracecheck","msg":"Taking reconcile step","Depth":52,"# Distinct States":241,"Total States":242,"Resource States":54}
{"level":"info","ts":"2026-01-13T16:48:20-08:00","logger":"RevisionReconciler.seed","msg":"added podscalable to informer","resource":"deployments","namespace":"default","name":"kamera-test-deployment","stage":"podscalable-add","keys":["default/kamera-test-deployment"]}
{"level":"info","ts":"2026-01-13T16:48:20-08:00","logger":"RevisionReconciler.seed","msg":"podscalable visible to lister","resource":"deployments","namespace":"default","name":"kamera-test-deployment","stage":"podscalable-lister","object":{"apiVersion":"autoscaling.internal.knative.dev/v1alpha1","kind":"PodScalable","namespace":"default","name":"kamera-test-deployment"}}
{"level":"error","ts":1768351700.371701,"logger":"fallback","caller":"revision/controller.go:116","msg":"Failed to create resolver transport","error":"open /var/run/secrets/kubernetes.io/serviceaccount/ca.crt: no such file or directory","stacktrace":"knative.dev/serving/pkg/reconciler/revision.newControllerWithOptions\n\t/Users/tgoodwin/tmp/gomodcache/knative.dev/serving@v0.46.5/pkg/reconciler/revision/controller.go:116\nknative.dev/serving/pkg/reconciler/revision.NewController\n\t/Users/tgoodwin/tmp/gomodcache/knative.dev/serving@v0.46.5/pkg/reconciler/revision/controller.go:64\nmain.configureKnativeExplorer.func1.1\n\t/Users/tgoodwin/projects/kamera/examples/knative-serving/scenario.go:91\ngithub.com/tgoodwin/kamera/examples/knative-serving/knative.NewKnativeStrategy.func1\n\t/Users/tgoodwin/projects/kamera/examples/knative-serving/knative/harness.go:555\ngithub.com/tgoodwin/kamera/examples/knative-serving/knative.(*KnativeStrategy).ReconcileAtState\n\t/Users/tgoodwin/projects/kamera/examples/knative-serving/knative/harness.go:895\ngithub.com/tgoodwin/kamera/pkg/tracecheck.(*ReconcilerContainer).doReconcile\n\t/Users/tgoodwin/projects/kamera/pkg/tracecheck/reconciler.go:164\ngithub.com/tgoodwin/kamera/pkg/tracecheck.(*Explorer).reconcileAtState\n\t/Users/tgoodwin/projects/kamera/pkg/tracecheck/explore.go:1313\ngithub.com/tgoodwin/kamera/pkg/tracecheck.(*Explorer).takeReconcileStep\n\t/Users/tgoodwin/projects/kamera/pkg/tracecheck/explore.go:1228\ngithub.com/tgoodwin/kamera/pkg/tracecheck.(*Explorer).explore\n\t/Users/tgoodwin/projects/kamera/pkg/tracecheck/explore.go:790\ngithub.com/tgoodwin/kamera/pkg/tracecheck.(*Explorer).Explore.func1\n\t/Users/tgoodwin/projects/kamera/pkg/tracecheck/explore.go:330"}
{"level":"info","ts":1768351700.371996,"logger":"fallback","caller":"revision/reconcile_resources.go:161","msg":"Reconciling PA: kamera-test"}
{"level":"info","ts":"2026-01-13T16:48:20-08:00","logger":"RevisionReconciler.reconcile","msg":"reconcile completed","key":"default/kamera-test","reconciler":"knative.dev.serving.pkg.reconciler.revision.Reconciler","requeue":false,"requeueAfter":0}
{"level":"info","ts":"2026-01-13T16:48:20-08:00","logger":"tracecheck","msg":"Taking reconcile step","Depth":53,"# Distinct States":242,"Total States":243,"Resource States":54}
{"level":"info","ts":"2026-01-13T16:48:20-08:00","logger":"tracecheck","msg":"Taking reconcile step","Depth":54,"# Distinct States":243,"Total States":244,"Resource States":54}
{"level":"info","ts":"2026-01-13T16:48:20-08:00","logger":"KPAReconciler.seed","msg":"added podscalable to informer","resource":"deployments","namespace":"default","name":"kamera-test-deployment","stage":"podscalable-add","keys":["default/kamera-test-deployment"]}
{"level":"info","ts":"2026-01-13T16:48:20-08:00","logger":"KPAReconciler.seed","msg":"podscalable visible to lister","resource":"deployments","namespace":"default","name":"kamera-test-deployment","stage":"podscalable-lister","object":{"apiVersion":"autoscaling.internal.knative.dev/v1alpha1","kind":"PodScalable","namespace":"default","name":"kamera-test-deployment"}}
{"level":"info","ts":1768351700.481005,"logger":"fallback","caller":"kpa/controller.go:77","msg":"Setting up ConfigMap receivers"}
{"level":"info","ts":1768351700.481144,"logger":"fallback","caller":"kpa/controller.go:91","msg":"Setting up KPA-Class event handlers"}
{"level":"info","ts":1768351700.481293,"logger":"fallback","caller":"kpa/scaler.go:379","msg":"Scaling from 1 to 0"}
{"level":"info","ts":1768351700.4836612,"logger":"fallback","caller":"kpa/kpa.go:158","msg":"SKS should be in Proxy mode: want = 0, ebc = 0, #act's = 2 PA Inactive? = true"}
{"level":"info","ts":1768351700.483687,"logger":"fallback","caller":"kpa/kpa.go:178","msg":"PA scale got=1, want=0, desiredPods=0 ebc=0"}
{"level":"info","ts":1768351700.483697,"logger":"fallback","caller":"kpa/kpa.go:188","msg":"Observed pod counts=kpa.podCounts{want:0, ready:1, notReady:0, pending:0, terminating:0}"}
{"level":"info","ts":"2026-01-13T16:48:20-08:00","logger":"KPAReconciler.reconcile","msg":"reconcile completed","key":"default/kamera-test","reconciler":"knative.dev.serving.pkg.reconciler.autoscaling.kpa.Reconciler","requeue":false,"requeueAfter":0}
{"level":"info","ts":"2026-01-13T16:48:20-08:00","logger":"tracecheck","msg":"Taking reconcile step","Depth":55,"# Distinct States":244,"Total States":245,"Resource States":54}
{"level":"info","ts":"2026-01-13T16:48:20-08:00","logger":"tracecheck","msg":"Taking reconcile step","Depth":56,"# Distinct States":245,"Total States":246,"Resource States":54}
{"level":"info","ts":"2026-01-13T16:48:20-08:00","logger":"tracecheck","msg":"Taking reconcile step","Depth":57,"# Distinct States":246,"Total States":247,"Resource States":54}
{"level":"info","ts":"2026-01-13T16:48:20-08:00","logger":"tracecheck","msg":"Taking reconcile step","Depth":58,"# Distinct States":247,"Total States":248,"Resource States":54}
{"level":"info","ts":"2026-01-13T16:48:20-08:00","logger":"RouteReconciler.seed","msg":"added podscalable to informer","resource":"deployments","namespace":"default","name":"kamera-test-deployment","stage":"podscalable-add","keys":["default/kamera-test-deployment"]}
{"level":"info","ts":"2026-01-13T16:48:20-08:00","logger":"RouteReconciler.seed","msg":"podscalable visible to lister","resource":"deployments","namespace":"default","name":"kamera-test-deployment","stage":"podscalable-lister","object":{"apiVersion":"autoscaling.internal.knative.dev/v1alpha1","kind":"PodScalable","namespace":"default","name":"kamera-test-deployment"}}
{"level":"info","ts":1768351700.598578,"logger":"fallback","caller":"route/route.go:465","msg":"Revision default/kamera-test is inactive"}
{"level":"info","ts":1768351700.598596,"logger":"fallback","caller":"route/route.go:487","msg":"All referred targets are routable, marking AllTrafficAssigned with traffic information."}
{"level":"info","ts":1768351700.598609,"logger":"fallback","caller":"route/route.go:140","msg":"Creating placeholder k8s services"}
{"level":"info","ts":1768351700.59869,"logger":"fallback","caller":"route/route.go:176","msg":"Updating placeholder k8s services with ingress information"}
{"level":"info","ts":1768351700.598885,"logger":"fallback","caller":"route/route.go:198","msg":"Route successfully synced"}
{"level":"info","ts":"2026-01-13T16:48:20-08:00","logger":"RouteReconciler.reconcile","msg":"reconcile completed","key":"default/demo","reconciler":"knative.dev.serving.pkg.reconciler.route.Reconciler","requeue":false,"requeueAfter":0}
{"level":"info","ts":"2026-01-13T16:48:20-08:00","logger":"tracecheck","msg":"Taking reconcile step","Depth":59,"# Distinct States":248,"Total States":249,"Resource States":54}
{"level":"info","ts":"2026-01-13T16:48:20-08:00","logger":"tracecheck","msg":"Taking reconcile step","Depth":60,"# Distinct States":249,"Total States":250,"Resource States":54}
{"level":"info","ts":"2026-01-13T16:48:20-08:00","logger":"ServiceReconciler.seed","msg":"added podscalable to informer","resource":"deployments","namespace":"default","name":"kamera-test-deployment","stage":"podscalable-add","keys":["default/kamera-test-deployment"]}
{"level":"info","ts":"2026-01-13T16:48:20-08:00","logger":"ServiceReconciler.seed","msg":"podscalable visible to lister","resource":"deployments","namespace":"default","name":"kamera-test-deployment","stage":"podscalable-lister","object":{"apiVersion":"autoscaling.internal.knative.dev/v1alpha1","kind":"PodScalable","namespace":"default","name":"kamera-test-deployment"}}
{"level":"info","ts":1768351700.708266,"logger":"fallback","caller":"service/service.go:171","msg":"Service reconciler fetching Route from lister: name=demo, namespace=default"}
{"level":"info","ts":1768351700.708308,"logger":"fallback","caller":"service/service.go:174","msg":"Service reconciler got Route from lister: name=demo, Generation=1, ObservedGeneration=1, ResourceVersion="}
{"level":"info","ts":1768351700.7083368,"logger":"fallback","caller":"service/service.go:126","msg":"Service reconciler checking Route: name=demo, Generation=1, ObservedGeneration=1, Ready=True (reason=, message=), generationMatch=true, routeResourceVersion="}
{"level":"info","ts":1768351700.7083461,"logger":"fallback","caller":"service/service.go:136","msg":"Service reconciler calling PropagateRouteStatus() because Generation == ObservedGeneration"}
{"level":"info","ts":"2026-01-13T16:48:20-08:00","logger":"ServiceReconciler.reconcile","msg":"reconcile completed","key":"default/demo","reconciler":"knative.dev.serving.pkg.reconciler.service.Reconciler","requeue":false,"requeueAfter":0}
{"level":"info","ts":"2026-01-13T16:48:20-08:00","logger":"tracecheck","msg":"Taking reconcile step","Depth":61,"# Distinct States":250,"Total States":251,"Resource States":54}
{"level":"info","ts":"2026-01-13T16:48:20-08:00","logger":"tracecheck","msg":"Updated Deployment status","Depth":61,"# Distinct States":250,"Total States":251,"Resource States":54,"name":"kamera-test-deployment"}
{"level":"info","ts":"2026-01-13T16:48:20-08:00","logger":"tracecheck","msg":"Taking reconcile step","Depth":37,"# Distinct States":251,"Total States":253,"Resource States":54}
{"level":"info","ts":"2026-01-13T16:48:20-08:00","logger":"RevisionReconciler.seed","msg":"added podscalable to informer","resource":"deployments","namespace":"default","name":"kamera-test-deployment","stage":"podscalable-add","keys":["default/kamera-test-deployment"]}
{"level":"info","ts":"2026-01-13T16:48:20-08:00","logger":"RevisionReconciler.seed","msg":"podscalable visible to lister","resource":"deployments","namespace":"default","name":"kamera-test-deployment","stage":"podscalable-lister","object":{"apiVersion":"autoscaling.internal.knative.dev/v1alpha1","kind":"PodScalable","namespace":"default","name":"kamera-test-deployment"}}
{"level":"error","ts":1768351700.827426,"logger":"fallback","caller":"revision/controller.go:116","msg":"Failed to create resolver transport","error":"open /var/run/secrets/kubernetes.io/serviceaccount/ca.crt: no such file or directory","stacktrace":"knative.dev/serving/pkg/reconciler/revision.newControllerWithOptions\n\t/Users/tgoodwin/tmp/gomodcache/knative.dev/serving@v0.46.5/pkg/reconciler/revision/controller.go:116\nknative.dev/serving/pkg/reconciler/revision.NewController\n\t/Users/tgoodwin/tmp/gomodcache/knative.dev/serving@v0.46.5/pkg/reconciler/revision/controller.go:64\nmain.configureKnativeExplorer.func1.1\n\t/Users/tgoodwin/projects/kamera/examples/knative-serving/scenario.go:91\ngithub.com/tgoodwin/kamera/examples/knative-serving/knative.NewKnativeStrategy.func1\n\t/Users/tgoodwin/projects/kamera/examples/knative-serving/knative/harness.go:555\ngithub.com/tgoodwin/kamera/examples/knative-serving/knative.(*KnativeStrategy).ReconcileAtState\n\t/Users/tgoodwin/projects/kamera/examples/knative-serving/knative/harness.go:895\ngithub.com/tgoodwin/kamera/pkg/tracecheck.(*ReconcilerContainer).doReconcile\n\t/Users/tgoodwin/projects/kamera/pkg/tracecheck/reconciler.go:164\ngithub.com/tgoodwin/kamera/pkg/tracecheck.(*Explorer).reconcileAtState\n\t/Users/tgoodwin/projects/kamera/pkg/tracecheck/explore.go:1313\ngithub.com/tgoodwin/kamera/pkg/tracecheck.(*Explorer).takeReconcileStep\n\t/Users/tgoodwin/projects/kamera/pkg/tracecheck/explore.go:1228\ngithub.com/tgoodwin/kamera/pkg/tracecheck.(*Explorer).explore\n\t/Users/tgoodwin/projects/kamera/pkg/tracecheck/explore.go:790\ngithub.com/tgoodwin/kamera/pkg/tracecheck.(*Explorer).Explore.func1\n\t/Users/tgoodwin/projects/kamera/pkg/tracecheck/explore.go:330"}
{"level":"info","ts":1768351700.827855,"logger":"fallback","caller":"revision/reconcile_resources.go:161","msg":"Reconciling PA: kamera-test"}
{"level":"info","ts":"2026-01-13T16:48:20-08:00","logger":"RevisionReconciler.reconcile","msg":"reconcile completed","key":"default/kamera-test","reconciler":"knative.dev.serving.pkg.reconciler.revision.Reconciler","requeue":false,"requeueAfter":0}
{"level":"info","ts":"2026-01-13T16:48:20-08:00","logger":"tracecheck","msg":"Taking reconcile step","Depth":38,"# Distinct States":252,"Total States":254,"Resource States":54}
{"level":"info","ts":"2026-01-13T16:48:20-08:00","logger":"ServerlessServiceReconciler.seed","msg":"added podscalable to informer","resource":"deployments","namespace":"default","name":"kamera-test-deployment","stage":"podscalable-add","keys":["default/kamera-test-deployment"]}
{"level":"info","ts":"2026-01-13T16:48:20-08:00","logger":"ServerlessServiceReconciler.seed","msg":"podscalable visible to lister","resource":"deployments","namespace":"default","name":"kamera-test-deployment","stage":"podscalable-lister","object":{"apiVersion":"autoscaling.internal.knative.dev/v1alpha1","kind":"PodScalable","namespace":"default","name":"kamera-test-deployment"}}
{"level":"info","ts":1768351700.934183,"logger":"fallback","caller":"serverlessservice/controller.go:90","msg":"Doing a global resync due to activator endpoint changes"}
{"level":"info","ts":1768351700.934224,"logger":"fallback","caller":"serverlessservice/serverlessservice.go:217","msg":"SKS is in Proxy mode; has 0 endpoints in kamera-test-private; 1 activator endpoints"}
{"level":"info","ts":1768351700.934237,"logger":"fallback","caller":"serverlessservice/serverlessservice.go:245","msg":"Forcing SKS into Proxy mode, insufficient ready endpoints."}
{"level":"info","ts":1768351700.934248,"logger":"fallback","caller":"serverlessservice/serverlessservice.go:290","msg":"No ready endpoints backing revision"}
{"level":"info","ts":"2026-01-13T16:48:20-08:00","logger":"ServerlessServiceReconciler.reconcile","msg":"reconcile completed","key":"default/kamera-test","reconciler":"knative.dev.serving.pkg.reconciler.serverlessservice.reconciler","requeue":false,"requeueAfter":0}
{"level":"info","ts":"2026-01-13T16:48:20-08:00","logger":"tracecheck","msg":"Taking reconcile step","Depth":39,"# Distinct States":253,"Total States":255,"Resource States":54}
{"level":"info","ts":"2026-01-13T16:48:20-08:00","logger":"tracecheck","msg":"updated pod status","Depth":39,"# Distinct States":253,"Total States":255,"Resource States":54,"phase":"Running","pod":{"name":"kamera-test-deployment-1488584584-0","namespace":"default"}}
{"level":"info","ts":"2026-01-13T16:48:20-08:00","logger":"tracecheck","msg":"Taking reconcile step","Depth":40,"# Distinct States":254,"Total States":256,"Resource States":54}
{"level":"info","ts":"2026-01-13T16:48:20-08:00","logger":"tracecheck","msg":"Taking reconcile step","Depth":41,"# Distinct States":255,"Total States":257,"Resource States":54}
{"level":"info","ts":"2026-01-13T16:48:21-08:00","logger":"KPAReconciler.seed","msg":"added podscalable to informer","resource":"deployments","namespace":"default","name":"kamera-test-deployment","stage":"podscalable-add","keys":["default/kamera-test-deployment"]}
{"level":"info","ts":"2026-01-13T16:48:21-08:00","logger":"KPAReconciler.seed","msg":"podscalable visible to lister","resource":"deployments","namespace":"default","name":"kamera-test-deployment","stage":"podscalable-lister","object":{"apiVersion":"autoscaling.internal.knative.dev/v1alpha1","kind":"PodScalable","namespace":"default","name":"kamera-test-deployment"}}
{"level":"info","ts":1768351701.046508,"logger":"fallback","caller":"kpa/controller.go:77","msg":"Setting up ConfigMap receivers"}
{"level":"info","ts":1768351701.046644,"logger":"fallback","caller":"kpa/controller.go:91","msg":"Setting up KPA-Class event handlers"}
{"level":"info","ts":1768351701.0467598,"logger":"fallback","caller":"kpa/kpa.go:158","msg":"SKS should be in Proxy mode: want = -1, ebc = 0, #act's = 2 PA Inactive? = false"}
{"level":"info","ts":1768351701.046784,"logger":"fallback","caller":"kpa/kpa.go:178","msg":"PA scale got=1, want=-1, desiredPods=0 ebc=0"}
{"level":"info","ts":1768351701.046794,"logger":"fallback","caller":"kpa/kpa.go:188","msg":"Observed pod counts=kpa.podCounts{want:-1, ready:1, notReady:0, pending:0, terminating:0}"}
{"level":"info","ts":"2026-01-13T16:48:21-08:00","logger":"KPAReconciler.reconcile","msg":"reconcile completed","key":"default/kamera-test","reconciler":"knative.dev.serving.pkg.reconciler.autoscaling.kpa.Reconciler","requeue":false,"requeueAfter":0}
{"level":"info","ts":"2026-01-13T16:48:21-08:00","logger":"tracecheck","msg":"Taking reconcile step","Depth":42,"# Distinct States":256,"Total States":258,"Resource States":54}
{"level":"info","ts":"2026-01-13T16:48:21-08:00","logger":"ConfigurationReconciler.seed","msg":"added podscalable to informer","resource":"deployments","namespace":"default","name":"kamera-test-deployment","stage":"podscalable-add","keys":["default/kamera-test-deployment"]}
{"level":"info","ts":"2026-01-13T16:48:21-08:00","logger":"ConfigurationReconciler.seed","msg":"podscalable visible to lister","resource":"deployments","namespace":"default","name":"kamera-test-deployment","stage":"podscalable-lister","object":{"apiVersion":"autoscaling.internal.knative.dev/v1alpha1","kind":"PodScalable","namespace":"default","name":"kamera-test-deployment"}}
{"level":"info","ts":1768351701.1550488,"logger":"fallback","caller":"configuration/configuration.go:103","msg":"Revision \"kamera-test\" of configuration is not ready"}
{"level":"info","ts":"2026-01-13T16:48:21-08:00","logger":"ConfigurationReconciler.reconcile","msg":"reconcile completed","key":"default/demo","reconciler":"knative.dev.serving.pkg.reconciler.configuration.Reconciler","requeue":false,"requeueAfter":0}
{"level":"info","ts":"2026-01-13T16:48:21-08:00","logger":"tracecheck","msg":"Taking reconcile step","Depth":43,"# Distinct States":257,"Total States":259,"Resource States":54}
{"level":"info","ts":"2026-01-13T16:48:21-08:00","logger":"tracecheck","msg":"Taking reconcile step","Depth":44,"# Distinct States":258,"Total States":260,"Resource States":54}
{"level":"info","ts":"2026-01-13T16:48:21-08:00","logger":"tracecheck","msg":"Taking reconcile step","Depth":45,"# Distinct States":259,"Total States":261,"Resource States":54}
{"level":"info","ts":"2026-01-13T16:48:21-08:00","logger":"tracecheck","msg":"Updated ReplicaSet status","Depth":45,"# Distinct States":259,"Total States":261,"Resource States":54,"name":"kamera-test-deployment-1488584584"}
{"level":"info","ts":"2026-01-13T16:48:21-08:00","logger":"tracecheck","msg":"Taking reconcile step","Depth":46,"# Distinct States":260,"Total States":262,"Resource States":55}
{"level":"info","ts":"2026-01-13T16:48:21-08:00","logger":"KPAReconciler.seed","msg":"added podscalable to informer","resource":"deployments","namespace":"default","name":"kamera-test-deployment","stage":"podscalable-add","keys":["default/kamera-test-deployment"]}
{"level":"info","ts":"2026-01-13T16:48:21-08:00","logger":"KPAReconciler.seed","msg":"podscalable visible to lister","resource":"deployments","namespace":"default","name":"kamera-test-deployment","stage":"podscalable-lister","object":{"apiVersion":"autoscaling.internal.knative.dev/v1alpha1","kind":"PodScalable","namespace":"default","name":"kamera-test-deployment"}}
{"level":"info","ts":1768351701.271307,"logger":"fallback","caller":"kpa/controller.go:77","msg":"Setting up ConfigMap receivers"}
{"level":"info","ts":1768351701.27141,"logger":"fallback","caller":"kpa/controller.go:91","msg":"Setting up KPA-Class event handlers"}
{"level":"info","ts":1768351701.271509,"logger":"fallback","caller":"kpa/scaler.go:229","msg":"Can deactivate PA, was active for 10s"}
{"level":"info","ts":1768351701.2715251,"logger":"fallback","caller":"kpa/kpa.go:158","msg":"SKS should be in Proxy mode: want = 0, ebc = 0, #act's = 2 PA Inactive? = false"}
{"level":"info","ts":1768351701.271543,"logger":"fallback","caller":"kpa/kpa.go:178","msg":"PA scale got=1, want=0, desiredPods=0 ebc=0"}
{"level":"info","ts":1768351701.271553,"logger":"fallback","caller":"kpa/kpa.go:188","msg":"Observed pod counts=kpa.podCounts{want:0, ready:1, notReady:0, pending:0, terminating:0}"}
{"level":"info","ts":"2026-01-13T16:48:21-08:00","logger":"KPAReconciler.reconcile","msg":"reconcile completed","key":"default/kamera-test","reconciler":"knative.dev.serving.pkg.reconciler.autoscaling.kpa.Reconciler","requeue":false,"requeueAfter":0}
{"level":"info","ts":"2026-01-13T16:48:21-08:00","logger":"tracecheck","msg":"Taking reconcile step","Depth":47,"# Distinct States":261,"Total States":263,"Resource States":56}
{"level":"info","ts":"2026-01-13T16:48:21-08:00","logger":"RevisionReconciler.seed","msg":"added podscalable to informer","resource":"deployments","namespace":"default","name":"kamera-test-deployment","stage":"podscalable-add","keys":["default/kamera-test-deployment"]}
{"level":"info","ts":"2026-01-13T16:48:21-08:00","logger":"RevisionReconciler.seed","msg":"podscalable visible to lister","resource":"deployments","namespace":"default","name":"kamera-test-deployment","stage":"podscalable-lister","object":{"apiVersion":"autoscaling.internal.knative.dev/v1alpha1","kind":"PodScalable","namespace":"default","name":"kamera-test-deployment"}}
{"level":"error","ts":1768351701.3796082,"logger":"fallback","caller":"revision/controller.go:116","msg":"Failed to create resolver transport","error":"open /var/run/secrets/kubernetes.io/serviceaccount/ca.crt: no such file or directory","stacktrace":"knative.dev/serving/pkg/reconciler/revision.newControllerWithOptions\n\t/Users/tgoodwin/tmp/gomodcache/knative.dev/serving@v0.46.5/pkg/reconciler/revision/controller.go:116\nknative.dev/serving/pkg/reconciler/revision.NewController\n\t/Users/tgoodwin/tmp/gomodcache/knative.dev/serving@v0.46.5/pkg/reconciler/revision/controller.go:64\nmain.configureKnativeExplorer.func1.1\n\t/Users/tgoodwin/projects/kamera/examples/knative-serving/scenario.go:91\ngithub.com/tgoodwin/kamera/examples/knative-serving/knative.NewKnativeStrategy.func1\n\t/Users/tgoodwin/projects/kamera/examples/knative-serving/knative/harness.go:555\ngithub.com/tgoodwin/kamera/examples/knative-serving/knative.(*KnativeStrategy).ReconcileAtState\n\t/Users/tgoodwin/projects/kamera/examples/knative-serving/knative/harness.go:895\ngithub.com/tgoodwin/kamera/pkg/tracecheck.(*ReconcilerContainer).doReconcile\n\t/Users/tgoodwin/projects/kamera/pkg/tracecheck/reconciler.go:164\ngithub.com/tgoodwin/kamera/pkg/tracecheck.(*Explorer).reconcileAtState\n\t/Users/tgoodwin/projects/kamera/pkg/tracecheck/explore.go:1313\ngithub.com/tgoodwin/kamera/pkg/tracecheck.(*Explorer).takeReconcileStep\n\t/Users/tgoodwin/projects/kamera/pkg/tracecheck/explore.go:1228\ngithub.com/tgoodwin/kamera/pkg/tracecheck.(*Explorer).explore\n\t/Users/tgoodwin/projects/kamera/pkg/tracecheck/explore.go:790\ngithub.com/tgoodwin/kamera/pkg/tracecheck.(*Explorer).Explore.func1\n\t/Users/tgoodwin/projects/kamera/pkg/tracecheck/explore.go:330"}
{"level":"info","ts":1768351701.380126,"logger":"fallback","caller":"revision/reconcile_resources.go:161","msg":"Reconciling PA: kamera-test"}
{"level":"info","ts":1768351701.38016,"logger":"fallback","caller":"revision/revision.go:166","msg":"Revision became ready"}
{"level":"info","ts":"2026-01-13T16:48:21-08:00","logger":"RevisionReconciler.reconcile","msg":"reconcile completed","key":"default/kamera-test","reconciler":"knative.dev.serving.pkg.reconciler.revision.Reconciler","requeue":false,"requeueAfter":0}
{"level":"info","ts":"2026-01-13T16:48:21-08:00","logger":"tracecheck","msg":"Taking reconcile step","Depth":48,"# Distinct States":262,"Total States":264,"Resource States":56}
{"level":"info","ts":"2026-01-13T16:48:21-08:00","logger":"tracecheck","msg":"Updated Deployment status","Depth":48,"# Distinct States":262,"Total States":264,"Resource States":56,"name":"kamera-test-deployment"}
{"level":"info","ts":"2026-01-13T16:48:21-08:00","logger":"tracecheck","msg":"Taking reconcile step","Depth":49,"# Distinct States":263,"Total States":265,"Resource States":57}
{"level":"info","ts":"2026-01-13T16:48:21-08:00","logger":"tracecheck","msg":"Taking reconcile step","Depth":50,"# Distinct States":264,"Total States":266,"Resource States":57}
{"level":"info","ts":"2026-01-13T16:48:21-08:00","logger":"KPAReconciler.seed","msg":"added podscalable to informer","resource":"deployments","namespace":"default","name":"kamera-test-deployment","stage":"podscalable-add","keys":["default/kamera-test-deployment"]}
{"level":"info","ts":"2026-01-13T16:48:21-08:00","logger":"KPAReconciler.seed","msg":"podscalable visible to lister","resource":"deployments","namespace":"default","name":"kamera-test-deployment","stage":"podscalable-lister","object":{"apiVersion":"autoscaling.internal.knative.dev/v1alpha1","kind":"PodScalable","namespace":"default","name":"kamera-test-deployment"}}
{"level":"info","ts":1768351701.498494,"logger":"fallback","caller":"kpa/controller.go:77","msg":"Setting up ConfigMap receivers"}
{"level":"info","ts":1768351701.498574,"logger":"fallback","caller":"kpa/controller.go:91","msg":"Setting up KPA-Class event handlers"}
{"level":"info","ts":1768351701.498657,"logger":"fallback","caller":"kpa/scaler.go:379","msg":"Scaling from 1 to 0"}
{"level":"info","ts":1768351701.499952,"logger":"fallback","caller":"kpa/kpa.go:158","msg":"SKS should be in Proxy mode: want = 0, ebc = 0, #act's = 2 PA Inactive? = true"}
{"level":"info","ts":1768351701.4999669,"logger":"fallback","caller":"kpa/kpa.go:178","msg":"PA scale got=1, want=0, desiredPods=0 ebc=0"}
{"level":"info","ts":1768351701.499972,"logger":"fallback","caller":"kpa/kpa.go:188","msg":"Observed pod counts=kpa.podCounts{want:0, ready:1, notReady:0, pending:0, terminating:0}"}
{"level":"info","ts":"2026-01-13T16:48:21-08:00","logger":"KPAReconciler.reconcile","msg":"reconcile completed","key":"default/kamera-test","reconciler":"knative.dev.serving.pkg.reconciler.autoscaling.kpa.Reconciler","requeue":false,"requeueAfter":0}
{"level":"info","ts":"2026-01-13T16:48:21-08:00","logger":"tracecheck","msg":"Taking reconcile step","Depth":51,"# Distinct States":265,"Total States":267,"Resource States":58}
{"level":"info","ts":"2026-01-13T16:48:21-08:00","logger":"tracecheck","msg":"Taking reconcile step","Depth":52,"# Distinct States":266,"Total States":268,"Resource States":58}
{"level":"info","ts":"2026-01-13T16:48:21-08:00","logger":"ConfigurationReconciler.seed","msg":"added podscalable to informer","resource":"deployments","namespace":"default","name":"kamera-test-deployment","stage":"podscalable-add","keys":["default/kamera-test-deployment"]}
{"level":"info","ts":"2026-01-13T16:48:21-08:00","logger":"ConfigurationReconciler.seed","msg":"podscalable visible to lister","resource":"deployments","namespace":"default","name":"kamera-test-deployment","stage":"podscalable-lister","object":{"apiVersion":"autoscaling.internal.knative.dev/v1alpha1","kind":"PodScalable","namespace":"default","name":"kamera-test-deployment"}}
{"level":"info","ts":1768351701.608174,"logger":"fallback","caller":"configuration/configuration.go:106","msg":"Revision \"kamera-test\" of configuration is ready"}
{"level":"info","ts":"2026-01-13T16:48:21-08:00","logger":"ConfigurationReconciler.reconcile","msg":"reconcile completed","key":"default/demo","reconciler":"knative.dev.serving.pkg.reconciler.configuration.Reconciler","requeue":false,"requeueAfter":0}
{"level":"info","ts":"2026-01-13T16:48:21-08:00","logger":"tracecheck","msg":"Taking reconcile step","Depth":53,"# Distinct States":267,"Total States":269,"Resource States":58}
{"level":"info","ts":"2026-01-13T16:48:21-08:00","logger":"RevisionReconciler.seed","msg":"added podscalable to informer","resource":"deployments","namespace":"default","name":"kamera-test-deployment","stage":"podscalable-add","keys":["default/kamera-test-deployment"]}
{"level":"info","ts":"2026-01-13T16:48:21-08:00","logger":"RevisionReconciler.seed","msg":"podscalable visible to lister","resource":"deployments","namespace":"default","name":"kamera-test-deployment","stage":"podscalable-lister","object":{"apiVersion":"autoscaling.internal.knative.dev/v1alpha1","kind":"PodScalable","namespace":"default","name":"kamera-test-deployment"}}
{"level":"error","ts":1768351701.7135732,"logger":"fallback","caller":"revision/controller.go:116","msg":"Failed to create resolver transport","error":"open /var/run/secrets/kubernetes.io/serviceaccount/ca.crt: no such file or directory","stacktrace":"knative.dev/serving/pkg/reconciler/revision.newControllerWithOptions\n\t/Users/tgoodwin/tmp/gomodcache/knative.dev/serving@v0.46.5/pkg/reconciler/revision/controller.go:116\nknative.dev/serving/pkg/reconciler/revision.NewController\n\t/Users/tgoodwin/tmp/gomodcache/knative.dev/serving@v0.46.5/pkg/reconciler/revision/controller.go:64\nmain.configureKnativeExplorer.func1.1\n\t/Users/tgoodwin/projects/kamera/examples/knative-serving/scenario.go:91\ngithub.com/tgoodwin/kamera/examples/knative-serving/knative.NewKnativeStrategy.func1\n\t/Users/tgoodwin/projects/kamera/examples/knative-serving/knative/harness.go:555\ngithub.com/tgoodwin/kamera/examples/knative-serving/knative.(*KnativeStrategy).ReconcileAtState\n\t/Users/tgoodwin/projects/kamera/examples/knative-serving/knative/harness.go:895\ngithub.com/tgoodwin/kamera/pkg/tracecheck.(*ReconcilerContainer).doReconcile\n\t/Users/tgoodwin/projects/kamera/pkg/tracecheck/reconciler.go:164\ngithub.com/tgoodwin/kamera/pkg/tracecheck.(*Explorer).reconcileAtState\n\t/Users/tgoodwin/projects/kamera/pkg/tracecheck/explore.go:1313\ngithub.com/tgoodwin/kamera/pkg/tracecheck.(*Explorer).takeReconcileStep\n\t/Users/tgoodwin/projects/kamera/pkg/tracecheck/explore.go:1228\ngithub.com/tgoodwin/kamera/pkg/tracecheck.(*Explorer).explore\n\t/Users/tgoodwin/projects/kamera/pkg/tracecheck/explore.go:790\ngithub.com/tgoodwin/kamera/pkg/tracecheck.(*Explorer).Explore.func1\n\t/Users/tgoodwin/projects/kamera/pkg/tracecheck/explore.go:330"}
{"level":"info","ts":1768351701.713927,"logger":"fallback","caller":"revision/reconcile_resources.go:161","msg":"Reconciling PA: kamera-test"}
{"level":"info","ts":"2026-01-13T16:48:21-08:00","logger":"RevisionReconciler.reconcile","msg":"reconcile completed","key":"default/kamera-test","reconciler":"knative.dev.serving.pkg.reconciler.revision.Reconciler","requeue":false,"requeueAfter":0}
{"level":"info","ts":"2026-01-13T16:48:21-08:00","logger":"tracecheck","msg":"Taking reconcile step","Depth":54,"# Distinct States":268,"Total States":270,"Resource States":58}
{"level":"info","ts":"2026-01-13T16:48:21-08:00","logger":"tracecheck","msg":"Updated Deployment status","Depth":54,"# Distinct States":268,"Total States":270,"Resource States":58,"name":"kamera-test-deployment"}
{"level":"info","ts":"2026-01-13T16:48:21-08:00","logger":"tracecheck","msg":"Taking reconcile step","Depth":55,"# Distinct States":269,"Total States":271,"Resource States":59}
{"level":"info","ts":"2026-01-13T16:48:21-08:00","logger":"KPAReconciler.seed","msg":"added podscalable to informer","resource":"deployments","namespace":"default","name":"kamera-test-deployment","stage":"podscalable-add","keys":["default/kamera-test-deployment"]}
{"level":"info","ts":"2026-01-13T16:48:21-08:00","logger":"KPAReconciler.seed","msg":"podscalable visible to lister","resource":"deployments","namespace":"default","name":"kamera-test-deployment","stage":"podscalable-lister","object":{"apiVersion":"autoscaling.internal.knative.dev/v1alpha1","kind":"PodScalable","namespace":"default","name":"kamera-test-deployment"}}
{"level":"info","ts":1768351701.8290272,"logger":"fallback","caller":"kpa/controller.go:77","msg":"Setting up ConfigMap receivers"}
{"level":"info","ts":1768351701.8291242,"logger":"fallback","caller":"kpa/controller.go:91","msg":"Setting up KPA-Class event handlers"}
{"level":"info","ts":1768351701.82922,"logger":"fallback","caller":"kpa/kpa.go:158","msg":"SKS should be in Proxy mode: want = 0, ebc = 0, #act's = 2 PA Inactive? = true"}
{"level":"info","ts":1768351701.829238,"logger":"fallback","caller":"kpa/kpa.go:178","msg":"PA scale got=1, want=0, desiredPods=0 ebc=0"}
{"level":"info","ts":1768351701.829246,"logger":"fallback","caller":"kpa/kpa.go:188","msg":"Observed pod counts=kpa.podCounts{want:0, ready:1, notReady:0, pending:0, terminating:0}"}
{"level":"info","ts":"2026-01-13T16:48:21-08:00","logger":"KPAReconciler.reconcile","msg":"reconcile completed","key":"default/kamera-test","reconciler":"knative.dev.serving.pkg.reconciler.autoscaling.kpa.Reconciler","requeue":false,"requeueAfter":0}
{"level":"info","ts":"2026-01-13T16:48:21-08:00","logger":"tracecheck","msg":"Taking reconcile step","Depth":56,"# Distinct States":270,"Total States":272,"Resource States":59}
{"level":"info","ts":"2026-01-13T16:48:21-08:00","logger":"ConfigurationReconciler.seed","msg":"added podscalable to informer","resource":"deployments","namespace":"default","name":"kamera-test-deployment","stage":"podscalable-add","keys":["default/kamera-test-deployment"]}
{"level":"info","ts":"2026-01-13T16:48:21-08:00","logger":"ConfigurationReconciler.seed","msg":"podscalable visible to lister","resource":"deployments","namespace":"default","name":"kamera-test-deployment","stage":"podscalable-lister","object":{"apiVersion":"autoscaling.internal.knative.dev/v1alpha1","kind":"PodScalable","namespace":"default","name":"kamera-test-deployment"}}
{"level":"info","ts":1768351701.93626,"logger":"fallback","caller":"configuration/configuration.go:106","msg":"Revision \"kamera-test\" of configuration is ready"}
{"level":"info","ts":"2026-01-13T16:48:21-08:00","logger":"ConfigurationReconciler.reconcile","msg":"reconcile completed","key":"default/demo","reconciler":"knative.dev.serving.pkg.reconciler.configuration.Reconciler","requeue":false,"requeueAfter":0}
{"level":"info","ts":"2026-01-13T16:48:21-08:00","logger":"tracecheck","msg":"Taking reconcile step","Depth":57,"# Distinct States":271,"Total States":273,"Resource States":59}
{"level":"info","ts":"2026-01-13T16:48:22-08:00","logger":"RouteReconciler.seed","msg":"added podscalable to informer","resource":"deployments","namespace":"default","name":"kamera-test-deployment","stage":"podscalable-add","keys":["default/kamera-test-deployment"]}
{"level":"info","ts":"2026-01-13T16:48:22-08:00","logger":"RouteReconciler.seed","msg":"podscalable visible to lister","resource":"deployments","namespace":"default","name":"kamera-test-deployment","stage":"podscalable-lister","object":{"apiVersion":"autoscaling.internal.knative.dev/v1alpha1","kind":"PodScalable","namespace":"default","name":"kamera-test-deployment"}}
{"level":"info","ts":1768351702.0435898,"logger":"fallback","caller":"route/route.go:465","msg":"Revision default/kamera-test is inactive"}
{"level":"info","ts":1768351702.0436149,"logger":"fallback","caller":"route/route.go:487","msg":"All referred targets are routable, marking AllTrafficAssigned with traffic information."}
{"level":"info","ts":1768351702.0436292,"logger":"fallback","caller":"route/route.go:140","msg":"Creating placeholder k8s services"}
{"level":"info","ts":1768351702.0437582,"logger":"fallback","caller":"route/reconcile_resources.go:179","msg":"Created service demo"}
{"level":"info","ts":1768351702.043978,"logger":"fallback","caller":"route/route.go:176","msg":"Updating placeholder k8s services with ingress information"}
{"level":"warn","ts":1768351702.043995,"logger":"fallback","caller":"route/reconcile_resources.go:228","msg":"Failed to update k8s service","error":"failed to fetch loadbalancer domain/IP from ingress status"}
{"level":"info","ts":1768351702.0440042,"logger":"fallback","caller":"route/route.go:198","msg":"Route successfully synced"}
{"level":"info","ts":"2026-01-13T16:48:22-08:00","logger":"RouteReconciler.reconcile","msg":"reconcile completed","key":"default/demo","reconciler":"knative.dev.serving.pkg.reconciler.route.Reconciler","requeue":false,"requeueAfter":0}
{"level":"info","ts":"2026-01-13T16:48:22-08:00","logger":"tracecheck","msg":"Taking reconcile step","Depth":58,"# Distinct States":272,"Total States":274,"Resource States":60}
{"level":"info","ts":"2026-01-13T16:48:22-08:00","logger":"ServiceReconciler.seed","msg":"added podscalable to informer","resource":"deployments","namespace":"default","name":"kamera-test-deployment","stage":"podscalable-add","keys":["default/kamera-test-deployment"]}
{"level":"info","ts":"2026-01-13T16:48:22-08:00","logger":"ServiceReconciler.seed","msg":"podscalable visible to lister","resource":"deployments","namespace":"default","name":"kamera-test-deployment","stage":"podscalable-lister","object":{"apiVersion":"autoscaling.internal.knative.dev/v1alpha1","kind":"PodScalable","namespace":"default","name":"kamera-test-deployment"}}
{"level":"info","ts":1768351702.150638,"logger":"fallback","caller":"service/service.go:171","msg":"Service reconciler fetching Route from lister: name=demo, namespace=default"}
{"level":"info","ts":1768351702.150656,"logger":"fallback","caller":"service/service.go:174","msg":"Service reconciler got Route from lister: name=demo, Generation=1, ObservedGeneration=1, ResourceVersion="}
{"level":"info","ts":1768351702.150687,"logger":"fallback","caller":"service/service.go:126","msg":"Service reconciler checking Route: name=demo, Generation=1, ObservedGeneration=1, Ready=Unknown (reason=IngressNotConfigured, message=Ingress has not yet been reconciled.), generationMatch=true, routeResourceVersion="}
{"level":"info","ts":1768351702.150694,"logger":"fallback","caller":"service/service.go:136","msg":"Service reconciler calling PropagateRouteStatus() because Generation == ObservedGeneration"}
{"level":"info","ts":"2026-01-13T16:48:22-08:00","logger":"ServiceReconciler.reconcile","msg":"reconcile completed","key":"default/demo","reconciler":"knative.dev.serving.pkg.reconciler.service.Reconciler","requeue":false,"requeueAfter":0}
{"level":"info","ts":"2026-01-13T16:48:22-08:00","logger":"tracecheck","msg":"Taking reconcile step","Depth":59,"# Distinct States":273,"Total States":275,"Resource States":60}
{"level":"info","ts":"2026-01-13T16:48:22-08:00","logger":"tracecheck","msg":"Taking reconcile step","Depth":60,"# Distinct States":274,"Total States":276,"Resource States":60}
{"level":"info","ts":"2026-01-13T16:48:22-08:00","logger":"tracecheck","msg":"Deleting pods","Depth":60,"# Distinct States":274,"Total States":276,"Resource States":60,"count":1}
{"level":"info","ts":"2026-01-13T16:48:22-08:00","logger":"tracecheck","msg":"Taking reconcile step","Depth":61,"# Distinct States":275,"Total States":277,"Resource States":61}
{"level":"info","ts":"2026-01-13T16:48:22-08:00","logger":"tracecheck","msg":"Taking reconcile step","Depth":62,"# Distinct States":276,"Total States":278,"Resource States":61}
{"level":"info","ts":"2026-01-13T16:48:22-08:00","logger":"RevisionReconciler.seed","msg":"added podscalable to informer","resource":"deployments","namespace":"default","name":"kamera-test-deployment","stage":"podscalable-add","keys":["default/kamera-test-deployment"]}
{"level":"info","ts":"2026-01-13T16:48:22-08:00","logger":"RevisionReconciler.seed","msg":"podscalable visible to lister","resource":"deployments","namespace":"default","name":"kamera-test-deployment","stage":"podscalable-lister","object":{"apiVersion":"autoscaling.internal.knative.dev/v1alpha1","kind":"PodScalable","namespace":"default","name":"kamera-test-deployment"}}
{"level":"error","ts":1768351702.2688031,"logger":"fallback","caller":"revision/controller.go:116","msg":"Failed to create resolver transport","error":"open /var/run/secrets/kubernetes.io/serviceaccount/ca.crt: no such file or directory","stacktrace":"knative.dev/serving/pkg/reconciler/revision.newControllerWithOptions\n\t/Users/tgoodwin/tmp/gomodcache/knative.dev/serving@v0.46.5/pkg/reconciler/revision/controller.go:116\nknative.dev/serving/pkg/reconciler/revision.NewController\n\t/Users/tgoodwin/tmp/gomodcache/knative.dev/serving@v0.46.5/pkg/reconciler/revision/controller.go:64\nmain.configureKnativeExplorer.func1.1\n\t/Users/tgoodwin/projects/kamera/examples/knative-serving/scenario.go:91\ngithub.com/tgoodwin/kamera/examples/knative-serving/knative.NewKnativeStrategy.func1\n\t/Users/tgoodwin/projects/kamera/examples/knative-serving/knative/harness.go:555\ngithub.com/tgoodwin/kamera/examples/knative-serving/knative.(*KnativeStrategy).ReconcileAtState\n\t/Users/tgoodwin/projects/kamera/examples/knative-serving/knative/harness.go:895\ngithub.com/tgoodwin/kamera/pkg/tracecheck.(*ReconcilerContainer).doReconcile\n\t/Users/tgoodwin/projects/kamera/pkg/tracecheck/reconciler.go:164\ngithub.com/tgoodwin/kamera/pkg/tracecheck.(*Explorer).reconcileAtState\n\t/Users/tgoodwin/projects/kamera/pkg/tracecheck/explore.go:1313\ngithub.com/tgoodwin/kamera/pkg/tracecheck.(*Explorer).takeReconcileStep\n\t/Users/tgoodwin/projects/kamera/pkg/tracecheck/explore.go:1228\ngithub.com/tgoodwin/kamera/pkg/tracecheck.(*Explorer).explore\n\t/Users/tgoodwin/projects/kamera/pkg/tracecheck/explore.go:790\ngithub.com/tgoodwin/kamera/pkg/tracecheck.(*Explorer).Explore.func1\n\t/Users/tgoodwin/projects/kamera/pkg/tracecheck/explore.go:330"}
{"level":"info","ts":1768351702.269147,"logger":"fallback","caller":"revision/reconcile_resources.go:161","msg":"Reconciling PA: kamera-test"}
{"level":"info","ts":"2026-01-13T16:48:22-08:00","logger":"RevisionReconciler.reconcile","msg":"reconcile completed","key":"default/kamera-test","reconciler":"knative.dev.serving.pkg.reconciler.revision.Reconciler","requeue":false,"requeueAfter":0}
{"level":"info","ts":"2026-01-13T16:48:22-08:00","logger":"tracecheck","msg":"Taking reconcile step","Depth":63,"# Distinct States":277,"Total States":279,"Resource States":61}
{"level":"info","ts":"2026-01-13T16:48:22-08:00","logger":"KPAReconciler.seed","msg":"added podscalable to informer","resource":"deployments","namespace":"default","name":"kamera-test-deployment","stage":"podscalable-add","keys":["default/kamera-test-deployment"]}
{"level":"info","ts":"2026-01-13T16:48:22-08:00","logger":"KPAReconciler.seed","msg":"podscalable visible to lister","resource":"deployments","namespace":"default","name":"kamera-test-deployment","stage":"podscalable-lister","object":{"apiVersion":"autoscaling.internal.knative.dev/v1alpha1","kind":"PodScalable","namespace":"default","name":"kamera-test-deployment"}}
{"level":"info","ts":1768351702.376448,"logger":"fallback","caller":"kpa/controller.go:77","msg":"Setting up ConfigMap receivers"}
{"level":"info","ts":1768351702.3766248,"logger":"fallback","caller":"kpa/controller.go:91","msg":"Setting up KPA-Class event handlers"}
{"level":"info","ts":1768351702.376808,"logger":"fallback","caller":"kpa/kpa.go:158","msg":"SKS should be in Proxy mode: want = 0, ebc = 0, #act's = 2 PA Inactive? = true"}
{"level":"info","ts":1768351702.376847,"logger":"fallback","caller":"kpa/kpa.go:178","msg":"PA scale got=0, want=0, desiredPods=0 ebc=0"}
{"level":"info","ts":1768351702.376862,"logger":"fallback","caller":"kpa/kpa.go:188","msg":"Observed pod counts=kpa.podCounts{want:0, ready:0, notReady:1, pending:0, terminating:1}"}
{"level":"info","ts":"2026-01-13T16:48:22-08:00","logger":"KPAReconciler.reconcile","msg":"reconcile completed","key":"default/kamera-test","reconciler":"knative.dev.serving.pkg.reconciler.autoscaling.kpa.Reconciler","requeue":false,"requeueAfter":0}
{"level":"info","ts":"2026-01-13T16:48:22-08:00","logger":"tracecheck","msg":"Taking reconcile step","Depth":64,"# Distinct States":278,"Total States":280,"Resource States":62}
{"level":"info","ts":"2026-01-13T16:48:22-08:00","logger":"tracecheck","msg":"Taking reconcile step","Depth":65,"# Distinct States":279,"Total States":281,"Resource States":62}
{"level":"info","ts":"2026-01-13T16:48:22-08:00","logger":"tracecheck","msg":"Taking reconcile step","Depth":66,"# Distinct States":280,"Total States":282,"Resource States":63}
{"level":"info","ts":"2026-01-13T16:48:22-08:00","logger":"RouteReconciler.seed","msg":"added podscalable to informer","resource":"deployments","namespace":"default","name":"kamera-test-deployment","stage":"podscalable-add","keys":["default/kamera-test-deployment"]}
{"level":"info","ts":"2026-01-13T16:48:22-08:00","logger":"RouteReconciler.seed","msg":"podscalable visible to lister","resource":"deployments","namespace":"default","name":"kamera-test-deployment","stage":"podscalable-lister","object":{"apiVersion":"autoscaling.internal.knative.dev/v1alpha1","kind":"PodScalable","namespace":"default","name":"kamera-test-deployment"}}
{"level":"info","ts":1768351702.491473,"logger":"fallback","caller":"route/route.go:465","msg":"Revision default/kamera-test is inactive"}
{"level":"info","ts":1768351702.491498,"logger":"fallback","caller":"route/route.go:487","msg":"All referred targets are routable, marking AllTrafficAssigned with traffic information."}
{"level":"info","ts":1768351702.491513,"logger":"fallback","caller":"route/route.go:140","msg":"Creating placeholder k8s services"}
{"level":"info","ts":1768351702.491605,"logger":"fallback","caller":"route/route.go:176","msg":"Updating placeholder k8s services with ingress information"}
{"level":"info","ts":1768351702.4917881,"logger":"fallback","caller":"route/route.go:198","msg":"Route successfully synced"}
{"level":"info","ts":"2026-01-13T16:48:22-08:00","logger":"RouteReconciler.reconcile","msg":"reconcile completed","key":"default/demo","reconciler":"knative.dev.serving.pkg.reconciler.route.Reconciler","requeue":false,"requeueAfter":0}
{"level":"info","ts":"2026-01-13T16:48:22-08:00","logger":"tracecheck","msg":"Taking reconcile step","Depth":67,"# Distinct States":281,"Total States":283,"Resource States":64}
{"level":"info","ts":"2026-01-13T16:48:22-08:00","logger":"tracecheck","msg":"Taking reconcile step","Depth":68,"# Distinct States":282,"Total States":284,"Resource States":64}
{"level":"info","ts":"2026-01-13T16:48:22-08:00","logger":"ServiceReconciler.seed","msg":"added podscalable to informer","resource":"deployments","namespace":"default","name":"kamera-test-deployment","stage":"podscalable-add","keys":["default/kamera-test-deployment"]}
{"level":"info","ts":"2026-01-13T16:48:22-08:00","logger":"ServiceReconciler.seed","msg":"podscalable visible to lister","resource":"deployments","namespace":"default","name":"kamera-test-deployment","stage":"podscalable-lister","object":{"apiVersion":"autoscaling.internal.knative.dev/v1alpha1","kind":"PodScalable","namespace":"default","name":"kamera-test-deployment"}}
{"level":"info","ts":1768351702.602473,"logger":"fallback","caller":"service/service.go:171","msg":"Service reconciler fetching Route from lister: name=demo, namespace=default"}
{"level":"info","ts":1768351702.602506,"logger":"fallback","caller":"service/service.go:174","msg":"Service reconciler got Route from lister: name=demo, Generation=1, ObservedGeneration=1, ResourceVersion="}
{"level":"info","ts":1768351702.6025422,"logger":"fallback","caller":"service/service.go:126","msg":"Service reconciler checking Route: name=demo, Generation=1, ObservedGeneration=1, Ready=True (reason=, message=), generationMatch=true, routeResourceVersion="}
{"level":"info","ts":1768351702.6025522,"logger":"fallback","caller":"service/service.go:136","msg":"Service reconciler calling PropagateRouteStatus() because Generation == ObservedGeneration"}
{"level":"info","ts":"2026-01-13T16:48:22-08:00","logger":"ServiceReconciler.reconcile","msg":"reconcile completed","key":"default/demo","reconciler":"knative.dev.serving.pkg.reconciler.service.Reconciler","requeue":false,"requeueAfter":0}
{"level":"info","ts":"2026-01-13T16:48:22-08:00","logger":"tracecheck","msg":"Taking reconcile step","Depth":69,"# Distinct States":283,"Total States":285,"Resource States":64}
{"level":"error","ts":"2026-01-13T16:48:22-08:00","logger":"tracegen","msg":"setting root context","Kind":"/v1, Kind=Pod","Name":"kamera-test-deployment-1488584584-0","NewRootID":"","labels":{"app":"kamera-test","discrete.events/sleeve-object-id":"37jmqvjn","pod-template-hash":"1488584584","serving.knative.dev/configuration":"demo","serving.knative.dev/configurationGeneration":"1","serving.knative.dev/revision":"kamera-test","serving.knative.dev/revisionUID":"","serving.knative.dev/service":"demo"},"error":"no root ID set on object - is this namespace handled by the sleeve webhook?","stacktrace":"github.com/tgoodwin/kamera/pkg/tracegen.(*ContextTracker).setRootContextFromObservation\n\t/Users/tgoodwin/projects/kamera/pkg/tracegen/context.go:153\ngithub.com/tgoodwin/kamera/pkg/tracegen.(*ContextTracker).TrackOperation\n\t/Users/tgoodwin/projects/kamera/pkg/tracegen/context.go:197\ngithub.com/tgoodwin/kamera/pkg/tracegen.(*Client).Get\n\t/Users/tgoodwin/projects/kamera/pkg/tracegen/client.go:177\ngithub.com/tgoodwin/kamera/sleevectrl/pkg/controller.(*FinalizerReconciler).Reconcile\n\t/Users/tgoodwin/projects/kamera/sleevectrl/pkg/controller/sleeve_finalizer_controller.go:41\ngithub.com/tgoodwin/kamera/pkg/tracecheck.(*ControllerRuntimeStrategy).ReconcileAtState\n\t/Users/tgoodwin/projects/kamera/pkg/tracecheck/reconciler.go:82\ngithub.com/tgoodwin/kamera/pkg/tracecheck.(*ReconcilerContainer).doReconcile\n\t/Users/tgoodwin/projects/kamera/pkg/tracecheck/reconciler.go:164\ngithub.com/tgoodwin/kamera/pkg/tracecheck.(*Explorer).reconcileAtState\n\t/Users/tgoodwin/projects/kamera/pkg/tracecheck/explore.go:1313\ngithub.com/tgoodwin/kamera/pkg/tracecheck.(*Explorer).takeReconcileStep\n\t/Users/tgoodwin/projects/kamera/pkg/tracecheck/explore.go:1228\ngithub.com/tgoodwin/kamera/pkg/tracecheck.(*Explorer).explore\n\t/Users/tgoodwin/projects/kamera/pkg/tracecheck/explore.go:790\ngithub.com/tgoodwin/kamera/pkg/tracecheck.(*Explorer).Explore.func1\n\t/Users/tgoodwin/projects/kamera/pkg/tracecheck/explore.go:330"}
{"level":"error","ts":"2026-01-13T16:48:22-08:00","logger":"tracegen","msg":"rootID is empty","Kind":"/v1, Kind=Pod","Name":"kamera-test-deployment-1488584584-0","NewRootID":"","stacktrace":"github.com/tgoodwin/kamera/pkg/tracegen.(*ContextTracker).setRootContextFromObservation\n\t/Users/tgoodwin/projects/kamera/pkg/tracegen/context.go:157\ngithub.com/tgoodwin/kamera/pkg/tracegen.(*ContextTracker).TrackOperation\n\t/Users/tgoodwin/projects/kamera/pkg/tracegen/context.go:197\ngithub.com/tgoodwin/kamera/pkg/tracegen.(*Client).Get\n\t/Users/tgoodwin/projects/kamera/pkg/tracegen/client.go:177\ngithub.com/tgoodwin/kamera/sleevectrl/pkg/controller.(*FinalizerReconciler).Reconcile\n\t/Users/tgoodwin/projects/kamera/sleevectrl/pkg/controller/sleeve_finalizer_controller.go:41\ngithub.com/tgoodwin/kamera/pkg/tracecheck.(*ControllerRuntimeStrategy).ReconcileAtState\n\t/Users/tgoodwin/projects/kamera/pkg/tracecheck/reconciler.go:82\ngithub.com/tgoodwin/kamera/pkg/tracecheck.(*ReconcilerContainer).doReconcile\n\t/Users/tgoodwin/projects/kamera/pkg/tracecheck/reconciler.go:164\ngithub.com/tgoodwin/kamera/pkg/tracecheck.(*Explorer).reconcileAtState\n\t/Users/tgoodwin/projects/kamera/pkg/tracecheck/explore.go:1313\ngithub.com/tgoodwin/kamera/pkg/tracecheck.(*Explorer).takeReconcileStep\n\t/Users/tgoodwin/projects/kamera/pkg/tracecheck/explore.go:1228\ngithub.com/tgoodwin/kamera/pkg/tracecheck.(*Explorer).explore\n\t/Users/tgoodwin/projects/kamera/pkg/tracecheck/explore.go:790\ngithub.com/tgoodwin/kamera/pkg/tracecheck.(*Explorer).Explore.func1\n\t/Users/tgoodwin/projects/kamera/pkg/tracecheck/explore.go:330"}
{"level":"error","ts":"2026-01-13T16:48:22-08:00","logger":"tracegen","msg":"creating event","error":"failed to get change ID: Event does not have a change ID","stacktrace":"github.com/tgoodwin/kamera/pkg/tracegen.(*Client).LogOperation\n\t/Users/tgoodwin/projects/kamera/pkg/tracegen/client.go:106\ngithub.com/tgoodwin/kamera/pkg/tracegen.(*Client).Get\n\t/Users/tgoodwin/projects/kamera/pkg/tracegen/client.go:178\ngithub.com/tgoodwin/kamera/sleevectrl/pkg/controller.(*FinalizerReconciler).Reconcile\n\t/Users/tgoodwin/projects/kamera/sleevectrl/pkg/controller/sleeve_finalizer_controller.go:41\ngithub.com/tgoodwin/kamera/pkg/tracecheck.(*ControllerRuntimeStrategy).ReconcileAtState\n\t/Users/tgoodwin/projects/kamera/pkg/tracecheck/reconciler.go:82\ngithub.com/tgoodwin/kamera/pkg/tracecheck.(*ReconcilerContainer).doReconcile\n\t/Users/tgoodwin/projects/kamera/pkg/tracecheck/reconciler.go:164\ngithub.com/tgoodwin/kamera/pkg/tracecheck.(*Explorer).reconcileAtState\n\t/Users/tgoodwin/projects/kamera/pkg/tracecheck/explore.go:1313\ngithub.com/tgoodwin/kamera/pkg/tracecheck.(*Explorer).takeReconcileStep\n\t/Users/tgoodwin/projects/kamera/pkg/tracecheck/explore.go:1228\ngithub.com/tgoodwin/kamera/pkg/tracecheck.(*Explorer).explore\n\t/Users/tgoodwin/projects/kamera/pkg/tracecheck/explore.go:790\ngithub.com/tgoodwin/kamera/pkg/tracecheck.(*Explorer).Explore.func1\n\t/Users/tgoodwin/projects/kamera/pkg/tracecheck/explore.go:330"}
{"level":"error","ts":"2026-01-13T16:48:22-08:00","logger":"tracegen","msg":"creating event","error":"failed to get change ID: Event does not have a change ID","stacktrace":"github.com/tgoodwin/kamera/pkg/tracegen.(*Client).LogOperation\n\t/Users/tgoodwin/projects/kamera/pkg/tracegen/client.go:106\ngithub.com/tgoodwin/kamera/sleevectrl/pkg/controller.(*FinalizerReconciler).Reconcile\n\t/Users/tgoodwin/projects/kamera/sleevectrl/pkg/controller/sleeve_finalizer_controller.go:69\ngithub.com/tgoodwin/kamera/pkg/tracecheck.(*ControllerRuntimeStrategy).ReconcileAtState\n\t/Users/tgoodwin/projects/kamera/pkg/tracecheck/reconciler.go:82\ngithub.com/tgoodwin/kamera/pkg/tracecheck.(*ReconcilerContainer).doReconcile\n\t/Users/tgoodwin/projects/kamera/pkg/tracecheck/reconciler.go:164\ngithub.com/tgoodwin/kamera/pkg/tracecheck.(*Explorer).reconcileAtState\n\t/Users/tgoodwin/projects/kamera/pkg/tracecheck/explore.go:1313\ngithub.com/tgoodwin/kamera/pkg/tracecheck.(*Explorer).takeReconcileStep\n\t/Users/tgoodwin/projects/kamera/pkg/tracecheck/explore.go:1228\ngithub.com/tgoodwin/kamera/pkg/tracecheck.(*Explorer).explore\n\t/Users/tgoodwin/projects/kamera/pkg/tracecheck/explore.go:790\ngithub.com/tgoodwin/kamera/pkg/tracecheck.(*Explorer).Explore.func1\n\t/Users/tgoodwin/projects/kamera/pkg/tracecheck/explore.go:330"}
{"level":"info","ts":"2026-01-13T16:48:22-08:00","logger":"tracecheck","msg":"Taking reconcile step","Depth":70,"# Distinct States":284,"Total States":286,"Resource States":64}
{"level":"info","ts":"2026-01-13T16:48:22-08:00","logger":"tracecheck","msg":"Taking reconcile step","Depth":71,"# Distinct States":285,"Total States":287,"Resource States":64}
{"level":"info","ts":"2026-01-13T16:48:22-08:00","logger":"tracecheck","msg":"Updated ReplicaSet status","Depth":71,"# Distinct States":285,"Total States":287,"Resource States":64,"name":"kamera-test-deployment-1488584584"}
{"level":"info","ts":"2026-01-13T16:48:22-08:00","logger":"tracecheck","msg":"Taking reconcile step","Depth":72,"# Distinct States":286,"Total States":288,"Resource States":64}
{"level":"info","ts":"2026-01-13T16:48:22-08:00","logger":"KPAReconciler.seed","msg":"added podscalable to informer","resource":"deployments","namespace":"default","name":"kamera-test-deployment","stage":"podscalable-add","keys":["default/kamera-test-deployment"]}
{"level":"info","ts":"2026-01-13T16:48:22-08:00","logger":"KPAReconciler.seed","msg":"podscalable visible to lister","resource":"deployments","namespace":"default","name":"kamera-test-deployment","stage":"podscalable-lister","object":{"apiVersion":"autoscaling.internal.knative.dev/v1alpha1","kind":"PodScalable","namespace":"default","name":"kamera-test-deployment"}}
{"level":"info","ts":1768351702.7202501,"logger":"fallback","caller":"kpa/controller.go:77","msg":"Setting up ConfigMap receivers"}
{"level":"info","ts":1768351702.720344,"logger":"fallback","caller":"kpa/controller.go:91","msg":"Setting up KPA-Class event handlers"}
{"level":"info","ts":1768351702.720455,"logger":"fallback","caller":"kpa/kpa.go:158","msg":"SKS should be in Proxy mode: want = 0, ebc = 0, #act's = 2 PA Inactive? = true"}
{"level":"info","ts":1768351702.720475,"logger":"fallback","caller":"kpa/kpa.go:178","msg":"PA scale got=0, want=0, desiredPods=0 ebc=0"}
{"level":"info","ts":1768351702.720486,"logger":"fallback","caller":"kpa/kpa.go:188","msg":"Observed pod counts=kpa.podCounts{want:0, ready:0, notReady:0, pending:0, terminating:0}"}
{"level":"info","ts":"2026-01-13T16:48:22-08:00","logger":"KPAReconciler.reconcile","msg":"reconcile completed","key":"default/kamera-test","reconciler":"knative.dev.serving.pkg.reconciler.autoscaling.kpa.Reconciler","requeue":false,"requeueAfter":0}
{"level":"info","ts":"2026-01-13T16:48:22-08:00","logger":"tracecheck","msg":"Taking reconcile step","Depth":73,"# Distinct States":287,"Total States":289,"Resource States":64}
{"level":"info","ts":"2026-01-13T16:48:22-08:00","logger":"tracecheck","msg":"Taking reconcile step","Depth":74,"# Distinct States":288,"Total States":290,"Resource States":64}
{"level":"info","ts":"2026-01-13T16:48:22-08:00","logger":"RevisionReconciler.seed","msg":"added podscalable to informer","resource":"deployments","namespace":"default","name":"kamera-test-deployment","stage":"podscalable-add","keys":["default/kamera-test-deployment"]}
{"level":"info","ts":"2026-01-13T16:48:22-08:00","logger":"RevisionReconciler.seed","msg":"podscalable visible to lister","resource":"deployments","namespace":"default","name":"kamera-test-deployment","stage":"podscalable-lister","object":{"apiVersion":"autoscaling.internal.knative.dev/v1alpha1","kind":"PodScalable","namespace":"default","name":"kamera-test-deployment"}}
{"level":"error","ts":1768351702.828224,"logger":"fallback","caller":"revision/controller.go:116","msg":"Failed to create resolver transport","error":"open /var/run/secrets/kubernetes.io/serviceaccount/ca.crt: no such file or directory","stacktrace":"knative.dev/serving/pkg/reconciler/revision.newControllerWithOptions\n\t/Users/tgoodwin/tmp/gomodcache/knative.dev/serving@v0.46.5/pkg/reconciler/revision/controller.go:116\nknative.dev/serving/pkg/reconciler/revision.NewController\n\t/Users/tgoodwin/tmp/gomodcache/knative.dev/serving@v0.46.5/pkg/reconciler/revision/controller.go:64\nmain.configureKnativeExplorer.func1.1\n\t/Users/tgoodwin/projects/kamera/examples/knative-serving/scenario.go:91\ngithub.com/tgoodwin/kamera/examples/knative-serving/knative.NewKnativeStrategy.func1\n\t/Users/tgoodwin/projects/kamera/examples/knative-serving/knative/harness.go:555\ngithub.com/tgoodwin/kamera/examples/knative-serving/knative.(*KnativeStrategy).ReconcileAtState\n\t/Users/tgoodwin/projects/kamera/examples/knative-serving/knative/harness.go:895\ngithub.com/tgoodwin/kamera/pkg/tracecheck.(*ReconcilerContainer).doReconcile\n\t/Users/tgoodwin/projects/kamera/pkg/tracecheck/reconciler.go:164\ngithub.com/tgoodwin/kamera/pkg/tracecheck.(*Explorer).reconcileAtState\n\t/Users/tgoodwin/projects/kamera/pkg/tracecheck/explore.go:1313\ngithub.com/tgoodwin/kamera/pkg/tracecheck.(*Explorer).takeReconcileStep\n\t/Users/tgoodwin/projects/kamera/pkg/tracecheck/explore.go:1228\ngithub.com/tgoodwin/kamera/pkg/tracecheck.(*Explorer).explore\n\t/Users/tgoodwin/projects/kamera/pkg/tracecheck/explore.go:790\ngithub.com/tgoodwin/kamera/pkg/tracecheck.(*Explorer).Explore.func1\n\t/Users/tgoodwin/projects/kamera/pkg/tracecheck/explore.go:330"}
{"level":"info","ts":1768351702.828585,"logger":"fallback","caller":"revision/reconcile_resources.go:161","msg":"Reconciling PA: kamera-test"}
{"level":"info","ts":"2026-01-13T16:48:22-08:00","logger":"RevisionReconciler.reconcile","msg":"reconcile completed","key":"default/kamera-test","reconciler":"knative.dev.serving.pkg.reconciler.revision.Reconciler","requeue":false,"requeueAfter":0}
{"level":"info","ts":"2026-01-13T16:48:22-08:00","logger":"tracecheck","msg":"Taking reconcile step","Depth":75,"# Distinct States":289,"Total States":291,"Resource States":64}
{"level":"info","ts":"2026-01-13T16:48:22-08:00","logger":"tracecheck","msg":"Taking reconcile step","Depth":76,"# Distinct States":290,"Total States":292,"Resource States":64}
{"level":"info","ts":"2026-01-13T16:48:22-08:00","logger":"tracecheck","msg":"Taking reconcile step","Depth":77,"# Distinct States":291,"Total States":293,"Resource States":64}
{"level":"info","ts":"2026-01-13T16:48:22-08:00","logger":"RouteReconciler.seed","msg":"added podscalable to informer","resource":"deployments","namespace":"default","name":"kamera-test-deployment","stage":"podscalable-add","keys":["default/kamera-test-deployment"]}
{"level":"info","ts":"2026-01-13T16:48:22-08:00","logger":"RouteReconciler.seed","msg":"podscalable visible to lister","resource":"deployments","namespace":"default","name":"kamera-test-deployment","stage":"podscalable-lister","object":{"apiVersion":"autoscaling.internal.knative.dev/v1alpha1","kind":"PodScalable","namespace":"default","name":"kamera-test-deployment"}}
{"level":"info","ts":1768351702.942202,"logger":"fallback","caller":"route/route.go:465","msg":"Revision default/kamera-test is inactive"}
{"level":"info","ts":1768351702.942245,"logger":"fallback","caller":"route/route.go:487","msg":"All referred targets are routable, marking AllTrafficAssigned with traffic information."}
{"level":"info","ts":1768351702.942271,"logger":"fallback","caller":"route/route.go:140","msg":"Creating placeholder k8s services"}
{"level":"info","ts":1768351702.942416,"logger":"fallback","caller":"route/route.go:176","msg":"Updating placeholder k8s services with ingress information"}
{"level":"info","ts":1768351702.9424798,"logger":"fallback","caller":"route/route.go:198","msg":"Route successfully synced"}
{"level":"info","ts":"2026-01-13T16:48:22-08:00","logger":"RouteReconciler.reconcile","msg":"reconcile completed","key":"default/demo","reconciler":"knative.dev.serving.pkg.reconciler.route.Reconciler","requeue":false,"requeueAfter":0}
{"level":"info","ts":"2026-01-13T16:48:22-08:00","logger":"tracecheck","msg":"Taking reconcile step","Depth":78,"# Distinct States":292,"Total States":294,"Resource States":64}
{"level":"info","ts":"2026-01-13T16:48:23-08:00","logger":"ServiceReconciler.seed","msg":"added podscalable to informer","resource":"deployments","namespace":"default","name":"kamera-test-deployment","stage":"podscalable-add","keys":["default/kamera-test-deployment"]}
{"level":"info","ts":"2026-01-13T16:48:23-08:00","logger":"ServiceReconciler.seed","msg":"podscalable visible to lister","resource":"deployments","namespace":"default","name":"kamera-test-deployment","stage":"podscalable-lister","object":{"apiVersion":"autoscaling.internal.knative.dev/v1alpha1","kind":"PodScalable","namespace":"default","name":"kamera-test-deployment"}}
{"level":"info","ts":1768351703.050165,"logger":"fallback","caller":"service/service.go:171","msg":"Service reconciler fetching Route from lister: name=demo, namespace=default"}
{"level":"info","ts":1768351703.0501912,"logger":"fallback","caller":"service/service.go:174","msg":"Service reconciler got Route from lister: name=demo, Generation=1, ObservedGeneration=1, ResourceVersion="}
{"level":"info","ts":1768351703.0502322,"logger":"fallback","caller":"service/service.go:126","msg":"Service reconciler checking Route: name=demo, Generation=1, ObservedGeneration=1, Ready=True (reason=, message=), generationMatch=true, routeResourceVersion="}
{"level":"info","ts":1768351703.05024,"logger":"fallback","caller":"service/service.go:136","msg":"Service reconciler calling PropagateRouteStatus() because Generation == ObservedGeneration"}
{"level":"info","ts":"2026-01-13T16:48:23-08:00","logger":"ServiceReconciler.reconcile","msg":"reconcile completed","key":"default/demo","reconciler":"knative.dev.serving.pkg.reconciler.service.Reconciler","requeue":false,"requeueAfter":0}
{"level":"info","ts":"2026-01-13T16:48:23-08:00","logger":"tracecheck","msg":"Taking reconcile step","Depth":64,"# Distinct States":293,"Total States":295,"Resource States":64}
{"level":"info","ts":"2026-01-13T16:48:23-08:00","logger":"RevisionReconciler.seed","msg":"added podscalable to informer","resource":"deployments","namespace":"default","name":"kamera-test-deployment","stage":"podscalable-add","keys":["default/kamera-test-deployment"]}
{"level":"info","ts":"2026-01-13T16:48:23-08:00","logger":"RevisionReconciler.seed","msg":"podscalable visible to lister","resource":"deployments","namespace":"default","name":"kamera-test-deployment","stage":"podscalable-lister","object":{"apiVersion":"autoscaling.internal.knative.dev/v1alpha1","kind":"PodScalable","namespace":"default","name":"kamera-test-deployment"}}
{"level":"error","ts":1768351703.1578681,"logger":"fallback","caller":"revision/controller.go:116","msg":"Failed to create resolver transport","error":"open /var/run/secrets/kubernetes.io/serviceaccount/ca.crt: no such file or directory","stacktrace":"knative.dev/serving/pkg/reconciler/revision.newControllerWithOptions\n\t/Users/tgoodwin/tmp/gomodcache/knative.dev/serving@v0.46.5/pkg/reconciler/revision/controller.go:116\nknative.dev/serving/pkg/reconciler/revision.NewController\n\t/Users/tgoodwin/tmp/gomodcache/knative.dev/serving@v0.46.5/pkg/reconciler/revision/controller.go:64\nmain.configureKnativeExplorer.func1.1\n\t/Users/tgoodwin/projects/kamera/examples/knative-serving/scenario.go:91\ngithub.com/tgoodwin/kamera/examples/knative-serving/knative.NewKnativeStrategy.func1\n\t/Users/tgoodwin/projects/kamera/examples/knative-serving/knative/harness.go:555\ngithub.com/tgoodwin/kamera/examples/knative-serving/knative.(*KnativeStrategy).ReconcileAtState\n\t/Users/tgoodwin/projects/kamera/examples/knative-serving/knative/harness.go:895\ngithub.com/tgoodwin/kamera/pkg/tracecheck.(*ReconcilerContainer).doReconcile\n\t/Users/tgoodwin/projects/kamera/pkg/tracecheck/reconciler.go:164\ngithub.com/tgoodwin/kamera/pkg/tracecheck.(*Explorer).reconcileAtState\n\t/Users/tgoodwin/projects/kamera/pkg/tracecheck/explore.go:1313\ngithub.com/tgoodwin/kamera/pkg/tracecheck.(*Explorer).takeReconcileStep\n\t/Users/tgoodwin/projects/kamera/pkg/tracecheck/explore.go:1228\ngithub.com/tgoodwin/kamera/pkg/tracecheck.(*Explorer).explore\n\t/Users/tgoodwin/projects/kamera/pkg/tracecheck/explore.go:790\ngithub.com/tgoodwin/kamera/pkg/tracecheck.(*Explorer).Explore.func1\n\t/Users/tgoodwin/projects/kamera/pkg/tracecheck/explore.go:330"}
{"level":"info","ts":1768351703.158255,"logger":"fallback","caller":"revision/reconcile_resources.go:161","msg":"Reconciling PA: kamera-test"}
{"level":"info","ts":"2026-01-13T16:48:23-08:00","logger":"RevisionReconciler.reconcile","msg":"reconcile completed","key":"default/kamera-test","reconciler":"knative.dev.serving.pkg.reconciler.revision.Reconciler","requeue":false,"requeueAfter":0}
{"level":"info","ts":"2026-01-13T16:48:23-08:00","logger":"tracecheck","msg":"Taking reconcile step","Depth":65,"# Distinct States":294,"Total States":296,"Resource States":65}
{"level":"info","ts":"2026-01-13T16:48:23-08:00","logger":"tracecheck","msg":"Taking reconcile step","Depth":66,"# Distinct States":295,"Total States":297,"Resource States":65}
{"level":"info","ts":"2026-01-13T16:48:23-08:00","logger":"tracecheck","msg":"Taking reconcile step","Depth":67,"# Distinct States":296,"Total States":298,"Resource States":66}
{"level":"info","ts":"2026-01-13T16:48:23-08:00","logger":"RouteReconciler.seed","msg":"added podscalable to informer","resource":"deployments","namespace":"default","name":"kamera-test-deployment","stage":"podscalable-add","keys":["default/kamera-test-deployment"]}
{"level":"info","ts":"2026-01-13T16:48:23-08:00","logger":"RouteReconciler.seed","msg":"podscalable visible to lister","resource":"deployments","namespace":"default","name":"kamera-test-deployment","stage":"podscalable-lister","object":{"apiVersion":"autoscaling.internal.knative.dev/v1alpha1","kind":"PodScalable","namespace":"default","name":"kamera-test-deployment"}}
{"level":"info","ts":1768351703.2691681,"logger":"fallback","caller":"route/route.go:465","msg":"Revision default/kamera-test is inactive"}
{"level":"info","ts":1768351703.2691882,"logger":"fallback","caller":"route/route.go:487","msg":"All referred targets are routable, marking AllTrafficAssigned with traffic information."}
{"level":"info","ts":1768351703.2691998,"logger":"fallback","caller":"route/route.go:140","msg":"Creating placeholder k8s services"}
{"level":"info","ts":1768351703.269273,"logger":"fallback","caller":"route/route.go:176","msg":"Updating placeholder k8s services with ingress information"}
{"level":"info","ts":1768351703.2694368,"logger":"fallback","caller":"route/route.go:198","msg":"Route successfully synced"}
{"level":"info","ts":"2026-01-13T16:48:23-08:00","logger":"RouteReconciler.reconcile","msg":"reconcile completed","key":"default/demo","reconciler":"knative.dev.serving.pkg.reconciler.route.Reconciler","requeue":false,"requeueAfter":0}
{"level":"info","ts":"2026-01-13T16:48:23-08:00","logger":"tracecheck","msg":"Taking reconcile step","Depth":68,"# Distinct States":297,"Total States":299,"Resource States":67}
{"level":"info","ts":"2026-01-13T16:48:23-08:00","logger":"tracecheck","msg":"Taking reconcile step","Depth":69,"# Distinct States":298,"Total States":300,"Resource States":67}
{"level":"info","ts":"2026-01-13T16:48:23-08:00","logger":"ServiceReconciler.seed","msg":"added podscalable to informer","resource":"deployments","namespace":"default","name":"kamera-test-deployment","stage":"podscalable-add","keys":["default/kamera-test-deployment"]}
{"level":"info","ts":"2026-01-13T16:48:23-08:00","logger":"ServiceReconciler.seed","msg":"podscalable visible to lister","resource":"deployments","namespace":"default","name":"kamera-test-deployment","stage":"podscalable-lister","object":{"apiVersion":"autoscaling.internal.knative.dev/v1alpha1","kind":"PodScalable","namespace":"default","name":"kamera-test-deployment"}}
{"level":"info","ts":1768351703.3781078,"logger":"fallback","caller":"service/service.go:171","msg":"Service reconciler fetching Route from lister: name=demo, namespace=default"}
{"level":"info","ts":1768351703.3781278,"logger":"fallback","caller":"service/service.go:174","msg":"Service reconciler got Route from lister: name=demo, Generation=1, ObservedGeneration=1, ResourceVersion="}
{"level":"info","ts":1768351703.3781571,"logger":"fallback","caller":"service/service.go:126","msg":"Service reconciler checking Route: name=demo, Generation=1, ObservedGeneration=1, Ready=True (reason=, message=), generationMatch=true, routeResourceVersion="}
{"level":"info","ts":1768351703.378165,"logger":"fallback","caller":"service/service.go:136","msg":"Service reconciler calling PropagateRouteStatus() because Generation == ObservedGeneration"}
{"level":"info","ts":"2026-01-13T16:48:23-08:00","logger":"ServiceReconciler.reconcile","msg":"reconcile completed","key":"default/demo","reconciler":"knative.dev.serving.pkg.reconciler.service.Reconciler","requeue":false,"requeueAfter":0}
{"level":"info","ts":"2026-01-13T16:48:23-08:00","logger":"tracecheck","msg":"Taking reconcile step","Depth":70,"# Distinct States":299,"Total States":301,"Resource States":67}
{"level":"error","ts":"2026-01-13T16:48:23-08:00","logger":"tracegen","msg":"setting root context","Kind":"/v1, Kind=Pod","Name":"kamera-test-deployment-1488584584-0","NewRootID":"","labels":{"app":"kamera-test","discrete.events/sleeve-object-id":"37jmqvjn","pod-template-hash":"1488584584","serving.knative.dev/configuration":"demo","serving.knative.dev/configurationGeneration":"1","serving.knative.dev/revision":"kamera-test","serving.knative.dev/revisionUID":"","serving.knative.dev/service":"demo"},"error":"no root ID set on object - is this namespace handled by the sleeve webhook?","stacktrace":"github.com/tgoodwin/kamera/pkg/tracegen.(*ContextTracker).setRootContextFromObservation\n\t/Users/tgoodwin/projects/kamera/pkg/tracegen/context.go:153\ngithub.com/tgoodwin/kamera/pkg/tracegen.(*ContextTracker).TrackOperation\n\t/Users/tgoodwin/projects/kamera/pkg/tracegen/context.go:197\ngithub.com/tgoodwin/kamera/pkg/tracegen.(*Client).Get\n\t/Users/tgoodwin/projects/kamera/pkg/tracegen/client.go:177\ngithub.com/tgoodwin/kamera/sleevectrl/pkg/controller.(*FinalizerReconciler).Reconcile\n\t/Users/tgoodwin/projects/kamera/sleevectrl/pkg/controller/sleeve_finalizer_controller.go:41\ngithub.com/tgoodwin/kamera/pkg/tracecheck.(*ControllerRuntimeStrategy).ReconcileAtState\n\t/Users/tgoodwin/projects/kamera/pkg/tracecheck/reconciler.go:82\ngithub.com/tgoodwin/kamera/pkg/tracecheck.(*ReconcilerContainer).doReconcile\n\t/Users/tgoodwin/projects/kamera/pkg/tracecheck/reconciler.go:164\ngithub.com/tgoodwin/kamera/pkg/tracecheck.(*Explorer).reconcileAtState\n\t/Users/tgoodwin/projects/kamera/pkg/tracecheck/explore.go:1313\ngithub.com/tgoodwin/kamera/pkg/tracecheck.(*Explorer).takeReconcileStep\n\t/Users/tgoodwin/projects/kamera/pkg/tracecheck/explore.go:1228\ngithub.com/tgoodwin/kamera/pkg/tracecheck.(*Explorer).explore\n\t/Users/tgoodwin/projects/kamera/pkg/tracecheck/explore.go:790\ngithub.com/tgoodwin/kamera/pkg/tracecheck.(*Explorer).Explore.func1\n\t/Users/tgoodwin/projects/kamera/pkg/tracecheck/explore.go:330"}
{"level":"error","ts":"2026-01-13T16:48:23-08:00","logger":"tracegen","msg":"rootID is empty","Kind":"/v1, Kind=Pod","Name":"kamera-test-deployment-1488584584-0","NewRootID":"","stacktrace":"github.com/tgoodwin/kamera/pkg/tracegen.(*ContextTracker).setRootContextFromObservation\n\t/Users/tgoodwin/projects/kamera/pkg/tracegen/context.go:157\ngithub.com/tgoodwin/kamera/pkg/tracegen.(*ContextTracker).TrackOperation\n\t/Users/tgoodwin/projects/kamera/pkg/tracegen/context.go:197\ngithub.com/tgoodwin/kamera/pkg/tracegen.(*Client).Get\n\t/Users/tgoodwin/projects/kamera/pkg/tracegen/client.go:177\ngithub.com/tgoodwin/kamera/sleevectrl/pkg/controller.(*FinalizerReconciler).Reconcile\n\t/Users/tgoodwin/projects/kamera/sleevectrl/pkg/controller/sleeve_finalizer_controller.go:41\ngithub.com/tgoodwin/kamera/pkg/tracecheck.(*ControllerRuntimeStrategy).ReconcileAtState\n\t/Users/tgoodwin/projects/kamera/pkg/tracecheck/reconciler.go:82\ngithub.com/tgoodwin/kamera/pkg/tracecheck.(*ReconcilerContainer).doReconcile\n\t/Users/tgoodwin/projects/kamera/pkg/tracecheck/reconciler.go:164\ngithub.com/tgoodwin/kamera/pkg/tracecheck.(*Explorer).reconcileAtState\n\t/Users/tgoodwin/projects/kamera/pkg/tracecheck/explore.go:1313\ngithub.com/tgoodwin/kamera/pkg/tracecheck.(*Explorer).takeReconcileStep\n\t/Users/tgoodwin/projects/kamera/pkg/tracecheck/explore.go:1228\ngithub.com/tgoodwin/kamera/pkg/tracecheck.(*Explorer).explore\n\t/Users/tgoodwin/projects/kamera/pkg/tracecheck/explore.go:790\ngithub.com/tgoodwin/kamera/pkg/tracecheck.(*Explorer).Explore.func1\n\t/Users/tgoodwin/projects/kamera/pkg/tracecheck/explore.go:330"}
{"level":"error","ts":"2026-01-13T16:48:23-08:00","logger":"tracegen","msg":"creating event","error":"failed to get change ID: Event does not have a change ID","stacktrace":"github.com/tgoodwin/kamera/pkg/tracegen.(*Client).LogOperation\n\t/Users/tgoodwin/projects/kamera/pkg/tracegen/client.go:106\ngithub.com/tgoodwin/kamera/pkg/tracegen.(*Client).Get\n\t/Users/tgoodwin/projects/kamera/pkg/tracegen/client.go:178\ngithub.com/tgoodwin/kamera/sleevectrl/pkg/controller.(*FinalizerReconciler).Reconcile\n\t/Users/tgoodwin/projects/kamera/sleevectrl/pkg/controller/sleeve_finalizer_controller.go:41\ngithub.com/tgoodwin/kamera/pkg/tracecheck.(*ControllerRuntimeStrategy).ReconcileAtState\n\t/Users/tgoodwin/projects/kamera/pkg/tracecheck/reconciler.go:82\ngithub.com/tgoodwin/kamera/pkg/tracecheck.(*ReconcilerContainer).doReconcile\n\t/Users/tgoodwin/projects/kamera/pkg/tracecheck/reconciler.go:164\ngithub.com/tgoodwin/kamera/pkg/tracecheck.(*Explorer).reconcileAtState\n\t/Users/tgoodwin/projects/kamera/pkg/tracecheck/explore.go:1313\ngithub.com/tgoodwin/kamera/pkg/tracecheck.(*Explorer).takeReconcileStep\n\t/Users/tgoodwin/projects/kamera/pkg/tracecheck/explore.go:1228\ngithub.com/tgoodwin/kamera/pkg/tracecheck.(*Explorer).explore\n\t/Users/tgoodwin/projects/kamera/pkg/tracecheck/explore.go:790\ngithub.com/tgoodwin/kamera/pkg/tracecheck.(*Explorer).Explore.func1\n\t/Users/tgoodwin/projects/kamera/pkg/tracecheck/explore.go:330"}
{"level":"error","ts":"2026-01-13T16:48:23-08:00","logger":"tracegen","msg":"creating event","error":"failed to get change ID: Event does not have a change ID","stacktrace":"github.com/tgoodwin/kamera/pkg/tracegen.(*Client).LogOperation\n\t/Users/tgoodwin/projects/kamera/pkg/tracegen/client.go:106\ngithub.com/tgoodwin/kamera/sleevectrl/pkg/controller.(*FinalizerReconciler).Reconcile\n\t/Users/tgoodwin/projects/kamera/sleevectrl/pkg/controller/sleeve_finalizer_controller.go:69\ngithub.com/tgoodwin/kamera/pkg/tracecheck.(*ControllerRuntimeStrategy).ReconcileAtState\n\t/Users/tgoodwin/projects/kamera/pkg/tracecheck/reconciler.go:82\ngithub.com/tgoodwin/kamera/pkg/tracecheck.(*ReconcilerContainer).doReconcile\n\t/Users/tgoodwin/projects/kamera/pkg/tracecheck/reconciler.go:164\ngithub.com/tgoodwin/kamera/pkg/tracecheck.(*Explorer).reconcileAtState\n\t/Users/tgoodwin/projects/kamera/pkg/tracecheck/explore.go:1313\ngithub.com/tgoodwin/kamera/pkg/tracecheck.(*Explorer).takeReconcileStep\n\t/Users/tgoodwin/projects/kamera/pkg/tracecheck/explore.go:1228\ngithub.com/tgoodwin/kamera/pkg/tracecheck.(*Explorer).explore\n\t/Users/tgoodwin/projects/kamera/pkg/tracecheck/explore.go:790\ngithub.com/tgoodwin/kamera/pkg/tracecheck.(*Explorer).Explore.func1\n\t/Users/tgoodwin/projects/kamera/pkg/tracecheck/explore.go:330"}
{"level":"info","ts":"2026-01-13T16:48:23-08:00","logger":"tracecheck","msg":"Taking reconcile step","Depth":71,"# Distinct States":300,"Total States":302,"Resource States":67}
{"level":"info","ts":"2026-01-13T16:48:23-08:00","logger":"tracecheck","msg":"Taking reconcile step","Depth":72,"# Distinct States":301,"Total States":303,"Resource States":67}
{"level":"info","ts":"2026-01-13T16:48:23-08:00","logger":"tracecheck","msg":"Updated ReplicaSet status","Depth":72,"# Distinct States":301,"Total States":303,"Resource States":67,"name":"kamera-test-deployment-1488584584"}
{"level":"info","ts":"2026-01-13T16:48:23-08:00","logger":"tracecheck","msg":"Taking reconcile step","Depth":73,"# Distinct States":302,"Total States":304,"Resource States":67}
{"level":"info","ts":"2026-01-13T16:48:23-08:00","logger":"KPAReconciler.seed","msg":"added podscalable to informer","resource":"deployments","namespace":"default","name":"kamera-test-deployment","stage":"podscalable-add","keys":["default/kamera-test-deployment"]}
{"level":"info","ts":"2026-01-13T16:48:23-08:00","logger":"KPAReconciler.seed","msg":"podscalable visible to lister","resource":"deployments","namespace":"default","name":"kamera-test-deployment","stage":"podscalable-lister","object":{"apiVersion":"autoscaling.internal.knative.dev/v1alpha1","kind":"PodScalable","namespace":"default","name":"kamera-test-deployment"}}
{"level":"info","ts":1768351703.49558,"logger":"fallback","caller":"kpa/controller.go:77","msg":"Setting up ConfigMap receivers"}
{"level":"info","ts":1768351703.495669,"logger":"fallback","caller":"kpa/controller.go:91","msg":"Setting up KPA-Class event handlers"}
{"level":"info","ts":1768351703.4957628,"logger":"fallback","caller":"kpa/kpa.go:158","msg":"SKS should be in Proxy mode: want = 0, ebc = 0, #act's = 2 PA Inactive? = true"}
{"level":"info","ts":1768351703.4957812,"logger":"fallback","caller":"kpa/kpa.go:178","msg":"PA scale got=0, want=0, desiredPods=0 ebc=0"}
{"level":"info","ts":1768351703.49579,"logger":"fallback","caller":"kpa/kpa.go:188","msg":"Observed pod counts=kpa.podCounts{want:0, ready:0, notReady:0, pending:0, terminating:0}"}
{"level":"info","ts":"2026-01-13T16:48:23-08:00","logger":"KPAReconciler.reconcile","msg":"reconcile completed","key":"default/kamera-test","reconciler":"knative.dev.serving.pkg.reconciler.autoscaling.kpa.Reconciler","requeue":false,"requeueAfter":0}
{"level":"info","ts":"2026-01-13T16:48:23-08:00","logger":"tracecheck","msg":"Taking reconcile step","Depth":74,"# Distinct States":303,"Total States":305,"Resource States":67}
{"level":"info","ts":"2026-01-13T16:48:23-08:00","logger":"tracecheck","msg":"Taking reconcile step","Depth":75,"# Distinct States":304,"Total States":306,"Resource States":67}
{"level":"info","ts":"2026-01-13T16:48:23-08:00","logger":"ConfigurationReconciler.seed","msg":"added podscalable to informer","resource":"deployments","namespace":"default","name":"kamera-test-deployment","stage":"podscalable-add","keys":["default/kamera-test-deployment"]}
{"level":"info","ts":"2026-01-13T16:48:23-08:00","logger":"ConfigurationReconciler.seed","msg":"podscalable visible to lister","resource":"deployments","namespace":"default","name":"kamera-test-deployment","stage":"podscalable-lister","object":{"apiVersion":"autoscaling.internal.knative.dev/v1alpha1","kind":"PodScalable","namespace":"default","name":"kamera-test-deployment"}}
{"level":"info","ts":1768351703.6040041,"logger":"fallback","caller":"configuration/configuration.go:106","msg":"Revision \"kamera-test\" of configuration is ready"}
{"level":"info","ts":"2026-01-13T16:48:23-08:00","logger":"ConfigurationReconciler.reconcile","msg":"reconcile completed","key":"default/demo","reconciler":"knative.dev.serving.pkg.reconciler.configuration.Reconciler","requeue":false,"requeueAfter":0}
{"level":"info","ts":"2026-01-13T16:48:23-08:00","logger":"tracecheck","msg":"Taking reconcile step","Depth":76,"# Distinct States":305,"Total States":307,"Resource States":67}
{"level":"info","ts":"2026-01-13T16:48:23-08:00","logger":"RevisionReconciler.seed","msg":"added podscalable to informer","resource":"deployments","namespace":"default","name":"kamera-test-deployment","stage":"podscalable-add","keys":["default/kamera-test-deployment"]}
{"level":"info","ts":"2026-01-13T16:48:23-08:00","logger":"RevisionReconciler.seed","msg":"podscalable visible to lister","resource":"deployments","namespace":"default","name":"kamera-test-deployment","stage":"podscalable-lister","object":{"apiVersion":"autoscaling.internal.knative.dev/v1alpha1","kind":"PodScalable","namespace":"default","name":"kamera-test-deployment"}}
{"level":"error","ts":1768351703.711082,"logger":"fallback","caller":"revision/controller.go:116","msg":"Failed to create resolver transport","error":"open /var/run/secrets/kubernetes.io/serviceaccount/ca.crt: no such file or directory","stacktrace":"knative.dev/serving/pkg/reconciler/revision.newControllerWithOptions\n\t/Users/tgoodwin/tmp/gomodcache/knative.dev/serving@v0.46.5/pkg/reconciler/revision/controller.go:116\nknative.dev/serving/pkg/reconciler/revision.NewController\n\t/Users/tgoodwin/tmp/gomodcache/knative.dev/serving@v0.46.5/pkg/reconciler/revision/controller.go:64\nmain.configureKnativeExplorer.func1.1\n\t/Users/tgoodwin/projects/kamera/examples/knative-serving/scenario.go:91\ngithub.com/tgoodwin/kamera/examples/knative-serving/knative.NewKnativeStrategy.func1\n\t/Users/tgoodwin/projects/kamera/examples/knative-serving/knative/harness.go:555\ngithub.com/tgoodwin/kamera/examples/knative-serving/knative.(*KnativeStrategy).ReconcileAtState\n\t/Users/tgoodwin/projects/kamera/examples/knative-serving/knative/harness.go:895\ngithub.com/tgoodwin/kamera/pkg/tracecheck.(*ReconcilerContainer).doReconcile\n\t/Users/tgoodwin/projects/kamera/pkg/tracecheck/reconciler.go:164\ngithub.com/tgoodwin/kamera/pkg/tracecheck.(*Explorer).reconcileAtState\n\t/Users/tgoodwin/projects/kamera/pkg/tracecheck/explore.go:1313\ngithub.com/tgoodwin/kamera/pkg/tracecheck.(*Explorer).takeReconcileStep\n\t/Users/tgoodwin/projects/kamera/pkg/tracecheck/explore.go:1228\ngithub.com/tgoodwin/kamera/pkg/tracecheck.(*Explorer).explore\n\t/Users/tgoodwin/projects/kamera/pkg/tracecheck/explore.go:790\ngithub.com/tgoodwin/kamera/pkg/tracecheck.(*Explorer).Explore.func1\n\t/Users/tgoodwin/projects/kamera/pkg/tracecheck/explore.go:330"}
{"level":"info","ts":1768351703.711453,"logger":"fallback","caller":"revision/reconcile_resources.go:161","msg":"Reconciling PA: kamera-test"}
{"level":"info","ts":"2026-01-13T16:48:23-08:00","logger":"RevisionReconciler.reconcile","msg":"reconcile completed","key":"default/kamera-test","reconciler":"knative.dev.serving.pkg.reconciler.revision.Reconciler","requeue":false,"requeueAfter":0}
{"level":"info","ts":"2026-01-13T16:48:23-08:00","logger":"tracecheck","msg":"Taking reconcile step","Depth":77,"# Distinct States":306,"Total States":308,"Resource States":67}
{"level":"info","ts":"2026-01-13T16:48:23-08:00","logger":"tracecheck","msg":"Taking reconcile step","Depth":78,"# Distinct States":307,"Total States":309,"Resource States":67}
{"level":"info","ts":"2026-01-13T16:48:23-08:00","logger":"tracecheck","msg":"Taking reconcile step","Depth":79,"# Distinct States":308,"Total States":310,"Resource States":67}
{"level":"info","ts":"2026-01-13T16:48:23-08:00","logger":"RouteReconciler.seed","msg":"added podscalable to informer","resource":"deployments","namespace":"default","name":"kamera-test-deployment","stage":"podscalable-add","keys":["default/kamera-test-deployment"]}
{"level":"info","ts":"2026-01-13T16:48:23-08:00","logger":"RouteReconciler.seed","msg":"podscalable visible to lister","resource":"deployments","namespace":"default","name":"kamera-test-deployment","stage":"podscalable-lister","object":{"apiVersion":"autoscaling.internal.knative.dev/v1alpha1","kind":"PodScalable","namespace":"default","name":"kamera-test-deployment"}}
{"level":"info","ts":1768351703.824512,"logger":"fallback","caller":"route/route.go:465","msg":"Revision default/kamera-test is inactive"}
{"level":"info","ts":1768351703.824537,"logger":"fallback","caller":"route/route.go:487","msg":"All referred targets are routable, marking AllTrafficAssigned with traffic information."}
{"level":"info","ts":1768351703.8245509,"logger":"fallback","caller":"route/route.go:140","msg":"Creating placeholder k8s services"}
{"level":"info","ts":1768351703.824634,"logger":"fallback","caller":"route/route.go:176","msg":"Updating placeholder k8s services with ingress information"}
{"level":"info","ts":1768351703.824675,"logger":"fallback","caller":"route/route.go:198","msg":"Route successfully synced"}
{"level":"info","ts":"2026-01-13T16:48:23-08:00","logger":"RouteReconciler.reconcile","msg":"reconcile completed","key":"default/demo","reconciler":"knative.dev.serving.pkg.reconciler.route.Reconciler","requeue":false,"requeueAfter":0}
{"level":"info","ts":"2026-01-13T16:48:23-08:00","logger":"tracecheck","msg":"Taking reconcile step","Depth":80,"# Distinct States":309,"Total States":311,"Resource States":67}
{"level":"info","ts":"2026-01-13T16:48:23-08:00","logger":"ServiceReconciler.seed","msg":"added podscalable to informer","resource":"deployments","namespace":"default","name":"kamera-test-deployment","stage":"podscalable-add","keys":["default/kamera-test-deployment"]}
{"level":"info","ts":"2026-01-13T16:48:23-08:00","logger":"ServiceReconciler.seed","msg":"podscalable visible to lister","resource":"deployments","namespace":"default","name":"kamera-test-deployment","stage":"podscalable-lister","object":{"apiVersion":"autoscaling.internal.knative.dev/v1alpha1","kind":"PodScalable","namespace":"default","name":"kamera-test-deployment"}}
{"level":"info","ts":1768351703.931662,"logger":"fallback","caller":"service/service.go:171","msg":"Service reconciler fetching Route from lister: name=demo, namespace=default"}
{"level":"info","ts":1768351703.9316852,"logger":"fallback","caller":"service/service.go:174","msg":"Service reconciler got Route from lister: name=demo, Generation=1, ObservedGeneration=1, ResourceVersion="}
{"level":"info","ts":1768351703.9317088,"logger":"fallback","caller":"service/service.go:126","msg":"Service reconciler checking Route: name=demo, Generation=1, ObservedGeneration=1, Ready=True (reason=, message=), generationMatch=true, routeResourceVersion="}
{"level":"info","ts":1768351703.9317172,"logger":"fallback","caller":"service/service.go:136","msg":"Service reconciler calling PropagateRouteStatus() because Generation == ObservedGeneration"}
{"level":"info","ts":"2026-01-13T16:48:23-08:00","logger":"ServiceReconciler.reconcile","msg":"reconcile completed","key":"default/demo","reconciler":"knative.dev.serving.pkg.reconciler.service.Reconciler","requeue":false,"requeueAfter":0}
{"level":"info","ts":"2026-01-13T16:48:23-08:00","logger":"tracecheck","msg":"Taking reconcile step","Depth":65,"# Distinct States":310,"Total States":312,"Resource States":67}
{"level":"info","ts":"2026-01-13T16:48:24-08:00","logger":"RevisionReconciler.seed","msg":"added podscalable to informer","resource":"deployments","namespace":"default","name":"kamera-test-deployment","stage":"podscalable-add","keys":["default/kamera-test-deployment"]}
{"level":"info","ts":"2026-01-13T16:48:24-08:00","logger":"RevisionReconciler.seed","msg":"podscalable visible to lister","resource":"deployments","namespace":"default","name":"kamera-test-deployment","stage":"podscalable-lister","object":{"apiVersion":"autoscaling.internal.knative.dev/v1alpha1","kind":"PodScalable","namespace":"default","name":"kamera-test-deployment"}}
{"level":"error","ts":1768351704.037872,"logger":"fallback","caller":"revision/controller.go:116","msg":"Failed to create resolver transport","error":"open /var/run/secrets/kubernetes.io/serviceaccount/ca.crt: no such file or directory","stacktrace":"knative.dev/serving/pkg/reconciler/revision.newControllerWithOptions\n\t/Users/tgoodwin/tmp/gomodcache/knative.dev/serving@v0.46.5/pkg/reconciler/revision/controller.go:116\nknative.dev/serving/pkg/reconciler/revision.NewController\n\t/Users/tgoodwin/tmp/gomodcache/knative.dev/serving@v0.46.5/pkg/reconciler/revision/controller.go:64\nmain.configureKnativeExplorer.func1.1\n\t/Users/tgoodwin/projects/kamera/examples/knative-serving/scenario.go:91\ngithub.com/tgoodwin/kamera/examples/knative-serving/knative.NewKnativeStrategy.func1\n\t/Users/tgoodwin/projects/kamera/examples/knative-serving/knative/harness.go:555\ngithub.com/tgoodwin/kamera/examples/knative-serving/knative.(*KnativeStrategy).ReconcileAtState\n\t/Users/tgoodwin/projects/kamera/examples/knative-serving/knative/harness.go:895\ngithub.com/tgoodwin/kamera/pkg/tracecheck.(*ReconcilerContainer).doReconcile\n\t/Users/tgoodwin/projects/kamera/pkg/tracecheck/reconciler.go:164\ngithub.com/tgoodwin/kamera/pkg/tracecheck.(*Explorer).reconcileAtState\n\t/Users/tgoodwin/projects/kamera/pkg/tracecheck/explore.go:1313\ngithub.com/tgoodwin/kamera/pkg/tracecheck.(*Explorer).takeReconcileStep\n\t/Users/tgoodwin/projects/kamera/pkg/tracecheck/explore.go:1228\ngithub.com/tgoodwin/kamera/pkg/tracecheck.(*Explorer).explore\n\t/Users/tgoodwin/projects/kamera/pkg/tracecheck/explore.go:790\ngithub.com/tgoodwin/kamera/pkg/tracecheck.(*Explorer).Explore.func1\n\t/Users/tgoodwin/projects/kamera/pkg/tracecheck/explore.go:330"}
{"level":"info","ts":1768351704.0381608,"logger":"fallback","caller":"revision/reconcile_resources.go:161","msg":"Reconciling PA: kamera-test"}
{"level":"info","ts":"2026-01-13T16:48:24-08:00","logger":"RevisionReconciler.reconcile","msg":"reconcile completed","key":"default/kamera-test","reconciler":"knative.dev.serving.pkg.reconciler.revision.Reconciler","requeue":false,"requeueAfter":0}
{"level":"info","ts":"2026-01-13T16:48:24-08:00","logger":"tracecheck","msg":"Taking reconcile step","Depth":66,"# Distinct States":311,"Total States":313,"Resource States":67}
{"level":"info","ts":"2026-01-13T16:48:24-08:00","logger":"tracecheck","msg":"Taking reconcile step","Depth":67,"# Distinct States":312,"Total States":314,"Resource States":67}
{"level":"info","ts":"2026-01-13T16:48:24-08:00","logger":"tracecheck","msg":"Taking reconcile step","Depth":68,"# Distinct States":313,"Total States":315,"Resource States":67}
{"level":"info","ts":"2026-01-13T16:48:24-08:00","logger":"RouteReconciler.seed","msg":"added podscalable to informer","resource":"deployments","namespace":"default","name":"kamera-test-deployment","stage":"podscalable-add","keys":["default/kamera-test-deployment"]}
{"level":"info","ts":"2026-01-13T16:48:24-08:00","logger":"RouteReconciler.seed","msg":"podscalable visible to lister","resource":"deployments","namespace":"default","name":"kamera-test-deployment","stage":"podscalable-lister","object":{"apiVersion":"autoscaling.internal.knative.dev/v1alpha1","kind":"PodScalable","namespace":"default","name":"kamera-test-deployment"}}
{"level":"info","ts":1768351704.148818,"logger":"fallback","caller":"route/route.go:465","msg":"Revision default/kamera-test is inactive"}
{"level":"info","ts":1768351704.1488361,"logger":"fallback","caller":"route/route.go:487","msg":"All referred targets are routable, marking AllTrafficAssigned with traffic information."}
{"level":"info","ts":1768351704.148848,"logger":"fallback","caller":"route/route.go:140","msg":"Creating placeholder k8s services"}
{"level":"info","ts":1768351704.148931,"logger":"fallback","caller":"route/route.go:176","msg":"Updating placeholder k8s services with ingress information"}
{"level":"info","ts":1768351704.1491299,"logger":"fallback","caller":"route/route.go:198","msg":"Route successfully synced"}
{"level":"info","ts":"2026-01-13T16:48:24-08:00","logger":"RouteReconciler.reconcile","msg":"reconcile completed","key":"default/demo","reconciler":"knative.dev.serving.pkg.reconciler.route.Reconciler","requeue":false,"requeueAfter":0}
{"level":"info","ts":"2026-01-13T16:48:24-08:00","logger":"tracecheck","msg":"Taking reconcile step","Depth":69,"# Distinct States":314,"Total States":316,"Resource States":67}
{"level":"info","ts":"2026-01-13T16:48:24-08:00","logger":"tracecheck","msg":"Taking reconcile step","Depth":70,"# Distinct States":315,"Total States":317,"Resource States":67}
{"level":"info","ts":"2026-01-13T16:48:24-08:00","logger":"ServiceReconciler.seed","msg":"added podscalable to informer","resource":"deployments","namespace":"default","name":"kamera-test-deployment","stage":"podscalable-add","keys":["default/kamera-test-deployment"]}
{"level":"info","ts":"2026-01-13T16:48:24-08:00","logger":"ServiceReconciler.seed","msg":"podscalable visible to lister","resource":"deployments","namespace":"default","name":"kamera-test-deployment","stage":"podscalable-lister","object":{"apiVersion":"autoscaling.internal.knative.dev/v1alpha1","kind":"PodScalable","namespace":"default","name":"kamera-test-deployment"}}
{"level":"info","ts":1768351704.259382,"logger":"fallback","caller":"service/service.go:171","msg":"Service reconciler fetching Route from lister: name=demo, namespace=default"}
{"level":"info","ts":1768351704.2594051,"logger":"fallback","caller":"service/service.go:174","msg":"Service reconciler got Route from lister: name=demo, Generation=1, ObservedGeneration=1, ResourceVersion="}
{"level":"info","ts":1768351704.259441,"logger":"fallback","caller":"service/service.go:126","msg":"Service reconciler checking Route: name=demo, Generation=1, ObservedGeneration=1, Ready=True (reason=, message=), generationMatch=true, routeResourceVersion="}
{"level":"info","ts":1768351704.2594502,"logger":"fallback","caller":"service/service.go:136","msg":"Service reconciler calling PropagateRouteStatus() because Generation == ObservedGeneration"}
{"level":"info","ts":"2026-01-13T16:48:24-08:00","logger":"ServiceReconciler.reconcile","msg":"reconcile completed","key":"default/demo","reconciler":"knative.dev.serving.pkg.reconciler.service.Reconciler","requeue":false,"requeueAfter":0}
{"level":"info","ts":"2026-01-13T16:48:24-08:00","logger":"tracecheck","msg":"Taking reconcile step","Depth":71,"# Distinct States":316,"Total States":318,"Resource States":67}
{"level":"error","ts":"2026-01-13T16:48:24-08:00","logger":"tracegen","msg":"setting root context","Kind":"/v1, Kind=Pod","Name":"kamera-test-deployment-1488584584-0","NewRootID":"","labels":{"app":"kamera-test","discrete.events/sleeve-object-id":"37jmqvjn","pod-template-hash":"1488584584","serving.knative.dev/configuration":"demo","serving.knative.dev/configurationGeneration":"1","serving.knative.dev/revision":"kamera-test","serving.knative.dev/revisionUID":"","serving.knative.dev/service":"demo"},"error":"no root ID set on object - is this namespace handled by the sleeve webhook?","stacktrace":"github.com/tgoodwin/kamera/pkg/tracegen.(*ContextTracker).setRootContextFromObservation\n\t/Users/tgoodwin/projects/kamera/pkg/tracegen/context.go:153\ngithub.com/tgoodwin/kamera/pkg/tracegen.(*ContextTracker).TrackOperation\n\t/Users/tgoodwin/projects/kamera/pkg/tracegen/context.go:197\ngithub.com/tgoodwin/kamera/pkg/tracegen.(*Client).Get\n\t/Users/tgoodwin/projects/kamera/pkg/tracegen/client.go:177\ngithub.com/tgoodwin/kamera/sleevectrl/pkg/controller.(*FinalizerReconciler).Reconcile\n\t/Users/tgoodwin/projects/kamera/sleevectrl/pkg/controller/sleeve_finalizer_controller.go:41\ngithub.com/tgoodwin/kamera/pkg/tracecheck.(*ControllerRuntimeStrategy).ReconcileAtState\n\t/Users/tgoodwin/projects/kamera/pkg/tracecheck/reconciler.go:82\ngithub.com/tgoodwin/kamera/pkg/tracecheck.(*ReconcilerContainer).doReconcile\n\t/Users/tgoodwin/projects/kamera/pkg/tracecheck/reconciler.go:164\ngithub.com/tgoodwin/kamera/pkg/tracecheck.(*Explorer).reconcileAtState\n\t/Users/tgoodwin/projects/kamera/pkg/tracecheck/explore.go:1313\ngithub.com/tgoodwin/kamera/pkg/tracecheck.(*Explorer).takeReconcileStep\n\t/Users/tgoodwin/projects/kamera/pkg/tracecheck/explore.go:1228\ngithub.com/tgoodwin/kamera/pkg/tracecheck.(*Explorer).explore\n\t/Users/tgoodwin/projects/kamera/pkg/tracecheck/explore.go:790\ngithub.com/tgoodwin/kamera/pkg/tracecheck.(*Explorer).Explore.func1\n\t/Users/tgoodwin/projects/kamera/pkg/tracecheck/explore.go:330"}
{"level":"error","ts":"2026-01-13T16:48:24-08:00","logger":"tracegen","msg":"rootID is empty","Kind":"/v1, Kind=Pod","Name":"kamera-test-deployment-1488584584-0","NewRootID":"","stacktrace":"github.com/tgoodwin/kamera/pkg/tracegen.(*ContextTracker).setRootContextFromObservation\n\t/Users/tgoodwin/projects/kamera/pkg/tracegen/context.go:157\ngithub.com/tgoodwin/kamera/pkg/tracegen.(*ContextTracker).TrackOperation\n\t/Users/tgoodwin/projects/kamera/pkg/tracegen/context.go:197\ngithub.com/tgoodwin/kamera/pkg/tracegen.(*Client).Get\n\t/Users/tgoodwin/projects/kamera/pkg/tracegen/client.go:177\ngithub.com/tgoodwin/kamera/sleevectrl/pkg/controller.(*FinalizerReconciler).Reconcile\n\t/Users/tgoodwin/projects/kamera/sleevectrl/pkg/controller/sleeve_finalizer_controller.go:41\ngithub.com/tgoodwin/kamera/pkg/tracecheck.(*ControllerRuntimeStrategy).ReconcileAtState\n\t/Users/tgoodwin/projects/kamera/pkg/tracecheck/reconciler.go:82\ngithub.com/tgoodwin/kamera/pkg/tracecheck.(*ReconcilerContainer).doReconcile\n\t/Users/tgoodwin/projects/kamera/pkg/tracecheck/reconciler.go:164\ngithub.com/tgoodwin/kamera/pkg/tracecheck.(*Explorer).reconcileAtState\n\t/Users/tgoodwin/projects/kamera/pkg/tracecheck/explore.go:1313\ngithub.com/tgoodwin/kamera/pkg/tracecheck.(*Explorer).takeReconcileStep\n\t/Users/tgoodwin/projects/kamera/pkg/tracecheck/explore.go:1228\ngithub.com/tgoodwin/kamera/pkg/tracecheck.(*Explorer).explore\n\t/Users/tgoodwin/projects/kamera/pkg/tracecheck/explore.go:790\ngithub.com/tgoodwin/kamera/pkg/tracecheck.(*Explorer).Explore.func1\n\t/Users/tgoodwin/projects/kamera/pkg/tracecheck/explore.go:330"}
{"level":"error","ts":"2026-01-13T16:48:24-08:00","logger":"tracegen","msg":"creating event","error":"failed to get change ID: Event does not have a change ID","stacktrace":"github.com/tgoodwin/kamera/pkg/tracegen.(*Client).LogOperation\n\t/Users/tgoodwin/projects/kamera/pkg/tracegen/client.go:106\ngithub.com/tgoodwin/kamera/pkg/tracegen.(*Client).Get\n\t/Users/tgoodwin/projects/kamera/pkg/tracegen/client.go:178\ngithub.com/tgoodwin/kamera/sleevectrl/pkg/controller.(*FinalizerReconciler).Reconcile\n\t/Users/tgoodwin/projects/kamera/sleevectrl/pkg/controller/sleeve_finalizer_controller.go:41\ngithub.com/tgoodwin/kamera/pkg/tracecheck.(*ControllerRuntimeStrategy).ReconcileAtState\n\t/Users/tgoodwin/projects/kamera/pkg/tracecheck/reconciler.go:82\ngithub.com/tgoodwin/kamera/pkg/tracecheck.(*ReconcilerContainer).doReconcile\n\t/Users/tgoodwin/projects/kamera/pkg/tracecheck/reconciler.go:164\ngithub.com/tgoodwin/kamera/pkg/tracecheck.(*Explorer).reconcileAtState\n\t/Users/tgoodwin/projects/kamera/pkg/tracecheck/explore.go:1313\ngithub.com/tgoodwin/kamera/pkg/tracecheck.(*Explorer).takeReconcileStep\n\t/Users/tgoodwin/projects/kamera/pkg/tracecheck/explore.go:1228\ngithub.com/tgoodwin/kamera/pkg/tracecheck.(*Explorer).explore\n\t/Users/tgoodwin/projects/kamera/pkg/tracecheck/explore.go:790\ngithub.com/tgoodwin/kamera/pkg/tracecheck.(*Explorer).Explore.func1\n\t/Users/tgoodwin/projects/kamera/pkg/tracecheck/explore.go:330"}
{"level":"error","ts":"2026-01-13T16:48:24-08:00","logger":"tracegen","msg":"creating event","error":"failed to get change ID: Event does not have a change ID","stacktrace":"github.com/tgoodwin/kamera/pkg/tracegen.(*Client).LogOperation\n\t/Users/tgoodwin/projects/kamera/pkg/tracegen/client.go:106\ngithub.com/tgoodwin/kamera/sleevectrl/pkg/controller.(*FinalizerReconciler).Reconcile\n\t/Users/tgoodwin/projects/kamera/sleevectrl/pkg/controller/sleeve_finalizer_controller.go:69\ngithub.com/tgoodwin/kamera/pkg/tracecheck.(*ControllerRuntimeStrategy).ReconcileAtState\n\t/Users/tgoodwin/projects/kamera/pkg/tracecheck/reconciler.go:82\ngithub.com/tgoodwin/kamera/pkg/tracecheck.(*ReconcilerContainer).doReconcile\n\t/Users/tgoodwin/projects/kamera/pkg/tracecheck/reconciler.go:164\ngithub.com/tgoodwin/kamera/pkg/tracecheck.(*Explorer).reconcileAtState\n\t/Users/tgoodwin/projects/kamera/pkg/tracecheck/explore.go:1313\ngithub.com/tgoodwin/kamera/pkg/tracecheck.(*Explorer).takeReconcileStep\n\t/Users/tgoodwin/projects/kamera/pkg/tracecheck/explore.go:1228\ngithub.com/tgoodwin/kamera/pkg/tracecheck.(*Explorer).explore\n\t/Users/tgoodwin/projects/kamera/pkg/tracecheck/explore.go:790\ngithub.com/tgoodwin/kamera/pkg/tracecheck.(*Explorer).Explore.func1\n\t/Users/tgoodwin/projects/kamera/pkg/tracecheck/explore.go:330"}
{"level":"info","ts":"2026-01-13T16:48:24-08:00","logger":"tracecheck","msg":"Taking reconcile step","Depth":72,"# Distinct States":317,"Total States":319,"Resource States":67}
{"level":"info","ts":"2026-01-13T16:48:24-08:00","logger":"tracecheck","msg":"Taking reconcile step","Depth":73,"# Distinct States":318,"Total States":320,"Resource States":67}
{"level":"info","ts":"2026-01-13T16:48:24-08:00","logger":"tracecheck","msg":"Updated ReplicaSet status","Depth":73,"# Distinct States":318,"Total States":320,"Resource States":67,"name":"kamera-test-deployment-1488584584"}
{"level":"info","ts":"2026-01-13T16:48:24-08:00","logger":"tracecheck","msg":"Taking reconcile step","Depth":74,"# Distinct States":319,"Total States":321,"Resource States":67}
{"level":"info","ts":"2026-01-13T16:48:24-08:00","logger":"KPAReconciler.seed","msg":"added podscalable to informer","resource":"deployments","namespace":"default","name":"kamera-test-deployment","stage":"podscalable-add","keys":["default/kamera-test-deployment"]}
{"level":"info","ts":"2026-01-13T16:48:24-08:00","logger":"KPAReconciler.seed","msg":"podscalable visible to lister","resource":"deployments","namespace":"default","name":"kamera-test-deployment","stage":"podscalable-lister","object":{"apiVersion":"autoscaling.internal.knative.dev/v1alpha1","kind":"PodScalable","namespace":"default","name":"kamera-test-deployment"}}
{"level":"info","ts":1768351704.375365,"logger":"fallback","caller":"kpa/controller.go:77","msg":"Setting up ConfigMap receivers"}
{"level":"info","ts":1768351704.375453,"logger":"fallback","caller":"kpa/controller.go:91","msg":"Setting up KPA-Class event handlers"}
{"level":"info","ts":1768351704.375545,"logger":"fallback","caller":"kpa/kpa.go:158","msg":"SKS should be in Proxy mode: want = 0, ebc = 0, #act's = 2 PA Inactive? = true"}
{"level":"info","ts":1768351704.375563,"logger":"fallback","caller":"kpa/kpa.go:178","msg":"PA scale got=0, want=0, desiredPods=0 ebc=0"}
{"level":"info","ts":1768351704.375572,"logger":"fallback","caller":"kpa/kpa.go:188","msg":"Observed pod counts=kpa.podCounts{want:0, ready:0, notReady:0, pending:0, terminating:0}"}
{"level":"info","ts":"2026-01-13T16:48:24-08:00","logger":"KPAReconciler.reconcile","msg":"reconcile completed","key":"default/kamera-test","reconciler":"knative.dev.serving.pkg.reconciler.autoscaling.kpa.Reconciler","requeue":false,"requeueAfter":0}
{"level":"info","ts":"2026-01-13T16:48:24-08:00","logger":"tracecheck","msg":"Taking reconcile step","Depth":75,"# Distinct States":320,"Total States":322,"Resource States":67}
{"level":"info","ts":"2026-01-13T16:48:24-08:00","logger":"tracecheck","msg":"Taking reconcile step","Depth":55,"# Distinct States":322,"Total States":324,"Resource States":67}
{"level":"info","ts":"2026-01-13T16:48:24-08:00","logger":"RevisionReconciler.seed","msg":"added podscalable to informer","resource":"deployments","namespace":"default","name":"kamera-test-deployment","stage":"podscalable-add","keys":["default/kamera-test-deployment"]}
{"level":"info","ts":"2026-01-13T16:48:24-08:00","logger":"RevisionReconciler.seed","msg":"podscalable visible to lister","resource":"deployments","namespace":"default","name":"kamera-test-deployment","stage":"podscalable-lister","object":{"apiVersion":"autoscaling.internal.knative.dev/v1alpha1","kind":"PodScalable","namespace":"default","name":"kamera-test-deployment"}}
{"level":"error","ts":1768351704.483725,"logger":"fallback","caller":"revision/controller.go:116","msg":"Failed to create resolver transport","error":"open /var/run/secrets/kubernetes.io/serviceaccount/ca.crt: no such file or directory","stacktrace":"knative.dev/serving/pkg/reconciler/revision.newControllerWithOptions\n\t/Users/tgoodwin/tmp/gomodcache/knative.dev/serving@v0.46.5/pkg/reconciler/revision/controller.go:116\nknative.dev/serving/pkg/reconciler/revision.NewController\n\t/Users/tgoodwin/tmp/gomodcache/knative.dev/serving@v0.46.5/pkg/reconciler/revision/controller.go:64\nmain.configureKnativeExplorer.func1.1\n\t/Users/tgoodwin/projects/kamera/examples/knative-serving/scenario.go:91\ngithub.com/tgoodwin/kamera/examples/knative-serving/knative.NewKnativeStrategy.func1\n\t/Users/tgoodwin/projects/kamera/examples/knative-serving/knative/harness.go:555\ngithub.com/tgoodwin/kamera/examples/knative-serving/knative.(*KnativeStrategy).ReconcileAtState\n\t/Users/tgoodwin/projects/kamera/examples/knative-serving/knative/harness.go:895\ngithub.com/tgoodwin/kamera/pkg/tracecheck.(*ReconcilerContainer).doReconcile\n\t/Users/tgoodwin/projects/kamera/pkg/tracecheck/reconciler.go:164\ngithub.com/tgoodwin/kamera/pkg/tracecheck.(*Explorer).reconcileAtState\n\t/Users/tgoodwin/projects/kamera/pkg/tracecheck/explore.go:1313\ngithub.com/tgoodwin/kamera/pkg/tracecheck.(*Explorer).takeReconcileStep\n\t/Users/tgoodwin/projects/kamera/pkg/tracecheck/explore.go:1228\ngithub.com/tgoodwin/kamera/pkg/tracecheck.(*Explorer).explore\n\t/Users/tgoodwin/projects/kamera/pkg/tracecheck/explore.go:790\ngithub.com/tgoodwin/kamera/pkg/tracecheck.(*Explorer).Explore.func1\n\t/Users/tgoodwin/projects/kamera/pkg/tracecheck/explore.go:330"}
{"level":"info","ts":1768351704.4840262,"logger":"fallback","caller":"revision/reconcile_resources.go:161","msg":"Reconciling PA: kamera-test"}
{"level":"info","ts":"2026-01-13T16:48:24-08:00","logger":"RevisionReconciler.reconcile","msg":"reconcile completed","key":"default/kamera-test","reconciler":"knative.dev.serving.pkg.reconciler.revision.Reconciler","requeue":false,"requeueAfter":0}
{"level":"info","ts":"2026-01-13T16:48:24-08:00","logger":"tracecheck","msg":"Taking reconcile step","Depth":56,"# Distinct States":323,"Total States":325,"Resource States":67}
{"level":"info","ts":"2026-01-13T16:48:24-08:00","logger":"KPAReconciler.seed","msg":"added podscalable to informer","resource":"deployments","namespace":"default","name":"kamera-test-deployment","stage":"podscalable-add","keys":["default/kamera-test-deployment"]}
{"level":"info","ts":"2026-01-13T16:48:24-08:00","logger":"KPAReconciler.seed","msg":"podscalable visible to lister","resource":"deployments","namespace":"default","name":"kamera-test-deployment","stage":"podscalable-lister","object":{"apiVersion":"autoscaling.internal.knative.dev/v1alpha1","kind":"PodScalable","namespace":"default","name":"kamera-test-deployment"}}
{"level":"info","ts":1768351704.591701,"logger":"fallback","caller":"kpa/controller.go:77","msg":"Setting up ConfigMap receivers"}
{"level":"info","ts":1768351704.5918012,"logger":"fallback","caller":"kpa/controller.go:91","msg":"Setting up KPA-Class event handlers"}
{"level":"info","ts":1768351704.591972,"logger":"fallback","caller":"kpa/kpa.go:158","msg":"SKS should be in Proxy mode: want = 0, ebc = 0, #act's = 2 PA Inactive? = true"}
{"level":"info","ts":1768351704.591994,"logger":"fallback","caller":"kpa/kpa.go:178","msg":"PA scale got=1, want=0, desiredPods=0 ebc=0"}
{"level":"info","ts":1768351704.592003,"logger":"fallback","caller":"kpa/kpa.go:188","msg":"Observed pod counts=kpa.podCounts{want:0, ready:1, notReady:0, pending:0, terminating:0}"}
{"level":"info","ts":"2026-01-13T16:48:24-08:00","logger":"KPAReconciler.reconcile","msg":"reconcile completed","key":"default/kamera-test","reconciler":"knative.dev.serving.pkg.reconciler.autoscaling.kpa.Reconciler","requeue":false,"requeueAfter":0}
{"level":"info","ts":"2026-01-13T16:48:24-08:00","logger":"tracecheck","msg":"Taking reconcile step","Depth":57,"# Distinct States":324,"Total States":326,"Resource States":67}
{"level":"info","ts":"2026-01-13T16:48:24-08:00","logger":"ConfigurationReconciler.seed","msg":"added podscalable to informer","resource":"deployments","namespace":"default","name":"kamera-test-deployment","stage":"podscalable-add","keys":["default/kamera-test-deployment"]}
{"level":"info","ts":"2026-01-13T16:48:24-08:00","logger":"ConfigurationReconciler.seed","msg":"podscalable visible to lister","resource":"deployments","namespace":"default","name":"kamera-test-deployment","stage":"podscalable-lister","object":{"apiVersion":"autoscaling.internal.knative.dev/v1alpha1","kind":"PodScalable","namespace":"default","name":"kamera-test-deployment"}}
{"level":"info","ts":1768351704.698712,"logger":"fallback","caller":"configuration/configuration.go:106","msg":"Revision \"kamera-test\" of configuration is ready"}
{"level":"info","ts":"2026-01-13T16:48:24-08:00","logger":"ConfigurationReconciler.reconcile","msg":"reconcile completed","key":"default/demo","reconciler":"knative.dev.serving.pkg.reconciler.configuration.Reconciler","requeue":false,"requeueAfter":0}
{"level":"info","ts":"2026-01-13T16:48:24-08:00","logger":"tracecheck","msg":"Taking reconcile step","Depth":58,"# Distinct States":325,"Total States":327,"Resource States":67}
{"level":"info","ts":"2026-01-13T16:48:24-08:00","logger":"RouteReconciler.seed","msg":"added podscalable to informer","resource":"deployments","namespace":"default","name":"kamera-test-deployment","stage":"podscalable-add","keys":["default/kamera-test-deployment"]}
{"level":"info","ts":"2026-01-13T16:48:24-08:00","logger":"RouteReconciler.seed","msg":"podscalable visible to lister","resource":"deployments","namespace":"default","name":"kamera-test-deployment","stage":"podscalable-lister","object":{"apiVersion":"autoscaling.internal.knative.dev/v1alpha1","kind":"PodScalable","namespace":"default","name":"kamera-test-deployment"}}
{"level":"info","ts":1768351704.8073568,"logger":"fallback","caller":"route/route.go:465","msg":"Revision default/kamera-test is inactive"}
{"level":"info","ts":1768351704.8073769,"logger":"fallback","caller":"route/route.go:487","msg":"All referred targets are routable, marking AllTrafficAssigned with traffic information."}
{"level":"info","ts":1768351704.807392,"logger":"fallback","caller":"route/route.go:140","msg":"Creating placeholder k8s services"}
{"level":"info","ts":1768351704.807532,"logger":"fallback","caller":"route/reconcile_resources.go:179","msg":"Created service demo"}
{"level":"info","ts":1768351704.807758,"logger":"fallback","caller":"route/route.go:176","msg":"Updating placeholder k8s services with ingress information"}
{"level":"warn","ts":1768351704.807774,"logger":"fallback","caller":"route/reconcile_resources.go:228","msg":"Failed to update k8s service","error":"failed to fetch loadbalancer domain/IP from ingress status"}
{"level":"info","ts":1768351704.807783,"logger":"fallback","caller":"route/route.go:198","msg":"Route successfully synced"}
{"level":"info","ts":"2026-01-13T16:48:24-08:00","logger":"RouteReconciler.reconcile","msg":"reconcile completed","key":"default/demo","reconciler":"knative.dev.serving.pkg.reconciler.route.Reconciler","requeue":false,"requeueAfter":0}
{"level":"info","ts":"2026-01-13T16:48:24-08:00","logger":"tracecheck","msg":"Taking reconcile step","Depth":59,"# Distinct States":326,"Total States":328,"Resource States":67}
{"level":"info","ts":"2026-01-13T16:48:24-08:00","logger":"ServiceReconciler.seed","msg":"added podscalable to informer","resource":"deployments","namespace":"default","name":"kamera-test-deployment","stage":"podscalable-add","keys":["default/kamera-test-deployment"]}
{"level":"info","ts":"2026-01-13T16:48:24-08:00","logger":"ServiceReconciler.seed","msg":"podscalable visible to lister","resource":"deployments","namespace":"default","name":"kamera-test-deployment","stage":"podscalable-lister","object":{"apiVersion":"autoscaling.internal.knative.dev/v1alpha1","kind":"PodScalable","namespace":"default","name":"kamera-test-deployment"}}
{"level":"info","ts":1768351704.91557,"logger":"fallback","caller":"service/service.go:171","msg":"Service reconciler fetching Route from lister: name=demo, namespace=default"}
{"level":"info","ts":1768351704.915589,"logger":"fallback","caller":"service/service.go:174","msg":"Service reconciler got Route from lister: name=demo, Generation=1, ObservedGeneration=1, ResourceVersion="}
{"level":"info","ts":1768351704.915614,"logger":"fallback","caller":"service/service.go:126","msg":"Service reconciler checking Route: name=demo, Generation=1, ObservedGeneration=1, Ready=Unknown (reason=IngressNotConfigured, message=Ingress has not yet been reconciled.), generationMatch=true, routeResourceVersion="}
{"level":"info","ts":1768351704.915622,"logger":"fallback","caller":"service/service.go:136","msg":"Service reconciler calling PropagateRouteStatus() because Generation == ObservedGeneration"}
{"level":"info","ts":"2026-01-13T16:48:24-08:00","logger":"ServiceReconciler.reconcile","msg":"reconcile completed","key":"default/demo","reconciler":"knative.dev.serving.pkg.reconciler.service.Reconciler","requeue":false,"requeueAfter":0}
{"level":"info","ts":"2026-01-13T16:48:24-08:00","logger":"tracecheck","msg":"Taking reconcile step","Depth":60,"# Distinct States":327,"Total States":329,"Resource States":67}
{"level":"info","ts":"2026-01-13T16:48:24-08:00","logger":"tracecheck","msg":"Taking reconcile step","Depth":61,"# Distinct States":328,"Total States":330,"Resource States":67}
{"level":"info","ts":"2026-01-13T16:48:24-08:00","logger":"tracecheck","msg":"Deleting pods","Depth":61,"# Distinct States":328,"Total States":330,"Resource States":67,"count":1}
{"level":"info","ts":"2026-01-13T16:48:24-08:00","logger":"tracecheck","msg":"Taking reconcile step","Depth":51,"# Distinct States":330,"Total States":332,"Resource States":67}
{"level":"info","ts":"2026-01-13T16:48:25-08:00","logger":"RevisionReconciler.seed","msg":"added podscalable to informer","resource":"deployments","namespace":"default","name":"kamera-test-deployment","stage":"podscalable-add","keys":["default/kamera-test-deployment"]}
{"level":"info","ts":"2026-01-13T16:48:25-08:00","logger":"RevisionReconciler.seed","msg":"podscalable visible to lister","resource":"deployments","namespace":"default","name":"kamera-test-deployment","stage":"podscalable-lister","object":{"apiVersion":"autoscaling.internal.knative.dev/v1alpha1","kind":"PodScalable","namespace":"default","name":"kamera-test-deployment"}}
{"level":"error","ts":1768351705.029859,"logger":"fallback","caller":"revision/controller.go:116","msg":"Failed to create resolver transport","error":"open /var/run/secrets/kubernetes.io/serviceaccount/ca.crt: no such file or directory","stacktrace":"knative.dev/serving/pkg/reconciler/revision.newControllerWithOptions\n\t/Users/tgoodwin/tmp/gomodcache/knative.dev/serving@v0.46.5/pkg/reconciler/revision/controller.go:116\nknative.dev/serving/pkg/reconciler/revision.NewController\n\t/Users/tgoodwin/tmp/gomodcache/knative.dev/serving@v0.46.5/pkg/reconciler/revision/controller.go:64\nmain.configureKnativeExplorer.func1.1\n\t/Users/tgoodwin/projects/kamera/examples/knative-serving/scenario.go:91\ngithub.com/tgoodwin/kamera/examples/knative-serving/knative.NewKnativeStrategy.func1\n\t/Users/tgoodwin/projects/kamera/examples/knative-serving/knative/harness.go:555\ngithub.com/tgoodwin/kamera/examples/knative-serving/knative.(*KnativeStrategy).ReconcileAtState\n\t/Users/tgoodwin/projects/kamera/examples/knative-serving/knative/harness.go:895\ngithub.com/tgoodwin/kamera/pkg/tracecheck.(*ReconcilerContainer).doReconcile\n\t/Users/tgoodwin/projects/kamera/pkg/tracecheck/reconciler.go:164\ngithub.com/tgoodwin/kamera/pkg/tracecheck.(*Explorer).reconcileAtState\n\t/Users/tgoodwin/projects/kamera/pkg/tracecheck/explore.go:1313\ngithub.com/tgoodwin/kamera/pkg/tracecheck.(*Explorer).takeReconcileStep\n\t/Users/tgoodwin/projects/kamera/pkg/tracecheck/explore.go:1228\ngithub.com/tgoodwin/kamera/pkg/tracecheck.(*Explorer).explore\n\t/Users/tgoodwin/projects/kamera/pkg/tracecheck/explore.go:790\ngithub.com/tgoodwin/kamera/pkg/tracecheck.(*Explorer).Explore.func1\n\t/Users/tgoodwin/projects/kamera/pkg/tracecheck/explore.go:330"}
{"level":"info","ts":1768351705.0301912,"logger":"fallback","caller":"revision/reconcile_resources.go:161","msg":"Reconciling PA: kamera-test"}
{"level":"info","ts":"2026-01-13T16:48:25-08:00","logger":"RevisionReconciler.reconcile","msg":"reconcile completed","key":"default/kamera-test","reconciler":"knative.dev.serving.pkg.reconciler.revision.Reconciler","requeue":false,"requeueAfter":0}
{"level":"info","ts":"2026-01-13T16:48:25-08:00","logger":"tracecheck","msg":"Taking reconcile step","Depth":52,"# Distinct States":331,"Total States":333,"Resource States":67}
{"level":"info","ts":"2026-01-13T16:48:25-08:00","logger":"tracecheck","msg":"Taking reconcile step","Depth":49,"# Distinct States":333,"Total States":335,"Resource States":67}
{"level":"info","ts":"2026-01-13T16:48:25-08:00","logger":"RevisionReconciler.seed","msg":"added podscalable to informer","resource":"deployments","namespace":"default","name":"kamera-test-deployment","stage":"podscalable-add","keys":["default/kamera-test-deployment"]}
{"level":"info","ts":"2026-01-13T16:48:25-08:00","logger":"RevisionReconciler.seed","msg":"podscalable visible to lister","resource":"deployments","namespace":"default","name":"kamera-test-deployment","stage":"podscalable-lister","object":{"apiVersion":"autoscaling.internal.knative.dev/v1alpha1","kind":"PodScalable","namespace":"default","name":"kamera-test-deployment"}}
{"level":"error","ts":1768351705.1388009,"logger":"fallback","caller":"revision/controller.go:116","msg":"Failed to create resolver transport","error":"open /var/run/secrets/kubernetes.io/serviceaccount/ca.crt: no such file or directory","stacktrace":"knative.dev/serving/pkg/reconciler/revision.newControllerWithOptions\n\t/Users/tgoodwin/tmp/gomodcache/knative.dev/serving@v0.46.5/pkg/reconciler/revision/controller.go:116\nknative.dev/serving/pkg/reconciler/revision.NewController\n\t/Users/tgoodwin/tmp/gomodcache/knative.dev/serving@v0.46.5/pkg/reconciler/revision/controller.go:64\nmain.configureKnativeExplorer.func1.1\n\t/Users/tgoodwin/projects/kamera/examples/knative-serving/scenario.go:91\ngithub.com/tgoodwin/kamera/examples/knative-serving/knative.NewKnativeStrategy.func1\n\t/Users/tgoodwin/projects/kamera/examples/knative-serving/knative/harness.go:555\ngithub.com/tgoodwin/kamera/examples/knative-serving/knative.(*KnativeStrategy).ReconcileAtState\n\t/Users/tgoodwin/projects/kamera/examples/knative-serving/knative/harness.go:895\ngithub.com/tgoodwin/kamera/pkg/tracecheck.(*ReconcilerContainer).doReconcile\n\t/Users/tgoodwin/projects/kamera/pkg/tracecheck/reconciler.go:164\ngithub.com/tgoodwin/kamera/pkg/tracecheck.(*Explorer).reconcileAtState\n\t/Users/tgoodwin/projects/kamera/pkg/tracecheck/explore.go:1313\ngithub.com/tgoodwin/kamera/pkg/tracecheck.(*Explorer).takeReconcileStep\n\t/Users/tgoodwin/projects/kamera/pkg/tracecheck/explore.go:1228\ngithub.com/tgoodwin/kamera/pkg/tracecheck.(*Explorer).explore\n\t/Users/tgoodwin/projects/kamera/pkg/tracecheck/explore.go:790\ngithub.com/tgoodwin/kamera/pkg/tracecheck.(*Explorer).Explore.func1\n\t/Users/tgoodwin/projects/kamera/pkg/tracecheck/explore.go:330"}
{"level":"info","ts":1768351705.139132,"logger":"fallback","caller":"revision/reconcile_resources.go:161","msg":"Reconciling PA: kamera-test"}
{"level":"info","ts":"2026-01-13T16:48:25-08:00","logger":"RevisionReconciler.reconcile","msg":"reconcile completed","key":"default/kamera-test","reconciler":"knative.dev.serving.pkg.reconciler.revision.Reconciler","requeue":false,"requeueAfter":0}
{"level":"info","ts":"2026-01-13T16:48:25-08:00","logger":"tracecheck","msg":"Taking reconcile step","Depth":50,"# Distinct States":334,"Total States":336,"Resource States":67}
{"level":"info","ts":"2026-01-13T16:48:25-08:00","logger":"tracecheck","msg":"Taking reconcile step","Depth":51,"# Distinct States":335,"Total States":337,"Resource States":67}
{"level":"info","ts":"2026-01-13T16:48:25-08:00","logger":"KPAReconciler.seed","msg":"added podscalable to informer","resource":"deployments","namespace":"default","name":"kamera-test-deployment","stage":"podscalable-add","keys":["default/kamera-test-deployment"]}
{"level":"info","ts":"2026-01-13T16:48:25-08:00","logger":"KPAReconciler.seed","msg":"podscalable visible to lister","resource":"deployments","namespace":"default","name":"kamera-test-deployment","stage":"podscalable-lister","object":{"apiVersion":"autoscaling.internal.knative.dev/v1alpha1","kind":"PodScalable","namespace":"default","name":"kamera-test-deployment"}}
{"level":"info","ts":1768351705.2480798,"logger":"fallback","caller":"kpa/controller.go:77","msg":"Setting up ConfigMap receivers"}
{"level":"info","ts":1768351705.248275,"logger":"fallback","caller":"kpa/controller.go:91","msg":"Setting up KPA-Class event handlers"}
{"level":"info","ts":1768351705.24847,"logger":"fallback","caller":"kpa/scaler.go:379","msg":"Scaling from 1 to 0"}
{"level":"info","ts":1768351705.2510211,"logger":"fallback","caller":"kpa/kpa.go:158","msg":"SKS should be in Proxy mode: want = 0, ebc = 0, #act's = 2 PA Inactive? = true"}
{"level":"info","ts":1768351705.251065,"logger":"fallback","caller":"kpa/kpa.go:178","msg":"PA scale got=1, want=0, desiredPods=0 ebc=0"}
{"level":"info","ts":1768351705.251076,"logger":"fallback","caller":"kpa/kpa.go:188","msg":"Observed pod counts=kpa.podCounts{want:0, ready:1, notReady:0, pending:0, terminating:0}"}
{"level":"info","ts":"2026-01-13T16:48:25-08:00","logger":"KPAReconciler.reconcile","msg":"reconcile completed","key":"default/kamera-test","reconciler":"knative.dev.serving.pkg.reconciler.autoscaling.kpa.Reconciler","requeue":false,"requeueAfter":0}
{"level":"info","ts":"2026-01-13T16:48:25-08:00","logger":"tracecheck","msg":"Taking reconcile step","Depth":52,"# Distinct States":336,"Total States":338,"Resource States":67}
{"level":"info","ts":"2026-01-13T16:48:25-08:00","logger":"tracecheck","msg":"Taking reconcile step","Depth":53,"# Distinct States":337,"Total States":339,"Resource States":67}
{"level":"info","ts":"2026-01-13T16:48:25-08:00","logger":"ConfigurationReconciler.seed","msg":"added podscalable to informer","resource":"deployments","namespace":"default","name":"kamera-test-deployment","stage":"podscalable-add","keys":["default/kamera-test-deployment"]}
{"level":"info","ts":"2026-01-13T16:48:25-08:00","logger":"ConfigurationReconciler.seed","msg":"podscalable visible to lister","resource":"deployments","namespace":"default","name":"kamera-test-deployment","stage":"podscalable-lister","object":{"apiVersion":"autoscaling.internal.knative.dev/v1alpha1","kind":"PodScalable","namespace":"default","name":"kamera-test-deployment"}}
{"level":"info","ts":1768351705.363422,"logger":"fallback","caller":"configuration/configuration.go:106","msg":"Revision \"kamera-test\" of configuration is ready"}
{"level":"info","ts":"2026-01-13T16:48:25-08:00","logger":"ConfigurationReconciler.reconcile","msg":"reconcile completed","key":"default/demo","reconciler":"knative.dev.serving.pkg.reconciler.configuration.Reconciler","requeue":false,"requeueAfter":0}
{"level":"info","ts":"2026-01-13T16:48:25-08:00","logger":"tracecheck","msg":"Taking reconcile step","Depth":54,"# Distinct States":338,"Total States":340,"Resource States":67}
{"level":"info","ts":"2026-01-13T16:48:25-08:00","logger":"tracecheck","msg":"Updated Deployment status","Depth":54,"# Distinct States":338,"Total States":340,"Resource States":67,"name":"kamera-test-deployment"}
{"level":"info","ts":"2026-01-13T16:48:25-08:00","logger":"tracecheck","msg":"Taking reconcile step","Depth":32,"# Distinct States":339,"Total States":342,"Resource States":67}
{"level":"info","ts":"2026-01-13T16:48:25-08:00","logger":"RevisionReconciler.seed","msg":"added podscalable to informer","resource":"deployments","namespace":"default","name":"kamera-test-deployment","stage":"podscalable-add","keys":["default/kamera-test-deployment"]}
{"level":"info","ts":"2026-01-13T16:48:25-08:00","logger":"RevisionReconciler.seed","msg":"podscalable visible to lister","resource":"deployments","namespace":"default","name":"kamera-test-deployment","stage":"podscalable-lister","object":{"apiVersion":"autoscaling.internal.knative.dev/v1alpha1","kind":"PodScalable","namespace":"default","name":"kamera-test-deployment"}}
{"level":"error","ts":1768351705.478273,"logger":"fallback","caller":"revision/controller.go:116","msg":"Failed to create resolver transport","error":"open /var/run/secrets/kubernetes.io/serviceaccount/ca.crt: no such file or directory","stacktrace":"knative.dev/serving/pkg/reconciler/revision.newControllerWithOptions\n\t/Users/tgoodwin/tmp/gomodcache/knative.dev/serving@v0.46.5/pkg/reconciler/revision/controller.go:116\nknative.dev/serving/pkg/reconciler/revision.NewController\n\t/Users/tgoodwin/tmp/gomodcache/knative.dev/serving@v0.46.5/pkg/reconciler/revision/controller.go:64\nmain.configureKnativeExplorer.func1.1\n\t/Users/tgoodwin/projects/kamera/examples/knative-serving/scenario.go:91\ngithub.com/tgoodwin/kamera/examples/knative-serving/knative.NewKnativeStrategy.func1\n\t/Users/tgoodwin/projects/kamera/examples/knative-serving/knative/harness.go:555\ngithub.com/tgoodwin/kamera/examples/knative-serving/knative.(*KnativeStrategy).ReconcileAtState\n\t/Users/tgoodwin/projects/kamera/examples/knative-serving/knative/harness.go:895\ngithub.com/tgoodwin/kamera/pkg/tracecheck.(*ReconcilerContainer).doReconcile\n\t/Users/tgoodwin/projects/kamera/pkg/tracecheck/reconciler.go:164\ngithub.com/tgoodwin/kamera/pkg/tracecheck.(*Explorer).reconcileAtState\n\t/Users/tgoodwin/projects/kamera/pkg/tracecheck/explore.go:1313\ngithub.com/tgoodwin/kamera/pkg/tracecheck.(*Explorer).takeReconcileStep\n\t/Users/tgoodwin/projects/kamera/pkg/tracecheck/explore.go:1228\ngithub.com/tgoodwin/kamera/pkg/tracecheck.(*Explorer).explore\n\t/Users/tgoodwin/projects/kamera/pkg/tracecheck/explore.go:790\ngithub.com/tgoodwin/kamera/pkg/tracecheck.(*Explorer).Explore.func1\n\t/Users/tgoodwin/projects/kamera/pkg/tracecheck/explore.go:330"}
{"level":"info","ts":1768351705.478625,"logger":"fallback","caller":"revision/reconcile_resources.go:161","msg":"Reconciling PA: kamera-test"}
{"level":"info","ts":"2026-01-13T16:48:25-08:00","logger":"RevisionReconciler.reconcile","msg":"reconcile completed","key":"default/kamera-test","reconciler":"knative.dev.serving.pkg.reconciler.revision.Reconciler","requeue":false,"requeueAfter":0}
{"level":"info","ts":"2026-01-13T16:48:25-08:00","logger":"tracecheck","msg":"Taking reconcile step","Depth":33,"# Distinct States":340,"Total States":343,"Resource States":67}
{"level":"info","ts":"2026-01-13T16:48:25-08:00","logger":"tracecheck","msg":"Taking reconcile step","Depth":34,"# Distinct States":341,"Total States":344,"Resource States":67}
{"level":"info","ts":"2026-01-13T16:48:25-08:00","logger":"tracecheck","msg":"Taking reconcile step","Depth":35,"# Distinct States":342,"Total States":345,"Resource States":67}
{"level":"info","ts":"2026-01-13T16:48:25-08:00","logger":"KPAReconciler.seed","msg":"added podscalable to informer","resource":"deployments","namespace":"default","name":"kamera-test-deployment","stage":"podscalable-add","keys":["default/kamera-test-deployment"]}
{"level":"info","ts":"2026-01-13T16:48:25-08:00","logger":"KPAReconciler.seed","msg":"podscalable visible to lister","resource":"deployments","namespace":"default","name":"kamera-test-deployment","stage":"podscalable-lister","object":{"apiVersion":"autoscaling.internal.knative.dev/v1alpha1","kind":"PodScalable","namespace":"default","name":"kamera-test-deployment"}}
{"level":"info","ts":1768351705.590698,"logger":"fallback","caller":"kpa/controller.go:77","msg":"Setting up ConfigMap receivers"}
{"level":"info","ts":1768351705.59077,"logger":"fallback","caller":"kpa/controller.go:91","msg":"Setting up KPA-Class event handlers"}
{"level":"info","ts":1768351705.590846,"logger":"fallback","caller":"kpa/kpa.go:158","msg":"SKS should be in Proxy mode: want = -1, ebc = 0, #act's = 2 PA Inactive? = false"}
{"level":"info","ts":1768351705.590865,"logger":"fallback","caller":"kpa/kpa.go:178","msg":"PA scale got=0, want=-1, desiredPods=0 ebc=0"}
{"level":"info","ts":1768351705.590872,"logger":"fallback","caller":"kpa/kpa.go:188","msg":"Observed pod counts=kpa.podCounts{want:-1, ready:0, notReady:1, pending:0, terminating:0}"}
{"level":"info","ts":"2026-01-13T16:48:25-08:00","logger":"KPAReconciler.reconcile","msg":"reconcile completed","key":"default/kamera-test","reconciler":"knative.dev.serving.pkg.reconciler.autoscaling.kpa.Reconciler","requeue":false,"requeueAfter":0}
{"level":"info","ts":"2026-01-13T16:48:25-08:00","logger":"tracecheck","msg":"Taking reconcile step","Depth":36,"# Distinct States":343,"Total States":346,"Resource States":67}
{"level":"info","ts":"2026-01-13T16:48:25-08:00","logger":"tracecheck","msg":"Taking reconcile step","Depth":37,"# Distinct States":344,"Total States":347,"Resource States":67}
{"level":"info","ts":"2026-01-13T16:48:25-08:00","logger":"ServerlessServiceReconciler.seed","msg":"added podscalable to informer","resource":"deployments","namespace":"default","name":"kamera-test-deployment","stage":"podscalable-add","keys":["default/kamera-test-deployment"]}
{"level":"info","ts":"2026-01-13T16:48:25-08:00","logger":"ServerlessServiceReconciler.seed","msg":"podscalable visible to lister","resource":"deployments","namespace":"default","name":"kamera-test-deployment","stage":"podscalable-lister","object":{"apiVersion":"autoscaling.internal.knative.dev/v1alpha1","kind":"PodScalable","namespace":"default","name":"kamera-test-deployment"}}
{"level":"info","ts":1768351705.697945,"logger":"fallback","caller":"serverlessservice/controller.go:90","msg":"Doing a global resync due to activator endpoint changes"}
{"level":"info","ts":1768351705.697976,"logger":"fallback","caller":"serverlessservice/serverlessservice.go:217","msg":"SKS is in Proxy mode; has 0 endpoints in kamera-test-private; 1 activator endpoints"}
{"level":"info","ts":1768351705.697993,"logger":"fallback","caller":"serverlessservice/serverlessservice.go:245","msg":"Forcing SKS into Proxy mode, insufficient ready endpoints."}
{"level":"info","ts":1768351705.698003,"logger":"fallback","caller":"serverlessservice/serverlessservice.go:290","msg":"No ready endpoints backing revision"}
{"level":"info","ts":"2026-01-13T16:48:25-08:00","logger":"ServerlessServiceReconciler.reconcile","msg":"reconcile completed","key":"default/kamera-test","reconciler":"knative.dev.serving.pkg.reconciler.serverlessservice.reconciler","requeue":false,"requeueAfter":0}
{"level":"info","ts":"2026-01-13T16:48:25-08:00","logger":"tracecheck","msg":"Taking reconcile step","Depth":38,"# Distinct States":345,"Total States":348,"Resource States":67}
{"level":"info","ts":"2026-01-13T16:48:25-08:00","logger":"tracecheck","msg":"updated pod status","Depth":38,"# Distinct States":345,"Total States":348,"Resource States":67,"phase":"Running","pod":{"name":"kamera-test-deployment-1488584584-0","namespace":"default"}}
{"level":"info","ts":"2026-01-13T16:48:25-08:00","logger":"tracecheck","msg":"Taking reconcile step","Depth":39,"# Distinct States":346,"Total States":349,"Resource States":67}
{"level":"info","ts":"2026-01-13T16:48:25-08:00","logger":"tracecheck","msg":"Taking reconcile step","Depth":40,"# Distinct States":347,"Total States":350,"Resource States":67}
{"level":"info","ts":"2026-01-13T16:48:25-08:00","logger":"ConfigurationReconciler.seed","msg":"added podscalable to informer","resource":"deployments","namespace":"default","name":"kamera-test-deployment","stage":"podscalable-add","keys":["default/kamera-test-deployment"]}
{"level":"info","ts":"2026-01-13T16:48:25-08:00","logger":"ConfigurationReconciler.seed","msg":"podscalable visible to lister","resource":"deployments","namespace":"default","name":"kamera-test-deployment","stage":"podscalable-lister","object":{"apiVersion":"autoscaling.internal.knative.dev/v1alpha1","kind":"PodScalable","namespace":"default","name":"kamera-test-deployment"}}
{"level":"info","ts":1768351705.811148,"logger":"fallback","caller":"configuration/configuration.go:103","msg":"Revision \"kamera-test\" of configuration is not ready"}
{"level":"info","ts":"2026-01-13T16:48:25-08:00","logger":"ConfigurationReconciler.reconcile","msg":"reconcile completed","key":"default/demo","reconciler":"knative.dev.serving.pkg.reconciler.configuration.Reconciler","requeue":false,"requeueAfter":0}
{"level":"info","ts":"2026-01-13T16:48:25-08:00","logger":"tracecheck","msg":"Taking reconcile step","Depth":41,"# Distinct States":348,"Total States":351,"Resource States":67}
{"level":"info","ts":"2026-01-13T16:48:25-08:00","logger":"RevisionReconciler.seed","msg":"added podscalable to informer","resource":"deployments","namespace":"default","name":"kamera-test-deployment","stage":"podscalable-add","keys":["default/kamera-test-deployment"]}
{"level":"info","ts":"2026-01-13T16:48:25-08:00","logger":"RevisionReconciler.seed","msg":"podscalable visible to lister","resource":"deployments","namespace":"default","name":"kamera-test-deployment","stage":"podscalable-lister","object":{"apiVersion":"autoscaling.internal.knative.dev/v1alpha1","kind":"PodScalable","namespace":"default","name":"kamera-test-deployment"}}
{"level":"error","ts":1768351705.917631,"logger":"fallback","caller":"revision/controller.go:116","msg":"Failed to create resolver transport","error":"open /var/run/secrets/kubernetes.io/serviceaccount/ca.crt: no such file or directory","stacktrace":"knative.dev/serving/pkg/reconciler/revision.newControllerWithOptions\n\t/Users/tgoodwin/tmp/gomodcache/knative.dev/serving@v0.46.5/pkg/reconciler/revision/controller.go:116\nknative.dev/serving/pkg/reconciler/revision.NewController\n\t/Users/tgoodwin/tmp/gomodcache/knative.dev/serving@v0.46.5/pkg/reconciler/revision/controller.go:64\nmain.configureKnativeExplorer.func1.1\n\t/Users/tgoodwin/projects/kamera/examples/knative-serving/scenario.go:91\ngithub.com/tgoodwin/kamera/examples/knative-serving/knative.NewKnativeStrategy.func1\n\t/Users/tgoodwin/projects/kamera/examples/knative-serving/knative/harness.go:555\ngithub.com/tgoodwin/kamera/examples/knative-serving/knative.(*KnativeStrategy).ReconcileAtState\n\t/Users/tgoodwin/projects/kamera/examples/knative-serving/knative/harness.go:895\ngithub.com/tgoodwin/kamera/pkg/tracecheck.(*ReconcilerContainer).doReconcile\n\t/Users/tgoodwin/projects/kamera/pkg/tracecheck/reconciler.go:164\ngithub.com/tgoodwin/kamera/pkg/tracecheck.(*Explorer).reconcileAtState\n\t/Users/tgoodwin/projects/kamera/pkg/tracecheck/explore.go:1313\ngithub.com/tgoodwin/kamera/pkg/tracecheck.(*Explorer).takeReconcileStep\n\t/Users/tgoodwin/projects/kamera/pkg/tracecheck/explore.go:1228\ngithub.com/tgoodwin/kamera/pkg/tracecheck.(*Explorer).explore\n\t/Users/tgoodwin/projects/kamera/pkg/tracecheck/explore.go:790\ngithub.com/tgoodwin/kamera/pkg/tracecheck.(*Explorer).Explore.func1\n\t/Users/tgoodwin/projects/kamera/pkg/tracecheck/explore.go:330"}
{"level":"info","ts":1768351705.918247,"logger":"fallback","caller":"revision/reconcile_resources.go:161","msg":"Reconciling PA: kamera-test"}
{"level":"info","ts":"2026-01-13T16:48:25-08:00","logger":"RevisionReconciler.reconcile","msg":"reconcile completed","key":"default/kamera-test","reconciler":"knative.dev.serving.pkg.reconciler.revision.Reconciler","requeue":false,"requeueAfter":0}
{"level":"info","ts":"2026-01-13T16:48:25-08:00","logger":"tracecheck","msg":"Taking reconcile step","Depth":42,"# Distinct States":349,"Total States":352,"Resource States":67}
{"level":"info","ts":"2026-01-13T16:48:26-08:00","logger":"KPAReconciler.seed","msg":"added podscalable to informer","resource":"deployments","namespace":"default","name":"kamera-test-deployment","stage":"podscalable-add","keys":["default/kamera-test-deployment"]}
{"level":"info","ts":"2026-01-13T16:48:26-08:00","logger":"KPAReconciler.seed","msg":"podscalable visible to lister","resource":"deployments","namespace":"default","name":"kamera-test-deployment","stage":"podscalable-lister","object":{"apiVersion":"autoscaling.internal.knative.dev/v1alpha1","kind":"PodScalable","namespace":"default","name":"kamera-test-deployment"}}
{"level":"info","ts":1768351706.0253649,"logger":"fallback","caller":"kpa/controller.go:77","msg":"Setting up ConfigMap receivers"}
{"level":"info","ts":1768351706.025495,"logger":"fallback","caller":"kpa/controller.go:91","msg":"Setting up KPA-Class event handlers"}
{"level":"info","ts":1768351706.025623,"logger":"fallback","caller":"kpa/kpa.go:158","msg":"SKS should be in Proxy mode: want = -1, ebc = 0, #act's = 2 PA Inactive? = false"}
{"level":"info","ts":1768351706.0256488,"logger":"fallback","caller":"kpa/kpa.go:178","msg":"PA scale got=1, want=-1, desiredPods=0 ebc=0"}
{"level":"info","ts":1768351706.0256588,"logger":"fallback","caller":"kpa/kpa.go:188","msg":"Observed pod counts=kpa.podCounts{want:-1, ready:1, notReady:0, pending:0, terminating:0}"}
{"level":"info","ts":"2026-01-13T16:48:26-08:00","logger":"KPAReconciler.reconcile","msg":"reconcile completed","key":"default/kamera-test","reconciler":"knative.dev.serving.pkg.reconciler.autoscaling.kpa.Reconciler","requeue":false,"requeueAfter":0}
{"level":"info","ts":"2026-01-13T16:48:26-08:00","logger":"tracecheck","msg":"Taking reconcile step","Depth":43,"# Distinct States":350,"Total States":353,"Resource States":67}
{"level":"info","ts":"2026-01-13T16:48:26-08:00","logger":"tracecheck","msg":"Taking reconcile step","Depth":44,"# Distinct States":351,"Total States":354,"Resource States":67}
{"level":"info","ts":"2026-01-13T16:48:26-08:00","logger":"tracecheck","msg":"Updated ReplicaSet status","Depth":44,"# Distinct States":351,"Total States":354,"Resource States":67,"name":"kamera-test-deployment-1488584584"}
{"level":"info","ts":"2026-01-13T16:48:26-08:00","logger":"tracecheck","msg":"Taking reconcile step","Depth":45,"# Distinct States":352,"Total States":355,"Resource States":67}
{"level":"info","ts":"2026-01-13T16:48:26-08:00","logger":"KPAReconciler.seed","msg":"added podscalable to informer","resource":"deployments","namespace":"default","name":"kamera-test-deployment","stage":"podscalable-add","keys":["default/kamera-test-deployment"]}
{"level":"info","ts":"2026-01-13T16:48:26-08:00","logger":"KPAReconciler.seed","msg":"podscalable visible to lister","resource":"deployments","namespace":"default","name":"kamera-test-deployment","stage":"podscalable-lister","object":{"apiVersion":"autoscaling.internal.knative.dev/v1alpha1","kind":"PodScalable","namespace":"default","name":"kamera-test-deployment"}}
{"level":"info","ts":1768351706.139636,"logger":"fallback","caller":"kpa/controller.go:77","msg":"Setting up ConfigMap receivers"}
{"level":"info","ts":1768351706.1397471,"logger":"fallback","caller":"kpa/controller.go:91","msg":"Setting up KPA-Class event handlers"}
{"level":"info","ts":1768351706.1398468,"logger":"fallback","caller":"kpa/scaler.go:229","msg":"Can deactivate PA, was active for 6s"}
{"level":"info","ts":1768351706.139864,"logger":"fallback","caller":"kpa/kpa.go:158","msg":"SKS should be in Proxy mode: want = 0, ebc = 0, #act's = 2 PA Inactive? = false"}
{"level":"info","ts":1768351706.13988,"logger":"fallback","caller":"kpa/kpa.go:178","msg":"PA scale got=1, want=0, desiredPods=0 ebc=0"}
{"level":"info","ts":1768351706.139891,"logger":"fallback","caller":"kpa/kpa.go:188","msg":"Observed pod counts=kpa.podCounts{want:0, ready:1, notReady:0, pending:0, terminating:0}"}
{"level":"info","ts":"2026-01-13T16:48:26-08:00","logger":"KPAReconciler.reconcile","msg":"reconcile completed","key":"default/kamera-test","reconciler":"knative.dev.serving.pkg.reconciler.autoscaling.kpa.Reconciler","requeue":false,"requeueAfter":0}
{"level":"info","ts":"2026-01-13T16:48:26-08:00","logger":"tracecheck","msg":"Taking reconcile step","Depth":46,"# Distinct States":353,"Total States":356,"Resource States":67}
{"level":"info","ts":"2026-01-13T16:48:26-08:00","logger":"tracecheck","msg":"Taking reconcile step","Depth":47,"# Distinct States":354,"Total States":357,"Resource States":67}
{"level":"info","ts":"2026-01-13T16:48:26-08:00","logger":"RevisionReconciler.seed","msg":"added podscalable to informer","resource":"deployments","namespace":"default","name":"kamera-test-deployment","stage":"podscalable-add","keys":["default/kamera-test-deployment"]}
{"level":"info","ts":"2026-01-13T16:48:26-08:00","logger":"RevisionReconciler.seed","msg":"podscalable visible to lister","resource":"deployments","namespace":"default","name":"kamera-test-deployment","stage":"podscalable-lister","object":{"apiVersion":"autoscaling.internal.knative.dev/v1alpha1","kind":"PodScalable","namespace":"default","name":"kamera-test-deployment"}}
{"level":"error","ts":1768351706.249293,"logger":"fallback","caller":"revision/controller.go:116","msg":"Failed to create resolver transport","error":"open /var/run/secrets/kubernetes.io/serviceaccount/ca.crt: no such file or directory","stacktrace":"knative.dev/serving/pkg/reconciler/revision.newControllerWithOptions\n\t/Users/tgoodwin/tmp/gomodcache/knative.dev/serving@v0.46.5/pkg/reconciler/revision/controller.go:116\nknative.dev/serving/pkg/reconciler/revision.NewController\n\t/Users/tgoodwin/tmp/gomodcache/knative.dev/serving@v0.46.5/pkg/reconciler/revision/controller.go:64\nmain.configureKnativeExplorer.func1.1\n\t/Users/tgoodwin/projects/kamera/examples/knative-serving/scenario.go:91\ngithub.com/tgoodwin/kamera/examples/knative-serving/knative.NewKnativeStrategy.func1\n\t/Users/tgoodwin/projects/kamera/examples/knative-serving/knative/harness.go:555\ngithub.com/tgoodwin/kamera/examples/knative-serving/knative.(*KnativeStrategy).ReconcileAtState\n\t/Users/tgoodwin/projects/kamera/examples/knative-serving/knative/harness.go:895\ngithub.com/tgoodwin/kamera/pkg/tracecheck.(*ReconcilerContainer).doReconcile\n\t/Users/tgoodwin/projects/kamera/pkg/tracecheck/reconciler.go:164\ngithub.com/tgoodwin/kamera/pkg/tracecheck.(*Explorer).reconcileAtState\n\t/Users/tgoodwin/projects/kamera/pkg/tracecheck/explore.go:1313\ngithub.com/tgoodwin/kamera/pkg/tracecheck.(*Explorer).takeReconcileStep\n\t/Users/tgoodwin/projects/kamera/pkg/tracecheck/explore.go:1228\ngithub.com/tgoodwin/kamera/pkg/tracecheck.(*Explorer).explore\n\t/Users/tgoodwin/projects/kamera/pkg/tracecheck/explore.go:790\ngithub.com/tgoodwin/kamera/pkg/tracecheck.(*Explorer).Explore.func1\n\t/Users/tgoodwin/projects/kamera/pkg/tracecheck/explore.go:330"}
{"level":"info","ts":1768351706.24998,"logger":"fallback","caller":"revision/reconcile_resources.go:161","msg":"Reconciling PA: kamera-test"}
{"level":"info","ts":1768351706.250027,"logger":"fallback","caller":"revision/revision.go:166","msg":"Revision became ready"}
{"level":"info","ts":"2026-01-13T16:48:26-08:00","logger":"RevisionReconciler.reconcile","msg":"reconcile completed","key":"default/kamera-test","reconciler":"knative.dev.serving.pkg.reconciler.revision.Reconciler","requeue":false,"requeueAfter":0}
{"level":"info","ts":"2026-01-13T16:48:26-08:00","logger":"tracecheck","msg":"Taking reconcile step","Depth":48,"# Distinct States":355,"Total States":358,"Resource States":67}
{"level":"info","ts":"2026-01-13T16:48:26-08:00","logger":"tracecheck","msg":"Updated Deployment status","Depth":48,"# Distinct States":355,"Total States":358,"Resource States":67,"name":"kamera-test-deployment"}
{"level":"info","ts":"2026-01-13T16:48:26-08:00","logger":"tracecheck","msg":"Taking reconcile step","Depth":49,"# Distinct States":356,"Total States":359,"Resource States":67}
{"level":"info","ts":"2026-01-13T16:48:26-08:00","logger":"tracecheck","msg":"Taking reconcile step","Depth":50,"# Distinct States":357,"Total States":360,"Resource States":67}
{"level":"info","ts":"2026-01-13T16:48:26-08:00","logger":"KPAReconciler.seed","msg":"added podscalable to informer","resource":"deployments","namespace":"default","name":"kamera-test-deployment","stage":"podscalable-add","keys":["default/kamera-test-deployment"]}
{"level":"info","ts":"2026-01-13T16:48:26-08:00","logger":"KPAReconciler.seed","msg":"podscalable visible to lister","resource":"deployments","namespace":"default","name":"kamera-test-deployment","stage":"podscalable-lister","object":{"apiVersion":"autoscaling.internal.knative.dev/v1alpha1","kind":"PodScalable","namespace":"default","name":"kamera-test-deployment"}}
{"level":"info","ts":1768351706.365916,"logger":"fallback","caller":"kpa/controller.go:77","msg":"Setting up ConfigMap receivers"}
{"level":"info","ts":1768351706.36608,"logger":"fallback","caller":"kpa/controller.go:91","msg":"Setting up KPA-Class event handlers"}
{"level":"info","ts":1768351706.36624,"logger":"fallback","caller":"kpa/scaler.go:379","msg":"Scaling from 1 to 0"}
{"level":"info","ts":1768351706.368672,"logger":"fallback","caller":"kpa/kpa.go:158","msg":"SKS should be in Proxy mode: want = 0, ebc = 0, #act's = 2 PA Inactive? = true"}
{"level":"info","ts":1768351706.3687198,"logger":"fallback","caller":"kpa/kpa.go:178","msg":"PA scale got=1, want=0, desiredPods=0 ebc=0"}
{"level":"info","ts":1768351706.3687308,"logger":"fallback","caller":"kpa/kpa.go:188","msg":"Observed pod counts=kpa.podCounts{want:0, ready:1, notReady:0, pending:0, terminating:0}"}
{"level":"info","ts":"2026-01-13T16:48:26-08:00","logger":"KPAReconciler.reconcile","msg":"reconcile completed","key":"default/kamera-test","reconciler":"knative.dev.serving.pkg.reconciler.autoscaling.kpa.Reconciler","requeue":false,"requeueAfter":0}
{"level":"info","ts":"2026-01-13T16:48:26-08:00","logger":"tracecheck","msg":"Taking reconcile step","Depth":51,"# Distinct States":358,"Total States":361,"Resource States":67}
{"level":"info","ts":"2026-01-13T16:48:26-08:00","logger":"ConfigurationReconciler.seed","msg":"added podscalable to informer","resource":"deployments","namespace":"default","name":"kamera-test-deployment","stage":"podscalable-add","keys":["default/kamera-test-deployment"]}
{"level":"info","ts":"2026-01-13T16:48:26-08:00","logger":"ConfigurationReconciler.seed","msg":"podscalable visible to lister","resource":"deployments","namespace":"default","name":"kamera-test-deployment","stage":"podscalable-lister","object":{"apiVersion":"autoscaling.internal.knative.dev/v1alpha1","kind":"PodScalable","namespace":"default","name":"kamera-test-deployment"}}
{"level":"info","ts":1768351706.479881,"logger":"fallback","caller":"configuration/configuration.go:106","msg":"Revision \"kamera-test\" of configuration is ready"}
{"level":"info","ts":"2026-01-13T16:48:26-08:00","logger":"ConfigurationReconciler.reconcile","msg":"reconcile completed","key":"default/demo","reconciler":"knative.dev.serving.pkg.reconciler.configuration.Reconciler","requeue":false,"requeueAfter":0}
{"level":"info","ts":"2026-01-13T16:48:26-08:00","logger":"tracecheck","msg":"Taking reconcile step","Depth":52,"# Distinct States":359,"Total States":362,"Resource States":67}
{"level":"info","ts":"2026-01-13T16:48:26-08:00","logger":"tracecheck","msg":"Taking reconcile step","Depth":43,"# Distinct States":360,"Total States":363,"Resource States":67}
{"level":"info","ts":"2026-01-13T16:48:26-08:00","logger":"RevisionReconciler.seed","msg":"added podscalable to informer","resource":"deployments","namespace":"default","name":"kamera-test-deployment","stage":"podscalable-add","keys":["default/kamera-test-deployment"]}
{"level":"info","ts":"2026-01-13T16:48:26-08:00","logger":"RevisionReconciler.seed","msg":"podscalable visible to lister","resource":"deployments","namespace":"default","name":"kamera-test-deployment","stage":"podscalable-lister","object":{"apiVersion":"autoscaling.internal.knative.dev/v1alpha1","kind":"PodScalable","namespace":"default","name":"kamera-test-deployment"}}
{"level":"error","ts":1768351706.590791,"logger":"fallback","caller":"revision/controller.go:116","msg":"Failed to create resolver transport","error":"open /var/run/secrets/kubernetes.io/serviceaccount/ca.crt: no such file or directory","stacktrace":"knative.dev/serving/pkg/reconciler/revision.newControllerWithOptions\n\t/Users/tgoodwin/tmp/gomodcache/knative.dev/serving@v0.46.5/pkg/reconciler/revision/controller.go:116\nknative.dev/serving/pkg/reconciler/revision.NewController\n\t/Users/tgoodwin/tmp/gomodcache/knative.dev/serving@v0.46.5/pkg/reconciler/revision/controller.go:64\nmain.configureKnativeExplorer.func1.1\n\t/Users/tgoodwin/projects/kamera/examples/knative-serving/scenario.go:91\ngithub.com/tgoodwin/kamera/examples/knative-serving/knative.NewKnativeStrategy.func1\n\t/Users/tgoodwin/projects/kamera/examples/knative-serving/knative/harness.go:555\ngithub.com/tgoodwin/kamera/examples/knative-serving/knative.(*KnativeStrategy).ReconcileAtState\n\t/Users/tgoodwin/projects/kamera/examples/knative-serving/knative/harness.go:895\ngithub.com/tgoodwin/kamera/pkg/tracecheck.(*ReconcilerContainer).doReconcile\n\t/Users/tgoodwin/projects/kamera/pkg/tracecheck/reconciler.go:164\ngithub.com/tgoodwin/kamera/pkg/tracecheck.(*Explorer).reconcileAtState\n\t/Users/tgoodwin/projects/kamera/pkg/tracecheck/explore.go:1313\ngithub.com/tgoodwin/kamera/pkg/tracecheck.(*Explorer).takeReconcileStep\n\t/Users/tgoodwin/projects/kamera/pkg/tracecheck/explore.go:1228\ngithub.com/tgoodwin/kamera/pkg/tracecheck.(*Explorer).explore\n\t/Users/tgoodwin/projects/kamera/pkg/tracecheck/explore.go:790\ngithub.com/tgoodwin/kamera/pkg/tracecheck.(*Explorer).Explore.func1\n\t/Users/tgoodwin/projects/kamera/pkg/tracecheck/explore.go:330"}
{"level":"info","ts":1768351706.591271,"logger":"fallback","caller":"revision/reconcile_resources.go:161","msg":"Reconciling PA: kamera-test"}
{"level":"info","ts":1768351706.591299,"logger":"fallback","caller":"revision/revision.go:166","msg":"Revision became ready"}
{"level":"info","ts":"2026-01-13T16:48:26-08:00","logger":"RevisionReconciler.reconcile","msg":"reconcile completed","key":"default/kamera-test","reconciler":"knative.dev.serving.pkg.reconciler.revision.Reconciler","requeue":false,"requeueAfter":0}
{"level":"info","ts":"2026-01-13T16:48:26-08:00","logger":"tracecheck","msg":"Taking reconcile step","Depth":44,"# Distinct States":361,"Total States":364,"Resource States":67}
{"level":"info","ts":"2026-01-13T16:48:26-08:00","logger":"tracecheck","msg":"Taking reconcile step","Depth":45,"# Distinct States":362,"Total States":365,"Resource States":67}
{"level":"info","ts":"2026-01-13T16:48:26-08:00","logger":"tracecheck","msg":"Updated ReplicaSet status","Depth":45,"# Distinct States":362,"Total States":365,"Resource States":67,"name":"kamera-test-deployment-1488584584"}
{"level":"info","ts":"2026-01-13T16:48:26-08:00","logger":"tracecheck","msg":"Taking reconcile step","Depth":46,"# Distinct States":363,"Total States":366,"Resource States":67}
{"level":"info","ts":"2026-01-13T16:48:26-08:00","logger":"KPAReconciler.seed","msg":"added podscalable to informer","resource":"deployments","namespace":"default","name":"kamera-test-deployment","stage":"podscalable-add","keys":["default/kamera-test-deployment"]}
{"level":"info","ts":"2026-01-13T16:48:26-08:00","logger":"KPAReconciler.seed","msg":"podscalable visible to lister","resource":"deployments","namespace":"default","name":"kamera-test-deployment","stage":"podscalable-lister","object":{"apiVersion":"autoscaling.internal.knative.dev/v1alpha1","kind":"PodScalable","namespace":"default","name":"kamera-test-deployment"}}
{"level":"info","ts":1768351706.705261,"logger":"fallback","caller":"kpa/controller.go:77","msg":"Setting up ConfigMap receivers"}
{"level":"info","ts":1768351706.705369,"logger":"fallback","caller":"kpa/controller.go:91","msg":"Setting up KPA-Class event handlers"}
{"level":"info","ts":1768351706.7054799,"logger":"fallback","caller":"kpa/scaler.go:229","msg":"Can deactivate PA, was active for 8s"}
{"level":"info","ts":1768351706.705496,"logger":"fallback","caller":"kpa/kpa.go:158","msg":"SKS should be in Proxy mode: want = 0, ebc = 0, #act's = 2 PA Inactive? = false"}
{"level":"info","ts":1768351706.705514,"logger":"fallback","caller":"kpa/kpa.go:178","msg":"PA scale got=1, want=0, desiredPods=0 ebc=0"}
{"level":"info","ts":1768351706.705524,"logger":"fallback","caller":"kpa/kpa.go:188","msg":"Observed pod counts=kpa.podCounts{want:0, ready:1, notReady:0, pending:0, terminating:0}"}
{"level":"info","ts":"2026-01-13T16:48:26-08:00","logger":"KPAReconciler.reconcile","msg":"reconcile completed","key":"default/kamera-test","reconciler":"knative.dev.serving.pkg.reconciler.autoscaling.kpa.Reconciler","requeue":false,"requeueAfter":0}
{"level":"info","ts":"2026-01-13T16:48:26-08:00","logger":"tracecheck","msg":"Taking reconcile step","Depth":47,"# Distinct States":364,"Total States":367,"Resource States":67}
{"level":"info","ts":"2026-01-13T16:48:26-08:00","logger":"tracecheck","msg":"Taking reconcile step","Depth":27,"# Distinct States":366,"Total States":369,"Resource States":67}
{"level":"info","ts":"2026-01-13T16:48:26-08:00","logger":"RevisionReconciler.seed","msg":"added podscalable to informer","resource":"deployments","namespace":"default","name":"kamera-test-deployment","stage":"podscalable-add","keys":["default/kamera-test-deployment"]}
{"level":"info","ts":"2026-01-13T16:48:26-08:00","logger":"RevisionReconciler.seed","msg":"podscalable visible to lister","resource":"deployments","namespace":"default","name":"kamera-test-deployment","stage":"podscalable-lister","object":{"apiVersion":"autoscaling.internal.knative.dev/v1alpha1","kind":"PodScalable","namespace":"default","name":"kamera-test-deployment"}}
{"level":"error","ts":1768351706.814682,"logger":"fallback","caller":"revision/controller.go:116","msg":"Failed to create resolver transport","error":"open /var/run/secrets/kubernetes.io/serviceaccount/ca.crt: no such file or directory","stacktrace":"knative.dev/serving/pkg/reconciler/revision.newControllerWithOptions\n\t/Users/tgoodwin/tmp/gomodcache/knative.dev/serving@v0.46.5/pkg/reconciler/revision/controller.go:116\nknative.dev/serving/pkg/reconciler/revision.NewController\n\t/Users/tgoodwin/tmp/gomodcache/knative.dev/serving@v0.46.5/pkg/reconciler/revision/controller.go:64\nmain.configureKnativeExplorer.func1.1\n\t/Users/tgoodwin/projects/kamera/examples/knative-serving/scenario.go:91\ngithub.com/tgoodwin/kamera/examples/knative-serving/knative.NewKnativeStrategy.func1\n\t/Users/tgoodwin/projects/kamera/examples/knative-serving/knative/harness.go:555\ngithub.com/tgoodwin/kamera/examples/knative-serving/knative.(*KnativeStrategy).ReconcileAtState\n\t/Users/tgoodwin/projects/kamera/examples/knative-serving/knative/harness.go:895\ngithub.com/tgoodwin/kamera/pkg/tracecheck.(*ReconcilerContainer).doReconcile\n\t/Users/tgoodwin/projects/kamera/pkg/tracecheck/reconciler.go:164\ngithub.com/tgoodwin/kamera/pkg/tracecheck.(*Explorer).reconcileAtState\n\t/Users/tgoodwin/projects/kamera/pkg/tracecheck/explore.go:1313\ngithub.com/tgoodwin/kamera/pkg/tracecheck.(*Explorer).takeReconcileStep\n\t/Users/tgoodwin/projects/kamera/pkg/tracecheck/explore.go:1228\ngithub.com/tgoodwin/kamera/pkg/tracecheck.(*Explorer).explore\n\t/Users/tgoodwin/projects/kamera/pkg/tracecheck/explore.go:790\ngithub.com/tgoodwin/kamera/pkg/tracecheck.(*Explorer).Explore.func1\n\t/Users/tgoodwin/projects/kamera/pkg/tracecheck/explore.go:330"}
{"level":"info","ts":1768351706.8150988,"logger":"fallback","caller":"revision/reconcile_resources.go:161","msg":"Reconciling PA: kamera-test"}
{"level":"info","ts":"2026-01-13T16:48:26-08:00","logger":"RevisionReconciler.reconcile","msg":"reconcile completed","key":"default/kamera-test","reconciler":"knative.dev.serving.pkg.reconciler.revision.Reconciler","requeue":false,"requeueAfter":0}
{"level":"info","ts":"2026-01-13T16:48:26-08:00","logger":"tracecheck","msg":"Taking reconcile step","Depth":28,"# Distinct States":367,"Total States":370,"Resource States":68}
{"level":"info","ts":"2026-01-13T16:48:26-08:00","logger":"ServerlessServiceReconciler.seed","msg":"added podscalable to informer","resource":"deployments","namespace":"default","name":"kamera-test-deployment","stage":"podscalable-add","keys":["default/kamera-test-deployment"]}
{"level":"info","ts":"2026-01-13T16:48:26-08:00","logger":"ServerlessServiceReconciler.seed","msg":"podscalable visible to lister","resource":"deployments","namespace":"default","name":"kamera-test-deployment","stage":"podscalable-lister","object":{"apiVersion":"autoscaling.internal.knative.dev/v1alpha1","kind":"PodScalable","namespace":"default","name":"kamera-test-deployment"}}
{"level":"info","ts":1768351706.92316,"logger":"fallback","caller":"serverlessservice/controller.go:90","msg":"Doing a global resync due to activator endpoint changes"}
{"level":"info","ts":1768351706.923197,"logger":"fallback","caller":"serverlessservice/serverlessservice.go:217","msg":"SKS is in Proxy mode; has 0 endpoints in kamera-test-private; 1 activator endpoints"}
{"level":"info","ts":1768351706.9232159,"logger":"fallback","caller":"serverlessservice/serverlessservice.go:245","msg":"Forcing SKS into Proxy mode, insufficient ready endpoints."}
{"level":"info","ts":1768351706.9232252,"logger":"fallback","caller":"serverlessservice/serverlessservice.go:265","msg":"Public endpoints object does not exist; creating."}
{"level":"info","ts":1768351706.923444,"logger":"fallback","caller":"serverlessservice/serverlessservice.go:270","msg":"Created K8s Endpoints: kamera-test"}
{"level":"info","ts":1768351706.923455,"logger":"fallback","caller":"serverlessservice/serverlessservice.go:290","msg":"No ready endpoints backing revision"}
{"level":"info","ts":"2026-01-13T16:48:26-08:00","logger":"ServerlessServiceReconciler.reconcile","msg":"reconcile completed","key":"default/kamera-test","reconciler":"knative.dev.serving.pkg.reconciler.serverlessservice.reconciler","requeue":false,"requeueAfter":0}
{"level":"info","ts":"2026-01-13T16:48:26-08:00","logger":"tracecheck","msg":"Taking reconcile step","Depth":29,"# Distinct States":368,"Total States":371,"Resource States":69}
{"level":"info","ts":"2026-01-13T16:48:26-08:00","logger":"tracecheck","msg":"Taking reconcile step","Depth":30,"# Distinct States":369,"Total States":372,"Resource States":69}
{"level":"info","ts":"2026-01-13T16:48:26-08:00","logger":"tracecheck","msg":"Taking reconcile step","Depth":31,"# Distinct States":370,"Total States":373,"Resource States":69}
{"level":"info","ts":"2026-01-13T16:48:26-08:00","logger":"tracecheck","msg":"updated pod status","Depth":31,"# Distinct States":370,"Total States":373,"Resource States":69,"phase":"Running","pod":{"name":"kamera-test-deployment-1488584584-0","namespace":"default"}}
{"level":"info","ts":"2026-01-13T16:48:26-08:00","logger":"tracecheck","msg":"Taking reconcile step","Depth":32,"# Distinct States":371,"Total States":374,"Resource States":70}
{"level":"info","ts":"2026-01-13T16:48:26-08:00","logger":"tracecheck","msg":"Updated Deployment status","Depth":32,"# Distinct States":371,"Total States":374,"Resource States":70,"name":"kamera-test-deployment"}
{"level":"info","ts":"2026-01-13T16:48:26-08:00","logger":"tracecheck","msg":"Taking reconcile step","Depth":33,"# Distinct States":372,"Total States":375,"Resource States":70}
{"level":"info","ts":"2026-01-13T16:48:26-08:00","logger":"tracecheck","msg":"Taking reconcile step","Depth":34,"# Distinct States":373,"Total States":376,"Resource States":70}
{"level":"info","ts":"2026-01-13T16:48:26-08:00","logger":"tracecheck","msg":"Taking reconcile step","Depth":35,"# Distinct States":374,"Total States":377,"Resource States":70}
{"level":"info","ts":"2026-01-13T16:48:27-08:00","logger":"KPAReconciler.seed","msg":"added podscalable to informer","resource":"deployments","namespace":"default","name":"kamera-test-deployment","stage":"podscalable-add","keys":["default/kamera-test-deployment"]}
{"level":"info","ts":"2026-01-13T16:48:27-08:00","logger":"KPAReconciler.seed","msg":"podscalable visible to lister","resource":"deployments","namespace":"default","name":"kamera-test-deployment","stage":"podscalable-lister","object":{"apiVersion":"autoscaling.internal.knative.dev/v1alpha1","kind":"PodScalable","namespace":"default","name":"kamera-test-deployment"}}
{"level":"info","ts":1768351707.04608,"logger":"fallback","caller":"kpa/controller.go:77","msg":"Setting up ConfigMap receivers"}
{"level":"info","ts":1768351707.046176,"logger":"fallback","caller":"kpa/controller.go:91","msg":"Setting up KPA-Class event handlers"}
{"level":"info","ts":1768351707.046292,"logger":"fallback","caller":"kpa/kpa.go:158","msg":"SKS should be in Proxy mode: want = -1, ebc = 0, #act's = 2 PA Inactive? = false"}
{"level":"info","ts":1768351707.046314,"logger":"fallback","caller":"kpa/kpa.go:178","msg":"PA scale got=0, want=-1, desiredPods=0 ebc=0"}
{"level":"info","ts":1768351707.046323,"logger":"fallback","caller":"kpa/kpa.go:188","msg":"Observed pod counts=kpa.podCounts{want:-1, ready:0, notReady:1, pending:0, terminating:0}"}
{"level":"info","ts":"2026-01-13T16:48:27-08:00","logger":"KPAReconciler.reconcile","msg":"reconcile completed","key":"default/kamera-test","reconciler":"knative.dev.serving.pkg.reconciler.autoscaling.kpa.Reconciler","requeue":false,"requeueAfter":0}
{"level":"info","ts":"2026-01-13T16:48:27-08:00","logger":"tracecheck","msg":"Taking reconcile step","Depth":36,"# Distinct States":375,"Total States":378,"Resource States":70}
{"level":"info","ts":"2026-01-13T16:48:27-08:00","logger":"tracecheck","msg":"Taking reconcile step","Depth":37,"# Distinct States":376,"Total States":379,"Resource States":70}
{"level":"info","ts":"2026-01-13T16:48:27-08:00","logger":"ConfigurationReconciler.seed","msg":"added podscalable to informer","resource":"deployments","namespace":"default","name":"kamera-test-deployment","stage":"podscalable-add","keys":["default/kamera-test-deployment"]}
{"level":"info","ts":"2026-01-13T16:48:27-08:00","logger":"ConfigurationReconciler.seed","msg":"podscalable visible to lister","resource":"deployments","namespace":"default","name":"kamera-test-deployment","stage":"podscalable-lister","object":{"apiVersion":"autoscaling.internal.knative.dev/v1alpha1","kind":"PodScalable","namespace":"default","name":"kamera-test-deployment"}}
{"level":"info","ts":1768351707.1541991,"logger":"fallback","caller":"configuration/configuration.go:103","msg":"Revision \"kamera-test\" of configuration is not ready"}
{"level":"info","ts":"2026-01-13T16:48:27-08:00","logger":"ConfigurationReconciler.reconcile","msg":"reconcile completed","key":"default/demo","reconciler":"knative.dev.serving.pkg.reconciler.configuration.Reconciler","requeue":false,"requeueAfter":0}
{"level":"info","ts":"2026-01-13T16:48:27-08:00","logger":"tracecheck","msg":"Taking reconcile step","Depth":38,"# Distinct States":377,"Total States":380,"Resource States":70}
{"level":"info","ts":"2026-01-13T16:48:27-08:00","logger":"RevisionReconciler.seed","msg":"added podscalable to informer","resource":"deployments","namespace":"default","name":"kamera-test-deployment","stage":"podscalable-add","keys":["default/kamera-test-deployment"]}
{"level":"info","ts":"2026-01-13T16:48:27-08:00","logger":"RevisionReconciler.seed","msg":"podscalable visible to lister","resource":"deployments","namespace":"default","name":"kamera-test-deployment","stage":"podscalable-lister","object":{"apiVersion":"autoscaling.internal.knative.dev/v1alpha1","kind":"PodScalable","namespace":"default","name":"kamera-test-deployment"}}
{"level":"error","ts":1768351707.2612638,"logger":"fallback","caller":"revision/controller.go:116","msg":"Failed to create resolver transport","error":"open /var/run/secrets/kubernetes.io/serviceaccount/ca.crt: no such file or directory","stacktrace":"knative.dev/serving/pkg/reconciler/revision.newControllerWithOptions\n\t/Users/tgoodwin/tmp/gomodcache/knative.dev/serving@v0.46.5/pkg/reconciler/revision/controller.go:116\nknative.dev/serving/pkg/reconciler/revision.NewController\n\t/Users/tgoodwin/tmp/gomodcache/knative.dev/serving@v0.46.5/pkg/reconciler/revision/controller.go:64\nmain.configureKnativeExplorer.func1.1\n\t/Users/tgoodwin/projects/kamera/examples/knative-serving/scenario.go:91\ngithub.com/tgoodwin/kamera/examples/knative-serving/knative.NewKnativeStrategy.func1\n\t/Users/tgoodwin/projects/kamera/examples/knative-serving/knative/harness.go:555\ngithub.com/tgoodwin/kamera/examples/knative-serving/knative.(*KnativeStrategy).ReconcileAtState\n\t/Users/tgoodwin/projects/kamera/examples/knative-serving/knative/harness.go:895\ngithub.com/tgoodwin/kamera/pkg/tracecheck.(*ReconcilerContainer).doReconcile\n\t/Users/tgoodwin/projects/kamera/pkg/tracecheck/reconciler.go:164\ngithub.com/tgoodwin/kamera/pkg/tracecheck.(*Explorer).reconcileAtState\n\t/Users/tgoodwin/projects/kamera/pkg/tracecheck/explore.go:1313\ngithub.com/tgoodwin/kamera/pkg/tracecheck.(*Explorer).takeReconcileStep\n\t/Users/tgoodwin/projects/kamera/pkg/tracecheck/explore.go:1228\ngithub.com/tgoodwin/kamera/pkg/tracecheck.(*Explorer).explore\n\t/Users/tgoodwin/projects/kamera/pkg/tracecheck/explore.go:790\ngithub.com/tgoodwin/kamera/pkg/tracecheck.(*Explorer).Explore.func1\n\t/Users/tgoodwin/projects/kamera/pkg/tracecheck/explore.go:330"}
{"level":"info","ts":1768351707.261785,"logger":"fallback","caller":"revision/reconcile_resources.go:161","msg":"Reconciling PA: kamera-test"}
{"level":"info","ts":"2026-01-13T16:48:27-08:00","logger":"RevisionReconciler.reconcile","msg":"reconcile completed","key":"default/kamera-test","reconciler":"knative.dev.serving.pkg.reconciler.revision.Reconciler","requeue":false,"requeueAfter":0}
{"level":"info","ts":"2026-01-13T16:48:27-08:00","logger":"tracecheck","msg":"Taking reconcile step","Depth":39,"# Distinct States":378,"Total States":381,"Resource States":70}
{"level":"info","ts":"2026-01-13T16:48:27-08:00","logger":"ServerlessServiceReconciler.seed","msg":"added podscalable to informer","resource":"deployments","namespace":"default","name":"kamera-test-deployment","stage":"podscalable-add","keys":["default/kamera-test-deployment"]}
{"level":"info","ts":"2026-01-13T16:48:27-08:00","logger":"ServerlessServiceReconciler.seed","msg":"podscalable visible to lister","resource":"deployments","namespace":"default","name":"kamera-test-deployment","stage":"podscalable-lister","object":{"apiVersion":"autoscaling.internal.knative.dev/v1alpha1","kind":"PodScalable","namespace":"default","name":"kamera-test-deployment"}}
{"level":"info","ts":1768351707.370207,"logger":"fallback","caller":"serverlessservice/controller.go:90","msg":"Doing a global resync due to activator endpoint changes"}
{"level":"info","ts":1768351707.37024,"logger":"fallback","caller":"serverlessservice/serverlessservice.go:217","msg":"SKS is in Proxy mode; has 0 endpoints in kamera-test-private; 1 activator endpoints"}
{"level":"info","ts":1768351707.370254,"logger":"fallback","caller":"serverlessservice/serverlessservice.go:245","msg":"Forcing SKS into Proxy mode, insufficient ready endpoints."}
{"level":"info","ts":1768351707.370265,"logger":"fallback","caller":"serverlessservice/serverlessservice.go:290","msg":"No ready endpoints backing revision"}
{"level":"info","ts":"2026-01-13T16:48:27-08:00","logger":"ServerlessServiceReconciler.reconcile","msg":"reconcile completed","key":"default/kamera-test","reconciler":"knative.dev.serving.pkg.reconciler.serverlessservice.reconciler","requeue":false,"requeueAfter":0}
{"level":"info","ts":"2026-01-13T16:48:27-08:00","logger":"tracecheck","msg":"Taking reconcile step","Depth":40,"# Distinct States":379,"Total States":382,"Resource States":70}
{"level":"info","ts":"2026-01-13T16:48:27-08:00","logger":"tracecheck","msg":"updated pod status","Depth":40,"# Distinct States":379,"Total States":382,"Resource States":70,"phase":"Running","pod":{"name":"kamera-test-deployment-1488584584-0","namespace":"default"}}
{"level":"info","ts":"2026-01-13T16:48:27-08:00","logger":"tracecheck","msg":"Taking reconcile step","Depth":41,"# Distinct States":380,"Total States":383,"Resource States":70}
{"level":"info","ts":"2026-01-13T16:48:27-08:00","logger":"tracecheck","msg":"Taking reconcile step","Depth":28,"# Distinct States":381,"Total States":384,"Resource States":70}
{"level":"info","ts":"2026-01-13T16:48:27-08:00","logger":"RevisionReconciler.seed","msg":"added podscalable to informer","resource":"deployments","namespace":"default","name":"kamera-test-deployment","stage":"podscalable-add","keys":["default/kamera-test-deployment"]}
{"level":"info","ts":"2026-01-13T16:48:27-08:00","logger":"RevisionReconciler.seed","msg":"podscalable visible to lister","resource":"deployments","namespace":"default","name":"kamera-test-deployment","stage":"podscalable-lister","object":{"apiVersion":"autoscaling.internal.knative.dev/v1alpha1","kind":"PodScalable","namespace":"default","name":"kamera-test-deployment"}}
{"level":"error","ts":1768351707.482906,"logger":"fallback","caller":"revision/controller.go:116","msg":"Failed to create resolver transport","error":"open /var/run/secrets/kubernetes.io/serviceaccount/ca.crt: no such file or directory","stacktrace":"knative.dev/serving/pkg/reconciler/revision.newControllerWithOptions\n\t/Users/tgoodwin/tmp/gomodcache/knative.dev/serving@v0.46.5/pkg/reconciler/revision/controller.go:116\nknative.dev/serving/pkg/reconciler/revision.NewController\n\t/Users/tgoodwin/tmp/gomodcache/knative.dev/serving@v0.46.5/pkg/reconciler/revision/controller.go:64\nmain.configureKnativeExplorer.func1.1\n\t/Users/tgoodwin/projects/kamera/examples/knative-serving/scenario.go:91\ngithub.com/tgoodwin/kamera/examples/knative-serving/knative.NewKnativeStrategy.func1\n\t/Users/tgoodwin/projects/kamera/examples/knative-serving/knative/harness.go:555\ngithub.com/tgoodwin/kamera/examples/knative-serving/knative.(*KnativeStrategy).ReconcileAtState\n\t/Users/tgoodwin/projects/kamera/examples/knative-serving/knative/harness.go:895\ngithub.com/tgoodwin/kamera/pkg/tracecheck.(*ReconcilerContainer).doReconcile\n\t/Users/tgoodwin/projects/kamera/pkg/tracecheck/reconciler.go:164\ngithub.com/tgoodwin/kamera/pkg/tracecheck.(*Explorer).reconcileAtState\n\t/Users/tgoodwin/projects/kamera/pkg/tracecheck/explore.go:1313\ngithub.com/tgoodwin/kamera/pkg/tracecheck.(*Explorer).takeReconcileStep\n\t/Users/tgoodwin/projects/kamera/pkg/tracecheck/explore.go:1228\ngithub.com/tgoodwin/kamera/pkg/tracecheck.(*Explorer).explore\n\t/Users/tgoodwin/projects/kamera/pkg/tracecheck/explore.go:790\ngithub.com/tgoodwin/kamera/pkg/tracecheck.(*Explorer).Explore.func1\n\t/Users/tgoodwin/projects/kamera/pkg/tracecheck/explore.go:330"}
{"level":"info","ts":1768351707.4833322,"logger":"fallback","caller":"revision/reconcile_resources.go:161","msg":"Reconciling PA: kamera-test"}
{"level":"info","ts":"2026-01-13T16:48:27-08:00","logger":"RevisionReconciler.reconcile","msg":"reconcile completed","key":"default/kamera-test","reconciler":"knative.dev.serving.pkg.reconciler.revision.Reconciler","requeue":false,"requeueAfter":0}
{"level":"info","ts":"2026-01-13T16:48:27-08:00","logger":"tracecheck","msg":"Taking reconcile step","Depth":29,"# Distinct States":382,"Total States":385,"Resource States":70}
{"level":"info","ts":"2026-01-13T16:48:27-08:00","logger":"ServerlessServiceReconciler.seed","msg":"added podscalable to informer","resource":"deployments","namespace":"default","name":"kamera-test-deployment","stage":"podscalable-add","keys":["default/kamera-test-deployment"]}
{"level":"info","ts":"2026-01-13T16:48:27-08:00","logger":"ServerlessServiceReconciler.seed","msg":"podscalable visible to lister","resource":"deployments","namespace":"default","name":"kamera-test-deployment","stage":"podscalable-lister","object":{"apiVersion":"autoscaling.internal.knative.dev/v1alpha1","kind":"PodScalable","namespace":"default","name":"kamera-test-deployment"}}
{"level":"info","ts":1768351707.589876,"logger":"fallback","caller":"serverlessservice/controller.go:90","msg":"Doing a global resync due to activator endpoint changes"}
{"level":"info","ts":1768351707.589909,"logger":"fallback","caller":"serverlessservice/serverlessservice.go:217","msg":"SKS is in Proxy mode; has 0 endpoints in kamera-test-private; 1 activator endpoints"}
{"level":"info","ts":1768351707.589925,"logger":"fallback","caller":"serverlessservice/serverlessservice.go:245","msg":"Forcing SKS into Proxy mode, insufficient ready endpoints."}
{"level":"info","ts":1768351707.589934,"logger":"fallback","caller":"serverlessservice/serverlessservice.go:265","msg":"Public endpoints object does not exist; creating."}
{"level":"info","ts":1768351707.590136,"logger":"fallback","caller":"serverlessservice/serverlessservice.go:270","msg":"Created K8s Endpoints: kamera-test"}
{"level":"info","ts":1768351707.590147,"logger":"fallback","caller":"serverlessservice/serverlessservice.go:290","msg":"No ready endpoints backing revision"}
{"level":"info","ts":"2026-01-13T16:48:27-08:00","logger":"ServerlessServiceReconciler.reconcile","msg":"reconcile completed","key":"default/kamera-test","reconciler":"knative.dev.serving.pkg.reconciler.serverlessservice.reconciler","requeue":false,"requeueAfter":0}
{"level":"info","ts":"2026-01-13T16:48:27-08:00","logger":"tracecheck","msg":"Taking reconcile step","Depth":30,"# Distinct States":383,"Total States":386,"Resource States":70}
{"level":"info","ts":"2026-01-13T16:48:27-08:00","logger":"tracecheck","msg":"Taking reconcile step","Depth":31,"# Distinct States":384,"Total States":387,"Resource States":70}
{"level":"info","ts":"2026-01-13T16:48:27-08:00","logger":"tracecheck","msg":"Taking reconcile step","Depth":32,"# Distinct States":385,"Total States":388,"Resource States":70}
{"level":"info","ts":"2026-01-13T16:48:27-08:00","logger":"tracecheck","msg":"updated pod status","Depth":32,"# Distinct States":385,"Total States":388,"Resource States":70,"phase":"Running","pod":{"name":"kamera-test-deployment-1488584584-0","namespace":"default"}}
{"level":"info","ts":"2026-01-13T16:48:27-08:00","logger":"tracecheck","msg":"Taking reconcile step","Depth":33,"# Distinct States":386,"Total States":389,"Resource States":70}
{"level":"info","ts":"2026-01-13T16:48:27-08:00","logger":"tracecheck","msg":"Updated Deployment status","Depth":33,"# Distinct States":386,"Total States":389,"Resource States":70,"name":"kamera-test-deployment"}
{"level":"info","ts":"2026-01-13T16:48:27-08:00","logger":"tracecheck","msg":"Taking reconcile step","Depth":34,"# Distinct States":387,"Total States":390,"Resource States":70}
{"level":"info","ts":"2026-01-13T16:48:27-08:00","logger":"tracecheck","msg":"Taking reconcile step","Depth":35,"# Distinct States":388,"Total States":391,"Resource States":70}
{"level":"info","ts":"2026-01-13T16:48:27-08:00","logger":"tracecheck","msg":"Taking reconcile step","Depth":36,"# Distinct States":389,"Total States":392,"Resource States":70}
{"level":"info","ts":"2026-01-13T16:48:27-08:00","logger":"KPAReconciler.seed","msg":"added podscalable to informer","resource":"deployments","namespace":"default","name":"kamera-test-deployment","stage":"podscalable-add","keys":["default/kamera-test-deployment"]}
{"level":"info","ts":"2026-01-13T16:48:27-08:00","logger":"KPAReconciler.seed","msg":"podscalable visible to lister","resource":"deployments","namespace":"default","name":"kamera-test-deployment","stage":"podscalable-lister","object":{"apiVersion":"autoscaling.internal.knative.dev/v1alpha1","kind":"PodScalable","namespace":"default","name":"kamera-test-deployment"}}
{"level":"info","ts":1768351707.713162,"logger":"fallback","caller":"kpa/controller.go:77","msg":"Setting up ConfigMap receivers"}
{"level":"info","ts":1768351707.713237,"logger":"fallback","caller":"kpa/controller.go:91","msg":"Setting up KPA-Class event handlers"}
{"level":"info","ts":1768351707.713336,"logger":"fallback","caller":"kpa/kpa.go:158","msg":"SKS should be in Proxy mode: want = -1, ebc = 0, #act's = 2 PA Inactive? = false"}
{"level":"info","ts":1768351707.7133582,"logger":"fallback","caller":"kpa/kpa.go:178","msg":"PA scale got=0, want=-1, desiredPods=0 ebc=0"}
{"level":"info","ts":1768351707.713365,"logger":"fallback","caller":"kpa/kpa.go:188","msg":"Observed pod counts=kpa.podCounts{want:-1, ready:0, notReady:1, pending:0, terminating:0}"}
{"level":"info","ts":"2026-01-13T16:48:27-08:00","logger":"KPAReconciler.reconcile","msg":"reconcile completed","key":"default/kamera-test","reconciler":"knative.dev.serving.pkg.reconciler.autoscaling.kpa.Reconciler","requeue":false,"requeueAfter":0}
{"level":"info","ts":"2026-01-13T16:48:27-08:00","logger":"tracecheck","msg":"Taking reconcile step","Depth":37,"# Distinct States":390,"Total States":393,"Resource States":70}
{"level":"info","ts":"2026-01-13T16:48:27-08:00","logger":"tracecheck","msg":"Taking reconcile step","Depth":38,"# Distinct States":391,"Total States":394,"Resource States":70}
{"level":"info","ts":"2026-01-13T16:48:27-08:00","logger":"ConfigurationReconciler.seed","msg":"added podscalable to informer","resource":"deployments","namespace":"default","name":"kamera-test-deployment","stage":"podscalable-add","keys":["default/kamera-test-deployment"]}
{"level":"info","ts":"2026-01-13T16:48:27-08:00","logger":"ConfigurationReconciler.seed","msg":"podscalable visible to lister","resource":"deployments","namespace":"default","name":"kamera-test-deployment","stage":"podscalable-lister","object":{"apiVersion":"autoscaling.internal.knative.dev/v1alpha1","kind":"PodScalable","namespace":"default","name":"kamera-test-deployment"}}
{"level":"info","ts":1768351707.8199282,"logger":"fallback","caller":"configuration/configuration.go:103","msg":"Revision \"kamera-test\" of configuration is not ready"}
{"level":"info","ts":"2026-01-13T16:48:27-08:00","logger":"ConfigurationReconciler.reconcile","msg":"reconcile completed","key":"default/demo","reconciler":"knative.dev.serving.pkg.reconciler.configuration.Reconciler","requeue":false,"requeueAfter":0}
{"level":"info","ts":"2026-01-13T16:48:27-08:00","logger":"tracecheck","msg":"Taking reconcile step","Depth":39,"# Distinct States":392,"Total States":395,"Resource States":70}
{"level":"info","ts":"2026-01-13T16:48:27-08:00","logger":"ServerlessServiceReconciler.seed","msg":"added podscalable to informer","resource":"deployments","namespace":"default","name":"kamera-test-deployment","stage":"podscalable-add","keys":["default/kamera-test-deployment"]}
{"level":"info","ts":"2026-01-13T16:48:27-08:00","logger":"ServerlessServiceReconciler.seed","msg":"podscalable visible to lister","resource":"deployments","namespace":"default","name":"kamera-test-deployment","stage":"podscalable-lister","object":{"apiVersion":"autoscaling.internal.knative.dev/v1alpha1","kind":"PodScalable","namespace":"default","name":"kamera-test-deployment"}}
{"level":"info","ts":1768351707.925281,"logger":"fallback","caller":"serverlessservice/controller.go:90","msg":"Doing a global resync due to activator endpoint changes"}
{"level":"info","ts":1768351707.92532,"logger":"fallback","caller":"serverlessservice/serverlessservice.go:217","msg":"SKS is in Proxy mode; has 0 endpoints in kamera-test-private; 1 activator endpoints"}
{"level":"info","ts":1768351707.925329,"logger":"fallback","caller":"serverlessservice/serverlessservice.go:245","msg":"Forcing SKS into Proxy mode, insufficient ready endpoints."}
{"level":"info","ts":1768351707.925339,"logger":"fallback","caller":"serverlessservice/serverlessservice.go:290","msg":"No ready endpoints backing revision"}
{"level":"info","ts":"2026-01-13T16:48:27-08:00","logger":"ServerlessServiceReconciler.reconcile","msg":"reconcile completed","key":"default/kamera-test","reconciler":"knative.dev.serving.pkg.reconciler.serverlessservice.reconciler","requeue":false,"requeueAfter":0}
{"level":"info","ts":"2026-01-13T16:48:27-08:00","logger":"tracecheck","msg":"Taking reconcile step","Depth":40,"# Distinct States":393,"Total States":396,"Resource States":70}
{"level":"info","ts":"2026-01-13T16:48:27-08:00","logger":"tracecheck","msg":"updated pod status","Depth":40,"# Distinct States":393,"Total States":396,"Resource States":70,"phase":"Running","pod":{"name":"kamera-test-deployment-1488584584-0","namespace":"default"}}
{"level":"info","ts":"2026-01-13T16:48:27-08:00","logger":"tracecheck","msg":"Taking reconcile step","Depth":41,"# Distinct States":394,"Total States":397,"Resource States":70}
{"level":"info","ts":"2026-01-13T16:48:27-08:00","logger":"tracecheck","msg":"Taking reconcile step","Depth":14,"# Distinct States":395,"Total States":398,"Resource States":70}
{"level":"info","ts":"2026-01-13T16:48:28-08:00","logger":"RevisionReconciler.seed","msg":"added podscalable to informer","resource":"deployments","namespace":"default","name":"kamera-test-deployment","stage":"podscalable-add","keys":["default/kamera-test-deployment"]}
{"level":"info","ts":"2026-01-13T16:48:28-08:00","logger":"RevisionReconciler.seed","msg":"podscalable visible to lister","resource":"deployments","namespace":"default","name":"kamera-test-deployment","stage":"podscalable-lister","object":{"apiVersion":"autoscaling.internal.knative.dev/v1alpha1","kind":"PodScalable","namespace":"default","name":"kamera-test-deployment"}}
{"level":"error","ts":1768351708.036957,"logger":"fallback","caller":"revision/controller.go:116","msg":"Failed to create resolver transport","error":"open /var/run/secrets/kubernetes.io/serviceaccount/ca.crt: no such file or directory","stacktrace":"knative.dev/serving/pkg/reconciler/revision.newControllerWithOptions\n\t/Users/tgoodwin/tmp/gomodcache/knative.dev/serving@v0.46.5/pkg/reconciler/revision/controller.go:116\nknative.dev/serving/pkg/reconciler/revision.NewController\n\t/Users/tgoodwin/tmp/gomodcache/knative.dev/serving@v0.46.5/pkg/reconciler/revision/controller.go:64\nmain.configureKnativeExplorer.func1.1\n\t/Users/tgoodwin/projects/kamera/examples/knative-serving/scenario.go:91\ngithub.com/tgoodwin/kamera/examples/knative-serving/knative.NewKnativeStrategy.func1\n\t/Users/tgoodwin/projects/kamera/examples/knative-serving/knative/harness.go:555\ngithub.com/tgoodwin/kamera/examples/knative-serving/knative.(*KnativeStrategy).ReconcileAtState\n\t/Users/tgoodwin/projects/kamera/examples/knative-serving/knative/harness.go:895\ngithub.com/tgoodwin/kamera/pkg/tracecheck.(*ReconcilerContainer).doReconcile\n\t/Users/tgoodwin/projects/kamera/pkg/tracecheck/reconciler.go:164\ngithub.com/tgoodwin/kamera/pkg/tracecheck.(*Explorer).reconcileAtState\n\t/Users/tgoodwin/projects/kamera/pkg/tracecheck/explore.go:1313\ngithub.com/tgoodwin/kamera/pkg/tracecheck.(*Explorer).takeReconcileStep\n\t/Users/tgoodwin/projects/kamera/pkg/tracecheck/explore.go:1228\ngithub.com/tgoodwin/kamera/pkg/tracecheck.(*Explorer).explore\n\t/Users/tgoodwin/projects/kamera/pkg/tracecheck/explore.go:790\ngithub.com/tgoodwin/kamera/pkg/tracecheck.(*Explorer).Explore.func1\n\t/Users/tgoodwin/projects/kamera/pkg/tracecheck/explore.go:330"}
{"level":"info","ts":1768351708.037309,"logger":"fallback","caller":"revision/reconcile_resources.go:161","msg":"Reconciling PA: kamera-test"}
{"level":"info","ts":"2026-01-13T16:48:28-08:00","logger":"RevisionReconciler.reconcile","msg":"reconcile completed","key":"default/kamera-test","reconciler":"knative.dev.serving.pkg.reconciler.revision.Reconciler","requeue":false,"requeueAfter":0}
{"level":"info","ts":"2026-01-13T16:48:28-08:00","logger":"tracecheck","msg":"Taking reconcile step","Depth":15,"# Distinct States":396,"Total States":399,"Resource States":70}
{"level":"info","ts":"2026-01-13T16:48:28-08:00","logger":"tracecheck","msg":"Taking reconcile step","Depth":16,"# Distinct States":397,"Total States":400,"Resource States":70}
{"level":"info","ts":"2026-01-13T16:48:28-08:00","logger":"tracecheck","msg":"Creating pods","Depth":16,"# Distinct States":397,"Total States":400,"Resource States":70,"count":1}
{"level":"info","ts":"2026-01-13T16:48:28-08:00","logger":"tracecheck","msg":"Updated ReplicaSet status","Depth":16,"# Distinct States":397,"Total States":400,"Resource States":70,"name":"kamera-test-deployment-1488584584"}
{"level":"info","ts":"2026-01-13T16:48:28-08:00","logger":"tracecheck","msg":"Taking reconcile step","Depth":17,"# Distinct States":398,"Total States":401,"Resource States":70}
{"level":"info","ts":"2026-01-13T16:48:28-08:00","logger":"tracecheck","msg":"Taking reconcile step","Depth":18,"# Distinct States":399,"Total States":402,"Resource States":70}
{"level":"info","ts":"2026-01-13T16:48:28-08:00","logger":"KPAReconciler.seed","msg":"added podscalable to informer","resource":"deployments","namespace":"default","name":"kamera-test-deployment","stage":"podscalable-add","keys":["default/kamera-test-deployment"]}
{"level":"info","ts":"2026-01-13T16:48:28-08:00","logger":"KPAReconciler.seed","msg":"podscalable visible to lister","resource":"deployments","namespace":"default","name":"kamera-test-deployment","stage":"podscalable-lister","object":{"apiVersion":"autoscaling.internal.knative.dev/v1alpha1","kind":"PodScalable","namespace":"default","name":"kamera-test-deployment"}}
{"level":"info","ts":1768351708.150503,"logger":"fallback","caller":"kpa/controller.go:77","msg":"Setting up ConfigMap receivers"}
{"level":"info","ts":1768351708.150702,"logger":"fallback","caller":"kpa/controller.go:91","msg":"Setting up KPA-Class event handlers"}
{"level":"info","ts":"2026-01-13T16:48:28-08:00","logger":"KPAReconciler.reconcile","msg":"reconcile completed","key":"default/kamera-test","reconciler":"knative.dev.serving.pkg.reconciler.autoscaling.kpa.Reconciler","requeue":false,"requeueAfter":0}
{"level":"info","ts":"2026-01-13T16:48:28-08:00","logger":"tracecheck","msg":"Taking reconcile step","Depth":19,"# Distinct States":400,"Total States":403,"Resource States":70}
{"level":"info","ts":"2026-01-13T16:48:28-08:00","logger":"ServerlessServiceReconciler.seed","msg":"added podscalable to informer","resource":"deployments","namespace":"default","name":"kamera-test-deployment","stage":"podscalable-add","keys":["default/kamera-test-deployment"]}
{"level":"info","ts":"2026-01-13T16:48:28-08:00","logger":"ServerlessServiceReconciler.seed","msg":"podscalable visible to lister","resource":"deployments","namespace":"default","name":"kamera-test-deployment","stage":"podscalable-lister","object":{"apiVersion":"autoscaling.internal.knative.dev/v1alpha1","kind":"PodScalable","namespace":"default","name":"kamera-test-deployment"}}
{"level":"info","ts":1768351708.258414,"logger":"fallback","caller":"serverlessservice/controller.go:90","msg":"Doing a global resync due to activator endpoint changes"}
{"level":"info","ts":1768351708.258454,"logger":"fallback","caller":"serverlessservice/serverlessservice.go:316","msg":"SKS has no private service; creating."}
{"level":"info","ts":1768351708.258773,"logger":"fallback","caller":"serverlessservice/serverlessservice.go:323","msg":"Created private K8s service: kamera-test-private"}
{"level":"info","ts":1768351708.2587929,"logger":"fallback","caller":"serverlessservice/serverlessservice.go:97","msg":"K8s public service does not exist; creating."}
{"level":"info","ts":1768351708.2590048,"logger":"fallback","caller":"serverlessservice/serverlessservice.go:105","msg":"Created public K8s service: kamera-test"}
{"level":"error","ts":1768351708.2606888,"logger":"fallback","caller":"serverlessservice/reconciler.go:303","msg":"Returned an error","targetMethod":"ReconcileKind","error":"failed to get private K8s Service endpoints: endpoints \"kamera-test-private\" not found","stacktrace":"knative.dev/networking/pkg/client/injection/reconciler/networking/v1alpha1/serverlessservice.(*reconcilerImpl).Reconcile\n\t/Users/tgoodwin/tmp/gomodcache/knative.dev/networking@v0.0.0-20250909015233-e3b68fc57bea/pkg/client/injection/reconciler/networking/v1alpha1/serverlessservice/reconciler.go:303\ngithub.com/tgoodwin/kamera/examples/knative-serving/knative.(*KnativeStrategy).ReconcileAtState\n\t/Users/tgoodwin/projects/kamera/examples/knative-serving/knative/harness.go:905\ngithub.com/tgoodwin/kamera/pkg/tracecheck.(*ReconcilerContainer).doReconcile\n\t/Users/tgoodwin/projects/kamera/pkg/tracecheck/reconciler.go:164\ngithub.com/tgoodwin/kamera/pkg/tracecheck.(*Explorer).reconcileAtState\n\t/Users/tgoodwin/projects/kamera/pkg/tracecheck/explore.go:1313\ngithub.com/tgoodwin/kamera/pkg/tracecheck.(*Explorer).takeReconcileStep\n\t/Users/tgoodwin/projects/kamera/pkg/tracecheck/explore.go:1228\ngithub.com/tgoodwin/kamera/pkg/tracecheck.(*Explorer).explore\n\t/Users/tgoodwin/projects/kamera/pkg/tracecheck/explore.go:790\ngithub.com/tgoodwin/kamera/pkg/tracecheck.(*Explorer).Explore.func1\n\t/Users/tgoodwin/projects/kamera/pkg/tracecheck/explore.go:330"}
{"level":"info","ts":"2026-01-13T16:48:28-08:00","logger":"ServerlessServiceReconciler.reconcile","msg":"transient not found; requeueing","key":"default/kamera-test","reconciler":"knative.dev.serving.pkg.reconciler.serverlessservice.reconciler","error":"failed to get private K8s Service endpoints: endpoints \"kamera-test-private\" not found"}
{"level":"info","ts":"2026-01-13T16:48:28-08:00","logger":"tracecheck","msg":"Taking reconcile step","Depth":12,"# Distinct States":402,"Total States":406,"Resource States":70}
{"level":"info","ts":"2026-01-13T16:48:28-08:00","logger":"RevisionReconciler.seed","msg":"added podscalable to informer","resource":"deployments","namespace":"default","name":"kamera-test-deployment","stage":"podscalable-add","keys":["default/kamera-test-deployment"]}
{"level":"info","ts":"2026-01-13T16:48:28-08:00","logger":"RevisionReconciler.seed","msg":"podscalable visible to lister","resource":"deployments","namespace":"default","name":"kamera-test-deployment","stage":"podscalable-lister","object":{"apiVersion":"autoscaling.internal.knative.dev/v1alpha1","kind":"PodScalable","namespace":"default","name":"kamera-test-deployment"}}
{"level":"error","ts":1768351708.372011,"logger":"fallback","caller":"revision/controller.go:116","msg":"Failed to create resolver transport","error":"open /var/run/secrets/kubernetes.io/serviceaccount/ca.crt: no such file or directory","stacktrace":"knative.dev/serving/pkg/reconciler/revision.newControllerWithOptions\n\t/Users/tgoodwin/tmp/gomodcache/knative.dev/serving@v0.46.5/pkg/reconciler/revision/controller.go:116\nknative.dev/serving/pkg/reconciler/revision.NewController\n\t/Users/tgoodwin/tmp/gomodcache/knative.dev/serving@v0.46.5/pkg/reconciler/revision/controller.go:64\nmain.configureKnativeExplorer.func1.1\n\t/Users/tgoodwin/projects/kamera/examples/knative-serving/scenario.go:91\ngithub.com/tgoodwin/kamera/examples/knative-serving/knative.NewKnativeStrategy.func1\n\t/Users/tgoodwin/projects/kamera/examples/knative-serving/knative/harness.go:555\ngithub.com/tgoodwin/kamera/examples/knative-serving/knative.(*KnativeStrategy).ReconcileAtState\n\t/Users/tgoodwin/projects/kamera/examples/knative-serving/knative/harness.go:895\ngithub.com/tgoodwin/kamera/pkg/tracecheck.(*ReconcilerContainer).doReconcile\n\t/Users/tgoodwin/projects/kamera/pkg/tracecheck/reconciler.go:164\ngithub.com/tgoodwin/kamera/pkg/tracecheck.(*Explorer).reconcileAtState\n\t/Users/tgoodwin/projects/kamera/pkg/tracecheck/explore.go:1313\ngithub.com/tgoodwin/kamera/pkg/tracecheck.(*Explorer).takeReconcileStep\n\t/Users/tgoodwin/projects/kamera/pkg/tracecheck/explore.go:1228\ngithub.com/tgoodwin/kamera/pkg/tracecheck.(*Explorer).explore\n\t/Users/tgoodwin/projects/kamera/pkg/tracecheck/explore.go:790\ngithub.com/tgoodwin/kamera/pkg/tracecheck.(*Explorer).Explore.func1\n\t/Users/tgoodwin/projects/kamera/pkg/tracecheck/explore.go:330"}
{"level":"info","ts":1768351708.3725262,"logger":"fallback","caller":"revision/reconcile_resources.go:161","msg":"Reconciling PA: kamera-test"}
{"level":"info","ts":"2026-01-13T16:48:28-08:00","logger":"RevisionReconciler.reconcile","msg":"reconcile completed","key":"default/kamera-test","reconciler":"knative.dev.serving.pkg.reconciler.revision.Reconciler","requeue":false,"requeueAfter":0}
{"level":"info","ts":"2026-01-13T16:48:28-08:00","logger":"tracecheck","msg":"Taking reconcile step","Depth":13,"# Distinct States":403,"Total States":407,"Resource States":70}
{"level":"info","ts":"2026-01-13T16:48:28-08:00","logger":"KPAReconciler.seed","msg":"added podscalable to informer","resource":"deployments","namespace":"default","name":"kamera-test-deployment","stage":"podscalable-add","keys":["default/kamera-test-deployment"]}
{"level":"info","ts":"2026-01-13T16:48:28-08:00","logger":"KPAReconciler.seed","msg":"podscalable visible to lister","resource":"deployments","namespace":"default","name":"kamera-test-deployment","stage":"podscalable-lister","object":{"apiVersion":"autoscaling.internal.knative.dev/v1alpha1","kind":"PodScalable","namespace":"default","name":"kamera-test-deployment"}}
{"level":"info","ts":1768351708.47884,"logger":"fallback","caller":"kpa/controller.go:77","msg":"Setting up ConfigMap receivers"}
{"level":"info","ts":1768351708.478961,"logger":"fallback","caller":"kpa/controller.go:91","msg":"Setting up KPA-Class event handlers"}
{"level":"info","ts":1768351708.47906,"logger":"fallback","caller":"autoscaling/reconciler.go:56","msg":"SKS does not exist; creating."}
{"level":"info","ts":1768351708.479224,"logger":"fallback","caller":"autoscaling/reconciler.go:61","msg":"Created SKS"}
{"level":"info","ts":"2026-01-13T16:48:28-08:00","logger":"KPAReconciler.reconcile","msg":"reconcile completed","key":"default/kamera-test","reconciler":"knative.dev.serving.pkg.reconciler.autoscaling.kpa.Reconciler","requeue":false,"requeueAfter":0}
{"level":"info","ts":"2026-01-13T16:48:28-08:00","logger":"tracecheck","msg":"Taking reconcile step","Depth":14,"# Distinct States":404,"Total States":408,"Resource States":70}
{"level":"info","ts":"2026-01-13T16:48:28-08:00","logger":"tracecheck","msg":"Taking reconcile step","Depth":15,"# Distinct States":405,"Total States":409,"Resource States":70}
{"level":"info","ts":"2026-01-13T16:48:28-08:00","logger":"tracecheck","msg":"Creating pods","Depth":15,"# Distinct States":405,"Total States":409,"Resource States":70,"count":1}
{"level":"info","ts":"2026-01-13T16:48:28-08:00","logger":"tracecheck","msg":"Updated ReplicaSet status","Depth":15,"# Distinct States":405,"Total States":409,"Resource States":70,"name":"kamera-test-deployment-1488584584"}
{"level":"info","ts":"2026-01-13T16:48:28-08:00","logger":"tracecheck","msg":"Taking reconcile step","Depth":16,"# Distinct States":406,"Total States":410,"Resource States":71}
{"level":"info","ts":"2026-01-13T16:48:28-08:00","logger":"tracecheck","msg":"Taking reconcile step","Depth":17,"# Distinct States":407,"Total States":411,"Resource States":71}
{"level":"info","ts":"2026-01-13T16:48:28-08:00","logger":"KPAReconciler.seed","msg":"added podscalable to informer","resource":"deployments","namespace":"default","name":"kamera-test-deployment","stage":"podscalable-add","keys":["default/kamera-test-deployment"]}
{"level":"info","ts":"2026-01-13T16:48:28-08:00","logger":"KPAReconciler.seed","msg":"podscalable visible to lister","resource":"deployments","namespace":"default","name":"kamera-test-deployment","stage":"podscalable-lister","object":{"apiVersion":"autoscaling.internal.knative.dev/v1alpha1","kind":"PodScalable","namespace":"default","name":"kamera-test-deployment"}}
{"level":"info","ts":1768351708.5938041,"logger":"fallback","caller":"kpa/controller.go:77","msg":"Setting up ConfigMap receivers"}
{"level":"info","ts":1768351708.593909,"logger":"fallback","caller":"kpa/controller.go:91","msg":"Setting up KPA-Class event handlers"}
{"level":"info","ts":"2026-01-13T16:48:28-08:00","logger":"KPAReconciler.reconcile","msg":"reconcile completed","key":"default/kamera-test","reconciler":"knative.dev.serving.pkg.reconciler.autoscaling.kpa.Reconciler","requeue":false,"requeueAfter":0}
{"level":"info","ts":"2026-01-13T16:48:28-08:00","logger":"tracecheck","msg":"Taking reconcile step","Depth":18,"# Distinct States":408,"Total States":412,"Resource States":71}
{"level":"info","ts":"2026-01-13T16:48:28-08:00","logger":"RevisionReconciler.seed","msg":"added podscalable to informer","resource":"deployments","namespace":"default","name":"kamera-test-deployment","stage":"podscalable-add","keys":["default/kamera-test-deployment"]}
{"level":"info","ts":"2026-01-13T16:48:28-08:00","logger":"RevisionReconciler.seed","msg":"podscalable visible to lister","resource":"deployments","namespace":"default","name":"kamera-test-deployment","stage":"podscalable-lister","object":{"apiVersion":"autoscaling.internal.knative.dev/v1alpha1","kind":"PodScalable","namespace":"default","name":"kamera-test-deployment"}}
{"level":"error","ts":1768351708.700594,"logger":"fallback","caller":"revision/controller.go:116","msg":"Failed to create resolver transport","error":"open /var/run/secrets/kubernetes.io/serviceaccount/ca.crt: no such file or directory","stacktrace":"knative.dev/serving/pkg/reconciler/revision.newControllerWithOptions\n\t/Users/tgoodwin/tmp/gomodcache/knative.dev/serving@v0.46.5/pkg/reconciler/revision/controller.go:116\nknative.dev/serving/pkg/reconciler/revision.NewController\n\t/Users/tgoodwin/tmp/gomodcache/knative.dev/serving@v0.46.5/pkg/reconciler/revision/controller.go:64\nmain.configureKnativeExplorer.func1.1\n\t/Users/tgoodwin/projects/kamera/examples/knative-serving/scenario.go:91\ngithub.com/tgoodwin/kamera/examples/knative-serving/knative.NewKnativeStrategy.func1\n\t/Users/tgoodwin/projects/kamera/examples/knative-serving/knative/harness.go:555\ngithub.com/tgoodwin/kamera/examples/knative-serving/knative.(*KnativeStrategy).ReconcileAtState\n\t/Users/tgoodwin/projects/kamera/examples/knative-serving/knative/harness.go:895\ngithub.com/tgoodwin/kamera/pkg/tracecheck.(*ReconcilerContainer).doReconcile\n\t/Users/tgoodwin/projects/kamera/pkg/tracecheck/reconciler.go:164\ngithub.com/tgoodwin/kamera/pkg/tracecheck.(*Explorer).reconcileAtState\n\t/Users/tgoodwin/projects/kamera/pkg/tracecheck/explore.go:1313\ngithub.com/tgoodwin/kamera/pkg/tracecheck.(*Explorer).takeReconcileStep\n\t/Users/tgoodwin/projects/kamera/pkg/tracecheck/explore.go:1228\ngithub.com/tgoodwin/kamera/pkg/tracecheck.(*Explorer).explore\n\t/Users/tgoodwin/projects/kamera/pkg/tracecheck/explore.go:790\ngithub.com/tgoodwin/kamera/pkg/tracecheck.(*Explorer).Explore.func1\n\t/Users/tgoodwin/projects/kamera/pkg/tracecheck/explore.go:330"}
{"level":"info","ts":1768351708.7011268,"logger":"fallback","caller":"revision/reconcile_resources.go:161","msg":"Reconciling PA: kamera-test"}
{"level":"info","ts":"2026-01-13T16:48:28-08:00","logger":"RevisionReconciler.reconcile","msg":"reconcile completed","key":"default/kamera-test","reconciler":"knative.dev.serving.pkg.reconciler.revision.Reconciler","requeue":false,"requeueAfter":0}
{"level":"info","ts":"2026-01-13T16:48:28-08:00","logger":"tracecheck","msg":"Taking reconcile step","Depth":19,"# Distinct States":409,"Total States":413,"Resource States":71}
{"level":"info","ts":"2026-01-13T16:48:28-08:00","logger":"ServerlessServiceReconciler.seed","msg":"added podscalable to informer","resource":"deployments","namespace":"default","name":"kamera-test-deployment","stage":"podscalable-add","keys":["default/kamera-test-deployment"]}
{"level":"info","ts":"2026-01-13T16:48:28-08:00","logger":"ServerlessServiceReconciler.seed","msg":"podscalable visible to lister","resource":"deployments","namespace":"default","name":"kamera-test-deployment","stage":"podscalable-lister","object":{"apiVersion":"autoscaling.internal.knative.dev/v1alpha1","kind":"PodScalable","namespace":"default","name":"kamera-test-deployment"}}
{"level":"info","ts":1768351708.80877,"logger":"fallback","caller":"serverlessservice/controller.go:90","msg":"Doing a global resync due to activator endpoint changes"}
{"level":"info","ts":1768351708.80877,"logger":"fallback","caller":"serverlessservice/serverlessservice.go:316","msg":"SKS has no private service; creating."}
{"level":"info","ts":1768351708.809078,"logger":"fallback","caller":"serverlessservice/serverlessservice.go:323","msg":"Created private K8s service: kamera-test-private"}
{"level":"info","ts":1768351708.809091,"logger":"fallback","caller":"serverlessservice/serverlessservice.go:97","msg":"K8s public service does not exist; creating."}
{"level":"info","ts":1768351708.809222,"logger":"fallback","caller":"serverlessservice/serverlessservice.go:105","msg":"Created public K8s service: kamera-test"}
{"level":"error","ts":1768351708.809393,"logger":"fallback","caller":"serverlessservice/reconciler.go:303","msg":"Returned an error","targetMethod":"ReconcileKind","error":"failed to get private K8s Service endpoints: endpoints \"kamera-test-private\" not found","stacktrace":"knative.dev/networking/pkg/client/injection/reconciler/networking/v1alpha1/serverlessservice.(*reconcilerImpl).Reconcile\n\t/Users/tgoodwin/tmp/gomodcache/knative.dev/networking@v0.0.0-20250909015233-e3b68fc57bea/pkg/client/injection/reconciler/networking/v1alpha1/serverlessservice/reconciler.go:303\ngithub.com/tgoodwin/kamera/examples/knative-serving/knative.(*KnativeStrategy).ReconcileAtState\n\t/Users/tgoodwin/projects/kamera/examples/knative-serving/knative/harness.go:905\ngithub.com/tgoodwin/kamera/pkg/tracecheck.(*ReconcilerContainer).doReconcile\n\t/Users/tgoodwin/projects/kamera/pkg/tracecheck/reconciler.go:164\ngithub.com/tgoodwin/kamera/pkg/tracecheck.(*Explorer).reconcileAtState\n\t/Users/tgoodwin/projects/kamera/pkg/tracecheck/explore.go:1313\ngithub.com/tgoodwin/kamera/pkg/tracecheck.(*Explorer).takeReconcileStep\n\t/Users/tgoodwin/projects/kamera/pkg/tracecheck/explore.go:1228\ngithub.com/tgoodwin/kamera/pkg/tracecheck.(*Explorer).explore\n\t/Users/tgoodwin/projects/kamera/pkg/tracecheck/explore.go:790\ngithub.com/tgoodwin/kamera/pkg/tracecheck.(*Explorer).Explore.func1\n\t/Users/tgoodwin/projects/kamera/pkg/tracecheck/explore.go:330"}
{"level":"info","ts":"2026-01-13T16:48:28-08:00","logger":"ServerlessServiceReconciler.reconcile","msg":"transient not found; requeueing","key":"default/kamera-test","reconciler":"knative.dev.serving.pkg.reconciler.serverlessservice.reconciler","error":"failed to get private K8s Service endpoints: endpoints \"kamera-test-private\" not found"}
{"level":"info","ts":"2026-01-13T16:48:28-08:00","logger":"tracecheck","msg":"Taking reconcile step","Depth":20,"# Distinct States":410,"Total States":414,"Resource States":71}
{"level":"info","ts":"2026-01-13T16:48:28-08:00","logger":"tracecheck","msg":"Taking reconcile step","Depth":21,"# Distinct States":411,"Total States":415,"Resource States":71}
{"level":"info","ts":"2026-01-13T16:48:28-08:00","logger":"tracecheck","msg":"updated pod status","Depth":21,"# Distinct States":411,"Total States":415,"Resource States":71,"phase":"Pending","pod":{"name":"kamera-test-deployment-1488584584-0","namespace":"default"}}
{"level":"info","ts":"2026-01-13T16:48:28-08:00","logger":"tracecheck","msg":"Taking reconcile step","Depth":22,"# Distinct States":412,"Total States":416,"Resource States":71}
{"level":"info","ts":"2026-01-13T16:48:28-08:00","logger":"tracecheck","msg":"Updated ReplicaSet status","Depth":22,"# Distinct States":412,"Total States":416,"Resource States":71,"name":"kamera-test-deployment-1488584584"}
{"level":"info","ts":"2026-01-13T16:48:28-08:00","logger":"tracecheck","msg":"Taking reconcile step","Depth":23,"# Distinct States":413,"Total States":417,"Resource States":71}
{"level":"info","ts":"2026-01-13T16:48:28-08:00","logger":"ConfigurationReconciler.seed","msg":"added podscalable to informer","resource":"deployments","namespace":"default","name":"kamera-test-deployment","stage":"podscalable-add","keys":["default/kamera-test-deployment"]}
{"level":"info","ts":"2026-01-13T16:48:28-08:00","logger":"ConfigurationReconciler.seed","msg":"podscalable visible to lister","resource":"deployments","namespace":"default","name":"kamera-test-deployment","stage":"podscalable-lister","object":{"apiVersion":"autoscaling.internal.knative.dev/v1alpha1","kind":"PodScalable","namespace":"default","name":"kamera-test-deployment"}}
{"level":"info","ts":1768351708.926683,"logger":"fallback","caller":"configuration/configuration.go:103","msg":"Revision \"kamera-test\" of configuration is not ready"}
{"level":"info","ts":"2026-01-13T16:48:28-08:00","logger":"ConfigurationReconciler.reconcile","msg":"reconcile completed","key":"default/demo","reconciler":"knative.dev.serving.pkg.reconciler.configuration.Reconciler","requeue":false,"requeueAfter":0}
{"level":"info","ts":"2026-01-13T16:48:28-08:00","logger":"tracecheck","msg":"Taking reconcile step","Depth":24,"# Distinct States":414,"Total States":418,"Resource States":71}
{"level":"info","ts":"2026-01-13T16:48:28-08:00","logger":"tracecheck","msg":"Taking reconcile step","Depth":25,"# Distinct States":415,"Total States":419,"Resource States":71}
{"level":"info","ts":"2026-01-13T16:48:29-08:00","logger":"RevisionReconciler.seed","msg":"added podscalable to informer","resource":"deployments","namespace":"default","name":"kamera-test-deployment","stage":"podscalable-add","keys":["default/kamera-test-deployment"]}
{"level":"info","ts":"2026-01-13T16:48:29-08:00","logger":"RevisionReconciler.seed","msg":"podscalable visible to lister","resource":"deployments","namespace":"default","name":"kamera-test-deployment","stage":"podscalable-lister","object":{"apiVersion":"autoscaling.internal.knative.dev/v1alpha1","kind":"PodScalable","namespace":"default","name":"kamera-test-deployment"}}
{"level":"error","ts":1768351709.0349069,"logger":"fallback","caller":"revision/controller.go:116","msg":"Failed to create resolver transport","error":"open /var/run/secrets/kubernetes.io/serviceaccount/ca.crt: no such file or directory","stacktrace":"knative.dev/serving/pkg/reconciler/revision.newControllerWithOptions\n\t/Users/tgoodwin/tmp/gomodcache/knative.dev/serving@v0.46.5/pkg/reconciler/revision/controller.go:116\nknative.dev/serving/pkg/reconciler/revision.NewController\n\t/Users/tgoodwin/tmp/gomodcache/knative.dev/serving@v0.46.5/pkg/reconciler/revision/controller.go:64\nmain.configureKnativeExplorer.func1.1\n\t/Users/tgoodwin/projects/kamera/examples/knative-serving/scenario.go:91\ngithub.com/tgoodwin/kamera/examples/knative-serving/knative.NewKnativeStrategy.func1\n\t/Users/tgoodwin/projects/kamera/examples/knative-serving/knative/harness.go:555\ngithub.com/tgoodwin/kamera/examples/knative-serving/knative.(*KnativeStrategy).ReconcileAtState\n\t/Users/tgoodwin/projects/kamera/examples/knative-serving/knative/harness.go:895\ngithub.com/tgoodwin/kamera/pkg/tracecheck.(*ReconcilerContainer).doReconcile\n\t/Users/tgoodwin/projects/kamera/pkg/tracecheck/reconciler.go:164\ngithub.com/tgoodwin/kamera/pkg/tracecheck.(*Explorer).reconcileAtState\n\t/Users/tgoodwin/projects/kamera/pkg/tracecheck/explore.go:1313\ngithub.com/tgoodwin/kamera/pkg/tracecheck.(*Explorer).takeReconcileStep\n\t/Users/tgoodwin/projects/kamera/pkg/tracecheck/explore.go:1228\ngithub.com/tgoodwin/kamera/pkg/tracecheck.(*Explorer).explore\n\t/Users/tgoodwin/projects/kamera/pkg/tracecheck/explore.go:790\ngithub.com/tgoodwin/kamera/pkg/tracecheck.(*Explorer).Explore.func1\n\t/Users/tgoodwin/projects/kamera/pkg/tracecheck/explore.go:330"}
{"level":"info","ts":1768351709.0352929,"logger":"fallback","caller":"revision/reconcile_resources.go:161","msg":"Reconciling PA: kamera-test"}
{"level":"info","ts":"2026-01-13T16:48:29-08:00","logger":"RevisionReconciler.reconcile","msg":"reconcile completed","key":"default/kamera-test","reconciler":"knative.dev.serving.pkg.reconciler.revision.Reconciler","requeue":false,"requeueAfter":0}
{"level":"info","ts":"2026-01-13T16:48:29-08:00","logger":"tracecheck","msg":"Taking reconcile step","Depth":19,"# Distinct States":416,"Total States":420,"Resource States":71}
{"level":"info","ts":"2026-01-13T16:48:29-08:00","logger":"RevisionReconciler.seed","msg":"added podscalable to informer","resource":"deployments","namespace":"default","name":"kamera-test-deployment","stage":"podscalable-add","keys":["default/kamera-test-deployment"]}
{"level":"info","ts":"2026-01-13T16:48:29-08:00","logger":"RevisionReconciler.seed","msg":"podscalable visible to lister","resource":"deployments","namespace":"default","name":"kamera-test-deployment","stage":"podscalable-lister","object":{"apiVersion":"autoscaling.internal.knative.dev/v1alpha1","kind":"PodScalable","namespace":"default","name":"kamera-test-deployment"}}
{"level":"error","ts":1768351709.140893,"logger":"fallback","caller":"revision/controller.go:116","msg":"Failed to create resolver transport","error":"open /var/run/secrets/kubernetes.io/serviceaccount/ca.crt: no such file or directory","stacktrace":"knative.dev/serving/pkg/reconciler/revision.newControllerWithOptions\n\t/Users/tgoodwin/tmp/gomodcache/knative.dev/serving@v0.46.5/pkg/reconciler/revision/controller.go:116\nknative.dev/serving/pkg/reconciler/revision.NewController\n\t/Users/tgoodwin/tmp/gomodcache/knative.dev/serving@v0.46.5/pkg/reconciler/revision/controller.go:64\nmain.configureKnativeExplorer.func1.1\n\t/Users/tgoodwin/projects/kamera/examples/knative-serving/scenario.go:91\ngithub.com/tgoodwin/kamera/examples/knative-serving/knative.NewKnativeStrategy.func1\n\t/Users/tgoodwin/projects/kamera/examples/knative-serving/knative/harness.go:555\ngithub.com/tgoodwin/kamera/examples/knative-serving/knative.(*KnativeStrategy).ReconcileAtState\n\t/Users/tgoodwin/projects/kamera/examples/knative-serving/knative/harness.go:895\ngithub.com/tgoodwin/kamera/pkg/tracecheck.(*ReconcilerContainer).doReconcile\n\t/Users/tgoodwin/projects/kamera/pkg/tracecheck/reconciler.go:164\ngithub.com/tgoodwin/kamera/pkg/tracecheck.(*Explorer).reconcileAtState\n\t/Users/tgoodwin/projects/kamera/pkg/tracecheck/explore.go:1313\ngithub.com/tgoodwin/kamera/pkg/tracecheck.(*Explorer).takeReconcileStep\n\t/Users/tgoodwin/projects/kamera/pkg/tracecheck/explore.go:1228\ngithub.com/tgoodwin/kamera/pkg/tracecheck.(*Explorer).explore\n\t/Users/tgoodwin/projects/kamera/pkg/tracecheck/explore.go:790\ngithub.com/tgoodwin/kamera/pkg/tracecheck.(*Explorer).Explore.func1\n\t/Users/tgoodwin/projects/kamera/pkg/tracecheck/explore.go:330"}
{"level":"info","ts":1768351709.1411278,"logger":"fallback","caller":"revision/reconcile_resources.go:161","msg":"Reconciling PA: kamera-test"}
{"level":"info","ts":"2026-01-13T16:48:29-08:00","logger":"RevisionReconciler.reconcile","msg":"reconcile completed","key":"default/kamera-test","reconciler":"knative.dev.serving.pkg.reconciler.revision.Reconciler","requeue":false,"requeueAfter":0}
{"level":"info","ts":"2026-01-13T16:48:29-08:00","logger":"tracecheck","msg":"Taking reconcile step","Depth":20,"# Distinct States":417,"Total States":421,"Resource States":71}
{"level":"info","ts":"2026-01-13T16:48:29-08:00","logger":"ServerlessServiceReconciler.seed","msg":"added podscalable to informer","resource":"deployments","namespace":"default","name":"kamera-test-deployment","stage":"podscalable-add","keys":["default/kamera-test-deployment"]}
{"level":"info","ts":"2026-01-13T16:48:29-08:00","logger":"ServerlessServiceReconciler.seed","msg":"podscalable visible to lister","resource":"deployments","namespace":"default","name":"kamera-test-deployment","stage":"podscalable-lister","object":{"apiVersion":"autoscaling.internal.knative.dev/v1alpha1","kind":"PodScalable","namespace":"default","name":"kamera-test-deployment"}}
{"level":"info","ts":1768351709.245424,"logger":"fallback","caller":"serverlessservice/controller.go:90","msg":"Doing a global resync due to activator endpoint changes"}
{"level":"info","ts":1768351709.245439,"logger":"fallback","caller":"serverlessservice/serverlessservice.go:316","msg":"SKS has no private service; creating."}
{"level":"info","ts":1768351709.245638,"logger":"fallback","caller":"serverlessservice/serverlessservice.go:323","msg":"Created private K8s service: kamera-test-private"}
{"level":"info","ts":1768351709.2456472,"logger":"fallback","caller":"serverlessservice/serverlessservice.go:97","msg":"K8s public service does not exist; creating."}
{"level":"info","ts":1768351709.245769,"logger":"fallback","caller":"serverlessservice/serverlessservice.go:105","msg":"Created public K8s service: kamera-test"}
{"level":"error","ts":1768351709.245903,"logger":"fallback","caller":"serverlessservice/reconciler.go:303","msg":"Returned an error","targetMethod":"ReconcileKind","error":"failed to get private K8s Service endpoints: endpoints \"kamera-test-private\" not found","stacktrace":"knative.dev/networking/pkg/client/injection/reconciler/networking/v1alpha1/serverlessservice.(*reconcilerImpl).Reconcile\n\t/Users/tgoodwin/tmp/gomodcache/knative.dev/networking@v0.0.0-20250909015233-e3b68fc57bea/pkg/client/injection/reconciler/networking/v1alpha1/serverlessservice/reconciler.go:303\ngithub.com/tgoodwin/kamera/examples/knative-serving/knative.(*KnativeStrategy).ReconcileAtState\n\t/Users/tgoodwin/projects/kamera/examples/knative-serving/knative/harness.go:905\ngithub.com/tgoodwin/kamera/pkg/tracecheck.(*ReconcilerContainer).doReconcile\n\t/Users/tgoodwin/projects/kamera/pkg/tracecheck/reconciler.go:164\ngithub.com/tgoodwin/kamera/pkg/tracecheck.(*Explorer).reconcileAtState\n\t/Users/tgoodwin/projects/kamera/pkg/tracecheck/explore.go:1313\ngithub.com/tgoodwin/kamera/pkg/tracecheck.(*Explorer).takeReconcileStep\n\t/Users/tgoodwin/projects/kamera/pkg/tracecheck/explore.go:1228\ngithub.com/tgoodwin/kamera/pkg/tracecheck.(*Explorer).explore\n\t/Users/tgoodwin/projects/kamera/pkg/tracecheck/explore.go:790\ngithub.com/tgoodwin/kamera/pkg/tracecheck.(*Explorer).Explore.func1\n\t/Users/tgoodwin/projects/kamera/pkg/tracecheck/explore.go:330"}
{"level":"info","ts":"2026-01-13T16:48:29-08:00","logger":"ServerlessServiceReconciler.reconcile","msg":"transient not found; requeueing","key":"default/kamera-test","reconciler":"knative.dev.serving.pkg.reconciler.serverlessservice.reconciler","error":"failed to get private K8s Service endpoints: endpoints \"kamera-test-private\" not found"}
{"level":"info","ts":"2026-01-13T16:48:29-08:00","logger":"tracecheck","msg":"Taking reconcile step","Depth":21,"# Distinct States":418,"Total States":422,"Resource States":71}
{"level":"info","ts":"2026-01-13T16:48:29-08:00","logger":"tracecheck","msg":"Taking reconcile step","Depth":22,"# Distinct States":419,"Total States":423,"Resource States":71}
{"level":"info","ts":"2026-01-13T16:48:29-08:00","logger":"tracecheck","msg":"updated pod status","Depth":22,"# Distinct States":419,"Total States":423,"Resource States":71,"phase":"Pending","pod":{"name":"kamera-test-deployment-1488584584-0","namespace":"default"}}
{"level":"info","ts":"2026-01-13T16:48:29-08:00","logger":"tracecheck","msg":"Taking reconcile step","Depth":23,"# Distinct States":420,"Total States":424,"Resource States":71}
{"level":"info","ts":"2026-01-13T16:48:29-08:00","logger":"tracecheck","msg":"Updated ReplicaSet status","Depth":23,"# Distinct States":420,"Total States":424,"Resource States":71,"name":"kamera-test-deployment-1488584584"}
{"level":"info","ts":"2026-01-13T16:48:29-08:00","logger":"tracecheck","msg":"Taking reconcile step","Depth":24,"# Distinct States":421,"Total States":425,"Resource States":71}
{"level":"info","ts":"2026-01-13T16:48:29-08:00","logger":"ConfigurationReconciler.seed","msg":"added podscalable to informer","resource":"deployments","namespace":"default","name":"kamera-test-deployment","stage":"podscalable-add","keys":["default/kamera-test-deployment"]}
{"level":"info","ts":"2026-01-13T16:48:29-08:00","logger":"ConfigurationReconciler.seed","msg":"podscalable visible to lister","resource":"deployments","namespace":"default","name":"kamera-test-deployment","stage":"podscalable-lister","object":{"apiVersion":"autoscaling.internal.knative.dev/v1alpha1","kind":"PodScalable","namespace":"default","name":"kamera-test-deployment"}}
{"level":"info","ts":1768351709.360265,"logger":"fallback","caller":"configuration/configuration.go:103","msg":"Revision \"kamera-test\" of configuration is not ready"}
{"level":"info","ts":"2026-01-13T16:48:29-08:00","logger":"ConfigurationReconciler.reconcile","msg":"reconcile completed","key":"default/demo","reconciler":"knative.dev.serving.pkg.reconciler.configuration.Reconciler","requeue":false,"requeueAfter":0}
{"level":"info","ts":"2026-01-13T16:48:29-08:00","logger":"tracecheck","msg":"Taking reconcile step","Depth":7,"# Distinct States":423,"Total States":427,"Resource States":71}
{"level":"info","ts":"2026-01-13T16:48:29-08:00","logger":"RevisionReconciler.seed","msg":"added podscalable to informer","resource":"deployments","namespace":"default","name":"kamera-test-deployment","stage":"podscalable-add","keys":["default/kamera-test-deployment"]}
{"level":"info","ts":"2026-01-13T16:48:29-08:00","logger":"RevisionReconciler.seed","msg":"podscalable visible to lister","resource":"deployments","namespace":"default","name":"kamera-test-deployment","stage":"podscalable-lister","object":{"apiVersion":"autoscaling.internal.knative.dev/v1alpha1","kind":"PodScalable","namespace":"default","name":"kamera-test-deployment"}}
{"level":"error","ts":1768351709.466214,"logger":"fallback","caller":"revision/controller.go:116","msg":"Failed to create resolver transport","error":"open /var/run/secrets/kubernetes.io/serviceaccount/ca.crt: no such file or directory","stacktrace":"knative.dev/serving/pkg/reconciler/revision.newControllerWithOptions\n\t/Users/tgoodwin/tmp/gomodcache/knative.dev/serving@v0.46.5/pkg/reconciler/revision/controller.go:116\nknative.dev/serving/pkg/reconciler/revision.NewController\n\t/Users/tgoodwin/tmp/gomodcache/knative.dev/serving@v0.46.5/pkg/reconciler/revision/controller.go:64\nmain.configureKnativeExplorer.func1.1\n\t/Users/tgoodwin/projects/kamera/examples/knative-serving/scenario.go:91\ngithub.com/tgoodwin/kamera/examples/knative-serving/knative.NewKnativeStrategy.func1\n\t/Users/tgoodwin/projects/kamera/examples/knative-serving/knative/harness.go:555\ngithub.com/tgoodwin/kamera/examples/knative-serving/knative.(*KnativeStrategy).ReconcileAtState\n\t/Users/tgoodwin/projects/kamera/examples/knative-serving/knative/harness.go:895\ngithub.com/tgoodwin/kamera/pkg/tracecheck.(*ReconcilerContainer).doReconcile\n\t/Users/tgoodwin/projects/kamera/pkg/tracecheck/reconciler.go:164\ngithub.com/tgoodwin/kamera/pkg/tracecheck.(*Explorer).reconcileAtState\n\t/Users/tgoodwin/projects/kamera/pkg/tracecheck/explore.go:1313\ngithub.com/tgoodwin/kamera/pkg/tracecheck.(*Explorer).takeReconcileStep\n\t/Users/tgoodwin/projects/kamera/pkg/tracecheck/explore.go:1228\ngithub.com/tgoodwin/kamera/pkg/tracecheck.(*Explorer).explore\n\t/Users/tgoodwin/projects/kamera/pkg/tracecheck/explore.go:790\ngithub.com/tgoodwin/kamera/pkg/tracecheck.(*Explorer).Explore.func1\n\t/Users/tgoodwin/projects/kamera/pkg/tracecheck/explore.go:330"}
{"level":"info","ts":1768351709.4666848,"logger":"fallback","caller":"revision/reconcile_resources.go:161","msg":"Reconciling PA: kamera-test"}
{"level":"info","ts":"2026-01-13T16:48:29-08:00","logger":"RevisionReconciler.reconcile","msg":"reconcile completed","key":"default/kamera-test","reconciler":"knative.dev.serving.pkg.reconciler.revision.Reconciler","requeue":false,"requeueAfter":0}
{"level":"info","ts":"2026-01-13T16:48:29-08:00","logger":"tracecheck","msg":"Taking reconcile step","Depth":8,"# Distinct States":424,"Total States":428,"Resource States":71}
{"level":"info","ts":"2026-01-13T16:48:29-08:00","logger":"RouteReconciler.seed","msg":"added podscalable to informer","resource":"deployments","namespace":"default","name":"kamera-test-deployment","stage":"podscalable-add","keys":["default/kamera-test-deployment"]}
{"level":"info","ts":"2026-01-13T16:48:29-08:00","logger":"RouteReconciler.seed","msg":"podscalable visible to lister","resource":"deployments","namespace":"default","name":"kamera-test-deployment","stage":"podscalable-lister","object":{"apiVersion":"autoscaling.internal.knative.dev/v1alpha1","kind":"PodScalable","namespace":"default","name":"kamera-test-deployment"}}
{"level":"info","ts":1768351709.575754,"logger":"fallback","caller":"route/route.go:480","msg":"Marking bad traffic target: Configuration \"demo\" not ready, isFailure=false"}
{"level":"info","ts":"2026-01-13T16:48:29-08:00","logger":"RouteReconciler.reconcile","msg":"reconcile completed","key":"default/demo","reconciler":"knative.dev.serving.pkg.reconciler.route.Reconciler","requeue":false,"requeueAfter":0}
{"level":"info","ts":"2026-01-13T16:48:29-08:00","logger":"tracecheck","msg":"Taking reconcile step","Depth":9,"# Distinct States":425,"Total States":429,"Resource States":71}
{"level":"info","ts":"2026-01-13T16:48:29-08:00","logger":"ServiceReconciler.seed","msg":"added podscalable to informer","resource":"deployments","namespace":"default","name":"kamera-test-deployment","stage":"podscalable-add","keys":["default/kamera-test-deployment"]}
{"level":"info","ts":"2026-01-13T16:48:29-08:00","logger":"ServiceReconciler.seed","msg":"podscalable visible to lister","resource":"deployments","namespace":"default","name":"kamera-test-deployment","stage":"podscalable-lister","object":{"apiVersion":"autoscaling.internal.knative.dev/v1alpha1","kind":"PodScalable","namespace":"default","name":"kamera-test-deployment"}}
{"level":"info","ts":1768351709.6820118,"logger":"fallback","caller":"service/service.go:171","msg":"Service reconciler fetching Route from lister: name=demo, namespace=default"}
{"level":"info","ts":1768351709.682035,"logger":"fallback","caller":"service/service.go:174","msg":"Service reconciler got Route from lister: name=demo, Generation=1, ObservedGeneration=1, ResourceVersion="}
{"level":"info","ts":1768351709.6820621,"logger":"fallback","caller":"service/service.go:126","msg":"Service reconciler checking Route: name=demo, Generation=1, ObservedGeneration=1, Ready=Unknown (reason=RevisionMissing, message=Configuration \"demo\" is waiting for a Revision to become ready.), generationMatch=true, routeResourceVersion="}
{"level":"info","ts":1768351709.68207,"logger":"fallback","caller":"service/service.go:136","msg":"Service reconciler calling PropagateRouteStatus() because Generation == ObservedGeneration"}
{"level":"info","ts":"2026-01-13T16:48:29-08:00","logger":"ServiceReconciler.reconcile","msg":"reconcile completed","key":"default/demo","reconciler":"knative.dev.serving.pkg.reconciler.service.Reconciler","requeue":false,"requeueAfter":0}
{"level":"info","ts":"2026-01-13T16:48:29-08:00","logger":"tracecheck","msg":"Taking reconcile step","Depth":10,"# Distinct States":426,"Total States":430,"Resource States":71}
{"level":"info","ts":"2026-01-13T16:48:29-08:00","logger":"ConfigurationReconciler.seed","msg":"added podscalable to informer","resource":"deployments","namespace":"default","name":"kamera-test-deployment","stage":"podscalable-add","keys":["default/kamera-test-deployment"]}
{"level":"info","ts":"2026-01-13T16:48:29-08:00","logger":"ConfigurationReconciler.seed","msg":"podscalable visible to lister","resource":"deployments","namespace":"default","name":"kamera-test-deployment","stage":"podscalable-lister","object":{"apiVersion":"autoscaling.internal.knative.dev/v1alpha1","kind":"PodScalable","namespace":"default","name":"kamera-test-deployment"}}
{"level":"info","ts":1768351709.788224,"logger":"fallback","caller":"configuration/configuration.go:103","msg":"Revision \"kamera-test\" of configuration is not ready"}
{"level":"info","ts":"2026-01-13T16:48:29-08:00","logger":"ConfigurationReconciler.reconcile","msg":"reconcile completed","key":"default/demo","reconciler":"knative.dev.serving.pkg.reconciler.configuration.Reconciler","requeue":false,"requeueAfter":0}
{"level":"info","ts":"2026-01-13T16:48:29-08:00","logger":"tracecheck","msg":"Taking reconcile step","Depth":11,"# Distinct States":427,"Total States":431,"Resource States":71}
{"level":"info","ts":"2026-01-13T16:48:29-08:00","logger":"tracecheck","msg":"Taking reconcile step","Depth":12,"# Distinct States":428,"Total States":432,"Resource States":71}
{"level":"info","ts":"2026-01-13T16:48:29-08:00","logger":"tracecheck","msg":"Updated Deployment status","Depth":12,"# Distinct States":428,"Total States":432,"Resource States":71,"name":"kamera-test-deployment"}
{"level":"info","ts":"2026-01-13T16:48:29-08:00","logger":"tracecheck","msg":"Taking reconcile step","Depth":13,"# Distinct States":429,"Total States":433,"Resource States":71}
{"level":"info","ts":"2026-01-13T16:48:29-08:00","logger":"KPAReconciler.seed","msg":"added podscalable to informer","resource":"deployments","namespace":"default","name":"kamera-test-deployment","stage":"podscalable-add","keys":["default/kamera-test-deployment"]}
{"level":"info","ts":"2026-01-13T16:48:29-08:00","logger":"KPAReconciler.seed","msg":"podscalable visible to lister","resource":"deployments","namespace":"default","name":"kamera-test-deployment","stage":"podscalable-lister","object":{"apiVersion":"autoscaling.internal.knative.dev/v1alpha1","kind":"PodScalable","namespace":"default","name":"kamera-test-deployment"}}
{"level":"info","ts":1768351709.89987,"logger":"fallback","caller":"kpa/controller.go:77","msg":"Setting up ConfigMap receivers"}
{"level":"info","ts":1768351709.900005,"logger":"fallback","caller":"kpa/controller.go:91","msg":"Setting up KPA-Class event handlers"}
{"level":"info","ts":1768351709.900092,"logger":"fallback","caller":"autoscaling/reconciler.go:56","msg":"SKS does not exist; creating."}
{"level":"info","ts":1768351709.90027,"logger":"fallback","caller":"autoscaling/reconciler.go:61","msg":"Created SKS"}
{"level":"info","ts":"2026-01-13T16:48:29-08:00","logger":"KPAReconciler.reconcile","msg":"reconcile completed","key":"default/kamera-test","reconciler":"knative.dev.serving.pkg.reconciler.autoscaling.kpa.Reconciler","requeue":false,"requeueAfter":0}
{"level":"info","ts":"2026-01-13T16:48:29-08:00","logger":"tracecheck","msg":"Taking reconcile step","Depth":14,"# Distinct States":430,"Total States":434,"Resource States":71}
{"level":"info","ts":"2026-01-13T16:48:29-08:00","logger":"tracecheck","msg":"Taking reconcile step","Depth":15,"# Distinct States":431,"Total States":435,"Resource States":71}
{"level":"info","ts":"2026-01-13T16:48:29-08:00","logger":"tracecheck","msg":"Creating pods","Depth":15,"# Distinct States":431,"Total States":435,"Resource States":71,"count":1}
{"level":"info","ts":"2026-01-13T16:48:29-08:00","logger":"tracecheck","msg":"Updated ReplicaSet status","Depth":15,"# Distinct States":431,"Total States":435,"Resource States":71,"name":"kamera-test-deployment-1488584584"}
{"level":"info","ts":"2026-01-13T16:48:29-08:00","logger":"tracecheck","msg":"Taking reconcile step","Depth":16,"# Distinct States":432,"Total States":436,"Resource States":71}
{"level":"info","ts":"2026-01-13T16:48:29-08:00","logger":"tracecheck","msg":"Taking reconcile step","Depth":17,"# Distinct States":433,"Total States":437,"Resource States":71}
{"level":"info","ts":"2026-01-13T16:48:30-08:00","logger":"RevisionReconciler.seed","msg":"added podscalable to informer","resource":"deployments","namespace":"default","name":"kamera-test-deployment","stage":"podscalable-add","keys":["default/kamera-test-deployment"]}
{"level":"info","ts":"2026-01-13T16:48:30-08:00","logger":"RevisionReconciler.seed","msg":"podscalable visible to lister","resource":"deployments","namespace":"default","name":"kamera-test-deployment","stage":"podscalable-lister","object":{"apiVersion":"autoscaling.internal.knative.dev/v1alpha1","kind":"PodScalable","namespace":"default","name":"kamera-test-deployment"}}
{"level":"error","ts":1768351710.015027,"logger":"fallback","caller":"revision/controller.go:116","msg":"Failed to create resolver transport","error":"open /var/run/secrets/kubernetes.io/serviceaccount/ca.crt: no such file or directory","stacktrace":"knative.dev/serving/pkg/reconciler/revision.newControllerWithOptions\n\t/Users/tgoodwin/tmp/gomodcache/knative.dev/serving@v0.46.5/pkg/reconciler/revision/controller.go:116\nknative.dev/serving/pkg/reconciler/revision.NewController\n\t/Users/tgoodwin/tmp/gomodcache/knative.dev/serving@v0.46.5/pkg/reconciler/revision/controller.go:64\nmain.configureKnativeExplorer.func1.1\n\t/Users/tgoodwin/projects/kamera/examples/knative-serving/scenario.go:91\ngithub.com/tgoodwin/kamera/examples/knative-serving/knative.NewKnativeStrategy.func1\n\t/Users/tgoodwin/projects/kamera/examples/knative-serving/knative/harness.go:555\ngithub.com/tgoodwin/kamera/examples/knative-serving/knative.(*KnativeStrategy).ReconcileAtState\n\t/Users/tgoodwin/projects/kamera/examples/knative-serving/knative/harness.go:895\ngithub.com/tgoodwin/kamera/pkg/tracecheck.(*ReconcilerContainer).doReconcile\n\t/Users/tgoodwin/projects/kamera/pkg/tracecheck/reconciler.go:164\ngithub.com/tgoodwin/kamera/pkg/tracecheck.(*Explorer).reconcileAtState\n\t/Users/tgoodwin/projects/kamera/pkg/tracecheck/explore.go:1313\ngithub.com/tgoodwin/kamera/pkg/tracecheck.(*Explorer).takeReconcileStep\n\t/Users/tgoodwin/projects/kamera/pkg/tracecheck/explore.go:1228\ngithub.com/tgoodwin/kamera/pkg/tracecheck.(*Explorer).explore\n\t/Users/tgoodwin/projects/kamera/pkg/tracecheck/explore.go:790\ngithub.com/tgoodwin/kamera/pkg/tracecheck.(*Explorer).Explore.func1\n\t/Users/tgoodwin/projects/kamera/pkg/tracecheck/explore.go:330"}
{"level":"info","ts":1768351710.01543,"logger":"fallback","caller":"revision/reconcile_resources.go:161","msg":"Reconciling PA: kamera-test"}
{"level":"info","ts":"2026-01-13T16:48:30-08:00","logger":"RevisionReconciler.reconcile","msg":"reconcile completed","key":"default/kamera-test","reconciler":"knative.dev.serving.pkg.reconciler.revision.Reconciler","requeue":false,"requeueAfter":0}
{"level":"info","ts":"2026-01-13T16:48:30-08:00","logger":"tracecheck","msg":"Taking reconcile step","Depth":2,"# Distinct States":435,"Total States":440,"Resource States":71}
{"level":"error","ts":1768351710.021162,"logger":"fallback","caller":"revision/controller.go:116","msg":"Failed to create resolver transport","error":"open /var/run/secrets/kubernetes.io/serviceaccount/ca.crt: no such file or directory","stacktrace":"knative.dev/serving/pkg/reconciler/revision.newControllerWithOptions\n\t/Users/tgoodwin/tmp/gomodcache/knative.dev/serving@v0.46.5/pkg/reconciler/revision/controller.go:116\nknative.dev/serving/pkg/reconciler/revision.NewController\n\t/Users/tgoodwin/tmp/gomodcache/knative.dev/serving@v0.46.5/pkg/reconciler/revision/controller.go:64\nmain.configureKnativeExplorer.func1.1\n\t/Users/tgoodwin/projects/kamera/examples/knative-serving/scenario.go:91\ngithub.com/tgoodwin/kamera/examples/knative-serving/knative.NewKnativeStrategy.func1\n\t/Users/tgoodwin/projects/kamera/examples/knative-serving/knative/harness.go:555\ngithub.com/tgoodwin/kamera/examples/knative-serving/knative.(*KnativeStrategy).ReconcileAtState\n\t/Users/tgoodwin/projects/kamera/examples/knative-serving/knative/harness.go:895\ngithub.com/tgoodwin/kamera/pkg/tracecheck.(*ReconcilerContainer).doReconcile\n\t/Users/tgoodwin/projects/kamera/pkg/tracecheck/reconciler.go:164\ngithub.com/tgoodwin/kamera/pkg/tracecheck.(*Explorer).reconcileAtState\n\t/Users/tgoodwin/projects/kamera/pkg/tracecheck/explore.go:1313\ngithub.com/tgoodwin/kamera/pkg/tracecheck.(*Explorer).takeReconcileStep\n\t/Users/tgoodwin/projects/kamera/pkg/tracecheck/explore.go:1228\ngithub.com/tgoodwin/kamera/pkg/tracecheck.(*Explorer).explore\n\t/Users/tgoodwin/projects/kamera/pkg/tracecheck/explore.go:790\ngithub.com/tgoodwin/kamera/pkg/tracecheck.(*Explorer).Explore.func1\n\t/Users/tgoodwin/projects/kamera/pkg/tracecheck/explore.go:330"}
{"level":"info","ts":1768351710.0217412,"logger":"fallback","caller":"revision/reconcile_resources.go:59","msg":"Created deployment \"kamera-test-deployment\"","knative.dev/deployment":"kamera-test-deployment"}
{"level":"info","ts":1768351710.0218298,"logger":"fallback","caller":"revision/reconcile_resources.go:142","msg":"Created image cache \"kamera-test-cache-user-container\""}
{"level":"info","ts":1768351710.0218382,"logger":"fallback","caller":"revision/reconcile_resources.go:161","msg":"Reconciling PA: kamera-test"}
{"level":"info","ts":1768351710.021935,"logger":"fallback","caller":"revision/reconcile_resources.go:170","msg":"Created PA: kamera-test"}
{"level":"info","ts":"2026-01-13T16:48:30-08:00","logger":"RevisionReconciler.reconcile","msg":"reconcile completed","key":"default/kamera-test","reconciler":"knative.dev.serving.pkg.reconciler.revision.Reconciler","requeue":false,"requeueAfter":0}
{"level":"info","ts":"2026-01-13T16:48:30-08:00","logger":"tracecheck","msg":"Taking reconcile step","Depth":3,"# Distinct States":436,"Total States":441,"Resource States":72}
{"level":"info","ts":"2026-01-13T16:48:30-08:00","logger":"RouteReconciler.seed","msg":"added podscalable to informer","resource":"deployments","namespace":"default","name":"kamera-test-deployment","stage":"podscalable-add","keys":["default/kamera-test-deployment"]}
{"level":"info","ts":"2026-01-13T16:48:30-08:00","logger":"RouteReconciler.seed","msg":"podscalable visible to lister","resource":"deployments","namespace":"default","name":"kamera-test-deployment","stage":"podscalable-lister","object":{"apiVersion":"autoscaling.internal.knative.dev/v1alpha1","kind":"PodScalable","namespace":"default","name":"kamera-test-deployment"}}
{"level":"info","ts":1768351710.1287858,"logger":"fallback","caller":"route/route.go:480","msg":"Marking bad traffic target: Configuration \"demo\" not ready, isFailure=false"}
{"level":"info","ts":"2026-01-13T16:48:30-08:00","logger":"RouteReconciler.reconcile","msg":"reconcile completed","key":"default/demo","reconciler":"knative.dev.serving.pkg.reconciler.route.Reconciler","requeue":false,"requeueAfter":0}
{"level":"info","ts":"2026-01-13T16:48:30-08:00","logger":"tracecheck","msg":"Taking reconcile step","Depth":4,"# Distinct States":437,"Total States":442,"Resource States":73}
{"level":"info","ts":"2026-01-13T16:48:30-08:00","logger":"ServiceReconciler.seed","msg":"added podscalable to informer","resource":"deployments","namespace":"default","name":"kamera-test-deployment","stage":"podscalable-add","keys":["default/kamera-test-deployment"]}
{"level":"info","ts":"2026-01-13T16:48:30-08:00","logger":"ServiceReconciler.seed","msg":"podscalable visible to lister","resource":"deployments","namespace":"default","name":"kamera-test-deployment","stage":"podscalable-lister","object":{"apiVersion":"autoscaling.internal.knative.dev/v1alpha1","kind":"PodScalable","namespace":"default","name":"kamera-test-deployment"}}
{"level":"info","ts":1768351710.236268,"logger":"fallback","caller":"service/service.go:171","msg":"Service reconciler fetching Route from lister: name=demo, namespace=default"}
{"level":"info","ts":1768351710.236298,"logger":"fallback","caller":"service/service.go:174","msg":"Service reconciler got Route from lister: name=demo, Generation=1, ObservedGeneration=1, ResourceVersion="}
{"level":"info","ts":1768351710.236342,"logger":"fallback","caller":"service/service.go:126","msg":"Service reconciler checking Route: name=demo, Generation=1, ObservedGeneration=1, Ready=Unknown (reason=RevisionMissing, message=Configuration \"demo\" is waiting for a Revision to become ready.), generationMatch=true, routeResourceVersion="}
{"level":"info","ts":1768351710.236353,"logger":"fallback","caller":"service/service.go:136","msg":"Service reconciler calling PropagateRouteStatus() because Generation == ObservedGeneration"}
{"level":"info","ts":"2026-01-13T16:48:30-08:00","logger":"ServiceReconciler.reconcile","msg":"reconcile completed","key":"default/demo","reconciler":"knative.dev.serving.pkg.reconciler.service.Reconciler","requeue":false,"requeueAfter":0}
{"level":"info","ts":"2026-01-13T16:48:30-08:00","logger":"tracecheck","msg":"Taking reconcile step","Depth":5,"# Distinct States":438,"Total States":443,"Resource States":73}
{"level":"info","ts":"2026-01-13T16:48:30-08:00","logger":"ConfigurationReconciler.seed","msg":"added podscalable to informer","resource":"deployments","namespace":"default","name":"kamera-test-deployment","stage":"podscalable-add","keys":["default/kamera-test-deployment"]}
{"level":"info","ts":"2026-01-13T16:48:30-08:00","logger":"ConfigurationReconciler.seed","msg":"podscalable visible to lister","resource":"deployments","namespace":"default","name":"kamera-test-deployment","stage":"podscalable-lister","object":{"apiVersion":"autoscaling.internal.knative.dev/v1alpha1","kind":"PodScalable","namespace":"default","name":"kamera-test-deployment"}}
{"level":"info","ts":1768351710.344138,"logger":"fallback","caller":"configuration/configuration.go:103","msg":"Revision \"kamera-test\" of configuration is not ready"}
{"level":"info","ts":"2026-01-13T16:48:30-08:00","logger":"ConfigurationReconciler.reconcile","msg":"reconcile completed","key":"default/demo","reconciler":"knative.dev.serving.pkg.reconciler.configuration.Reconciler","requeue":false,"requeueAfter":0}
{"level":"info","ts":"2026-01-13T16:48:30-08:00","logger":"tracecheck","msg":"Taking reconcile step","Depth":6,"# Distinct States":439,"Total States":444,"Resource States":73}
{"level":"info","ts":"2026-01-13T16:48:30-08:00","logger":"tracecheck","msg":"Taking reconcile step","Depth":7,"# Distinct States":440,"Total States":445,"Resource States":73}
{"level":"info","ts":"2026-01-13T16:48:30-08:00","logger":"tracecheck","msg":"Updated Deployment status","Depth":7,"# Distinct States":440,"Total States":445,"Resource States":73,"name":"kamera-test-deployment"}
{"level":"info","ts":"2026-01-13T16:48:30-08:00","logger":"tracecheck","msg":"Taking reconcile step","Depth":8,"# Distinct States":441,"Total States":446,"Resource States":73}
{"level":"info","ts":"2026-01-13T16:48:30-08:00","logger":"KPAReconciler.seed","msg":"added podscalable to informer","resource":"deployments","namespace":"default","name":"kamera-test-deployment","stage":"podscalable-add","keys":["default/kamera-test-deployment"]}
{"level":"info","ts":"2026-01-13T16:48:30-08:00","logger":"KPAReconciler.seed","msg":"podscalable visible to lister","resource":"deployments","namespace":"default","name":"kamera-test-deployment","stage":"podscalable-lister","object":{"apiVersion":"autoscaling.internal.knative.dev/v1alpha1","kind":"PodScalable","namespace":"default","name":"kamera-test-deployment"}}
{"level":"info","ts":1768351710.457866,"logger":"fallback","caller":"kpa/controller.go:77","msg":"Setting up ConfigMap receivers"}
{"level":"info","ts":1768351710.457976,"logger":"fallback","caller":"kpa/controller.go:91","msg":"Setting up KPA-Class event handlers"}
{"level":"info","ts":1768351710.458047,"logger":"fallback","caller":"autoscaling/reconciler.go:56","msg":"SKS does not exist; creating."}
{"level":"info","ts":1768351710.4581928,"logger":"fallback","caller":"autoscaling/reconciler.go:61","msg":"Created SKS"}
{"level":"info","ts":"2026-01-13T16:48:30-08:00","logger":"KPAReconciler.reconcile","msg":"reconcile completed","key":"default/kamera-test","reconciler":"knative.dev.serving.pkg.reconciler.autoscaling.kpa.Reconciler","requeue":false,"requeueAfter":0}
{"level":"info","ts":"2026-01-13T16:48:30-08:00","logger":"tracecheck","msg":"Taking reconcile step","Depth":9,"# Distinct States":442,"Total States":447,"Resource States":73}
{"level":"info","ts":"2026-01-13T16:48:30-08:00","logger":"RevisionReconciler.seed","msg":"added podscalable to informer","resource":"deployments","namespace":"default","name":"kamera-test-deployment","stage":"podscalable-add","keys":["default/kamera-test-deployment"]}
{"level":"info","ts":"2026-01-13T16:48:30-08:00","logger":"RevisionReconciler.seed","msg":"podscalable visible to lister","resource":"deployments","namespace":"default","name":"kamera-test-deployment","stage":"podscalable-lister","object":{"apiVersion":"autoscaling.internal.knative.dev/v1alpha1","kind":"PodScalable","namespace":"default","name":"kamera-test-deployment"}}
{"level":"error","ts":1768351710.5650291,"logger":"fallback","caller":"revision/controller.go:116","msg":"Failed to create resolver transport","error":"open /var/run/secrets/kubernetes.io/serviceaccount/ca.crt: no such file or directory","stacktrace":"knative.dev/serving/pkg/reconciler/revision.newControllerWithOptions\n\t/Users/tgoodwin/tmp/gomodcache/knative.dev/serving@v0.46.5/pkg/reconciler/revision/controller.go:116\nknative.dev/serving/pkg/reconciler/revision.NewController\n\t/Users/tgoodwin/tmp/gomodcache/knative.dev/serving@v0.46.5/pkg/reconciler/revision/controller.go:64\nmain.configureKnativeExplorer.func1.1\n\t/Users/tgoodwin/projects/kamera/examples/knative-serving/scenario.go:91\ngithub.com/tgoodwin/kamera/examples/knative-serving/knative.NewKnativeStrategy.func1\n\t/Users/tgoodwin/projects/kamera/examples/knative-serving/knative/harness.go:555\ngithub.com/tgoodwin/kamera/examples/knative-serving/knative.(*KnativeStrategy).ReconcileAtState\n\t/Users/tgoodwin/projects/kamera/examples/knative-serving/knative/harness.go:895\ngithub.com/tgoodwin/kamera/pkg/tracecheck.(*ReconcilerContainer).doReconcile\n\t/Users/tgoodwin/projects/kamera/pkg/tracecheck/reconciler.go:164\ngithub.com/tgoodwin/kamera/pkg/tracecheck.(*Explorer).reconcileAtState\n\t/Users/tgoodwin/projects/kamera/pkg/tracecheck/explore.go:1313\ngithub.com/tgoodwin/kamera/pkg/tracecheck.(*Explorer).takeReconcileStep\n\t/Users/tgoodwin/projects/kamera/pkg/tracecheck/explore.go:1228\ngithub.com/tgoodwin/kamera/pkg/tracecheck.(*Explorer).explore\n\t/Users/tgoodwin/projects/kamera/pkg/tracecheck/explore.go:790\ngithub.com/tgoodwin/kamera/pkg/tracecheck.(*Explorer).Explore.func1\n\t/Users/tgoodwin/projects/kamera/pkg/tracecheck/explore.go:330"}
{"level":"info","ts":1768351710.565417,"logger":"fallback","caller":"revision/reconcile_resources.go:161","msg":"Reconciling PA: kamera-test"}
{"level":"info","ts":"2026-01-13T16:48:30-08:00","logger":"RevisionReconciler.reconcile","msg":"reconcile completed","key":"default/kamera-test","reconciler":"knative.dev.serving.pkg.reconciler.revision.Reconciler","requeue":false,"requeueAfter":0}
{"level":"info","ts":"2026-01-13T16:48:30-08:00","logger":"tracecheck","msg":"Taking reconcile step","Depth":10,"# Distinct States":443,"Total States":448,"Resource States":73}
{"level":"info","ts":"2026-01-13T16:48:30-08:00","logger":"RouteReconciler.seed","msg":"added podscalable to informer","resource":"deployments","namespace":"default","name":"kamera-test-deployment","stage":"podscalable-add","keys":["default/kamera-test-deployment"]}
{"level":"info","ts":"2026-01-13T16:48:30-08:00","logger":"RouteReconciler.seed","msg":"podscalable visible to lister","resource":"deployments","namespace":"default","name":"kamera-test-deployment","stage":"podscalable-lister","object":{"apiVersion":"autoscaling.internal.knative.dev/v1alpha1","kind":"PodScalable","namespace":"default","name":"kamera-test-deployment"}}
{"level":"info","ts":1768351710.672541,"logger":"fallback","caller":"route/route.go:480","msg":"Marking bad traffic target: Configuration \"demo\" not ready, isFailure=false"}
{"level":"info","ts":"2026-01-13T16:48:30-08:00","logger":"RouteReconciler.reconcile","msg":"reconcile completed","key":"default/demo","reconciler":"knative.dev.serving.pkg.reconciler.route.Reconciler","requeue":false,"requeueAfter":0}
{"level":"info","ts":"2026-01-13T16:48:30-08:00","logger":"tracecheck","msg":"Taking reconcile step","Depth":11,"# Distinct States":444,"Total States":449,"Resource States":73}
{"level":"info","ts":"2026-01-13T16:48:30-08:00","logger":"ServiceReconciler.seed","msg":"added podscalable to informer","resource":"deployments","namespace":"default","name":"kamera-test-deployment","stage":"podscalable-add","keys":["default/kamera-test-deployment"]}
{"level":"info","ts":"2026-01-13T16:48:30-08:00","logger":"ServiceReconciler.seed","msg":"podscalable visible to lister","resource":"deployments","namespace":"default","name":"kamera-test-deployment","stage":"podscalable-lister","object":{"apiVersion":"autoscaling.internal.knative.dev/v1alpha1","kind":"PodScalable","namespace":"default","name":"kamera-test-deployment"}}
{"level":"info","ts":1768351710.778859,"logger":"fallback","caller":"service/service.go:171","msg":"Service reconciler fetching Route from lister: name=demo, namespace=default"}
{"level":"info","ts":1768351710.778877,"logger":"fallback","caller":"service/service.go:174","msg":"Service reconciler got Route from lister: name=demo, Generation=1, ObservedGeneration=1, ResourceVersion="}
{"level":"info","ts":1768351710.778902,"logger":"fallback","caller":"service/service.go:126","msg":"Service reconciler checking Route: name=demo, Generation=1, ObservedGeneration=1, Ready=Unknown (reason=RevisionMissing, message=Configuration \"demo\" is waiting for a Revision to become ready.), generationMatch=true, routeResourceVersion="}
{"level":"info","ts":1768351710.778909,"logger":"fallback","caller":"service/service.go:136","msg":"Service reconciler calling PropagateRouteStatus() because Generation == ObservedGeneration"}
{"level":"info","ts":"2026-01-13T16:48:30-08:00","logger":"ServiceReconciler.reconcile","msg":"reconcile completed","key":"default/demo","reconciler":"knative.dev.serving.pkg.reconciler.service.Reconciler","requeue":false,"requeueAfter":0}
{"level":"info","ts":"2026-01-13T16:48:30-08:00","logger":"tracecheck","msg":"Taking reconcile step","Depth":3,"# Distinct States":445,"Total States":451,"Resource States":73}
{"level":"info","ts":"2026-01-13T16:48:30-08:00","logger":"RevisionReconciler.seed","msg":"added podscalable to informer","resource":"deployments","namespace":"default","name":"kamera-test-deployment","stage":"podscalable-add","keys":["default/kamera-test-deployment"]}
{"level":"info","ts":"2026-01-13T16:48:30-08:00","logger":"RevisionReconciler.seed","msg":"podscalable visible to lister","resource":"deployments","namespace":"default","name":"kamera-test-deployment","stage":"podscalable-lister","object":{"apiVersion":"autoscaling.internal.knative.dev/v1alpha1","kind":"PodScalable","namespace":"default","name":"kamera-test-deployment"}}
{"level":"error","ts":1768351710.88516,"logger":"fallback","caller":"revision/controller.go:116","msg":"Failed to create resolver transport","error":"open /var/run/secrets/kubernetes.io/serviceaccount/ca.crt: no such file or directory","stacktrace":"knative.dev/serving/pkg/reconciler/revision.newControllerWithOptions\n\t/Users/tgoodwin/tmp/gomodcache/knative.dev/serving@v0.46.5/pkg/reconciler/revision/controller.go:116\nknative.dev/serving/pkg/reconciler/revision.NewController\n\t/Users/tgoodwin/tmp/gomodcache/knative.dev/serving@v0.46.5/pkg/reconciler/revision/controller.go:64\nmain.configureKnativeExplorer.func1.1\n\t/Users/tgoodwin/projects/kamera/examples/knative-serving/scenario.go:91\ngithub.com/tgoodwin/kamera/examples/knative-serving/knative.NewKnativeStrategy.func1\n\t/Users/tgoodwin/projects/kamera/examples/knative-serving/knative/harness.go:555\ngithub.com/tgoodwin/kamera/examples/knative-serving/knative.(*KnativeStrategy).ReconcileAtState\n\t/Users/tgoodwin/projects/kamera/examples/knative-serving/knative/harness.go:895\ngithub.com/tgoodwin/kamera/pkg/tracecheck.(*ReconcilerContainer).doReconcile\n\t/Users/tgoodwin/projects/kamera/pkg/tracecheck/reconciler.go:164\ngithub.com/tgoodwin/kamera/pkg/tracecheck.(*Explorer).reconcileAtState\n\t/Users/tgoodwin/projects/kamera/pkg/tracecheck/explore.go:1313\ngithub.com/tgoodwin/kamera/pkg/tracecheck.(*Explorer).takeReconcileStep\n\t/Users/tgoodwin/projects/kamera/pkg/tracecheck/explore.go:1228\ngithub.com/tgoodwin/kamera/pkg/tracecheck.(*Explorer).explore\n\t/Users/tgoodwin/projects/kamera/pkg/tracecheck/explore.go:790\ngithub.com/tgoodwin/kamera/pkg/tracecheck.(*Explorer).Explore.func1\n\t/Users/tgoodwin/projects/kamera/pkg/tracecheck/explore.go:330"}
{"level":"info","ts":1768351710.885644,"logger":"fallback","caller":"revision/reconcile_resources.go:161","msg":"Reconciling PA: kamera-test"}
{"level":"info","ts":"2026-01-13T16:48:30-08:00","logger":"RevisionReconciler.reconcile","msg":"reconcile completed","key":"default/kamera-test","reconciler":"knative.dev.serving.pkg.reconciler.revision.Reconciler","requeue":false,"requeueAfter":0}
{"level":"info","ts":"2026-01-13T16:48:30-08:00","logger":"tracecheck","msg":"Taking reconcile step","Depth":4,"# Distinct States":446,"Total States":452,"Resource States":73}
{"level":"info","ts":"2026-01-13T16:48:30-08:00","logger":"RouteReconciler.seed","msg":"added podscalable to informer","resource":"deployments","namespace":"default","name":"kamera-test-deployment","stage":"podscalable-add","keys":["default/kamera-test-deployment"]}
{"level":"info","ts":"2026-01-13T16:48:30-08:00","logger":"RouteReconciler.seed","msg":"podscalable visible to lister","resource":"deployments","namespace":"default","name":"kamera-test-deployment","stage":"podscalable-lister","object":{"apiVersion":"autoscaling.internal.knative.dev/v1alpha1","kind":"PodScalable","namespace":"default","name":"kamera-test-deployment"}}
{"level":"info","ts":1768351710.992401,"logger":"fallback","caller":"route/route.go:480","msg":"Marking bad traffic target: Configuration \"demo\" not ready, isFailure=false"}
{"level":"info","ts":"2026-01-13T16:48:30-08:00","logger":"RouteReconciler.reconcile","msg":"reconcile completed","key":"default/demo","reconciler":"knative.dev.serving.pkg.reconciler.route.Reconciler","requeue":false,"requeueAfter":0}
{"level":"info","ts":"2026-01-13T16:48:30-08:00","logger":"tracecheck","msg":"Taking reconcile step","Depth":5,"# Distinct States":447,"Total States":453,"Resource States":73}
{"level":"info","ts":"2026-01-13T16:48:31-08:00","logger":"ServiceReconciler.seed","msg":"added podscalable to informer","resource":"deployments","namespace":"default","name":"kamera-test-deployment","stage":"podscalable-add","keys":["default/kamera-test-deployment"]}
{"level":"info","ts":"2026-01-13T16:48:31-08:00","logger":"ServiceReconciler.seed","msg":"podscalable visible to lister","resource":"deployments","namespace":"default","name":"kamera-test-deployment","stage":"podscalable-lister","object":{"apiVersion":"autoscaling.internal.knative.dev/v1alpha1","kind":"PodScalable","namespace":"default","name":"kamera-test-deployment"}}
{"level":"info","ts":1768351711.10205,"logger":"fallback","caller":"service/service.go:171","msg":"Service reconciler fetching Route from lister: name=demo, namespace=default"}
{"level":"info","ts":1768351711.1020749,"logger":"fallback","caller":"service/service.go:174","msg":"Service reconciler got Route from lister: name=demo, Generation=1, ObservedGeneration=1, ResourceVersion="}
{"level":"info","ts":1768351711.102103,"logger":"fallback","caller":"service/service.go:126","msg":"Service reconciler checking Route: name=demo, Generation=1, ObservedGeneration=1, Ready=Unknown (reason=RevisionMissing, message=Configuration \"demo\" is waiting for a Revision to become ready.), generationMatch=true, routeResourceVersion="}
{"level":"info","ts":1768351711.102112,"logger":"fallback","caller":"service/service.go:136","msg":"Service reconciler calling PropagateRouteStatus() because Generation == ObservedGeneration"}
{"level":"info","ts":"2026-01-13T16:48:31-08:00","logger":"ServiceReconciler.reconcile","msg":"reconcile completed","key":"default/demo","reconciler":"knative.dev.serving.pkg.reconciler.service.Reconciler","requeue":false,"requeueAfter":0}
{"level":"info","ts":"2026-01-13T16:48:31-08:00","logger":"tracecheck","msg":"Taking reconcile step","Depth":6,"# Distinct States":448,"Total States":454,"Resource States":73}
{"level":"info","ts":"2026-01-13T16:48:31-08:00","logger":"ConfigurationReconciler.seed","msg":"added podscalable to informer","resource":"deployments","namespace":"default","name":"kamera-test-deployment","stage":"podscalable-add","keys":["default/kamera-test-deployment"]}
{"level":"info","ts":"2026-01-13T16:48:31-08:00","logger":"ConfigurationReconciler.seed","msg":"podscalable visible to lister","resource":"deployments","namespace":"default","name":"kamera-test-deployment","stage":"podscalable-lister","object":{"apiVersion":"autoscaling.internal.knative.dev/v1alpha1","kind":"PodScalable","namespace":"default","name":"kamera-test-deployment"}}
{"level":"info","ts":1768351711.209246,"logger":"fallback","caller":"configuration/configuration.go:103","msg":"Revision \"kamera-test\" of configuration is not ready"}
{"level":"info","ts":"2026-01-13T16:48:31-08:00","logger":"ConfigurationReconciler.reconcile","msg":"reconcile completed","key":"default/demo","reconciler":"knative.dev.serving.pkg.reconciler.configuration.Reconciler","requeue":false,"requeueAfter":0}
{"level":"info","ts":"2026-01-13T16:48:31-08:00","logger":"tracecheck","msg":"Taking reconcile step","Depth":7,"# Distinct States":449,"Total States":455,"Resource States":73}
{"level":"info","ts":"2026-01-13T16:48:31-08:00","logger":"tracecheck","msg":"Taking reconcile step","Depth":8,"# Distinct States":450,"Total States":456,"Resource States":73}
{"level":"info","ts":"2026-01-13T16:48:31-08:00","logger":"tracecheck","msg":"Updated Deployment status","Depth":8,"# Distinct States":450,"Total States":456,"Resource States":73,"name":"kamera-test-deployment"}
{"level":"info","ts":"2026-01-13T16:48:31-08:00","logger":"tracecheck","msg":"Taking reconcile step","Depth":9,"# Distinct States":451,"Total States":457,"Resource States":73}
{"level":"info","ts":"2026-01-13T16:48:31-08:00","logger":"KPAReconciler.seed","msg":"added podscalable to informer","resource":"deployments","namespace":"default","name":"kamera-test-deployment","stage":"podscalable-add","keys":["default/kamera-test-deployment"]}
{"level":"info","ts":"2026-01-13T16:48:31-08:00","logger":"KPAReconciler.seed","msg":"podscalable visible to lister","resource":"deployments","namespace":"default","name":"kamera-test-deployment","stage":"podscalable-lister","object":{"apiVersion":"autoscaling.internal.knative.dev/v1alpha1","kind":"PodScalable","namespace":"default","name":"kamera-test-deployment"}}
{"level":"info","ts":1768351711.320364,"logger":"fallback","caller":"kpa/controller.go:77","msg":"Setting up ConfigMap receivers"}
{"level":"info","ts":1768351711.320469,"logger":"fallback","caller":"kpa/controller.go:91","msg":"Setting up KPA-Class event handlers"}
{"level":"info","ts":1768351711.320545,"logger":"fallback","caller":"autoscaling/reconciler.go:56","msg":"SKS does not exist; creating."}
{"level":"info","ts":1768351711.320687,"logger":"fallback","caller":"autoscaling/reconciler.go:61","msg":"Created SKS"}
{"level":"info","ts":"2026-01-13T16:48:31-08:00","logger":"KPAReconciler.reconcile","msg":"reconcile completed","key":"default/kamera-test","reconciler":"knative.dev.serving.pkg.reconciler.autoscaling.kpa.Reconciler","requeue":false,"requeueAfter":0}
{"level":"info","ts":"2026-01-13T16:48:31-08:00","logger":"tracecheck","msg":"Taking reconcile step","Depth":10,"# Distinct States":452,"Total States":458,"Resource States":73}
{"level":"info","ts":"2026-01-13T16:48:31-08:00","logger":"RouteReconciler.seed","msg":"added podscalable to informer","resource":"deployments","namespace":"default","name":"kamera-test-deployment","stage":"podscalable-add","keys":["default/kamera-test-deployment"]}
{"level":"info","ts":"2026-01-13T16:48:31-08:00","logger":"RouteReconciler.seed","msg":"podscalable visible to lister","resource":"deployments","namespace":"default","name":"kamera-test-deployment","stage":"podscalable-lister","object":{"apiVersion":"autoscaling.internal.knative.dev/v1alpha1","kind":"PodScalable","namespace":"default","name":"kamera-test-deployment"}}
{"level":"info","ts":1768351711.427474,"logger":"fallback","caller":"route/route.go:480","msg":"Marking bad traffic target: Configuration \"demo\" not ready, isFailure=false"}
{"level":"info","ts":"2026-01-13T16:48:31-08:00","logger":"RouteReconciler.reconcile","msg":"reconcile completed","key":"default/demo","reconciler":"knative.dev.serving.pkg.reconciler.route.Reconciler","requeue":false,"requeueAfter":0}
{"level":"info","ts":"2026-01-13T16:48:31-08:00","logger":"tracecheck","msg":"Taking reconcile step","Depth":11,"# Distinct States":453,"Total States":459,"Resource States":73}
{"level":"info","ts":"2026-01-13T16:48:31-08:00","logger":"ServiceReconciler.seed","msg":"added podscalable to informer","resource":"deployments","namespace":"default","name":"kamera-test-deployment","stage":"podscalable-add","keys":["default/kamera-test-deployment"]}
{"level":"info","ts":"2026-01-13T16:48:31-08:00","logger":"ServiceReconciler.seed","msg":"podscalable visible to lister","resource":"deployments","namespace":"default","name":"kamera-test-deployment","stage":"podscalable-lister","object":{"apiVersion":"autoscaling.internal.knative.dev/v1alpha1","kind":"PodScalable","namespace":"default","name":"kamera-test-deployment"}}
{"level":"info","ts":1768351711.533174,"logger":"fallback","caller":"service/service.go:171","msg":"Service reconciler fetching Route from lister: name=demo, namespace=default"}
{"level":"info","ts":1768351711.533188,"logger":"fallback","caller":"service/service.go:174","msg":"Service reconciler got Route from lister: name=demo, Generation=1, ObservedGeneration=1, ResourceVersion="}
{"level":"info","ts":1768351711.533207,"logger":"fallback","caller":"service/service.go:126","msg":"Service reconciler checking Route: name=demo, Generation=1, ObservedGeneration=1, Ready=Unknown (reason=RevisionMissing, message=Configuration \"demo\" is waiting for a Revision to become ready.), generationMatch=true, routeResourceVersion="}
{"level":"info","ts":1768351711.5332139,"logger":"fallback","caller":"service/service.go:136","msg":"Service reconciler calling PropagateRouteStatus() because Generation == ObservedGeneration"}
{"level":"info","ts":"2026-01-13T16:48:31-08:00","logger":"ServiceReconciler.reconcile","msg":"reconcile completed","key":"default/demo","reconciler":"knative.dev.serving.pkg.reconciler.service.Reconciler","requeue":false,"requeueAfter":0}
Total time: 23.988623458s
Total node visits: 459
Unique node visits: 453
Unique resource states: 73
Skipped node visits: 6
Skipped paths: 0
Skipped order expansions: 111
Skipped subtrees: 0
Subtree completion skips: 18
Subtree diamond skips: 0
Early convergence: 3
No-op reconciles: 247
Skipped no-op orderings: 8
Cache predicted skips: 17
Aborted paths: 0
Optimization fires:
  orderingPruning branch skips: 111
  orderingPruning no-op skips: 8
  completedPathDedup skips: 0
  cachePrediction skips: 17
  earlyConvergence skips: 3
  subtreeCompletion skips: 18
  subtreeCompletion diamond skips: 0
Reconcile steps: 441
Avg step latency: 53.840938ms
Max step latency: 111.96975ms
Step latency by reconciler:
  Reconciler                Count  Avg          Max          Min         
  ServiceReconciler         33     100.754209ms 109.759083ms 3.304916ms  
  RevisionDigestStub        44     1.382183ms   3.738875ms   405.042µs   
  RevisionReconciler        61     103.313494ms 108.94475ms  4.167125ms  
  DeploymentController      48     3.910448ms   8.283709ms   1.135125ms  
  KPA                       52     106.993879ms 111.135875ms 104.577875ms
  ReplicaSetController      43     2.676529ms   4.581292ms   816.708µs   
  PodLifecycleController    23     2.153072ms   3.694375ms   547.959µs   
  EndpointsController       22     1.418704ms   2.812084ms   573.041µs   
  ConfigurationReconciler   34     100.400617ms 108.708459ms 2.394166ms  
  RouteReconciler           32     104.02294ms  111.96975ms  2.920541ms  
  ServerlessServiceReconciler 12     107.105833ms 110.427417ms 104.151833ms
  ServiceController         15     1.358969ms   1.972167ms   612µs       
  IngressStatusStub         16     2.117901ms   4.178958ms   765.084µs   
  CleanupReconciler         6      4.487229ms   6.433083ms   3.666ms     

Visits by depth:
  Depth Range     Visits     Avg Pending    
  0-9             30         5.67           
  10-19           39         6.03           
  20-29           28         9.89           
  30-39           41         7.15           
  40-49           63         5.59           
  50-59           104        7.37           
  60-69           79         8.48           
  70-79           59         7.64           
  80-87           16         4.25           

Max queue depth: 124
Queue depth samples (every 100 visits): [112 70 93 25]
Converged state 0 - hash: pdu8xy8e, total paths: 1, unique paths: 1
wrote results to /Users/tgoodwin/projects/kamera/analysis/nondeterminism-verification/trials-original-config/trial-5/dump.jsonl
interactive inspector disabled; states available: 1 (converged=1, aborted=0)
