{"level":"info","ts":"2026-01-13T16:47:16-08:00","logger":"tracecheck","msg":"starting!"}
{"level":"info","ts":"2026-01-13T16:47:16-08:00","logger":"tracecheck","msg":"Taking reconcile step","Depth":0,"# Distinct States":1,"Total States":1,"Resource States":1}
{"level":"info","ts":1768351636.8888168,"logger":"fallback","caller":"service/service.go:171","msg":"Service reconciler fetching Route from lister: name=demo, namespace=default"}
{"level":"info","ts":1768351636.888905,"logger":"fallback","caller":"service/service.go:126","msg":"Service reconciler checking Route: name=demo, Generation=0, ObservedGeneration=0, Ready=Unknown (reason=, message=), generationMatch=true, routeResourceVersion="}
{"level":"info","ts":1768351636.888911,"logger":"fallback","caller":"service/service.go:136","msg":"Service reconciler calling PropagateRouteStatus() because Generation == ObservedGeneration"}
{"level":"info","ts":"2026-01-13T16:47:16-08:00","logger":"ServiceReconciler.reconcile","msg":"reconcile completed","key":"default/demo","reconciler":"knative.dev.serving.pkg.reconciler.service.Reconciler","requeue":false,"requeueAfter":0}
{"level":"info","ts":"2026-01-13T16:47:16-08:00","logger":"tracecheck","msg":"Taking reconcile step","Depth":1,"# Distinct States":2,"Total States":2,"Resource States":2}
{"level":"info","ts":1768351636.892168,"logger":"fallback","caller":"configuration/configuration.go:308","msg":"Created Revision: &v1.Revision{TypeMeta:v1.TypeMeta{Kind:\"Revision\", APIVersion:\"serving.knative.dev/v1\"}, ObjectMeta:v1.ObjectMeta{Name:\"kamera-test\", GenerateName:\"\", Namespace:\"default\", SelfLink:\"\", UID:\"\", ResourceVersion:\"\", Generation:0, CreationTimestamp:time.Date(1, time.January, 1, 0, 0, 0, 0, time.UTC), DeletionTimestamp:<nil>, DeletionGracePeriodSeconds:(*int64)(nil), Labels:map[string]string{\"discrete.events/sleeve-object-id\":\"37jmqvjn\", \"serving.knative.dev/configuration\":\"demo\", \"serving.knative.dev/configurationGeneration\":\"1\", \"serving.knative.dev/routingState\":\"active\", \"serving.knative.dev/service\":\"demo\"}, Annotations:map[string]string{\"autoscaling.knative.dev/class\":\"kpa.autoscaling.knative.dev\", \"autoscaling.knative.dev/initial-scale\":\"1\", \"autoscaling.knative.dev/min-scale\":\"0\", \"serving.knative.dev/routes\":\"demo\", \"serving.knative.dev/routingStateModified\":\"1970-01-01T00:00:02Z\"}, OwnerReferences:[]v1.OwnerReference{v1.OwnerReference{APIVersion:\"serving.knative.dev/v1\", Kind:\"Configuration\", Name:\"demo\", UID:\"\", Controller:(*bool)(0x140005f87d0), BlockOwnerDeletion:(*bool)(0x140005f87d1)}}, Finalizers:[]string(nil), ManagedFields:[]v1.ManagedFieldsEntry(nil)}, Spec:v1.RevisionSpec{PodSpec:v1.PodSpec{Volumes:[]v1.Volume(nil), InitContainers:[]v1.Container(nil), Containers:[]v1.Container{v1.Container{Name:\"user-container\", Image:\"dev.local/test\", Command:[]string(nil), Args:[]string(nil), WorkingDir:\"\", Ports:[]v1.ContainerPort(nil), EnvFrom:[]v1.EnvFromSource(nil), Env:[]v1.EnvVar(nil), Resources:v1.ResourceRequirements{Limits:v1.ResourceList{}, Requests:v1.ResourceList{}, Claims:[]v1.ResourceClaim(nil)}, ResizePolicy:[]v1.ContainerResizePolicy(nil), RestartPolicy:(*v1.ContainerRestartPolicy)(nil), VolumeMounts:[]v1.VolumeMount(nil), VolumeDevices:[]v1.VolumeDevice(nil), LivenessProbe:(*v1.Probe)(nil), ReadinessProbe:(*v1.Probe)(0x140003c0cc0), StartupProbe:(*v1.Probe)(nil), Lifecycle:(*v1.Lifecycle)(nil), TerminationMessagePath:\"\", TerminationMessagePolicy:\"\", ImagePullPolicy:\"\", SecurityContext:(*v1.SecurityContext)(nil), Stdin:false, StdinOnce:false, TTY:false}}, EphemeralContainers:[]v1.EphemeralContainer(nil), RestartPolicy:\"\", TerminationGracePeriodSeconds:(*int64)(nil), ActiveDeadlineSeconds:(*int64)(nil), DNSPolicy:\"\", NodeSelector:map[string]string(nil), ServiceAccountName:\"\", DeprecatedServiceAccount:\"\", AutomountServiceAccountToken:(*bool)(nil), NodeName:\"\", HostNetwork:false, HostPID:false, HostIPC:false, ShareProcessNamespace:(*bool)(nil), SecurityContext:(*v1.PodSecurityContext)(nil), ImagePullSecrets:[]v1.LocalObjectReference(nil), Hostname:\"\", Subdomain:\"\", Affinity:(*v1.Affinity)(nil), SchedulerName:\"\", Tolerations:[]v1.Toleration(nil), HostAliases:[]v1.HostAlias(nil), PriorityClassName:\"\", Priority:(*int32)(nil), DNSConfig:(*v1.PodDNSConfig)(nil), ReadinessGates:[]v1.PodReadinessGate(nil), RuntimeClassName:(*string)(nil), EnableServiceLinks:(*bool)(nil), PreemptionPolicy:(*v1.PreemptionPolicy)(nil), Overhead:v1.ResourceList(nil), TopologySpreadConstraints:[]v1.TopologySpreadConstraint(nil), SetHostnameAsFQDN:(*bool)(nil), OS:(*v1.PodOS)(nil), HostUsers:(*bool)(nil), SchedulingGates:[]v1.PodSchedulingGate(nil), ResourceClaims:[]v1.PodResourceClaim(nil), Resources:(*v1.ResourceRequirements)(nil)}, ContainerConcurrency:(*int64)(0x140005f87d8), TimeoutSeconds:(*int64)(0x140005f87e0), ResponseStartTimeoutSeconds:(*int64)(nil), IdleTimeoutSeconds:(*int64)(nil)}, Status:v1.RevisionStatus{Status:v1.Status{ObservedGeneration:0, Conditions:v1.Conditions(nil), Annotations:map[string]string(nil)}, LogURL:\"\", ContainerStatuses:[]v1.ContainerStatus(nil), InitContainerStatuses:[]v1.ContainerStatus(nil), ActualReplicas:(*int32)(nil), DesiredReplicas:(*int32)(nil)}}"}
{"level":"info","ts":1768351636.89219,"logger":"fallback","caller":"configuration/configuration.go:103","msg":"Revision \"kamera-test\" of configuration is not ready"}
{"level":"info","ts":"2026-01-13T16:47:16-08:00","logger":"ConfigurationReconciler.reconcile","msg":"reconcile completed","key":"default/demo","reconciler":"knative.dev.serving.pkg.reconciler.configuration.Reconciler","requeue":false,"requeueAfter":0}
{"level":"info","ts":"2026-01-13T16:47:16-08:00","logger":"tracecheck","msg":"Taking reconcile step","Depth":2,"# Distinct States":3,"Total States":3,"Resource States":3}
{"level":"info","ts":1768351636.895484,"logger":"fallback","caller":"route/route.go:480","msg":"Marking bad traffic target: Configuration \"demo\" not ready, isFailure=false"}
{"level":"info","ts":"2026-01-13T16:47:16-08:00","logger":"RouteReconciler.reconcile","msg":"reconcile completed","key":"default/demo","reconciler":"knative.dev.serving.pkg.reconciler.route.Reconciler","requeue":false,"requeueAfter":0}
{"level":"info","ts":"2026-01-13T16:47:16-08:00","logger":"tracecheck","msg":"Taking reconcile step","Depth":3,"# Distinct States":4,"Total States":4,"Resource States":4}
{"level":"info","ts":1768351636.898957,"logger":"fallback","caller":"service/service.go:171","msg":"Service reconciler fetching Route from lister: name=demo, namespace=default"}
{"level":"info","ts":1768351636.898966,"logger":"fallback","caller":"service/service.go:174","msg":"Service reconciler got Route from lister: name=demo, Generation=1, ObservedGeneration=1, ResourceVersion="}
{"level":"info","ts":1768351636.898976,"logger":"fallback","caller":"service/service.go:126","msg":"Service reconciler checking Route: name=demo, Generation=1, ObservedGeneration=1, Ready=Unknown (reason=RevisionMissing, message=Configuration \"demo\" is waiting for a Revision to become ready.), generationMatch=true, routeResourceVersion="}
{"level":"info","ts":1768351636.898981,"logger":"fallback","caller":"service/service.go:136","msg":"Service reconciler calling PropagateRouteStatus() because Generation == ObservedGeneration"}
{"level":"info","ts":"2026-01-13T16:47:16-08:00","logger":"ServiceReconciler.reconcile","msg":"reconcile completed","key":"default/demo","reconciler":"knative.dev.serving.pkg.reconciler.service.Reconciler","requeue":false,"requeueAfter":0}
{"level":"info","ts":"2026-01-13T16:47:16-08:00","logger":"tracecheck","msg":"Taking reconcile step","Depth":4,"# Distinct States":5,"Total States":5,"Resource States":5}
{"level":"info","ts":1768351636.902368,"logger":"fallback","caller":"configuration/configuration.go:103","msg":"Revision \"kamera-test\" of configuration is not ready"}
{"level":"info","ts":"2026-01-13T16:47:16-08:00","logger":"ConfigurationReconciler.reconcile","msg":"reconcile completed","key":"default/demo","reconciler":"knative.dev.serving.pkg.reconciler.configuration.Reconciler","requeue":false,"requeueAfter":0}
{"level":"info","ts":"2026-01-13T16:47:16-08:00","logger":"tracecheck","msg":"Taking reconcile step","Depth":5,"# Distinct States":6,"Total States":6,"Resource States":5}
{"level":"info","ts":"2026-01-13T16:47:16-08:00","logger":"tracecheck","msg":"Taking reconcile step","Depth":6,"# Distinct States":7,"Total States":7,"Resource States":6}
{"level":"error","ts":1768351636.905397,"logger":"fallback","caller":"revision/controller.go:116","msg":"Failed to create resolver transport","error":"open /var/run/secrets/kubernetes.io/serviceaccount/ca.crt: no such file or directory","stacktrace":"knative.dev/serving/pkg/reconciler/revision.newControllerWithOptions\n\t/Users/tgoodwin/tmp/gomodcache/knative.dev/serving@v0.46.5/pkg/reconciler/revision/controller.go:116\nknative.dev/serving/pkg/reconciler/revision.NewController\n\t/Users/tgoodwin/tmp/gomodcache/knative.dev/serving@v0.46.5/pkg/reconciler/revision/controller.go:64\nmain.configureKnativeExplorer.func1.1\n\t/Users/tgoodwin/projects/kamera/examples/knative-serving/scenario.go:91\ngithub.com/tgoodwin/kamera/examples/knative-serving/knative.NewKnativeStrategy.func1\n\t/Users/tgoodwin/projects/kamera/examples/knative-serving/knative/harness.go:555\ngithub.com/tgoodwin/kamera/examples/knative-serving/knative.(*KnativeStrategy).ReconcileAtState\n\t/Users/tgoodwin/projects/kamera/examples/knative-serving/knative/harness.go:895\ngithub.com/tgoodwin/kamera/pkg/tracecheck.(*ReconcilerContainer).doReconcile\n\t/Users/tgoodwin/projects/kamera/pkg/tracecheck/reconciler.go:164\ngithub.com/tgoodwin/kamera/pkg/tracecheck.(*Explorer).reconcileAtState\n\t/Users/tgoodwin/projects/kamera/pkg/tracecheck/explore.go:1313\ngithub.com/tgoodwin/kamera/pkg/tracecheck.(*Explorer).takeReconcileStep\n\t/Users/tgoodwin/projects/kamera/pkg/tracecheck/explore.go:1228\ngithub.com/tgoodwin/kamera/pkg/tracecheck.(*Explorer).explore\n\t/Users/tgoodwin/projects/kamera/pkg/tracecheck/explore.go:790\ngithub.com/tgoodwin/kamera/pkg/tracecheck.(*Explorer).Explore.func1\n\t/Users/tgoodwin/projects/kamera/pkg/tracecheck/explore.go:330"}
{"level":"info","ts":1768351636.90657,"logger":"fallback","caller":"revision/reconcile_resources.go:59","msg":"Created deployment \"kamera-test-deployment\"","knative.dev/deployment":"kamera-test-deployment"}
{"level":"info","ts":1768351636.906678,"logger":"fallback","caller":"revision/reconcile_resources.go:142","msg":"Created image cache \"kamera-test-cache-user-container\""}
{"level":"info","ts":1768351636.906692,"logger":"fallback","caller":"revision/reconcile_resources.go:161","msg":"Reconciling PA: kamera-test"}
{"level":"info","ts":1768351636.9067929,"logger":"fallback","caller":"revision/reconcile_resources.go:170","msg":"Created PA: kamera-test"}
{"level":"info","ts":"2026-01-13T16:47:16-08:00","logger":"RevisionReconciler.reconcile","msg":"reconcile completed","key":"default/kamera-test","reconciler":"knative.dev.serving.pkg.reconciler.revision.Reconciler","requeue":false,"requeueAfter":0}
{"level":"info","ts":"2026-01-13T16:47:16-08:00","logger":"tracecheck","msg":"Taking reconcile step","Depth":7,"# Distinct States":8,"Total States":8,"Resource States":7}
{"level":"info","ts":"2026-01-13T16:47:17-08:00","logger":"RouteReconciler.seed","msg":"added podscalable to informer","resource":"deployments","namespace":"default","name":"kamera-test-deployment","stage":"podscalable-add","keys":["default/kamera-test-deployment"]}
{"level":"info","ts":"2026-01-13T16:47:17-08:00","logger":"RouteReconciler.seed","msg":"podscalable visible to lister","resource":"deployments","namespace":"default","name":"kamera-test-deployment","stage":"podscalable-lister","object":{"apiVersion":"autoscaling.internal.knative.dev/v1alpha1","kind":"PodScalable","namespace":"default","name":"kamera-test-deployment"}}
{"level":"info","ts":1768351637.01346,"logger":"fallback","caller":"route/route.go:480","msg":"Marking bad traffic target: Configuration \"demo\" not ready, isFailure=false"}
{"level":"info","ts":"2026-01-13T16:47:17-08:00","logger":"RouteReconciler.reconcile","msg":"reconcile completed","key":"default/demo","reconciler":"knative.dev.serving.pkg.reconciler.route.Reconciler","requeue":false,"requeueAfter":0}
{"level":"info","ts":"2026-01-13T16:47:17-08:00","logger":"tracecheck","msg":"Taking reconcile step","Depth":8,"# Distinct States":9,"Total States":9,"Resource States":7}
{"level":"info","ts":"2026-01-13T16:47:17-08:00","logger":"ServiceReconciler.seed","msg":"added podscalable to informer","resource":"deployments","namespace":"default","name":"kamera-test-deployment","stage":"podscalable-add","keys":["default/kamera-test-deployment"]}
{"level":"info","ts":"2026-01-13T16:47:17-08:00","logger":"ServiceReconciler.seed","msg":"podscalable visible to lister","resource":"deployments","namespace":"default","name":"kamera-test-deployment","stage":"podscalable-lister","object":{"apiVersion":"autoscaling.internal.knative.dev/v1alpha1","kind":"PodScalable","namespace":"default","name":"kamera-test-deployment"}}
{"level":"info","ts":1768351637.118453,"logger":"fallback","caller":"service/service.go:171","msg":"Service reconciler fetching Route from lister: name=demo, namespace=default"}
{"level":"info","ts":1768351637.118494,"logger":"fallback","caller":"service/service.go:174","msg":"Service reconciler got Route from lister: name=demo, Generation=1, ObservedGeneration=1, ResourceVersion="}
{"level":"info","ts":1768351637.118635,"logger":"fallback","caller":"service/service.go:126","msg":"Service reconciler checking Route: name=demo, Generation=1, ObservedGeneration=1, Ready=Unknown (reason=RevisionMissing, message=Configuration \"demo\" is waiting for a Revision to become ready.), generationMatch=true, routeResourceVersion="}
{"level":"info","ts":1768351637.118649,"logger":"fallback","caller":"service/service.go:136","msg":"Service reconciler calling PropagateRouteStatus() because Generation == ObservedGeneration"}
{"level":"info","ts":"2026-01-13T16:47:17-08:00","logger":"ServiceReconciler.reconcile","msg":"reconcile completed","key":"default/demo","reconciler":"knative.dev.serving.pkg.reconciler.service.Reconciler","requeue":false,"requeueAfter":0}
{"level":"info","ts":"2026-01-13T16:47:17-08:00","logger":"tracecheck","msg":"Taking reconcile step","Depth":9,"# Distinct States":10,"Total States":10,"Resource States":7}
{"level":"info","ts":"2026-01-13T16:47:17-08:00","logger":"ConfigurationReconciler.seed","msg":"added podscalable to informer","resource":"deployments","namespace":"default","name":"kamera-test-deployment","stage":"podscalable-add","keys":["default/kamera-test-deployment"]}
{"level":"info","ts":"2026-01-13T16:47:17-08:00","logger":"ConfigurationReconciler.seed","msg":"podscalable visible to lister","resource":"deployments","namespace":"default","name":"kamera-test-deployment","stage":"podscalable-lister","object":{"apiVersion":"autoscaling.internal.knative.dev/v1alpha1","kind":"PodScalable","namespace":"default","name":"kamera-test-deployment"}}
{"level":"info","ts":1768351637.223969,"logger":"fallback","caller":"configuration/configuration.go:103","msg":"Revision \"kamera-test\" of configuration is not ready"}
{"level":"info","ts":"2026-01-13T16:47:17-08:00","logger":"ConfigurationReconciler.reconcile","msg":"reconcile completed","key":"default/demo","reconciler":"knative.dev.serving.pkg.reconciler.configuration.Reconciler","requeue":false,"requeueAfter":0}
{"level":"info","ts":"2026-01-13T16:47:17-08:00","logger":"tracecheck","msg":"Taking reconcile step","Depth":10,"# Distinct States":11,"Total States":11,"Resource States":7}
{"level":"info","ts":"2026-01-13T16:47:17-08:00","logger":"tracecheck","msg":"Taking reconcile step","Depth":11,"# Distinct States":12,"Total States":12,"Resource States":7}
{"level":"info","ts":"2026-01-13T16:47:17-08:00","logger":"tracecheck","msg":"Updated Deployment status","Depth":11,"# Distinct States":12,"Total States":12,"Resource States":7,"name":"kamera-test-deployment"}
{"level":"info","ts":"2026-01-13T16:47:17-08:00","logger":"tracecheck","msg":"Taking reconcile step","Depth":12,"# Distinct States":13,"Total States":13,"Resource States":8}
{"level":"info","ts":"2026-01-13T16:47:17-08:00","logger":"KPAReconciler.seed","msg":"added podscalable to informer","resource":"deployments","namespace":"default","name":"kamera-test-deployment","stage":"podscalable-add","keys":["default/kamera-test-deployment"]}
{"level":"info","ts":"2026-01-13T16:47:17-08:00","logger":"KPAReconciler.seed","msg":"podscalable visible to lister","resource":"deployments","namespace":"default","name":"kamera-test-deployment","stage":"podscalable-lister","object":{"apiVersion":"autoscaling.internal.knative.dev/v1alpha1","kind":"PodScalable","namespace":"default","name":"kamera-test-deployment"}}
{"level":"info","ts":1768351637.33627,"logger":"fallback","caller":"kpa/controller.go:77","msg":"Setting up ConfigMap receivers"}
{"level":"info","ts":1768351637.3363469,"logger":"fallback","caller":"kpa/controller.go:91","msg":"Setting up KPA-Class event handlers"}
{"level":"info","ts":1768351637.336388,"logger":"fallback","caller":"autoscaling/reconciler.go:56","msg":"SKS does not exist; creating."}
{"level":"info","ts":1768351637.3365061,"logger":"fallback","caller":"autoscaling/reconciler.go:61","msg":"Created SKS"}
{"level":"info","ts":"2026-01-13T16:47:17-08:00","logger":"KPAReconciler.reconcile","msg":"reconcile completed","key":"default/kamera-test","reconciler":"knative.dev.serving.pkg.reconciler.autoscaling.kpa.Reconciler","requeue":false,"requeueAfter":0}
{"level":"info","ts":"2026-01-13T16:47:17-08:00","logger":"tracecheck","msg":"Taking reconcile step","Depth":13,"# Distinct States":14,"Total States":14,"Resource States":9}
{"level":"info","ts":"2026-01-13T16:47:17-08:00","logger":"RevisionReconciler.seed","msg":"added podscalable to informer","resource":"deployments","namespace":"default","name":"kamera-test-deployment","stage":"podscalable-add","keys":["default/kamera-test-deployment"]}
{"level":"info","ts":"2026-01-13T16:47:17-08:00","logger":"RevisionReconciler.seed","msg":"podscalable visible to lister","resource":"deployments","namespace":"default","name":"kamera-test-deployment","stage":"podscalable-lister","object":{"apiVersion":"autoscaling.internal.knative.dev/v1alpha1","kind":"PodScalable","namespace":"default","name":"kamera-test-deployment"}}
{"level":"error","ts":1768351637.4430752,"logger":"fallback","caller":"revision/controller.go:116","msg":"Failed to create resolver transport","error":"open /var/run/secrets/kubernetes.io/serviceaccount/ca.crt: no such file or directory","stacktrace":"knative.dev/serving/pkg/reconciler/revision.newControllerWithOptions\n\t/Users/tgoodwin/tmp/gomodcache/knative.dev/serving@v0.46.5/pkg/reconciler/revision/controller.go:116\nknative.dev/serving/pkg/reconciler/revision.NewController\n\t/Users/tgoodwin/tmp/gomodcache/knative.dev/serving@v0.46.5/pkg/reconciler/revision/controller.go:64\nmain.configureKnativeExplorer.func1.1\n\t/Users/tgoodwin/projects/kamera/examples/knative-serving/scenario.go:91\ngithub.com/tgoodwin/kamera/examples/knative-serving/knative.NewKnativeStrategy.func1\n\t/Users/tgoodwin/projects/kamera/examples/knative-serving/knative/harness.go:555\ngithub.com/tgoodwin/kamera/examples/knative-serving/knative.(*KnativeStrategy).ReconcileAtState\n\t/Users/tgoodwin/projects/kamera/examples/knative-serving/knative/harness.go:895\ngithub.com/tgoodwin/kamera/pkg/tracecheck.(*ReconcilerContainer).doReconcile\n\t/Users/tgoodwin/projects/kamera/pkg/tracecheck/reconciler.go:164\ngithub.com/tgoodwin/kamera/pkg/tracecheck.(*Explorer).reconcileAtState\n\t/Users/tgoodwin/projects/kamera/pkg/tracecheck/explore.go:1313\ngithub.com/tgoodwin/kamera/pkg/tracecheck.(*Explorer).takeReconcileStep\n\t/Users/tgoodwin/projects/kamera/pkg/tracecheck/explore.go:1228\ngithub.com/tgoodwin/kamera/pkg/tracecheck.(*Explorer).explore\n\t/Users/tgoodwin/projects/kamera/pkg/tracecheck/explore.go:790\ngithub.com/tgoodwin/kamera/pkg/tracecheck.(*Explorer).Explore.func1\n\t/Users/tgoodwin/projects/kamera/pkg/tracecheck/explore.go:330"}
{"level":"info","ts":1768351637.443624,"logger":"fallback","caller":"revision/reconcile_resources.go:161","msg":"Reconciling PA: kamera-test"}
{"level":"info","ts":"2026-01-13T16:47:17-08:00","logger":"RevisionReconciler.reconcile","msg":"reconcile completed","key":"default/kamera-test","reconciler":"knative.dev.serving.pkg.reconciler.revision.Reconciler","requeue":false,"requeueAfter":0}
{"level":"info","ts":"2026-01-13T16:47:17-08:00","logger":"tracecheck","msg":"Taking reconcile step","Depth":14,"# Distinct States":15,"Total States":15,"Resource States":10}
{"level":"info","ts":"2026-01-13T16:47:17-08:00","logger":"tracecheck","msg":"Taking reconcile step","Depth":15,"# Distinct States":16,"Total States":16,"Resource States":10}
{"level":"info","ts":"2026-01-13T16:47:17-08:00","logger":"tracecheck","msg":"Creating pods","Depth":15,"# Distinct States":16,"Total States":16,"Resource States":10,"count":1}
{"level":"info","ts":"2026-01-13T16:47:17-08:00","logger":"tracecheck","msg":"Updated ReplicaSet status","Depth":15,"# Distinct States":16,"Total States":16,"Resource States":10,"name":"kamera-test-deployment-1488584584"}
{"level":"info","ts":"2026-01-13T16:47:17-08:00","logger":"tracecheck","msg":"Taking reconcile step","Depth":16,"# Distinct States":17,"Total States":17,"Resource States":11}
{"level":"info","ts":"2026-01-13T16:47:17-08:00","logger":"tracecheck","msg":"Taking reconcile step","Depth":17,"# Distinct States":18,"Total States":18,"Resource States":11}
{"level":"info","ts":"2026-01-13T16:47:17-08:00","logger":"KPAReconciler.seed","msg":"added podscalable to informer","resource":"deployments","namespace":"default","name":"kamera-test-deployment","stage":"podscalable-add","keys":["default/kamera-test-deployment"]}
{"level":"info","ts":"2026-01-13T16:47:17-08:00","logger":"KPAReconciler.seed","msg":"podscalable visible to lister","resource":"deployments","namespace":"default","name":"kamera-test-deployment","stage":"podscalable-lister","object":{"apiVersion":"autoscaling.internal.knative.dev/v1alpha1","kind":"PodScalable","namespace":"default","name":"kamera-test-deployment"}}
{"level":"info","ts":1768351637.554962,"logger":"fallback","caller":"kpa/controller.go:77","msg":"Setting up ConfigMap receivers"}
{"level":"info","ts":1768351637.55509,"logger":"fallback","caller":"kpa/controller.go:91","msg":"Setting up KPA-Class event handlers"}
{"level":"info","ts":"2026-01-13T16:47:17-08:00","logger":"KPAReconciler.reconcile","msg":"reconcile completed","key":"default/kamera-test","reconciler":"knative.dev.serving.pkg.reconciler.autoscaling.kpa.Reconciler","requeue":false,"requeueAfter":0}
{"level":"info","ts":"2026-01-13T16:47:17-08:00","logger":"tracecheck","msg":"Taking reconcile step","Depth":18,"# Distinct States":19,"Total States":19,"Resource States":11}
{"level":"info","ts":"2026-01-13T16:47:17-08:00","logger":"ServerlessServiceReconciler.seed","msg":"added podscalable to informer","resource":"deployments","namespace":"default","name":"kamera-test-deployment","stage":"podscalable-add","keys":["default/kamera-test-deployment"]}
{"level":"info","ts":"2026-01-13T16:47:17-08:00","logger":"ServerlessServiceReconciler.seed","msg":"podscalable visible to lister","resource":"deployments","namespace":"default","name":"kamera-test-deployment","stage":"podscalable-lister","object":{"apiVersion":"autoscaling.internal.knative.dev/v1alpha1","kind":"PodScalable","namespace":"default","name":"kamera-test-deployment"}}
{"level":"info","ts":1768351637.662873,"logger":"fallback","caller":"serverlessservice/serverlessservice.go:316","msg":"SKS has no private service; creating."}
{"level":"info","ts":1768351637.662864,"logger":"fallback","caller":"serverlessservice/controller.go:90","msg":"Doing a global resync due to activator endpoint changes"}
{"level":"info","ts":1768351637.663317,"logger":"fallback","caller":"serverlessservice/serverlessservice.go:323","msg":"Created private K8s service: kamera-test-private"}
{"level":"info","ts":1768351637.663336,"logger":"fallback","caller":"serverlessservice/serverlessservice.go:97","msg":"K8s public service does not exist; creating."}
{"level":"info","ts":1768351637.663519,"logger":"fallback","caller":"serverlessservice/serverlessservice.go:105","msg":"Created public K8s service: kamera-test"}
{"level":"error","ts":1768351637.663738,"logger":"fallback","caller":"serverlessservice/reconciler.go:303","msg":"Returned an error","targetMethod":"ReconcileKind","error":"failed to get private K8s Service endpoints: endpoints \"kamera-test-private\" not found","stacktrace":"knative.dev/networking/pkg/client/injection/reconciler/networking/v1alpha1/serverlessservice.(*reconcilerImpl).Reconcile\n\t/Users/tgoodwin/tmp/gomodcache/knative.dev/networking@v0.0.0-20250909015233-e3b68fc57bea/pkg/client/injection/reconciler/networking/v1alpha1/serverlessservice/reconciler.go:303\ngithub.com/tgoodwin/kamera/examples/knative-serving/knative.(*KnativeStrategy).ReconcileAtState\n\t/Users/tgoodwin/projects/kamera/examples/knative-serving/knative/harness.go:905\ngithub.com/tgoodwin/kamera/pkg/tracecheck.(*ReconcilerContainer).doReconcile\n\t/Users/tgoodwin/projects/kamera/pkg/tracecheck/reconciler.go:164\ngithub.com/tgoodwin/kamera/pkg/tracecheck.(*Explorer).reconcileAtState\n\t/Users/tgoodwin/projects/kamera/pkg/tracecheck/explore.go:1313\ngithub.com/tgoodwin/kamera/pkg/tracecheck.(*Explorer).takeReconcileStep\n\t/Users/tgoodwin/projects/kamera/pkg/tracecheck/explore.go:1228\ngithub.com/tgoodwin/kamera/pkg/tracecheck.(*Explorer).explore\n\t/Users/tgoodwin/projects/kamera/pkg/tracecheck/explore.go:790\ngithub.com/tgoodwin/kamera/pkg/tracecheck.(*Explorer).Explore.func1\n\t/Users/tgoodwin/projects/kamera/pkg/tracecheck/explore.go:330"}
{"level":"info","ts":"2026-01-13T16:47:17-08:00","logger":"ServerlessServiceReconciler.reconcile","msg":"transient not found; requeueing","key":"default/kamera-test","reconciler":"knative.dev.serving.pkg.reconciler.serverlessservice.reconciler","error":"failed to get private K8s Service endpoints: endpoints \"kamera-test-private\" not found"}
{"level":"info","ts":"2026-01-13T16:47:17-08:00","logger":"tracecheck","msg":"Taking reconcile step","Depth":19,"# Distinct States":20,"Total States":20,"Resource States":12}
{"level":"info","ts":"2026-01-13T16:47:17-08:00","logger":"ConfigurationReconciler.seed","msg":"added podscalable to informer","resource":"deployments","namespace":"default","name":"kamera-test-deployment","stage":"podscalable-add","keys":["default/kamera-test-deployment"]}
{"level":"info","ts":"2026-01-13T16:47:17-08:00","logger":"ConfigurationReconciler.seed","msg":"podscalable visible to lister","resource":"deployments","namespace":"default","name":"kamera-test-deployment","stage":"podscalable-lister","object":{"apiVersion":"autoscaling.internal.knative.dev/v1alpha1","kind":"PodScalable","namespace":"default","name":"kamera-test-deployment"}}
{"level":"info","ts":1768351637.7714932,"logger":"fallback","caller":"configuration/configuration.go:103","msg":"Revision \"kamera-test\" of configuration is not ready"}
{"level":"info","ts":"2026-01-13T16:47:17-08:00","logger":"ConfigurationReconciler.reconcile","msg":"reconcile completed","key":"default/demo","reconciler":"knative.dev.serving.pkg.reconciler.configuration.Reconciler","requeue":false,"requeueAfter":0}
{"level":"info","ts":"2026-01-13T16:47:17-08:00","logger":"tracecheck","msg":"Taking reconcile step","Depth":20,"# Distinct States":21,"Total States":21,"Resource States":12}
{"level":"info","ts":"2026-01-13T16:47:17-08:00","logger":"RevisionReconciler.seed","msg":"added podscalable to informer","resource":"deployments","namespace":"default","name":"kamera-test-deployment","stage":"podscalable-add","keys":["default/kamera-test-deployment"]}
{"level":"info","ts":"2026-01-13T16:47:17-08:00","logger":"RevisionReconciler.seed","msg":"podscalable visible to lister","resource":"deployments","namespace":"default","name":"kamera-test-deployment","stage":"podscalable-lister","object":{"apiVersion":"autoscaling.internal.knative.dev/v1alpha1","kind":"PodScalable","namespace":"default","name":"kamera-test-deployment"}}
{"level":"error","ts":1768351637.879303,"logger":"fallback","caller":"revision/controller.go:116","msg":"Failed to create resolver transport","error":"open /var/run/secrets/kubernetes.io/serviceaccount/ca.crt: no such file or directory","stacktrace":"knative.dev/serving/pkg/reconciler/revision.newControllerWithOptions\n\t/Users/tgoodwin/tmp/gomodcache/knative.dev/serving@v0.46.5/pkg/reconciler/revision/controller.go:116\nknative.dev/serving/pkg/reconciler/revision.NewController\n\t/Users/tgoodwin/tmp/gomodcache/knative.dev/serving@v0.46.5/pkg/reconciler/revision/controller.go:64\nmain.configureKnativeExplorer.func1.1\n\t/Users/tgoodwin/projects/kamera/examples/knative-serving/scenario.go:91\ngithub.com/tgoodwin/kamera/examples/knative-serving/knative.NewKnativeStrategy.func1\n\t/Users/tgoodwin/projects/kamera/examples/knative-serving/knative/harness.go:555\ngithub.com/tgoodwin/kamera/examples/knative-serving/knative.(*KnativeStrategy).ReconcileAtState\n\t/Users/tgoodwin/projects/kamera/examples/knative-serving/knative/harness.go:895\ngithub.com/tgoodwin/kamera/pkg/tracecheck.(*ReconcilerContainer).doReconcile\n\t/Users/tgoodwin/projects/kamera/pkg/tracecheck/reconciler.go:164\ngithub.com/tgoodwin/kamera/pkg/tracecheck.(*Explorer).reconcileAtState\n\t/Users/tgoodwin/projects/kamera/pkg/tracecheck/explore.go:1313\ngithub.com/tgoodwin/kamera/pkg/tracecheck.(*Explorer).takeReconcileStep\n\t/Users/tgoodwin/projects/kamera/pkg/tracecheck/explore.go:1228\ngithub.com/tgoodwin/kamera/pkg/tracecheck.(*Explorer).explore\n\t/Users/tgoodwin/projects/kamera/pkg/tracecheck/explore.go:790\ngithub.com/tgoodwin/kamera/pkg/tracecheck.(*Explorer).Explore.func1\n\t/Users/tgoodwin/projects/kamera/pkg/tracecheck/explore.go:330"}
{"level":"info","ts":1768351637.879832,"logger":"fallback","caller":"revision/reconcile_resources.go:161","msg":"Reconciling PA: kamera-test"}
{"level":"info","ts":"2026-01-13T16:47:17-08:00","logger":"RevisionReconciler.reconcile","msg":"reconcile completed","key":"default/kamera-test","reconciler":"knative.dev.serving.pkg.reconciler.revision.Reconciler","requeue":false,"requeueAfter":0}
{"level":"info","ts":"2026-01-13T16:47:17-08:00","logger":"tracecheck","msg":"Taking reconcile step","Depth":21,"# Distinct States":22,"Total States":22,"Resource States":12}
{"level":"info","ts":"2026-01-13T16:47:17-08:00","logger":"tracecheck","msg":"Taking reconcile step","Depth":22,"# Distinct States":23,"Total States":23,"Resource States":12}
{"level":"info","ts":"2026-01-13T16:47:17-08:00","logger":"tracecheck","msg":"updated pod status","Depth":22,"# Distinct States":23,"Total States":23,"Resource States":12,"phase":"Pending","pod":{"name":"kamera-test-deployment-1488584584-0","namespace":"default"}}
{"level":"info","ts":"2026-01-13T16:47:17-08:00","logger":"tracecheck","msg":"Taking reconcile step","Depth":23,"# Distinct States":24,"Total States":24,"Resource States":13}
{"level":"info","ts":"2026-01-13T16:47:17-08:00","logger":"tracecheck","msg":"Updated ReplicaSet status","Depth":23,"# Distinct States":24,"Total States":24,"Resource States":13,"name":"kamera-test-deployment-1488584584"}
{"level":"info","ts":"2026-01-13T16:47:17-08:00","logger":"tracecheck","msg":"Taking reconcile step","Depth":24,"# Distinct States":25,"Total States":25,"Resource States":14}
{"level":"info","ts":"2026-01-13T16:47:17-08:00","logger":"tracecheck","msg":"Taking reconcile step","Depth":25,"# Distinct States":26,"Total States":26,"Resource States":14}
{"level":"info","ts":"2026-01-13T16:47:17-08:00","logger":"tracecheck","msg":"Taking reconcile step","Depth":26,"# Distinct States":27,"Total States":27,"Resource States":15}
{"level":"info","ts":"2026-01-13T16:47:17-08:00","logger":"KPAReconciler.seed","msg":"added podscalable to informer","resource":"deployments","namespace":"default","name":"kamera-test-deployment","stage":"podscalable-add","keys":["default/kamera-test-deployment"]}
{"level":"info","ts":"2026-01-13T16:47:17-08:00","logger":"KPAReconciler.seed","msg":"podscalable visible to lister","resource":"deployments","namespace":"default","name":"kamera-test-deployment","stage":"podscalable-lister","object":{"apiVersion":"autoscaling.internal.knative.dev/v1alpha1","kind":"PodScalable","namespace":"default","name":"kamera-test-deployment"}}
{"level":"info","ts":1768351637.996983,"logger":"fallback","caller":"kpa/controller.go:77","msg":"Setting up ConfigMap receivers"}
{"level":"info","ts":1768351637.997059,"logger":"fallback","caller":"kpa/controller.go:91","msg":"Setting up KPA-Class event handlers"}
{"level":"info","ts":1768351637.997429,"logger":"fallback","caller":"kpa/kpa.go:158","msg":"SKS should be in Proxy mode: want = -1, ebc = 0, #act's = 2 PA Inactive? = false"}
{"level":"info","ts":1768351637.9974458,"logger":"fallback","caller":"kpa/kpa.go:178","msg":"PA scale got=0, want=-1, desiredPods=0 ebc=0"}
{"level":"info","ts":1768351637.997452,"logger":"fallback","caller":"kpa/kpa.go:188","msg":"Observed pod counts=kpa.podCounts{want:-1, ready:0, notReady:1, pending:1, terminating:0}"}
{"level":"info","ts":"2026-01-13T16:47:17-08:00","logger":"KPAReconciler.reconcile","msg":"reconcile completed","key":"default/kamera-test","reconciler":"knative.dev.serving.pkg.reconciler.autoscaling.kpa.Reconciler","requeue":false,"requeueAfter":0}
{"level":"info","ts":"2026-01-13T16:47:17-08:00","logger":"tracecheck","msg":"Taking reconcile step","Depth":27,"# Distinct States":28,"Total States":28,"Resource States":16}
{"level":"info","ts":"2026-01-13T16:47:18-08:00","logger":"ServerlessServiceReconciler.seed","msg":"added podscalable to informer","resource":"deployments","namespace":"default","name":"kamera-test-deployment","stage":"podscalable-add","keys":["default/kamera-test-deployment"]}
{"level":"info","ts":"2026-01-13T16:47:18-08:00","logger":"ServerlessServiceReconciler.seed","msg":"podscalable visible to lister","resource":"deployments","namespace":"default","name":"kamera-test-deployment","stage":"podscalable-lister","object":{"apiVersion":"autoscaling.internal.knative.dev/v1alpha1","kind":"PodScalable","namespace":"default","name":"kamera-test-deployment"}}
{"level":"info","ts":1768351638.1034381,"logger":"fallback","caller":"serverlessservice/serverlessservice.go:217","msg":"SKS is in Proxy mode; has 0 endpoints in kamera-test-private; 1 activator endpoints"}
{"level":"info","ts":1768351638.103464,"logger":"fallback","caller":"serverlessservice/serverlessservice.go:245","msg":"Forcing SKS into Proxy mode, insufficient ready endpoints."}
{"level":"info","ts":1768351638.1034648,"logger":"fallback","caller":"serverlessservice/controller.go:90","msg":"Doing a global resync due to activator endpoint changes"}
{"level":"info","ts":1768351638.103474,"logger":"fallback","caller":"serverlessservice/serverlessservice.go:265","msg":"Public endpoints object does not exist; creating."}
{"level":"info","ts":1768351638.103679,"logger":"fallback","caller":"serverlessservice/serverlessservice.go:270","msg":"Created K8s Endpoints: kamera-test"}
{"level":"info","ts":1768351638.103693,"logger":"fallback","caller":"serverlessservice/serverlessservice.go:290","msg":"No ready endpoints backing revision"}
{"level":"info","ts":"2026-01-13T16:47:18-08:00","logger":"ServerlessServiceReconciler.reconcile","msg":"reconcile completed","key":"default/kamera-test","reconciler":"knative.dev.serving.pkg.reconciler.serverlessservice.reconciler","requeue":false,"requeueAfter":0}
{"level":"info","ts":"2026-01-13T16:47:18-08:00","logger":"tracecheck","msg":"Taking reconcile step","Depth":28,"# Distinct States":29,"Total States":29,"Resource States":17}
{"level":"info","ts":"2026-01-13T16:47:18-08:00","logger":"tracecheck","msg":"Taking reconcile step","Depth":29,"# Distinct States":30,"Total States":30,"Resource States":17}
{"level":"info","ts":"2026-01-13T16:47:18-08:00","logger":"tracecheck","msg":"Taking reconcile step","Depth":30,"# Distinct States":31,"Total States":31,"Resource States":17}
{"level":"info","ts":"2026-01-13T16:47:18-08:00","logger":"tracecheck","msg":"updated pod status","Depth":30,"# Distinct States":31,"Total States":31,"Resource States":17,"phase":"Running","pod":{"name":"kamera-test-deployment-1488584584-0","namespace":"default"}}
{"level":"info","ts":"2026-01-13T16:47:18-08:00","logger":"tracecheck","msg":"Taking reconcile step","Depth":31,"# Distinct States":32,"Total States":32,"Resource States":18}
{"level":"info","ts":"2026-01-13T16:47:18-08:00","logger":"tracecheck","msg":"Updated Deployment status","Depth":31,"# Distinct States":32,"Total States":32,"Resource States":18,"name":"kamera-test-deployment"}
{"level":"info","ts":"2026-01-13T16:47:18-08:00","logger":"tracecheck","msg":"Taking reconcile step","Depth":32,"# Distinct States":33,"Total States":33,"Resource States":19}
{"level":"info","ts":"2026-01-13T16:47:18-08:00","logger":"tracecheck","msg":"Taking reconcile step","Depth":33,"# Distinct States":34,"Total States":34,"Resource States":19}
{"level":"info","ts":"2026-01-13T16:47:18-08:00","logger":"tracecheck","msg":"Taking reconcile step","Depth":34,"# Distinct States":35,"Total States":35,"Resource States":19}
{"level":"info","ts":"2026-01-13T16:47:18-08:00","logger":"KPAReconciler.seed","msg":"added podscalable to informer","resource":"deployments","namespace":"default","name":"kamera-test-deployment","stage":"podscalable-add","keys":["default/kamera-test-deployment"]}
{"level":"info","ts":"2026-01-13T16:47:18-08:00","logger":"KPAReconciler.seed","msg":"podscalable visible to lister","resource":"deployments","namespace":"default","name":"kamera-test-deployment","stage":"podscalable-lister","object":{"apiVersion":"autoscaling.internal.knative.dev/v1alpha1","kind":"PodScalable","namespace":"default","name":"kamera-test-deployment"}}
{"level":"info","ts":1768351638.226223,"logger":"fallback","caller":"kpa/controller.go:77","msg":"Setting up ConfigMap receivers"}
{"level":"info","ts":1768351638.22637,"logger":"fallback","caller":"kpa/controller.go:91","msg":"Setting up KPA-Class event handlers"}
{"level":"info","ts":1768351638.226513,"logger":"fallback","caller":"kpa/kpa.go:158","msg":"SKS should be in Proxy mode: want = -1, ebc = 0, #act's = 2 PA Inactive? = false"}
{"level":"info","ts":1768351638.2265458,"logger":"fallback","caller":"kpa/kpa.go:178","msg":"PA scale got=0, want=-1, desiredPods=0 ebc=0"}
{"level":"info","ts":1768351638.226562,"logger":"fallback","caller":"kpa/kpa.go:188","msg":"Observed pod counts=kpa.podCounts{want:-1, ready:0, notReady:1, pending:0, terminating:0}"}
{"level":"info","ts":"2026-01-13T16:47:18-08:00","logger":"KPAReconciler.reconcile","msg":"reconcile completed","key":"default/kamera-test","reconciler":"knative.dev.serving.pkg.reconciler.autoscaling.kpa.Reconciler","requeue":false,"requeueAfter":0}
{"level":"info","ts":"2026-01-13T16:47:18-08:00","logger":"tracecheck","msg":"Taking reconcile step","Depth":35,"# Distinct States":36,"Total States":36,"Resource States":19}
{"level":"info","ts":"2026-01-13T16:47:18-08:00","logger":"tracecheck","msg":"Taking reconcile step","Depth":36,"# Distinct States":37,"Total States":37,"Resource States":19}
{"level":"info","ts":"2026-01-13T16:47:18-08:00","logger":"RevisionReconciler.seed","msg":"added podscalable to informer","resource":"deployments","namespace":"default","name":"kamera-test-deployment","stage":"podscalable-add","keys":["default/kamera-test-deployment"]}
{"level":"info","ts":"2026-01-13T16:47:18-08:00","logger":"RevisionReconciler.seed","msg":"podscalable visible to lister","resource":"deployments","namespace":"default","name":"kamera-test-deployment","stage":"podscalable-lister","object":{"apiVersion":"autoscaling.internal.knative.dev/v1alpha1","kind":"PodScalable","namespace":"default","name":"kamera-test-deployment"}}
{"level":"error","ts":1768351638.3406038,"logger":"fallback","caller":"revision/controller.go:116","msg":"Failed to create resolver transport","error":"open /var/run/secrets/kubernetes.io/serviceaccount/ca.crt: no such file or directory","stacktrace":"knative.dev/serving/pkg/reconciler/revision.newControllerWithOptions\n\t/Users/tgoodwin/tmp/gomodcache/knative.dev/serving@v0.46.5/pkg/reconciler/revision/controller.go:116\nknative.dev/serving/pkg/reconciler/revision.NewController\n\t/Users/tgoodwin/tmp/gomodcache/knative.dev/serving@v0.46.5/pkg/reconciler/revision/controller.go:64\nmain.configureKnativeExplorer.func1.1\n\t/Users/tgoodwin/projects/kamera/examples/knative-serving/scenario.go:91\ngithub.com/tgoodwin/kamera/examples/knative-serving/knative.NewKnativeStrategy.func1\n\t/Users/tgoodwin/projects/kamera/examples/knative-serving/knative/harness.go:555\ngithub.com/tgoodwin/kamera/examples/knative-serving/knative.(*KnativeStrategy).ReconcileAtState\n\t/Users/tgoodwin/projects/kamera/examples/knative-serving/knative/harness.go:895\ngithub.com/tgoodwin/kamera/pkg/tracecheck.(*ReconcilerContainer).doReconcile\n\t/Users/tgoodwin/projects/kamera/pkg/tracecheck/reconciler.go:164\ngithub.com/tgoodwin/kamera/pkg/tracecheck.(*Explorer).reconcileAtState\n\t/Users/tgoodwin/projects/kamera/pkg/tracecheck/explore.go:1313\ngithub.com/tgoodwin/kamera/pkg/tracecheck.(*Explorer).takeReconcileStep\n\t/Users/tgoodwin/projects/kamera/pkg/tracecheck/explore.go:1228\ngithub.com/tgoodwin/kamera/pkg/tracecheck.(*Explorer).explore\n\t/Users/tgoodwin/projects/kamera/pkg/tracecheck/explore.go:790\ngithub.com/tgoodwin/kamera/pkg/tracecheck.(*Explorer).Explore.func1\n\t/Users/tgoodwin/projects/kamera/pkg/tracecheck/explore.go:330"}
{"level":"info","ts":1768351638.341692,"logger":"fallback","caller":"revision/reconcile_resources.go:161","msg":"Reconciling PA: kamera-test"}
{"level":"info","ts":"2026-01-13T16:47:18-08:00","logger":"RevisionReconciler.reconcile","msg":"reconcile completed","key":"default/kamera-test","reconciler":"knative.dev.serving.pkg.reconciler.revision.Reconciler","requeue":false,"requeueAfter":0}
{"level":"info","ts":"2026-01-13T16:47:18-08:00","logger":"tracecheck","msg":"Taking reconcile step","Depth":37,"# Distinct States":38,"Total States":38,"Resource States":20}
{"level":"info","ts":"2026-01-13T16:47:18-08:00","logger":"ServerlessServiceReconciler.seed","msg":"added podscalable to informer","resource":"deployments","namespace":"default","name":"kamera-test-deployment","stage":"podscalable-add","keys":["default/kamera-test-deployment"]}
{"level":"info","ts":"2026-01-13T16:47:18-08:00","logger":"ServerlessServiceReconciler.seed","msg":"podscalable visible to lister","resource":"deployments","namespace":"default","name":"kamera-test-deployment","stage":"podscalable-lister","object":{"apiVersion":"autoscaling.internal.knative.dev/v1alpha1","kind":"PodScalable","namespace":"default","name":"kamera-test-deployment"}}
{"level":"info","ts":1768351638.454804,"logger":"fallback","caller":"serverlessservice/controller.go:90","msg":"Doing a global resync due to activator endpoint changes"}
{"level":"info","ts":1768351638.4548,"logger":"fallback","caller":"serverlessservice/serverlessservice.go:217","msg":"SKS is in Proxy mode; has 0 endpoints in kamera-test-private; 1 activator endpoints"}
{"level":"info","ts":1768351638.454828,"logger":"fallback","caller":"serverlessservice/serverlessservice.go:245","msg":"Forcing SKS into Proxy mode, insufficient ready endpoints."}
{"level":"info","ts":1768351638.4548469,"logger":"fallback","caller":"serverlessservice/serverlessservice.go:290","msg":"No ready endpoints backing revision"}
{"level":"info","ts":"2026-01-13T16:47:18-08:00","logger":"ServerlessServiceReconciler.reconcile","msg":"reconcile completed","key":"default/kamera-test","reconciler":"knative.dev.serving.pkg.reconciler.serverlessservice.reconciler","requeue":false,"requeueAfter":0}
{"level":"info","ts":"2026-01-13T16:47:18-08:00","logger":"tracecheck","msg":"Taking reconcile step","Depth":38,"# Distinct States":39,"Total States":39,"Resource States":20}
{"level":"info","ts":"2026-01-13T16:47:18-08:00","logger":"tracecheck","msg":"updated pod status","Depth":38,"# Distinct States":39,"Total States":39,"Resource States":20,"phase":"Running","pod":{"name":"kamera-test-deployment-1488584584-0","namespace":"default"}}
{"level":"info","ts":"2026-01-13T16:47:18-08:00","logger":"tracecheck","msg":"Taking reconcile step","Depth":39,"# Distinct States":40,"Total States":40,"Resource States":21}
{"level":"info","ts":"2026-01-13T16:47:18-08:00","logger":"tracecheck","msg":"Taking reconcile step","Depth":40,"# Distinct States":41,"Total States":41,"Resource States":21}
{"level":"info","ts":"2026-01-13T16:47:18-08:00","logger":"KPAReconciler.seed","msg":"added podscalable to informer","resource":"deployments","namespace":"default","name":"kamera-test-deployment","stage":"podscalable-add","keys":["default/kamera-test-deployment"]}
{"level":"info","ts":"2026-01-13T16:47:18-08:00","logger":"KPAReconciler.seed","msg":"podscalable visible to lister","resource":"deployments","namespace":"default","name":"kamera-test-deployment","stage":"podscalable-lister","object":{"apiVersion":"autoscaling.internal.knative.dev/v1alpha1","kind":"PodScalable","namespace":"default","name":"kamera-test-deployment"}}
{"level":"info","ts":1768351638.577271,"logger":"fallback","caller":"kpa/controller.go:77","msg":"Setting up ConfigMap receivers"}
{"level":"info","ts":1768351638.577423,"logger":"fallback","caller":"kpa/controller.go:91","msg":"Setting up KPA-Class event handlers"}
{"level":"info","ts":1768351638.577624,"logger":"fallback","caller":"kpa/kpa.go:158","msg":"SKS should be in Proxy mode: want = -1, ebc = 0, #act's = 2 PA Inactive? = false"}
{"level":"info","ts":1768351638.577665,"logger":"fallback","caller":"kpa/kpa.go:178","msg":"PA scale got=1, want=-1, desiredPods=0 ebc=0"}
{"level":"info","ts":1768351638.5776808,"logger":"fallback","caller":"kpa/kpa.go:188","msg":"Observed pod counts=kpa.podCounts{want:-1, ready:1, notReady:0, pending:0, terminating:0}"}
{"level":"info","ts":"2026-01-13T16:47:18-08:00","logger":"KPAReconciler.reconcile","msg":"reconcile completed","key":"default/kamera-test","reconciler":"knative.dev.serving.pkg.reconciler.autoscaling.kpa.Reconciler","requeue":false,"requeueAfter":0}
{"level":"info","ts":"2026-01-13T16:47:18-08:00","logger":"tracecheck","msg":"Taking reconcile step","Depth":41,"# Distinct States":42,"Total States":42,"Resource States":22}
{"level":"info","ts":"2026-01-13T16:47:18-08:00","logger":"ConfigurationReconciler.seed","msg":"added podscalable to informer","resource":"deployments","namespace":"default","name":"kamera-test-deployment","stage":"podscalable-add","keys":["default/kamera-test-deployment"]}
{"level":"info","ts":"2026-01-13T16:47:18-08:00","logger":"ConfigurationReconciler.seed","msg":"podscalable visible to lister","resource":"deployments","namespace":"default","name":"kamera-test-deployment","stage":"podscalable-lister","object":{"apiVersion":"autoscaling.internal.knative.dev/v1alpha1","kind":"PodScalable","namespace":"default","name":"kamera-test-deployment"}}
{"level":"info","ts":1768351638.68809,"logger":"fallback","caller":"configuration/configuration.go:103","msg":"Revision \"kamera-test\" of configuration is not ready"}
{"level":"info","ts":"2026-01-13T16:47:18-08:00","logger":"ConfigurationReconciler.reconcile","msg":"reconcile completed","key":"default/demo","reconciler":"knative.dev.serving.pkg.reconciler.configuration.Reconciler","requeue":false,"requeueAfter":0}
{"level":"info","ts":"2026-01-13T16:47:18-08:00","logger":"tracecheck","msg":"Taking reconcile step","Depth":42,"# Distinct States":43,"Total States":43,"Resource States":22}
{"level":"info","ts":"2026-01-13T16:47:18-08:00","logger":"tracecheck","msg":"Taking reconcile step","Depth":43,"# Distinct States":44,"Total States":44,"Resource States":22}
{"level":"info","ts":"2026-01-13T16:47:18-08:00","logger":"RevisionReconciler.seed","msg":"added podscalable to informer","resource":"deployments","namespace":"default","name":"kamera-test-deployment","stage":"podscalable-add","keys":["default/kamera-test-deployment"]}
{"level":"info","ts":"2026-01-13T16:47:18-08:00","logger":"RevisionReconciler.seed","msg":"podscalable visible to lister","resource":"deployments","namespace":"default","name":"kamera-test-deployment","stage":"podscalable-lister","object":{"apiVersion":"autoscaling.internal.knative.dev/v1alpha1","kind":"PodScalable","namespace":"default","name":"kamera-test-deployment"}}
{"level":"error","ts":1768351638.801023,"logger":"fallback","caller":"revision/controller.go:116","msg":"Failed to create resolver transport","error":"open /var/run/secrets/kubernetes.io/serviceaccount/ca.crt: no such file or directory","stacktrace":"knative.dev/serving/pkg/reconciler/revision.newControllerWithOptions\n\t/Users/tgoodwin/tmp/gomodcache/knative.dev/serving@v0.46.5/pkg/reconciler/revision/controller.go:116\nknative.dev/serving/pkg/reconciler/revision.NewController\n\t/Users/tgoodwin/tmp/gomodcache/knative.dev/serving@v0.46.5/pkg/reconciler/revision/controller.go:64\nmain.configureKnativeExplorer.func1.1\n\t/Users/tgoodwin/projects/kamera/examples/knative-serving/scenario.go:91\ngithub.com/tgoodwin/kamera/examples/knative-serving/knative.NewKnativeStrategy.func1\n\t/Users/tgoodwin/projects/kamera/examples/knative-serving/knative/harness.go:555\ngithub.com/tgoodwin/kamera/examples/knative-serving/knative.(*KnativeStrategy).ReconcileAtState\n\t/Users/tgoodwin/projects/kamera/examples/knative-serving/knative/harness.go:895\ngithub.com/tgoodwin/kamera/pkg/tracecheck.(*ReconcilerContainer).doReconcile\n\t/Users/tgoodwin/projects/kamera/pkg/tracecheck/reconciler.go:164\ngithub.com/tgoodwin/kamera/pkg/tracecheck.(*Explorer).reconcileAtState\n\t/Users/tgoodwin/projects/kamera/pkg/tracecheck/explore.go:1313\ngithub.com/tgoodwin/kamera/pkg/tracecheck.(*Explorer).takeReconcileStep\n\t/Users/tgoodwin/projects/kamera/pkg/tracecheck/explore.go:1228\ngithub.com/tgoodwin/kamera/pkg/tracecheck.(*Explorer).explore\n\t/Users/tgoodwin/projects/kamera/pkg/tracecheck/explore.go:790\ngithub.com/tgoodwin/kamera/pkg/tracecheck.(*Explorer).Explore.func1\n\t/Users/tgoodwin/projects/kamera/pkg/tracecheck/explore.go:330"}
{"level":"info","ts":1768351638.801576,"logger":"fallback","caller":"revision/reconcile_resources.go:161","msg":"Reconciling PA: kamera-test"}
{"level":"info","ts":1768351638.801625,"logger":"fallback","caller":"revision/revision.go:166","msg":"Revision became ready"}
{"level":"info","ts":"2026-01-13T16:47:18-08:00","logger":"RevisionReconciler.reconcile","msg":"reconcile completed","key":"default/kamera-test","reconciler":"knative.dev.serving.pkg.reconciler.revision.Reconciler","requeue":false,"requeueAfter":0}
{"level":"info","ts":"2026-01-13T16:47:18-08:00","logger":"tracecheck","msg":"Taking reconcile step","Depth":44,"# Distinct States":45,"Total States":45,"Resource States":23}
{"level":"info","ts":"2026-01-13T16:47:18-08:00","logger":"tracecheck","msg":"Taking reconcile step","Depth":45,"# Distinct States":46,"Total States":46,"Resource States":23}
{"level":"info","ts":"2026-01-13T16:47:18-08:00","logger":"tracecheck","msg":"Updated ReplicaSet status","Depth":45,"# Distinct States":46,"Total States":46,"Resource States":23,"name":"kamera-test-deployment-1488584584"}
{"level":"info","ts":"2026-01-13T16:47:18-08:00","logger":"tracecheck","msg":"Taking reconcile step","Depth":46,"# Distinct States":47,"Total States":47,"Resource States":24}
{"level":"info","ts":"2026-01-13T16:47:18-08:00","logger":"KPAReconciler.seed","msg":"added podscalable to informer","resource":"deployments","namespace":"default","name":"kamera-test-deployment","stage":"podscalable-add","keys":["default/kamera-test-deployment"]}
{"level":"info","ts":"2026-01-13T16:47:18-08:00","logger":"KPAReconciler.seed","msg":"podscalable visible to lister","resource":"deployments","namespace":"default","name":"kamera-test-deployment","stage":"podscalable-lister","object":{"apiVersion":"autoscaling.internal.knative.dev/v1alpha1","kind":"PodScalable","namespace":"default","name":"kamera-test-deployment"}}
{"level":"info","ts":1768351638.9177668,"logger":"fallback","caller":"kpa/controller.go:77","msg":"Setting up ConfigMap receivers"}
{"level":"info","ts":1768351638.91795,"logger":"fallback","caller":"kpa/controller.go:91","msg":"Setting up KPA-Class event handlers"}
{"level":"info","ts":1768351638.918135,"logger":"fallback","caller":"kpa/scaler.go:229","msg":"Can deactivate PA, was active for 12s"}
{"level":"info","ts":1768351638.918165,"logger":"fallback","caller":"kpa/kpa.go:158","msg":"SKS should be in Proxy mode: want = 0, ebc = 0, #act's = 2 PA Inactive? = false"}
{"level":"info","ts":1768351638.9181929,"logger":"fallback","caller":"kpa/kpa.go:178","msg":"PA scale got=1, want=0, desiredPods=0 ebc=0"}
{"level":"info","ts":1768351638.91821,"logger":"fallback","caller":"kpa/kpa.go:188","msg":"Observed pod counts=kpa.podCounts{want:0, ready:1, notReady:0, pending:0, terminating:0}"}
{"level":"info","ts":"2026-01-13T16:47:18-08:00","logger":"KPAReconciler.reconcile","msg":"reconcile completed","key":"default/kamera-test","reconciler":"knative.dev.serving.pkg.reconciler.autoscaling.kpa.Reconciler","requeue":false,"requeueAfter":0}
{"level":"info","ts":"2026-01-13T16:47:18-08:00","logger":"tracecheck","msg":"Taking reconcile step","Depth":47,"# Distinct States":48,"Total States":48,"Resource States":25}
{"level":"info","ts":"2026-01-13T16:47:19-08:00","logger":"ConfigurationReconciler.seed","msg":"added podscalable to informer","resource":"deployments","namespace":"default","name":"kamera-test-deployment","stage":"podscalable-add","keys":["default/kamera-test-deployment"]}
{"level":"info","ts":"2026-01-13T16:47:19-08:00","logger":"ConfigurationReconciler.seed","msg":"podscalable visible to lister","resource":"deployments","namespace":"default","name":"kamera-test-deployment","stage":"podscalable-lister","object":{"apiVersion":"autoscaling.internal.knative.dev/v1alpha1","kind":"PodScalable","namespace":"default","name":"kamera-test-deployment"}}
{"level":"info","ts":1768351639.029622,"logger":"fallback","caller":"configuration/configuration.go:106","msg":"Revision \"kamera-test\" of configuration is ready"}
{"level":"info","ts":"2026-01-13T16:47:19-08:00","logger":"ConfigurationReconciler.reconcile","msg":"reconcile completed","key":"default/demo","reconciler":"knative.dev.serving.pkg.reconciler.configuration.Reconciler","requeue":false,"requeueAfter":0}
{"level":"info","ts":"2026-01-13T16:47:19-08:00","logger":"tracecheck","msg":"Taking reconcile step","Depth":48,"# Distinct States":49,"Total States":49,"Resource States":26}
{"level":"info","ts":"2026-01-13T16:47:19-08:00","logger":"tracecheck","msg":"Taking reconcile step","Depth":49,"# Distinct States":50,"Total States":50,"Resource States":26}
{"level":"info","ts":"2026-01-13T16:47:19-08:00","logger":"RevisionReconciler.seed","msg":"added podscalable to informer","resource":"deployments","namespace":"default","name":"kamera-test-deployment","stage":"podscalable-add","keys":["default/kamera-test-deployment"]}
{"level":"info","ts":"2026-01-13T16:47:19-08:00","logger":"RevisionReconciler.seed","msg":"podscalable visible to lister","resource":"deployments","namespace":"default","name":"kamera-test-deployment","stage":"podscalable-lister","object":{"apiVersion":"autoscaling.internal.knative.dev/v1alpha1","kind":"PodScalable","namespace":"default","name":"kamera-test-deployment"}}
{"level":"error","ts":1768351639.150453,"logger":"fallback","caller":"revision/controller.go:116","msg":"Failed to create resolver transport","error":"open /var/run/secrets/kubernetes.io/serviceaccount/ca.crt: no such file or directory","stacktrace":"knative.dev/serving/pkg/reconciler/revision.newControllerWithOptions\n\t/Users/tgoodwin/tmp/gomodcache/knative.dev/serving@v0.46.5/pkg/reconciler/revision/controller.go:116\nknative.dev/serving/pkg/reconciler/revision.NewController\n\t/Users/tgoodwin/tmp/gomodcache/knative.dev/serving@v0.46.5/pkg/reconciler/revision/controller.go:64\nmain.configureKnativeExplorer.func1.1\n\t/Users/tgoodwin/projects/kamera/examples/knative-serving/scenario.go:91\ngithub.com/tgoodwin/kamera/examples/knative-serving/knative.NewKnativeStrategy.func1\n\t/Users/tgoodwin/projects/kamera/examples/knative-serving/knative/harness.go:555\ngithub.com/tgoodwin/kamera/examples/knative-serving/knative.(*KnativeStrategy).ReconcileAtState\n\t/Users/tgoodwin/projects/kamera/examples/knative-serving/knative/harness.go:895\ngithub.com/tgoodwin/kamera/pkg/tracecheck.(*ReconcilerContainer).doReconcile\n\t/Users/tgoodwin/projects/kamera/pkg/tracecheck/reconciler.go:164\ngithub.com/tgoodwin/kamera/pkg/tracecheck.(*Explorer).reconcileAtState\n\t/Users/tgoodwin/projects/kamera/pkg/tracecheck/explore.go:1313\ngithub.com/tgoodwin/kamera/pkg/tracecheck.(*Explorer).takeReconcileStep\n\t/Users/tgoodwin/projects/kamera/pkg/tracecheck/explore.go:1228\ngithub.com/tgoodwin/kamera/pkg/tracecheck.(*Explorer).explore\n\t/Users/tgoodwin/projects/kamera/pkg/tracecheck/explore.go:790\ngithub.com/tgoodwin/kamera/pkg/tracecheck.(*Explorer).Explore.func1\n\t/Users/tgoodwin/projects/kamera/pkg/tracecheck/explore.go:330"}
{"level":"info","ts":1768351639.151263,"logger":"fallback","caller":"revision/reconcile_resources.go:161","msg":"Reconciling PA: kamera-test"}
{"level":"info","ts":"2026-01-13T16:47:19-08:00","logger":"RevisionReconciler.reconcile","msg":"reconcile completed","key":"default/kamera-test","reconciler":"knative.dev.serving.pkg.reconciler.revision.Reconciler","requeue":false,"requeueAfter":0}
{"level":"info","ts":"2026-01-13T16:47:19-08:00","logger":"tracecheck","msg":"Taking reconcile step","Depth":50,"# Distinct States":51,"Total States":51,"Resource States":27}
{"level":"info","ts":"2026-01-13T16:47:19-08:00","logger":"tracecheck","msg":"Updated Deployment status","Depth":50,"# Distinct States":51,"Total States":51,"Resource States":27,"name":"kamera-test-deployment"}
{"level":"info","ts":"2026-01-13T16:47:19-08:00","logger":"tracecheck","msg":"Taking reconcile step","Depth":51,"# Distinct States":52,"Total States":52,"Resource States":28}
{"level":"info","ts":"2026-01-13T16:47:19-08:00","logger":"tracecheck","msg":"Taking reconcile step","Depth":52,"# Distinct States":53,"Total States":53,"Resource States":28}
{"level":"info","ts":"2026-01-13T16:47:19-08:00","logger":"KPAReconciler.seed","msg":"added podscalable to informer","resource":"deployments","namespace":"default","name":"kamera-test-deployment","stage":"podscalable-add","keys":["default/kamera-test-deployment"]}
{"level":"info","ts":"2026-01-13T16:47:19-08:00","logger":"KPAReconciler.seed","msg":"podscalable visible to lister","resource":"deployments","namespace":"default","name":"kamera-test-deployment","stage":"podscalable-lister","object":{"apiVersion":"autoscaling.internal.knative.dev/v1alpha1","kind":"PodScalable","namespace":"default","name":"kamera-test-deployment"}}
{"level":"info","ts":1768351639.274724,"logger":"fallback","caller":"kpa/controller.go:77","msg":"Setting up ConfigMap receivers"}
{"level":"info","ts":1768351639.27497,"logger":"fallback","caller":"kpa/controller.go:91","msg":"Setting up KPA-Class event handlers"}
{"level":"info","ts":1768351639.2752142,"logger":"fallback","caller":"kpa/scaler.go:379","msg":"Scaling from 1 to 0"}
{"level":"info","ts":1768351639.279527,"logger":"fallback","caller":"kpa/kpa.go:158","msg":"SKS should be in Proxy mode: want = 0, ebc = 0, #act's = 2 PA Inactive? = true"}
{"level":"info","ts":1768351639.279586,"logger":"fallback","caller":"kpa/kpa.go:178","msg":"PA scale got=1, want=0, desiredPods=0 ebc=0"}
{"level":"info","ts":1768351639.279604,"logger":"fallback","caller":"kpa/kpa.go:188","msg":"Observed pod counts=kpa.podCounts{want:0, ready:1, notReady:0, pending:0, terminating:0}"}
{"level":"info","ts":"2026-01-13T16:47:19-08:00","logger":"KPAReconciler.reconcile","msg":"reconcile completed","key":"default/kamera-test","reconciler":"knative.dev.serving.pkg.reconciler.autoscaling.kpa.Reconciler","requeue":false,"requeueAfter":0}
{"level":"info","ts":"2026-01-13T16:47:19-08:00","logger":"tracecheck","msg":"Taking reconcile step","Depth":53,"# Distinct States":54,"Total States":54,"Resource States":29}
{"level":"info","ts":"2026-01-13T16:47:19-08:00","logger":"ConfigurationReconciler.seed","msg":"added podscalable to informer","resource":"deployments","namespace":"default","name":"kamera-test-deployment","stage":"podscalable-add","keys":["default/kamera-test-deployment"]}
{"level":"info","ts":"2026-01-13T16:47:19-08:00","logger":"ConfigurationReconciler.seed","msg":"podscalable visible to lister","resource":"deployments","namespace":"default","name":"kamera-test-deployment","stage":"podscalable-lister","object":{"apiVersion":"autoscaling.internal.knative.dev/v1alpha1","kind":"PodScalable","namespace":"default","name":"kamera-test-deployment"}}
{"level":"info","ts":1768351639.3987882,"logger":"fallback","caller":"configuration/configuration.go:106","msg":"Revision \"kamera-test\" of configuration is ready"}
{"level":"info","ts":"2026-01-13T16:47:19-08:00","logger":"ConfigurationReconciler.reconcile","msg":"reconcile completed","key":"default/demo","reconciler":"knative.dev.serving.pkg.reconciler.configuration.Reconciler","requeue":false,"requeueAfter":0}
{"level":"info","ts":"2026-01-13T16:47:19-08:00","logger":"tracecheck","msg":"Taking reconcile step","Depth":54,"# Distinct States":55,"Total States":55,"Resource States":29}
{"level":"info","ts":"2026-01-13T16:47:19-08:00","logger":"RouteReconciler.seed","msg":"added podscalable to informer","resource":"deployments","namespace":"default","name":"kamera-test-deployment","stage":"podscalable-add","keys":["default/kamera-test-deployment"]}
{"level":"info","ts":"2026-01-13T16:47:19-08:00","logger":"RouteReconciler.seed","msg":"podscalable visible to lister","resource":"deployments","namespace":"default","name":"kamera-test-deployment","stage":"podscalable-lister","object":{"apiVersion":"autoscaling.internal.knative.dev/v1alpha1","kind":"PodScalable","namespace":"default","name":"kamera-test-deployment"}}
{"level":"info","ts":1768351639.509808,"logger":"fallback","caller":"route/route.go:465","msg":"Revision default/kamera-test is inactive"}
{"level":"info","ts":1768351639.509866,"logger":"fallback","caller":"route/route.go:487","msg":"All referred targets are routable, marking AllTrafficAssigned with traffic information."}
{"level":"info","ts":1768351639.509902,"logger":"fallback","caller":"route/route.go:140","msg":"Creating placeholder k8s services"}
{"level":"info","ts":1768351639.510221,"logger":"fallback","caller":"route/reconcile_resources.go:179","msg":"Created service demo"}
{"level":"info","ts":1768351639.511164,"logger":"fallback","caller":"route/route.go:176","msg":"Updating placeholder k8s services with ingress information"}
{"level":"warn","ts":1768351639.511229,"logger":"fallback","caller":"route/reconcile_resources.go:228","msg":"Failed to update k8s service","error":"failed to fetch loadbalancer domain/IP from ingress status"}
{"level":"info","ts":1768351639.5112581,"logger":"fallback","caller":"route/route.go:198","msg":"Route successfully synced"}
{"level":"info","ts":"2026-01-13T16:47:19-08:00","logger":"RouteReconciler.reconcile","msg":"reconcile completed","key":"default/demo","reconciler":"knative.dev.serving.pkg.reconciler.route.Reconciler","requeue":false,"requeueAfter":0}
{"level":"info","ts":"2026-01-13T16:47:19-08:00","logger":"tracecheck","msg":"Taking reconcile step","Depth":55,"# Distinct States":56,"Total States":56,"Resource States":30}
{"level":"info","ts":"2026-01-13T16:47:19-08:00","logger":"ServiceReconciler.seed","msg":"added podscalable to informer","resource":"deployments","namespace":"default","name":"kamera-test-deployment","stage":"podscalable-add","keys":["default/kamera-test-deployment"]}
{"level":"info","ts":"2026-01-13T16:47:19-08:00","logger":"ServiceReconciler.seed","msg":"podscalable visible to lister","resource":"deployments","namespace":"default","name":"kamera-test-deployment","stage":"podscalable-lister","object":{"apiVersion":"autoscaling.internal.knative.dev/v1alpha1","kind":"PodScalable","namespace":"default","name":"kamera-test-deployment"}}
{"level":"info","ts":1768351639.626805,"logger":"fallback","caller":"service/service.go:171","msg":"Service reconciler fetching Route from lister: name=demo, namespace=default"}
{"level":"info","ts":1768351639.62684,"logger":"fallback","caller":"service/service.go:174","msg":"Service reconciler got Route from lister: name=demo, Generation=1, ObservedGeneration=1, ResourceVersion="}
{"level":"info","ts":1768351639.626886,"logger":"fallback","caller":"service/service.go:126","msg":"Service reconciler checking Route: name=demo, Generation=1, ObservedGeneration=1, Ready=Unknown (reason=IngressNotConfigured, message=Ingress has not yet been reconciled.), generationMatch=true, routeResourceVersion="}
{"level":"info","ts":1768351639.6269,"logger":"fallback","caller":"service/service.go:136","msg":"Service reconciler calling PropagateRouteStatus() because Generation == ObservedGeneration"}
{"level":"info","ts":"2026-01-13T16:47:19-08:00","logger":"ServiceReconciler.reconcile","msg":"reconcile completed","key":"default/demo","reconciler":"knative.dev.serving.pkg.reconciler.service.Reconciler","requeue":false,"requeueAfter":0}
{"level":"info","ts":"2026-01-13T16:47:19-08:00","logger":"tracecheck","msg":"Taking reconcile step","Depth":56,"# Distinct States":57,"Total States":57,"Resource States":31}
{"level":"info","ts":"2026-01-13T16:47:19-08:00","logger":"tracecheck","msg":"Taking reconcile step","Depth":57,"# Distinct States":58,"Total States":58,"Resource States":31}
{"level":"info","ts":"2026-01-13T16:47:19-08:00","logger":"RevisionReconciler.seed","msg":"added podscalable to informer","resource":"deployments","namespace":"default","name":"kamera-test-deployment","stage":"podscalable-add","keys":["default/kamera-test-deployment"]}
{"level":"info","ts":"2026-01-13T16:47:19-08:00","logger":"RevisionReconciler.seed","msg":"podscalable visible to lister","resource":"deployments","namespace":"default","name":"kamera-test-deployment","stage":"podscalable-lister","object":{"apiVersion":"autoscaling.internal.knative.dev/v1alpha1","kind":"PodScalable","namespace":"default","name":"kamera-test-deployment"}}
{"level":"error","ts":1768351639.7441611,"logger":"fallback","caller":"revision/controller.go:116","msg":"Failed to create resolver transport","error":"open /var/run/secrets/kubernetes.io/serviceaccount/ca.crt: no such file or directory","stacktrace":"knative.dev/serving/pkg/reconciler/revision.newControllerWithOptions\n\t/Users/tgoodwin/tmp/gomodcache/knative.dev/serving@v0.46.5/pkg/reconciler/revision/controller.go:116\nknative.dev/serving/pkg/reconciler/revision.NewController\n\t/Users/tgoodwin/tmp/gomodcache/knative.dev/serving@v0.46.5/pkg/reconciler/revision/controller.go:64\nmain.configureKnativeExplorer.func1.1\n\t/Users/tgoodwin/projects/kamera/examples/knative-serving/scenario.go:91\ngithub.com/tgoodwin/kamera/examples/knative-serving/knative.NewKnativeStrategy.func1\n\t/Users/tgoodwin/projects/kamera/examples/knative-serving/knative/harness.go:555\ngithub.com/tgoodwin/kamera/examples/knative-serving/knative.(*KnativeStrategy).ReconcileAtState\n\t/Users/tgoodwin/projects/kamera/examples/knative-serving/knative/harness.go:895\ngithub.com/tgoodwin/kamera/pkg/tracecheck.(*ReconcilerContainer).doReconcile\n\t/Users/tgoodwin/projects/kamera/pkg/tracecheck/reconciler.go:164\ngithub.com/tgoodwin/kamera/pkg/tracecheck.(*Explorer).reconcileAtState\n\t/Users/tgoodwin/projects/kamera/pkg/tracecheck/explore.go:1313\ngithub.com/tgoodwin/kamera/pkg/tracecheck.(*Explorer).takeReconcileStep\n\t/Users/tgoodwin/projects/kamera/pkg/tracecheck/explore.go:1228\ngithub.com/tgoodwin/kamera/pkg/tracecheck.(*Explorer).explore\n\t/Users/tgoodwin/projects/kamera/pkg/tracecheck/explore.go:790\ngithub.com/tgoodwin/kamera/pkg/tracecheck.(*Explorer).Explore.func1\n\t/Users/tgoodwin/projects/kamera/pkg/tracecheck/explore.go:330"}
{"level":"info","ts":1768351639.744683,"logger":"fallback","caller":"revision/reconcile_resources.go:161","msg":"Reconciling PA: kamera-test"}
{"level":"info","ts":"2026-01-13T16:47:19-08:00","logger":"RevisionReconciler.reconcile","msg":"reconcile completed","key":"default/kamera-test","reconciler":"knative.dev.serving.pkg.reconciler.revision.Reconciler","requeue":false,"requeueAfter":0}
{"level":"info","ts":"2026-01-13T16:47:19-08:00","logger":"tracecheck","msg":"Taking reconcile step","Depth":58,"# Distinct States":59,"Total States":59,"Resource States":31}
{"level":"info","ts":"2026-01-13T16:47:19-08:00","logger":"tracecheck","msg":"Updated Deployment status","Depth":58,"# Distinct States":59,"Total States":59,"Resource States":31,"name":"kamera-test-deployment"}
{"level":"info","ts":"2026-01-13T16:47:19-08:00","logger":"tracecheck","msg":"Taking reconcile step","Depth":59,"# Distinct States":60,"Total States":60,"Resource States":32}
{"level":"info","ts":"2026-01-13T16:47:19-08:00","logger":"KPAReconciler.seed","msg":"added podscalable to informer","resource":"deployments","namespace":"default","name":"kamera-test-deployment","stage":"podscalable-add","keys":["default/kamera-test-deployment"]}
{"level":"info","ts":"2026-01-13T16:47:19-08:00","logger":"KPAReconciler.seed","msg":"podscalable visible to lister","resource":"deployments","namespace":"default","name":"kamera-test-deployment","stage":"podscalable-lister","object":{"apiVersion":"autoscaling.internal.knative.dev/v1alpha1","kind":"PodScalable","namespace":"default","name":"kamera-test-deployment"}}
{"level":"info","ts":1768351639.867342,"logger":"fallback","caller":"kpa/controller.go:77","msg":"Setting up ConfigMap receivers"}
{"level":"info","ts":1768351639.867502,"logger":"fallback","caller":"kpa/controller.go:91","msg":"Setting up KPA-Class event handlers"}
{"level":"info","ts":1768351639.867669,"logger":"fallback","caller":"kpa/kpa.go:158","msg":"SKS should be in Proxy mode: want = 0, ebc = 0, #act's = 2 PA Inactive? = true"}
{"level":"info","ts":1768351639.8677042,"logger":"fallback","caller":"kpa/kpa.go:178","msg":"PA scale got=1, want=0, desiredPods=0 ebc=0"}
{"level":"info","ts":1768351639.86772,"logger":"fallback","caller":"kpa/kpa.go:188","msg":"Observed pod counts=kpa.podCounts{want:0, ready:1, notReady:0, pending:0, terminating:0}"}
{"level":"info","ts":"2026-01-13T16:47:19-08:00","logger":"KPAReconciler.reconcile","msg":"reconcile completed","key":"default/kamera-test","reconciler":"knative.dev.serving.pkg.reconciler.autoscaling.kpa.Reconciler","requeue":false,"requeueAfter":0}
{"level":"info","ts":"2026-01-13T16:47:19-08:00","logger":"tracecheck","msg":"Taking reconcile step","Depth":60,"# Distinct States":61,"Total States":61,"Resource States":32}
{"level":"info","ts":"2026-01-13T16:47:19-08:00","logger":"tracecheck","msg":"Taking reconcile step","Depth":61,"# Distinct States":62,"Total States":62,"Resource States":32}
{"level":"info","ts":"2026-01-13T16:47:19-08:00","logger":"tracecheck","msg":"Taking reconcile step","Depth":62,"# Distinct States":63,"Total States":63,"Resource States":33}
{"level":"info","ts":"2026-01-13T16:47:19-08:00","logger":"RouteReconciler.seed","msg":"added podscalable to informer","resource":"deployments","namespace":"default","name":"kamera-test-deployment","stage":"podscalable-add","keys":["default/kamera-test-deployment"]}
{"level":"info","ts":"2026-01-13T16:47:19-08:00","logger":"RouteReconciler.seed","msg":"podscalable visible to lister","resource":"deployments","namespace":"default","name":"kamera-test-deployment","stage":"podscalable-lister","object":{"apiVersion":"autoscaling.internal.knative.dev/v1alpha1","kind":"PodScalable","namespace":"default","name":"kamera-test-deployment"}}
{"level":"info","ts":1768351639.9875891,"logger":"fallback","caller":"route/route.go:465","msg":"Revision default/kamera-test is inactive"}
{"level":"info","ts":1768351639.987633,"logger":"fallback","caller":"route/route.go:487","msg":"All referred targets are routable, marking AllTrafficAssigned with traffic information."}
{"level":"info","ts":1768351639.987665,"logger":"fallback","caller":"route/route.go:140","msg":"Creating placeholder k8s services"}
{"level":"info","ts":1768351639.987801,"logger":"fallback","caller":"route/route.go:176","msg":"Updating placeholder k8s services with ingress information"}
{"level":"info","ts":1768351639.9880939,"logger":"fallback","caller":"route/route.go:198","msg":"Route successfully synced"}
{"level":"info","ts":"2026-01-13T16:47:19-08:00","logger":"RouteReconciler.reconcile","msg":"reconcile completed","key":"default/demo","reconciler":"knative.dev.serving.pkg.reconciler.route.Reconciler","requeue":false,"requeueAfter":0}
{"level":"info","ts":"2026-01-13T16:47:19-08:00","logger":"tracecheck","msg":"Taking reconcile step","Depth":63,"# Distinct States":64,"Total States":64,"Resource States":34}
{"level":"info","ts":"2026-01-13T16:47:19-08:00","logger":"tracecheck","msg":"Taking reconcile step","Depth":64,"# Distinct States":65,"Total States":65,"Resource States":34}
{"level":"info","ts":"2026-01-13T16:47:20-08:00","logger":"ServiceReconciler.seed","msg":"added podscalable to informer","resource":"deployments","namespace":"default","name":"kamera-test-deployment","stage":"podscalable-add","keys":["default/kamera-test-deployment"]}
{"level":"info","ts":"2026-01-13T16:47:20-08:00","logger":"ServiceReconciler.seed","msg":"podscalable visible to lister","resource":"deployments","namespace":"default","name":"kamera-test-deployment","stage":"podscalable-lister","object":{"apiVersion":"autoscaling.internal.knative.dev/v1alpha1","kind":"PodScalable","namespace":"default","name":"kamera-test-deployment"}}
{"level":"info","ts":1768351640.102179,"logger":"fallback","caller":"service/service.go:171","msg":"Service reconciler fetching Route from lister: name=demo, namespace=default"}
{"level":"info","ts":1768351640.102209,"logger":"fallback","caller":"service/service.go:174","msg":"Service reconciler got Route from lister: name=demo, Generation=1, ObservedGeneration=1, ResourceVersion="}
{"level":"info","ts":1768351640.10224,"logger":"fallback","caller":"service/service.go:126","msg":"Service reconciler checking Route: name=demo, Generation=1, ObservedGeneration=1, Ready=True (reason=, message=), generationMatch=true, routeResourceVersion="}
{"level":"info","ts":1768351640.10225,"logger":"fallback","caller":"service/service.go:136","msg":"Service reconciler calling PropagateRouteStatus() because Generation == ObservedGeneration"}
{"level":"info","ts":"2026-01-13T16:47:20-08:00","logger":"ServiceReconciler.reconcile","msg":"reconcile completed","key":"default/demo","reconciler":"knative.dev.serving.pkg.reconciler.service.Reconciler","requeue":false,"requeueAfter":0}
{"level":"info","ts":"2026-01-13T16:47:20-08:00","logger":"tracecheck","msg":"Taking reconcile step","Depth":65,"# Distinct States":66,"Total States":66,"Resource States":35}
{"level":"info","ts":"2026-01-13T16:47:20-08:00","logger":"tracecheck","msg":"Taking reconcile step","Depth":66,"# Distinct States":67,"Total States":67,"Resource States":35}
{"level":"info","ts":"2026-01-13T16:47:20-08:00","logger":"tracecheck","msg":"Deleting pods","Depth":66,"# Distinct States":67,"Total States":67,"Resource States":35,"count":1}
{"level":"info","ts":"2026-01-13T16:47:20-08:00","logger":"tracecheck","msg":"Taking reconcile step","Depth":67,"# Distinct States":68,"Total States":68,"Resource States":36}
{"level":"info","ts":"2026-01-13T16:47:20-08:00","logger":"tracecheck","msg":"Taking reconcile step","Depth":68,"# Distinct States":69,"Total States":69,"Resource States":36}
{"level":"info","ts":"2026-01-13T16:47:20-08:00","logger":"RevisionReconciler.seed","msg":"added podscalable to informer","resource":"deployments","namespace":"default","name":"kamera-test-deployment","stage":"podscalable-add","keys":["default/kamera-test-deployment"]}
{"level":"info","ts":"2026-01-13T16:47:20-08:00","logger":"RevisionReconciler.seed","msg":"podscalable visible to lister","resource":"deployments","namespace":"default","name":"kamera-test-deployment","stage":"podscalable-lister","object":{"apiVersion":"autoscaling.internal.knative.dev/v1alpha1","kind":"PodScalable","namespace":"default","name":"kamera-test-deployment"}}
{"level":"error","ts":1768351640.222188,"logger":"fallback","caller":"revision/controller.go:116","msg":"Failed to create resolver transport","error":"open /var/run/secrets/kubernetes.io/serviceaccount/ca.crt: no such file or directory","stacktrace":"knative.dev/serving/pkg/reconciler/revision.newControllerWithOptions\n\t/Users/tgoodwin/tmp/gomodcache/knative.dev/serving@v0.46.5/pkg/reconciler/revision/controller.go:116\nknative.dev/serving/pkg/reconciler/revision.NewController\n\t/Users/tgoodwin/tmp/gomodcache/knative.dev/serving@v0.46.5/pkg/reconciler/revision/controller.go:64\nmain.configureKnativeExplorer.func1.1\n\t/Users/tgoodwin/projects/kamera/examples/knative-serving/scenario.go:91\ngithub.com/tgoodwin/kamera/examples/knative-serving/knative.NewKnativeStrategy.func1\n\t/Users/tgoodwin/projects/kamera/examples/knative-serving/knative/harness.go:555\ngithub.com/tgoodwin/kamera/examples/knative-serving/knative.(*KnativeStrategy).ReconcileAtState\n\t/Users/tgoodwin/projects/kamera/examples/knative-serving/knative/harness.go:895\ngithub.com/tgoodwin/kamera/pkg/tracecheck.(*ReconcilerContainer).doReconcile\n\t/Users/tgoodwin/projects/kamera/pkg/tracecheck/reconciler.go:164\ngithub.com/tgoodwin/kamera/pkg/tracecheck.(*Explorer).reconcileAtState\n\t/Users/tgoodwin/projects/kamera/pkg/tracecheck/explore.go:1313\ngithub.com/tgoodwin/kamera/pkg/tracecheck.(*Explorer).takeReconcileStep\n\t/Users/tgoodwin/projects/kamera/pkg/tracecheck/explore.go:1228\ngithub.com/tgoodwin/kamera/pkg/tracecheck.(*Explorer).explore\n\t/Users/tgoodwin/projects/kamera/pkg/tracecheck/explore.go:790\ngithub.com/tgoodwin/kamera/pkg/tracecheck.(*Explorer).Explore.func1\n\t/Users/tgoodwin/projects/kamera/pkg/tracecheck/explore.go:330"}
{"level":"info","ts":1768351640.222581,"logger":"fallback","caller":"revision/reconcile_resources.go:161","msg":"Reconciling PA: kamera-test"}
{"level":"info","ts":"2026-01-13T16:47:20-08:00","logger":"RevisionReconciler.reconcile","msg":"reconcile completed","key":"default/kamera-test","reconciler":"knative.dev.serving.pkg.reconciler.revision.Reconciler","requeue":false,"requeueAfter":0}
{"level":"info","ts":"2026-01-13T16:47:20-08:00","logger":"tracecheck","msg":"Taking reconcile step","Depth":69,"# Distinct States":70,"Total States":70,"Resource States":36}
{"level":"info","ts":"2026-01-13T16:47:20-08:00","logger":"KPAReconciler.seed","msg":"added podscalable to informer","resource":"deployments","namespace":"default","name":"kamera-test-deployment","stage":"podscalable-add","keys":["default/kamera-test-deployment"]}
{"level":"info","ts":"2026-01-13T16:47:20-08:00","logger":"KPAReconciler.seed","msg":"podscalable visible to lister","resource":"deployments","namespace":"default","name":"kamera-test-deployment","stage":"podscalable-lister","object":{"apiVersion":"autoscaling.internal.knative.dev/v1alpha1","kind":"PodScalable","namespace":"default","name":"kamera-test-deployment"}}
{"level":"info","ts":1768351640.330899,"logger":"fallback","caller":"kpa/controller.go:77","msg":"Setting up ConfigMap receivers"}
{"level":"info","ts":1768351640.331059,"logger":"fallback","caller":"kpa/controller.go:91","msg":"Setting up KPA-Class event handlers"}
{"level":"info","ts":1768351640.3312519,"logger":"fallback","caller":"kpa/kpa.go:158","msg":"SKS should be in Proxy mode: want = 0, ebc = 0, #act's = 2 PA Inactive? = true"}
{"level":"info","ts":1768351640.331291,"logger":"fallback","caller":"kpa/kpa.go:178","msg":"PA scale got=0, want=0, desiredPods=0 ebc=0"}
{"level":"info","ts":1768351640.331307,"logger":"fallback","caller":"kpa/kpa.go:188","msg":"Observed pod counts=kpa.podCounts{want:0, ready:0, notReady:1, pending:0, terminating:1}"}
{"level":"info","ts":"2026-01-13T16:47:20-08:00","logger":"KPAReconciler.reconcile","msg":"reconcile completed","key":"default/kamera-test","reconciler":"knative.dev.serving.pkg.reconciler.autoscaling.kpa.Reconciler","requeue":false,"requeueAfter":0}
{"level":"info","ts":"2026-01-13T16:47:20-08:00","logger":"tracecheck","msg":"Taking reconcile step","Depth":70,"# Distinct States":71,"Total States":71,"Resource States":37}
{"level":"info","ts":"2026-01-13T16:47:20-08:00","logger":"tracecheck","msg":"Taking reconcile step","Depth":71,"# Distinct States":72,"Total States":72,"Resource States":37}
{"level":"info","ts":"2026-01-13T16:47:20-08:00","logger":"tracecheck","msg":"Taking reconcile step","Depth":72,"# Distinct States":73,"Total States":73,"Resource States":37}
{"level":"info","ts":"2026-01-13T16:47:20-08:00","logger":"RouteReconciler.seed","msg":"added podscalable to informer","resource":"deployments","namespace":"default","name":"kamera-test-deployment","stage":"podscalable-add","keys":["default/kamera-test-deployment"]}
{"level":"info","ts":"2026-01-13T16:47:20-08:00","logger":"RouteReconciler.seed","msg":"podscalable visible to lister","resource":"deployments","namespace":"default","name":"kamera-test-deployment","stage":"podscalable-lister","object":{"apiVersion":"autoscaling.internal.knative.dev/v1alpha1","kind":"PodScalable","namespace":"default","name":"kamera-test-deployment"}}
{"level":"info","ts":1768351640.452047,"logger":"fallback","caller":"route/route.go:465","msg":"Revision default/kamera-test is inactive"}
{"level":"info","ts":1768351640.452086,"logger":"fallback","caller":"route/route.go:487","msg":"All referred targets are routable, marking AllTrafficAssigned with traffic information."}
{"level":"info","ts":1768351640.452115,"logger":"fallback","caller":"route/route.go:140","msg":"Creating placeholder k8s services"}
{"level":"info","ts":1768351640.452532,"logger":"fallback","caller":"route/route.go:176","msg":"Updating placeholder k8s services with ingress information"}
{"level":"info","ts":1768351640.4526,"logger":"fallback","caller":"route/route.go:198","msg":"Route successfully synced"}
{"level":"info","ts":"2026-01-13T16:47:20-08:00","logger":"RouteReconciler.reconcile","msg":"reconcile completed","key":"default/demo","reconciler":"knative.dev.serving.pkg.reconciler.route.Reconciler","requeue":false,"requeueAfter":0}
{"level":"info","ts":"2026-01-13T16:47:20-08:00","logger":"tracecheck","msg":"Taking reconcile step","Depth":73,"# Distinct States":74,"Total States":74,"Resource States":37}
{"level":"info","ts":"2026-01-13T16:47:20-08:00","logger":"ServiceReconciler.seed","msg":"added podscalable to informer","resource":"deployments","namespace":"default","name":"kamera-test-deployment","stage":"podscalable-add","keys":["default/kamera-test-deployment"]}
{"level":"info","ts":"2026-01-13T16:47:20-08:00","logger":"ServiceReconciler.seed","msg":"podscalable visible to lister","resource":"deployments","namespace":"default","name":"kamera-test-deployment","stage":"podscalable-lister","object":{"apiVersion":"autoscaling.internal.knative.dev/v1alpha1","kind":"PodScalable","namespace":"default","name":"kamera-test-deployment"}}
{"level":"info","ts":1768351640.56113,"logger":"fallback","caller":"service/service.go:171","msg":"Service reconciler fetching Route from lister: name=demo, namespace=default"}
{"level":"info","ts":1768351640.561166,"logger":"fallback","caller":"service/service.go:174","msg":"Service reconciler got Route from lister: name=demo, Generation=1, ObservedGeneration=1, ResourceVersion="}
{"level":"info","ts":1768351640.561228,"logger":"fallback","caller":"service/service.go:126","msg":"Service reconciler checking Route: name=demo, Generation=1, ObservedGeneration=1, Ready=True (reason=, message=), generationMatch=true, routeResourceVersion="}
{"level":"info","ts":1768351640.5612469,"logger":"fallback","caller":"service/service.go:136","msg":"Service reconciler calling PropagateRouteStatus() because Generation == ObservedGeneration"}
{"level":"info","ts":"2026-01-13T16:47:20-08:00","logger":"ServiceReconciler.reconcile","msg":"reconcile completed","key":"default/demo","reconciler":"knative.dev.serving.pkg.reconciler.service.Reconciler","requeue":false,"requeueAfter":0}
{"level":"info","ts":"2026-01-13T16:47:20-08:00","logger":"tracecheck","msg":"Taking reconcile step","Depth":74,"# Distinct States":75,"Total States":75,"Resource States":37}
{"level":"error","ts":"2026-01-13T16:47:20-08:00","logger":"tracegen","msg":"setting root context","Kind":"/v1, Kind=Pod","Name":"kamera-test-deployment-1488584584-0","NewRootID":"","labels":{"app":"kamera-test","discrete.events/sleeve-object-id":"37jmqvjn","pod-template-hash":"1488584584","serving.knative.dev/configuration":"demo","serving.knative.dev/configurationGeneration":"1","serving.knative.dev/revision":"kamera-test","serving.knative.dev/revisionUID":"","serving.knative.dev/service":"demo"},"error":"no root ID set on object - is this namespace handled by the sleeve webhook?","stacktrace":"github.com/tgoodwin/kamera/pkg/tracegen.(*ContextTracker).setRootContextFromObservation\n\t/Users/tgoodwin/projects/kamera/pkg/tracegen/context.go:153\ngithub.com/tgoodwin/kamera/pkg/tracegen.(*ContextTracker).TrackOperation\n\t/Users/tgoodwin/projects/kamera/pkg/tracegen/context.go:197\ngithub.com/tgoodwin/kamera/pkg/tracegen.(*Client).Get\n\t/Users/tgoodwin/projects/kamera/pkg/tracegen/client.go:177\ngithub.com/tgoodwin/kamera/sleevectrl/pkg/controller.(*FinalizerReconciler).Reconcile\n\t/Users/tgoodwin/projects/kamera/sleevectrl/pkg/controller/sleeve_finalizer_controller.go:41\ngithub.com/tgoodwin/kamera/pkg/tracecheck.(*ControllerRuntimeStrategy).ReconcileAtState\n\t/Users/tgoodwin/projects/kamera/pkg/tracecheck/reconciler.go:82\ngithub.com/tgoodwin/kamera/pkg/tracecheck.(*ReconcilerContainer).doReconcile\n\t/Users/tgoodwin/projects/kamera/pkg/tracecheck/reconciler.go:164\ngithub.com/tgoodwin/kamera/pkg/tracecheck.(*Explorer).reconcileAtState\n\t/Users/tgoodwin/projects/kamera/pkg/tracecheck/explore.go:1313\ngithub.com/tgoodwin/kamera/pkg/tracecheck.(*Explorer).takeReconcileStep\n\t/Users/tgoodwin/projects/kamera/pkg/tracecheck/explore.go:1228\ngithub.com/tgoodwin/kamera/pkg/tracecheck.(*Explorer).explore\n\t/Users/tgoodwin/projects/kamera/pkg/tracecheck/explore.go:790\ngithub.com/tgoodwin/kamera/pkg/tracecheck.(*Explorer).Explore.func1\n\t/Users/tgoodwin/projects/kamera/pkg/tracecheck/explore.go:330"}
{"level":"error","ts":"2026-01-13T16:47:20-08:00","logger":"tracegen","msg":"rootID is empty","Kind":"/v1, Kind=Pod","Name":"kamera-test-deployment-1488584584-0","NewRootID":"","stacktrace":"github.com/tgoodwin/kamera/pkg/tracegen.(*ContextTracker).setRootContextFromObservation\n\t/Users/tgoodwin/projects/kamera/pkg/tracegen/context.go:157\ngithub.com/tgoodwin/kamera/pkg/tracegen.(*ContextTracker).TrackOperation\n\t/Users/tgoodwin/projects/kamera/pkg/tracegen/context.go:197\ngithub.com/tgoodwin/kamera/pkg/tracegen.(*Client).Get\n\t/Users/tgoodwin/projects/kamera/pkg/tracegen/client.go:177\ngithub.com/tgoodwin/kamera/sleevectrl/pkg/controller.(*FinalizerReconciler).Reconcile\n\t/Users/tgoodwin/projects/kamera/sleevectrl/pkg/controller/sleeve_finalizer_controller.go:41\ngithub.com/tgoodwin/kamera/pkg/tracecheck.(*ControllerRuntimeStrategy).ReconcileAtState\n\t/Users/tgoodwin/projects/kamera/pkg/tracecheck/reconciler.go:82\ngithub.com/tgoodwin/kamera/pkg/tracecheck.(*ReconcilerContainer).doReconcile\n\t/Users/tgoodwin/projects/kamera/pkg/tracecheck/reconciler.go:164\ngithub.com/tgoodwin/kamera/pkg/tracecheck.(*Explorer).reconcileAtState\n\t/Users/tgoodwin/projects/kamera/pkg/tracecheck/explore.go:1313\ngithub.com/tgoodwin/kamera/pkg/tracecheck.(*Explorer).takeReconcileStep\n\t/Users/tgoodwin/projects/kamera/pkg/tracecheck/explore.go:1228\ngithub.com/tgoodwin/kamera/pkg/tracecheck.(*Explorer).explore\n\t/Users/tgoodwin/projects/kamera/pkg/tracecheck/explore.go:790\ngithub.com/tgoodwin/kamera/pkg/tracecheck.(*Explorer).Explore.func1\n\t/Users/tgoodwin/projects/kamera/pkg/tracecheck/explore.go:330"}
{"level":"error","ts":"2026-01-13T16:47:20-08:00","logger":"tracegen","msg":"creating event","error":"failed to get change ID: Event does not have a change ID","stacktrace":"github.com/tgoodwin/kamera/pkg/tracegen.(*Client).LogOperation\n\t/Users/tgoodwin/projects/kamera/pkg/tracegen/client.go:106\ngithub.com/tgoodwin/kamera/pkg/tracegen.(*Client).Get\n\t/Users/tgoodwin/projects/kamera/pkg/tracegen/client.go:178\ngithub.com/tgoodwin/kamera/sleevectrl/pkg/controller.(*FinalizerReconciler).Reconcile\n\t/Users/tgoodwin/projects/kamera/sleevectrl/pkg/controller/sleeve_finalizer_controller.go:41\ngithub.com/tgoodwin/kamera/pkg/tracecheck.(*ControllerRuntimeStrategy).ReconcileAtState\n\t/Users/tgoodwin/projects/kamera/pkg/tracecheck/reconciler.go:82\ngithub.com/tgoodwin/kamera/pkg/tracecheck.(*ReconcilerContainer).doReconcile\n\t/Users/tgoodwin/projects/kamera/pkg/tracecheck/reconciler.go:164\ngithub.com/tgoodwin/kamera/pkg/tracecheck.(*Explorer).reconcileAtState\n\t/Users/tgoodwin/projects/kamera/pkg/tracecheck/explore.go:1313\ngithub.com/tgoodwin/kamera/pkg/tracecheck.(*Explorer).takeReconcileStep\n\t/Users/tgoodwin/projects/kamera/pkg/tracecheck/explore.go:1228\ngithub.com/tgoodwin/kamera/pkg/tracecheck.(*Explorer).explore\n\t/Users/tgoodwin/projects/kamera/pkg/tracecheck/explore.go:790\ngithub.com/tgoodwin/kamera/pkg/tracecheck.(*Explorer).Explore.func1\n\t/Users/tgoodwin/projects/kamera/pkg/tracecheck/explore.go:330"}
{"level":"error","ts":"2026-01-13T16:47:20-08:00","logger":"tracegen","msg":"creating event","error":"failed to get change ID: Event does not have a change ID","stacktrace":"github.com/tgoodwin/kamera/pkg/tracegen.(*Client).LogOperation\n\t/Users/tgoodwin/projects/kamera/pkg/tracegen/client.go:106\ngithub.com/tgoodwin/kamera/sleevectrl/pkg/controller.(*FinalizerReconciler).Reconcile\n\t/Users/tgoodwin/projects/kamera/sleevectrl/pkg/controller/sleeve_finalizer_controller.go:69\ngithub.com/tgoodwin/kamera/pkg/tracecheck.(*ControllerRuntimeStrategy).ReconcileAtState\n\t/Users/tgoodwin/projects/kamera/pkg/tracecheck/reconciler.go:82\ngithub.com/tgoodwin/kamera/pkg/tracecheck.(*ReconcilerContainer).doReconcile\n\t/Users/tgoodwin/projects/kamera/pkg/tracecheck/reconciler.go:164\ngithub.com/tgoodwin/kamera/pkg/tracecheck.(*Explorer).reconcileAtState\n\t/Users/tgoodwin/projects/kamera/pkg/tracecheck/explore.go:1313\ngithub.com/tgoodwin/kamera/pkg/tracecheck.(*Explorer).takeReconcileStep\n\t/Users/tgoodwin/projects/kamera/pkg/tracecheck/explore.go:1228\ngithub.com/tgoodwin/kamera/pkg/tracecheck.(*Explorer).explore\n\t/Users/tgoodwin/projects/kamera/pkg/tracecheck/explore.go:790\ngithub.com/tgoodwin/kamera/pkg/tracecheck.(*Explorer).Explore.func1\n\t/Users/tgoodwin/projects/kamera/pkg/tracecheck/explore.go:330"}
{"level":"info","ts":"2026-01-13T16:47:20-08:00","logger":"tracecheck","msg":"Taking reconcile step","Depth":75,"# Distinct States":76,"Total States":76,"Resource States":38}
{"level":"info","ts":"2026-01-13T16:47:20-08:00","logger":"tracecheck","msg":"Taking reconcile step","Depth":76,"# Distinct States":77,"Total States":77,"Resource States":38}
{"level":"info","ts":"2026-01-13T16:47:20-08:00","logger":"tracecheck","msg":"Updated ReplicaSet status","Depth":76,"# Distinct States":77,"Total States":77,"Resource States":38,"name":"kamera-test-deployment-1488584584"}
{"level":"info","ts":"2026-01-13T16:47:20-08:00","logger":"tracecheck","msg":"Taking reconcile step","Depth":77,"# Distinct States":78,"Total States":78,"Resource States":39}
{"level":"info","ts":"2026-01-13T16:47:20-08:00","logger":"KPAReconciler.seed","msg":"added podscalable to informer","resource":"deployments","namespace":"default","name":"kamera-test-deployment","stage":"podscalable-add","keys":["default/kamera-test-deployment"]}
{"level":"info","ts":"2026-01-13T16:47:20-08:00","logger":"KPAReconciler.seed","msg":"podscalable visible to lister","resource":"deployments","namespace":"default","name":"kamera-test-deployment","stage":"podscalable-lister","object":{"apiVersion":"autoscaling.internal.knative.dev/v1alpha1","kind":"PodScalable","namespace":"default","name":"kamera-test-deployment"}}
{"level":"info","ts":1768351640.6852942,"logger":"fallback","caller":"kpa/controller.go:77","msg":"Setting up ConfigMap receivers"}
{"level":"info","ts":1768351640.68544,"logger":"fallback","caller":"kpa/controller.go:91","msg":"Setting up KPA-Class event handlers"}
{"level":"info","ts":1768351640.685663,"logger":"fallback","caller":"kpa/kpa.go:158","msg":"SKS should be in Proxy mode: want = 0, ebc = 0, #act's = 2 PA Inactive? = true"}
{"level":"info","ts":1768351640.685696,"logger":"fallback","caller":"kpa/kpa.go:178","msg":"PA scale got=0, want=0, desiredPods=0 ebc=0"}
{"level":"info","ts":1768351640.6857102,"logger":"fallback","caller":"kpa/kpa.go:188","msg":"Observed pod counts=kpa.podCounts{want:0, ready:0, notReady:0, pending:0, terminating:0}"}
{"level":"info","ts":"2026-01-13T16:47:20-08:00","logger":"KPAReconciler.reconcile","msg":"reconcile completed","key":"default/kamera-test","reconciler":"knative.dev.serving.pkg.reconciler.autoscaling.kpa.Reconciler","requeue":false,"requeueAfter":0}
{"level":"info","ts":"2026-01-13T16:47:20-08:00","logger":"tracecheck","msg":"Taking reconcile step","Depth":78,"# Distinct States":79,"Total States":79,"Resource States":39}
{"level":"info","ts":"2026-01-13T16:47:20-08:00","logger":"tracecheck","msg":"Taking reconcile step","Depth":79,"# Distinct States":80,"Total States":80,"Resource States":39}
{"level":"info","ts":"2026-01-13T16:47:20-08:00","logger":"RevisionReconciler.seed","msg":"added podscalable to informer","resource":"deployments","namespace":"default","name":"kamera-test-deployment","stage":"podscalable-add","keys":["default/kamera-test-deployment"]}
{"level":"info","ts":"2026-01-13T16:47:20-08:00","logger":"RevisionReconciler.seed","msg":"podscalable visible to lister","resource":"deployments","namespace":"default","name":"kamera-test-deployment","stage":"podscalable-lister","object":{"apiVersion":"autoscaling.internal.knative.dev/v1alpha1","kind":"PodScalable","namespace":"default","name":"kamera-test-deployment"}}
{"level":"error","ts":1768351640.797608,"logger":"fallback","caller":"revision/controller.go:116","msg":"Failed to create resolver transport","error":"open /var/run/secrets/kubernetes.io/serviceaccount/ca.crt: no such file or directory","stacktrace":"knative.dev/serving/pkg/reconciler/revision.newControllerWithOptions\n\t/Users/tgoodwin/tmp/gomodcache/knative.dev/serving@v0.46.5/pkg/reconciler/revision/controller.go:116\nknative.dev/serving/pkg/reconciler/revision.NewController\n\t/Users/tgoodwin/tmp/gomodcache/knative.dev/serving@v0.46.5/pkg/reconciler/revision/controller.go:64\nmain.configureKnativeExplorer.func1.1\n\t/Users/tgoodwin/projects/kamera/examples/knative-serving/scenario.go:91\ngithub.com/tgoodwin/kamera/examples/knative-serving/knative.NewKnativeStrategy.func1\n\t/Users/tgoodwin/projects/kamera/examples/knative-serving/knative/harness.go:555\ngithub.com/tgoodwin/kamera/examples/knative-serving/knative.(*KnativeStrategy).ReconcileAtState\n\t/Users/tgoodwin/projects/kamera/examples/knative-serving/knative/harness.go:895\ngithub.com/tgoodwin/kamera/pkg/tracecheck.(*ReconcilerContainer).doReconcile\n\t/Users/tgoodwin/projects/kamera/pkg/tracecheck/reconciler.go:164\ngithub.com/tgoodwin/kamera/pkg/tracecheck.(*Explorer).reconcileAtState\n\t/Users/tgoodwin/projects/kamera/pkg/tracecheck/explore.go:1313\ngithub.com/tgoodwin/kamera/pkg/tracecheck.(*Explorer).takeReconcileStep\n\t/Users/tgoodwin/projects/kamera/pkg/tracecheck/explore.go:1228\ngithub.com/tgoodwin/kamera/pkg/tracecheck.(*Explorer).explore\n\t/Users/tgoodwin/projects/kamera/pkg/tracecheck/explore.go:790\ngithub.com/tgoodwin/kamera/pkg/tracecheck.(*Explorer).Explore.func1\n\t/Users/tgoodwin/projects/kamera/pkg/tracecheck/explore.go:330"}
{"level":"info","ts":1768351640.798442,"logger":"fallback","caller":"revision/reconcile_resources.go:161","msg":"Reconciling PA: kamera-test"}
{"level":"info","ts":"2026-01-13T16:47:20-08:00","logger":"RevisionReconciler.reconcile","msg":"reconcile completed","key":"default/kamera-test","reconciler":"knative.dev.serving.pkg.reconciler.revision.Reconciler","requeue":false,"requeueAfter":0}
{"level":"info","ts":"2026-01-13T16:47:20-08:00","logger":"tracecheck","msg":"Taking reconcile step","Depth":80,"# Distinct States":81,"Total States":81,"Resource States":40}
{"level":"info","ts":"2026-01-13T16:47:20-08:00","logger":"tracecheck","msg":"Updated Deployment status","Depth":80,"# Distinct States":81,"Total States":81,"Resource States":40,"name":"kamera-test-deployment"}
{"level":"info","ts":"2026-01-13T16:47:20-08:00","logger":"tracecheck","msg":"Taking reconcile step","Depth":81,"# Distinct States":82,"Total States":82,"Resource States":41}
{"level":"info","ts":"2026-01-13T16:47:20-08:00","logger":"tracecheck","msg":"Taking reconcile step","Depth":82,"# Distinct States":83,"Total States":83,"Resource States":41}
{"level":"info","ts":"2026-01-13T16:47:20-08:00","logger":"KPAReconciler.seed","msg":"added podscalable to informer","resource":"deployments","namespace":"default","name":"kamera-test-deployment","stage":"podscalable-add","keys":["default/kamera-test-deployment"]}
{"level":"info","ts":"2026-01-13T16:47:20-08:00","logger":"KPAReconciler.seed","msg":"podscalable visible to lister","resource":"deployments","namespace":"default","name":"kamera-test-deployment","stage":"podscalable-lister","object":{"apiVersion":"autoscaling.internal.knative.dev/v1alpha1","kind":"PodScalable","namespace":"default","name":"kamera-test-deployment"}}
{"level":"info","ts":1768351640.9213161,"logger":"fallback","caller":"kpa/controller.go:77","msg":"Setting up ConfigMap receivers"}
{"level":"info","ts":1768351640.921449,"logger":"fallback","caller":"kpa/controller.go:91","msg":"Setting up KPA-Class event handlers"}
{"level":"info","ts":1768351640.921578,"logger":"fallback","caller":"kpa/kpa.go:158","msg":"SKS should be in Proxy mode: want = 0, ebc = 0, #act's = 2 PA Inactive? = true"}
{"level":"info","ts":1768351640.921607,"logger":"fallback","caller":"kpa/kpa.go:178","msg":"PA scale got=0, want=0, desiredPods=0 ebc=0"}
{"level":"info","ts":1768351640.921618,"logger":"fallback","caller":"kpa/kpa.go:188","msg":"Observed pod counts=kpa.podCounts{want:0, ready:0, notReady:0, pending:0, terminating:0}"}
{"level":"info","ts":"2026-01-13T16:47:20-08:00","logger":"KPAReconciler.reconcile","msg":"reconcile completed","key":"default/kamera-test","reconciler":"knative.dev.serving.pkg.reconciler.autoscaling.kpa.Reconciler","requeue":false,"requeueAfter":0}
{"level":"info","ts":"2026-01-13T16:47:20-08:00","logger":"tracecheck","msg":"Taking reconcile step","Depth":83,"# Distinct States":84,"Total States":84,"Resource States":41}
{"level":"info","ts":"2026-01-13T16:47:21-08:00","logger":"ConfigurationReconciler.seed","msg":"added podscalable to informer","resource":"deployments","namespace":"default","name":"kamera-test-deployment","stage":"podscalable-add","keys":["default/kamera-test-deployment"]}
{"level":"info","ts":"2026-01-13T16:47:21-08:00","logger":"ConfigurationReconciler.seed","msg":"podscalable visible to lister","resource":"deployments","namespace":"default","name":"kamera-test-deployment","stage":"podscalable-lister","object":{"apiVersion":"autoscaling.internal.knative.dev/v1alpha1","kind":"PodScalable","namespace":"default","name":"kamera-test-deployment"}}
{"level":"info","ts":1768351641.030006,"logger":"fallback","caller":"configuration/configuration.go:106","msg":"Revision \"kamera-test\" of configuration is ready"}
{"level":"info","ts":"2026-01-13T16:47:21-08:00","logger":"ConfigurationReconciler.reconcile","msg":"reconcile completed","key":"default/demo","reconciler":"knative.dev.serving.pkg.reconciler.configuration.Reconciler","requeue":false,"requeueAfter":0}
{"level":"info","ts":"2026-01-13T16:47:21-08:00","logger":"tracecheck","msg":"Taking reconcile step","Depth":84,"# Distinct States":85,"Total States":85,"Resource States":41}
{"level":"info","ts":"2026-01-13T16:47:21-08:00","logger":"tracecheck","msg":"Taking reconcile step","Depth":85,"# Distinct States":86,"Total States":86,"Resource States":41}
{"level":"info","ts":"2026-01-13T16:47:21-08:00","logger":"RevisionReconciler.seed","msg":"added podscalable to informer","resource":"deployments","namespace":"default","name":"kamera-test-deployment","stage":"podscalable-add","keys":["default/kamera-test-deployment"]}
{"level":"info","ts":"2026-01-13T16:47:21-08:00","logger":"RevisionReconciler.seed","msg":"podscalable visible to lister","resource":"deployments","namespace":"default","name":"kamera-test-deployment","stage":"podscalable-lister","object":{"apiVersion":"autoscaling.internal.knative.dev/v1alpha1","kind":"PodScalable","namespace":"default","name":"kamera-test-deployment"}}
{"level":"error","ts":1768351641.142207,"logger":"fallback","caller":"revision/controller.go:116","msg":"Failed to create resolver transport","error":"open /var/run/secrets/kubernetes.io/serviceaccount/ca.crt: no such file or directory","stacktrace":"knative.dev/serving/pkg/reconciler/revision.newControllerWithOptions\n\t/Users/tgoodwin/tmp/gomodcache/knative.dev/serving@v0.46.5/pkg/reconciler/revision/controller.go:116\nknative.dev/serving/pkg/reconciler/revision.NewController\n\t/Users/tgoodwin/tmp/gomodcache/knative.dev/serving@v0.46.5/pkg/reconciler/revision/controller.go:64\nmain.configureKnativeExplorer.func1.1\n\t/Users/tgoodwin/projects/kamera/examples/knative-serving/scenario.go:91\ngithub.com/tgoodwin/kamera/examples/knative-serving/knative.NewKnativeStrategy.func1\n\t/Users/tgoodwin/projects/kamera/examples/knative-serving/knative/harness.go:555\ngithub.com/tgoodwin/kamera/examples/knative-serving/knative.(*KnativeStrategy).ReconcileAtState\n\t/Users/tgoodwin/projects/kamera/examples/knative-serving/knative/harness.go:895\ngithub.com/tgoodwin/kamera/pkg/tracecheck.(*ReconcilerContainer).doReconcile\n\t/Users/tgoodwin/projects/kamera/pkg/tracecheck/reconciler.go:164\ngithub.com/tgoodwin/kamera/pkg/tracecheck.(*Explorer).reconcileAtState\n\t/Users/tgoodwin/projects/kamera/pkg/tracecheck/explore.go:1313\ngithub.com/tgoodwin/kamera/pkg/tracecheck.(*Explorer).takeReconcileStep\n\t/Users/tgoodwin/projects/kamera/pkg/tracecheck/explore.go:1228\ngithub.com/tgoodwin/kamera/pkg/tracecheck.(*Explorer).explore\n\t/Users/tgoodwin/projects/kamera/pkg/tracecheck/explore.go:790\ngithub.com/tgoodwin/kamera/pkg/tracecheck.(*Explorer).Explore.func1\n\t/Users/tgoodwin/projects/kamera/pkg/tracecheck/explore.go:330"}
{"level":"info","ts":1768351641.14269,"logger":"fallback","caller":"revision/reconcile_resources.go:161","msg":"Reconciling PA: kamera-test"}
{"level":"info","ts":"2026-01-13T16:47:21-08:00","logger":"RevisionReconciler.reconcile","msg":"reconcile completed","key":"default/kamera-test","reconciler":"knative.dev.serving.pkg.reconciler.revision.Reconciler","requeue":false,"requeueAfter":0}
{"level":"info","ts":"2026-01-13T16:47:21-08:00","logger":"tracecheck","msg":"Taking reconcile step","Depth":86,"# Distinct States":87,"Total States":87,"Resource States":41}
{"level":"info","ts":"2026-01-13T16:47:21-08:00","logger":"tracecheck","msg":"Taking reconcile step","Depth":80,"# Distinct States":89,"Total States":89,"Resource States":41}
{"level":"info","ts":"2026-01-13T16:47:21-08:00","logger":"RevisionReconciler.seed","msg":"added podscalable to informer","resource":"deployments","namespace":"default","name":"kamera-test-deployment","stage":"podscalable-add","keys":["default/kamera-test-deployment"]}
{"level":"info","ts":"2026-01-13T16:47:21-08:00","logger":"RevisionReconciler.seed","msg":"podscalable visible to lister","resource":"deployments","namespace":"default","name":"kamera-test-deployment","stage":"podscalable-lister","object":{"apiVersion":"autoscaling.internal.knative.dev/v1alpha1","kind":"PodScalable","namespace":"default","name":"kamera-test-deployment"}}
{"level":"error","ts":1768351641.2601678,"logger":"fallback","caller":"revision/controller.go:116","msg":"Failed to create resolver transport","error":"open /var/run/secrets/kubernetes.io/serviceaccount/ca.crt: no such file or directory","stacktrace":"knative.dev/serving/pkg/reconciler/revision.newControllerWithOptions\n\t/Users/tgoodwin/tmp/gomodcache/knative.dev/serving@v0.46.5/pkg/reconciler/revision/controller.go:116\nknative.dev/serving/pkg/reconciler/revision.NewController\n\t/Users/tgoodwin/tmp/gomodcache/knative.dev/serving@v0.46.5/pkg/reconciler/revision/controller.go:64\nmain.configureKnativeExplorer.func1.1\n\t/Users/tgoodwin/projects/kamera/examples/knative-serving/scenario.go:91\ngithub.com/tgoodwin/kamera/examples/knative-serving/knative.NewKnativeStrategy.func1\n\t/Users/tgoodwin/projects/kamera/examples/knative-serving/knative/harness.go:555\ngithub.com/tgoodwin/kamera/examples/knative-serving/knative.(*KnativeStrategy).ReconcileAtState\n\t/Users/tgoodwin/projects/kamera/examples/knative-serving/knative/harness.go:895\ngithub.com/tgoodwin/kamera/pkg/tracecheck.(*ReconcilerContainer).doReconcile\n\t/Users/tgoodwin/projects/kamera/pkg/tracecheck/reconciler.go:164\ngithub.com/tgoodwin/kamera/pkg/tracecheck.(*Explorer).reconcileAtState\n\t/Users/tgoodwin/projects/kamera/pkg/tracecheck/explore.go:1313\ngithub.com/tgoodwin/kamera/pkg/tracecheck.(*Explorer).takeReconcileStep\n\t/Users/tgoodwin/projects/kamera/pkg/tracecheck/explore.go:1228\ngithub.com/tgoodwin/kamera/pkg/tracecheck.(*Explorer).explore\n\t/Users/tgoodwin/projects/kamera/pkg/tracecheck/explore.go:790\ngithub.com/tgoodwin/kamera/pkg/tracecheck.(*Explorer).Explore.func1\n\t/Users/tgoodwin/projects/kamera/pkg/tracecheck/explore.go:330"}
{"level":"info","ts":1768351641.260905,"logger":"fallback","caller":"revision/reconcile_resources.go:161","msg":"Reconciling PA: kamera-test"}
{"level":"info","ts":"2026-01-13T16:47:21-08:00","logger":"RevisionReconciler.reconcile","msg":"reconcile completed","key":"default/kamera-test","reconciler":"knative.dev.serving.pkg.reconciler.revision.Reconciler","requeue":false,"requeueAfter":0}
{"level":"info","ts":"2026-01-13T16:47:21-08:00","logger":"tracecheck","msg":"Taking reconcile step","Depth":81,"# Distinct States":90,"Total States":90,"Resource States":41}
{"level":"info","ts":"2026-01-13T16:47:21-08:00","logger":"tracecheck","msg":"Updated Deployment status","Depth":81,"# Distinct States":90,"Total States":90,"Resource States":41,"name":"kamera-test-deployment"}
{"level":"info","ts":"2026-01-13T16:47:21-08:00","logger":"tracecheck","msg":"Taking reconcile step","Depth":70,"# Distinct States":91,"Total States":91,"Resource States":41}
{"level":"info","ts":"2026-01-13T16:47:21-08:00","logger":"RevisionReconciler.seed","msg":"added podscalable to informer","resource":"deployments","namespace":"default","name":"kamera-test-deployment","stage":"podscalable-add","keys":["default/kamera-test-deployment"]}
{"level":"info","ts":"2026-01-13T16:47:21-08:00","logger":"RevisionReconciler.seed","msg":"podscalable visible to lister","resource":"deployments","namespace":"default","name":"kamera-test-deployment","stage":"podscalable-lister","object":{"apiVersion":"autoscaling.internal.knative.dev/v1alpha1","kind":"PodScalable","namespace":"default","name":"kamera-test-deployment"}}
{"level":"error","ts":1768351641.3791711,"logger":"fallback","caller":"revision/controller.go:116","msg":"Failed to create resolver transport","error":"open /var/run/secrets/kubernetes.io/serviceaccount/ca.crt: no such file or directory","stacktrace":"knative.dev/serving/pkg/reconciler/revision.newControllerWithOptions\n\t/Users/tgoodwin/tmp/gomodcache/knative.dev/serving@v0.46.5/pkg/reconciler/revision/controller.go:116\nknative.dev/serving/pkg/reconciler/revision.NewController\n\t/Users/tgoodwin/tmp/gomodcache/knative.dev/serving@v0.46.5/pkg/reconciler/revision/controller.go:64\nmain.configureKnativeExplorer.func1.1\n\t/Users/tgoodwin/projects/kamera/examples/knative-serving/scenario.go:91\ngithub.com/tgoodwin/kamera/examples/knative-serving/knative.NewKnativeStrategy.func1\n\t/Users/tgoodwin/projects/kamera/examples/knative-serving/knative/harness.go:555\ngithub.com/tgoodwin/kamera/examples/knative-serving/knative.(*KnativeStrategy).ReconcileAtState\n\t/Users/tgoodwin/projects/kamera/examples/knative-serving/knative/harness.go:895\ngithub.com/tgoodwin/kamera/pkg/tracecheck.(*ReconcilerContainer).doReconcile\n\t/Users/tgoodwin/projects/kamera/pkg/tracecheck/reconciler.go:164\ngithub.com/tgoodwin/kamera/pkg/tracecheck.(*Explorer).reconcileAtState\n\t/Users/tgoodwin/projects/kamera/pkg/tracecheck/explore.go:1313\ngithub.com/tgoodwin/kamera/pkg/tracecheck.(*Explorer).takeReconcileStep\n\t/Users/tgoodwin/projects/kamera/pkg/tracecheck/explore.go:1228\ngithub.com/tgoodwin/kamera/pkg/tracecheck.(*Explorer).explore\n\t/Users/tgoodwin/projects/kamera/pkg/tracecheck/explore.go:790\ngithub.com/tgoodwin/kamera/pkg/tracecheck.(*Explorer).Explore.func1\n\t/Users/tgoodwin/projects/kamera/pkg/tracecheck/explore.go:330"}
{"level":"info","ts":1768351641.379765,"logger":"fallback","caller":"revision/reconcile_resources.go:161","msg":"Reconciling PA: kamera-test"}
{"level":"info","ts":"2026-01-13T16:47:21-08:00","logger":"RevisionReconciler.reconcile","msg":"reconcile completed","key":"default/kamera-test","reconciler":"knative.dev.serving.pkg.reconciler.revision.Reconciler","requeue":false,"requeueAfter":0}
{"level":"info","ts":"2026-01-13T16:47:21-08:00","logger":"tracecheck","msg":"Taking reconcile step","Depth":71,"# Distinct States":92,"Total States":92,"Resource States":42}
{"level":"info","ts":"2026-01-13T16:47:21-08:00","logger":"tracecheck","msg":"Taking reconcile step","Depth":72,"# Distinct States":93,"Total States":93,"Resource States":42}
{"level":"info","ts":"2026-01-13T16:47:21-08:00","logger":"tracecheck","msg":"Taking reconcile step","Depth":73,"# Distinct States":94,"Total States":94,"Resource States":42}
{"level":"info","ts":"2026-01-13T16:47:21-08:00","logger":"RouteReconciler.seed","msg":"added podscalable to informer","resource":"deployments","namespace":"default","name":"kamera-test-deployment","stage":"podscalable-add","keys":["default/kamera-test-deployment"]}
{"level":"info","ts":"2026-01-13T16:47:21-08:00","logger":"RouteReconciler.seed","msg":"podscalable visible to lister","resource":"deployments","namespace":"default","name":"kamera-test-deployment","stage":"podscalable-lister","object":{"apiVersion":"autoscaling.internal.knative.dev/v1alpha1","kind":"PodScalable","namespace":"default","name":"kamera-test-deployment"}}
{"level":"info","ts":1768351641.494949,"logger":"fallback","caller":"route/route.go:465","msg":"Revision default/kamera-test is inactive"}
{"level":"info","ts":1768351641.4950001,"logger":"fallback","caller":"route/route.go:487","msg":"All referred targets are routable, marking AllTrafficAssigned with traffic information."}
{"level":"info","ts":1768351641.495031,"logger":"fallback","caller":"route/route.go:140","msg":"Creating placeholder k8s services"}
{"level":"info","ts":1768351641.4952042,"logger":"fallback","caller":"route/route.go:176","msg":"Updating placeholder k8s services with ingress information"}
{"level":"info","ts":1768351641.4952939,"logger":"fallback","caller":"route/route.go:198","msg":"Route successfully synced"}
{"level":"info","ts":"2026-01-13T16:47:21-08:00","logger":"RouteReconciler.reconcile","msg":"reconcile completed","key":"default/demo","reconciler":"knative.dev.serving.pkg.reconciler.route.Reconciler","requeue":false,"requeueAfter":0}
{"level":"info","ts":"2026-01-13T16:47:21-08:00","logger":"tracecheck","msg":"Taking reconcile step","Depth":74,"# Distinct States":95,"Total States":95,"Resource States":42}
{"level":"info","ts":"2026-01-13T16:47:21-08:00","logger":"ServiceReconciler.seed","msg":"added podscalable to informer","resource":"deployments","namespace":"default","name":"kamera-test-deployment","stage":"podscalable-add","keys":["default/kamera-test-deployment"]}
{"level":"info","ts":"2026-01-13T16:47:21-08:00","logger":"ServiceReconciler.seed","msg":"podscalable visible to lister","resource":"deployments","namespace":"default","name":"kamera-test-deployment","stage":"podscalable-lister","object":{"apiVersion":"autoscaling.internal.knative.dev/v1alpha1","kind":"PodScalable","namespace":"default","name":"kamera-test-deployment"}}
{"level":"info","ts":1768351641.6041548,"logger":"fallback","caller":"service/service.go:171","msg":"Service reconciler fetching Route from lister: name=demo, namespace=default"}
{"level":"info","ts":1768351641.604173,"logger":"fallback","caller":"service/service.go:174","msg":"Service reconciler got Route from lister: name=demo, Generation=1, ObservedGeneration=1, ResourceVersion="}
{"level":"info","ts":1768351641.6042051,"logger":"fallback","caller":"service/service.go:126","msg":"Service reconciler checking Route: name=demo, Generation=1, ObservedGeneration=1, Ready=True (reason=, message=), generationMatch=true, routeResourceVersion="}
{"level":"info","ts":1768351641.604213,"logger":"fallback","caller":"service/service.go:136","msg":"Service reconciler calling PropagateRouteStatus() because Generation == ObservedGeneration"}
{"level":"info","ts":"2026-01-13T16:47:21-08:00","logger":"ServiceReconciler.reconcile","msg":"reconcile completed","key":"default/demo","reconciler":"knative.dev.serving.pkg.reconciler.service.Reconciler","requeue":false,"requeueAfter":0}
{"level":"info","ts":"2026-01-13T16:47:21-08:00","logger":"tracecheck","msg":"Taking reconcile step","Depth":75,"# Distinct States":96,"Total States":96,"Resource States":42}
{"level":"error","ts":"2026-01-13T16:47:21-08:00","logger":"tracegen","msg":"setting root context","Kind":"/v1, Kind=Pod","Name":"kamera-test-deployment-1488584584-0","NewRootID":"","labels":{"app":"kamera-test","discrete.events/sleeve-object-id":"37jmqvjn","pod-template-hash":"1488584584","serving.knative.dev/configuration":"demo","serving.knative.dev/configurationGeneration":"1","serving.knative.dev/revision":"kamera-test","serving.knative.dev/revisionUID":"","serving.knative.dev/service":"demo"},"error":"no root ID set on object - is this namespace handled by the sleeve webhook?","stacktrace":"github.com/tgoodwin/kamera/pkg/tracegen.(*ContextTracker).setRootContextFromObservation\n\t/Users/tgoodwin/projects/kamera/pkg/tracegen/context.go:153\ngithub.com/tgoodwin/kamera/pkg/tracegen.(*ContextTracker).TrackOperation\n\t/Users/tgoodwin/projects/kamera/pkg/tracegen/context.go:197\ngithub.com/tgoodwin/kamera/pkg/tracegen.(*Client).Get\n\t/Users/tgoodwin/projects/kamera/pkg/tracegen/client.go:177\ngithub.com/tgoodwin/kamera/sleevectrl/pkg/controller.(*FinalizerReconciler).Reconcile\n\t/Users/tgoodwin/projects/kamera/sleevectrl/pkg/controller/sleeve_finalizer_controller.go:41\ngithub.com/tgoodwin/kamera/pkg/tracecheck.(*ControllerRuntimeStrategy).ReconcileAtState\n\t/Users/tgoodwin/projects/kamera/pkg/tracecheck/reconciler.go:82\ngithub.com/tgoodwin/kamera/pkg/tracecheck.(*ReconcilerContainer).doReconcile\n\t/Users/tgoodwin/projects/kamera/pkg/tracecheck/reconciler.go:164\ngithub.com/tgoodwin/kamera/pkg/tracecheck.(*Explorer).reconcileAtState\n\t/Users/tgoodwin/projects/kamera/pkg/tracecheck/explore.go:1313\ngithub.com/tgoodwin/kamera/pkg/tracecheck.(*Explorer).takeReconcileStep\n\t/Users/tgoodwin/projects/kamera/pkg/tracecheck/explore.go:1228\ngithub.com/tgoodwin/kamera/pkg/tracecheck.(*Explorer).explore\n\t/Users/tgoodwin/projects/kamera/pkg/tracecheck/explore.go:790\ngithub.com/tgoodwin/kamera/pkg/tracecheck.(*Explorer).Explore.func1\n\t/Users/tgoodwin/projects/kamera/pkg/tracecheck/explore.go:330"}
{"level":"error","ts":"2026-01-13T16:47:21-08:00","logger":"tracegen","msg":"rootID is empty","Kind":"/v1, Kind=Pod","Name":"kamera-test-deployment-1488584584-0","NewRootID":"","stacktrace":"github.com/tgoodwin/kamera/pkg/tracegen.(*ContextTracker).setRootContextFromObservation\n\t/Users/tgoodwin/projects/kamera/pkg/tracegen/context.go:157\ngithub.com/tgoodwin/kamera/pkg/tracegen.(*ContextTracker).TrackOperation\n\t/Users/tgoodwin/projects/kamera/pkg/tracegen/context.go:197\ngithub.com/tgoodwin/kamera/pkg/tracegen.(*Client).Get\n\t/Users/tgoodwin/projects/kamera/pkg/tracegen/client.go:177\ngithub.com/tgoodwin/kamera/sleevectrl/pkg/controller.(*FinalizerReconciler).Reconcile\n\t/Users/tgoodwin/projects/kamera/sleevectrl/pkg/controller/sleeve_finalizer_controller.go:41\ngithub.com/tgoodwin/kamera/pkg/tracecheck.(*ControllerRuntimeStrategy).ReconcileAtState\n\t/Users/tgoodwin/projects/kamera/pkg/tracecheck/reconciler.go:82\ngithub.com/tgoodwin/kamera/pkg/tracecheck.(*ReconcilerContainer).doReconcile\n\t/Users/tgoodwin/projects/kamera/pkg/tracecheck/reconciler.go:164\ngithub.com/tgoodwin/kamera/pkg/tracecheck.(*Explorer).reconcileAtState\n\t/Users/tgoodwin/projects/kamera/pkg/tracecheck/explore.go:1313\ngithub.com/tgoodwin/kamera/pkg/tracecheck.(*Explorer).takeReconcileStep\n\t/Users/tgoodwin/projects/kamera/pkg/tracecheck/explore.go:1228\ngithub.com/tgoodwin/kamera/pkg/tracecheck.(*Explorer).explore\n\t/Users/tgoodwin/projects/kamera/pkg/tracecheck/explore.go:790\ngithub.com/tgoodwin/kamera/pkg/tracecheck.(*Explorer).Explore.func1\n\t/Users/tgoodwin/projects/kamera/pkg/tracecheck/explore.go:330"}
{"level":"error","ts":"2026-01-13T16:47:21-08:00","logger":"tracegen","msg":"creating event","error":"failed to get change ID: Event does not have a change ID","stacktrace":"github.com/tgoodwin/kamera/pkg/tracegen.(*Client).LogOperation\n\t/Users/tgoodwin/projects/kamera/pkg/tracegen/client.go:106\ngithub.com/tgoodwin/kamera/pkg/tracegen.(*Client).Get\n\t/Users/tgoodwin/projects/kamera/pkg/tracegen/client.go:178\ngithub.com/tgoodwin/kamera/sleevectrl/pkg/controller.(*FinalizerReconciler).Reconcile\n\t/Users/tgoodwin/projects/kamera/sleevectrl/pkg/controller/sleeve_finalizer_controller.go:41\ngithub.com/tgoodwin/kamera/pkg/tracecheck.(*ControllerRuntimeStrategy).ReconcileAtState\n\t/Users/tgoodwin/projects/kamera/pkg/tracecheck/reconciler.go:82\ngithub.com/tgoodwin/kamera/pkg/tracecheck.(*ReconcilerContainer).doReconcile\n\t/Users/tgoodwin/projects/kamera/pkg/tracecheck/reconciler.go:164\ngithub.com/tgoodwin/kamera/pkg/tracecheck.(*Explorer).reconcileAtState\n\t/Users/tgoodwin/projects/kamera/pkg/tracecheck/explore.go:1313\ngithub.com/tgoodwin/kamera/pkg/tracecheck.(*Explorer).takeReconcileStep\n\t/Users/tgoodwin/projects/kamera/pkg/tracecheck/explore.go:1228\ngithub.com/tgoodwin/kamera/pkg/tracecheck.(*Explorer).explore\n\t/Users/tgoodwin/projects/kamera/pkg/tracecheck/explore.go:790\ngithub.com/tgoodwin/kamera/pkg/tracecheck.(*Explorer).Explore.func1\n\t/Users/tgoodwin/projects/kamera/pkg/tracecheck/explore.go:330"}
{"level":"error","ts":"2026-01-13T16:47:21-08:00","logger":"tracegen","msg":"creating event","error":"failed to get change ID: Event does not have a change ID","stacktrace":"github.com/tgoodwin/kamera/pkg/tracegen.(*Client).LogOperation\n\t/Users/tgoodwin/projects/kamera/pkg/tracegen/client.go:106\ngithub.com/tgoodwin/kamera/sleevectrl/pkg/controller.(*FinalizerReconciler).Reconcile\n\t/Users/tgoodwin/projects/kamera/sleevectrl/pkg/controller/sleeve_finalizer_controller.go:69\ngithub.com/tgoodwin/kamera/pkg/tracecheck.(*ControllerRuntimeStrategy).ReconcileAtState\n\t/Users/tgoodwin/projects/kamera/pkg/tracecheck/reconciler.go:82\ngithub.com/tgoodwin/kamera/pkg/tracecheck.(*ReconcilerContainer).doReconcile\n\t/Users/tgoodwin/projects/kamera/pkg/tracecheck/reconciler.go:164\ngithub.com/tgoodwin/kamera/pkg/tracecheck.(*Explorer).reconcileAtState\n\t/Users/tgoodwin/projects/kamera/pkg/tracecheck/explore.go:1313\ngithub.com/tgoodwin/kamera/pkg/tracecheck.(*Explorer).takeReconcileStep\n\t/Users/tgoodwin/projects/kamera/pkg/tracecheck/explore.go:1228\ngithub.com/tgoodwin/kamera/pkg/tracecheck.(*Explorer).explore\n\t/Users/tgoodwin/projects/kamera/pkg/tracecheck/explore.go:790\ngithub.com/tgoodwin/kamera/pkg/tracecheck.(*Explorer).Explore.func1\n\t/Users/tgoodwin/projects/kamera/pkg/tracecheck/explore.go:330"}
{"level":"info","ts":"2026-01-13T16:47:21-08:00","logger":"tracecheck","msg":"Taking reconcile step","Depth":76,"# Distinct States":97,"Total States":97,"Resource States":43}
{"level":"info","ts":"2026-01-13T16:47:21-08:00","logger":"tracecheck","msg":"Taking reconcile step","Depth":77,"# Distinct States":98,"Total States":98,"Resource States":43}
{"level":"info","ts":"2026-01-13T16:47:21-08:00","logger":"tracecheck","msg":"Updated ReplicaSet status","Depth":77,"# Distinct States":98,"Total States":98,"Resource States":43,"name":"kamera-test-deployment-1488584584"}
{"level":"info","ts":"2026-01-13T16:47:21-08:00","logger":"tracecheck","msg":"Taking reconcile step","Depth":78,"# Distinct States":99,"Total States":99,"Resource States":43}
{"level":"info","ts":"2026-01-13T16:47:21-08:00","logger":"KPAReconciler.seed","msg":"added podscalable to informer","resource":"deployments","namespace":"default","name":"kamera-test-deployment","stage":"podscalable-add","keys":["default/kamera-test-deployment"]}
{"level":"info","ts":"2026-01-13T16:47:21-08:00","logger":"KPAReconciler.seed","msg":"podscalable visible to lister","resource":"deployments","namespace":"default","name":"kamera-test-deployment","stage":"podscalable-lister","object":{"apiVersion":"autoscaling.internal.knative.dev/v1alpha1","kind":"PodScalable","namespace":"default","name":"kamera-test-deployment"}}
{"level":"info","ts":1768351641.722678,"logger":"fallback","caller":"kpa/controller.go:77","msg":"Setting up ConfigMap receivers"}
{"level":"info","ts":1768351641.722927,"logger":"fallback","caller":"kpa/controller.go:91","msg":"Setting up KPA-Class event handlers"}
{"level":"info","ts":1768351641.723197,"logger":"fallback","caller":"kpa/kpa.go:158","msg":"SKS should be in Proxy mode: want = 0, ebc = 0, #act's = 2 PA Inactive? = true"}
{"level":"info","ts":1768351641.723249,"logger":"fallback","caller":"kpa/kpa.go:178","msg":"PA scale got=0, want=0, desiredPods=0 ebc=0"}
{"level":"info","ts":1768351641.723264,"logger":"fallback","caller":"kpa/kpa.go:188","msg":"Observed pod counts=kpa.podCounts{want:0, ready:0, notReady:0, pending:0, terminating:0}"}
{"level":"info","ts":"2026-01-13T16:47:21-08:00","logger":"KPAReconciler.reconcile","msg":"reconcile completed","key":"default/kamera-test","reconciler":"knative.dev.serving.pkg.reconciler.autoscaling.kpa.Reconciler","requeue":false,"requeueAfter":0}
{"level":"info","ts":"2026-01-13T16:47:21-08:00","logger":"tracecheck","msg":"Taking reconcile step","Depth":79,"# Distinct States":100,"Total States":100,"Resource States":43}
{"level":"info","ts":"2026-01-13T16:47:21-08:00","logger":"tracecheck","msg":"Taking reconcile step","Depth":80,"# Distinct States":101,"Total States":101,"Resource States":43}
{"level":"info","ts":"2026-01-13T16:47:21-08:00","logger":"ConfigurationReconciler.seed","msg":"added podscalable to informer","resource":"deployments","namespace":"default","name":"kamera-test-deployment","stage":"podscalable-add","keys":["default/kamera-test-deployment"]}
{"level":"info","ts":"2026-01-13T16:47:21-08:00","logger":"ConfigurationReconciler.seed","msg":"podscalable visible to lister","resource":"deployments","namespace":"default","name":"kamera-test-deployment","stage":"podscalable-lister","object":{"apiVersion":"autoscaling.internal.knative.dev/v1alpha1","kind":"PodScalable","namespace":"default","name":"kamera-test-deployment"}}
{"level":"info","ts":1768351641.834369,"logger":"fallback","caller":"configuration/configuration.go:106","msg":"Revision \"kamera-test\" of configuration is ready"}
{"level":"info","ts":"2026-01-13T16:47:21-08:00","logger":"ConfigurationReconciler.reconcile","msg":"reconcile completed","key":"default/demo","reconciler":"knative.dev.serving.pkg.reconciler.configuration.Reconciler","requeue":false,"requeueAfter":0}
{"level":"info","ts":"2026-01-13T16:47:21-08:00","logger":"tracecheck","msg":"Taking reconcile step","Depth":81,"# Distinct States":102,"Total States":102,"Resource States":43}
{"level":"info","ts":"2026-01-13T16:47:21-08:00","logger":"RevisionReconciler.seed","msg":"added podscalable to informer","resource":"deployments","namespace":"default","name":"kamera-test-deployment","stage":"podscalable-add","keys":["default/kamera-test-deployment"]}
{"level":"info","ts":"2026-01-13T16:47:21-08:00","logger":"RevisionReconciler.seed","msg":"podscalable visible to lister","resource":"deployments","namespace":"default","name":"kamera-test-deployment","stage":"podscalable-lister","object":{"apiVersion":"autoscaling.internal.knative.dev/v1alpha1","kind":"PodScalable","namespace":"default","name":"kamera-test-deployment"}}
{"level":"error","ts":1768351641.9451761,"logger":"fallback","caller":"revision/controller.go:116","msg":"Failed to create resolver transport","error":"open /var/run/secrets/kubernetes.io/serviceaccount/ca.crt: no such file or directory","stacktrace":"knative.dev/serving/pkg/reconciler/revision.newControllerWithOptions\n\t/Users/tgoodwin/tmp/gomodcache/knative.dev/serving@v0.46.5/pkg/reconciler/revision/controller.go:116\nknative.dev/serving/pkg/reconciler/revision.NewController\n\t/Users/tgoodwin/tmp/gomodcache/knative.dev/serving@v0.46.5/pkg/reconciler/revision/controller.go:64\nmain.configureKnativeExplorer.func1.1\n\t/Users/tgoodwin/projects/kamera/examples/knative-serving/scenario.go:91\ngithub.com/tgoodwin/kamera/examples/knative-serving/knative.NewKnativeStrategy.func1\n\t/Users/tgoodwin/projects/kamera/examples/knative-serving/knative/harness.go:555\ngithub.com/tgoodwin/kamera/examples/knative-serving/knative.(*KnativeStrategy).ReconcileAtState\n\t/Users/tgoodwin/projects/kamera/examples/knative-serving/knative/harness.go:895\ngithub.com/tgoodwin/kamera/pkg/tracecheck.(*ReconcilerContainer).doReconcile\n\t/Users/tgoodwin/projects/kamera/pkg/tracecheck/reconciler.go:164\ngithub.com/tgoodwin/kamera/pkg/tracecheck.(*Explorer).reconcileAtState\n\t/Users/tgoodwin/projects/kamera/pkg/tracecheck/explore.go:1313\ngithub.com/tgoodwin/kamera/pkg/tracecheck.(*Explorer).takeReconcileStep\n\t/Users/tgoodwin/projects/kamera/pkg/tracecheck/explore.go:1228\ngithub.com/tgoodwin/kamera/pkg/tracecheck.(*Explorer).explore\n\t/Users/tgoodwin/projects/kamera/pkg/tracecheck/explore.go:790\ngithub.com/tgoodwin/kamera/pkg/tracecheck.(*Explorer).Explore.func1\n\t/Users/tgoodwin/projects/kamera/pkg/tracecheck/explore.go:330"}
{"level":"info","ts":1768351641.9458811,"logger":"fallback","caller":"revision/reconcile_resources.go:161","msg":"Reconciling PA: kamera-test"}
{"level":"info","ts":"2026-01-13T16:47:21-08:00","logger":"RevisionReconciler.reconcile","msg":"reconcile completed","key":"default/kamera-test","reconciler":"knative.dev.serving.pkg.reconciler.revision.Reconciler","requeue":false,"requeueAfter":0}
{"level":"info","ts":"2026-01-13T16:47:21-08:00","logger":"tracecheck","msg":"Taking reconcile step","Depth":82,"# Distinct States":103,"Total States":103,"Resource States":43}
{"level":"info","ts":"2026-01-13T16:47:21-08:00","logger":"tracecheck","msg":"Updated Deployment status","Depth":82,"# Distinct States":103,"Total States":103,"Resource States":43,"name":"kamera-test-deployment"}
{"level":"info","ts":"2026-01-13T16:47:21-08:00","logger":"tracecheck","msg":"Taking reconcile step","Depth":71,"# Distinct States":104,"Total States":104,"Resource States":43}
{"level":"info","ts":"2026-01-13T16:47:22-08:00","logger":"RevisionReconciler.seed","msg":"added podscalable to informer","resource":"deployments","namespace":"default","name":"kamera-test-deployment","stage":"podscalable-add","keys":["default/kamera-test-deployment"]}
{"level":"info","ts":"2026-01-13T16:47:22-08:00","logger":"RevisionReconciler.seed","msg":"podscalable visible to lister","resource":"deployments","namespace":"default","name":"kamera-test-deployment","stage":"podscalable-lister","object":{"apiVersion":"autoscaling.internal.knative.dev/v1alpha1","kind":"PodScalable","namespace":"default","name":"kamera-test-deployment"}}
{"level":"error","ts":1768351642.069661,"logger":"fallback","caller":"revision/controller.go:116","msg":"Failed to create resolver transport","error":"open /var/run/secrets/kubernetes.io/serviceaccount/ca.crt: no such file or directory","stacktrace":"knative.dev/serving/pkg/reconciler/revision.newControllerWithOptions\n\t/Users/tgoodwin/tmp/gomodcache/knative.dev/serving@v0.46.5/pkg/reconciler/revision/controller.go:116\nknative.dev/serving/pkg/reconciler/revision.NewController\n\t/Users/tgoodwin/tmp/gomodcache/knative.dev/serving@v0.46.5/pkg/reconciler/revision/controller.go:64\nmain.configureKnativeExplorer.func1.1\n\t/Users/tgoodwin/projects/kamera/examples/knative-serving/scenario.go:91\ngithub.com/tgoodwin/kamera/examples/knative-serving/knative.NewKnativeStrategy.func1\n\t/Users/tgoodwin/projects/kamera/examples/knative-serving/knative/harness.go:555\ngithub.com/tgoodwin/kamera/examples/knative-serving/knative.(*KnativeStrategy).ReconcileAtState\n\t/Users/tgoodwin/projects/kamera/examples/knative-serving/knative/harness.go:895\ngithub.com/tgoodwin/kamera/pkg/tracecheck.(*ReconcilerContainer).doReconcile\n\t/Users/tgoodwin/projects/kamera/pkg/tracecheck/reconciler.go:164\ngithub.com/tgoodwin/kamera/pkg/tracecheck.(*Explorer).reconcileAtState\n\t/Users/tgoodwin/projects/kamera/pkg/tracecheck/explore.go:1313\ngithub.com/tgoodwin/kamera/pkg/tracecheck.(*Explorer).takeReconcileStep\n\t/Users/tgoodwin/projects/kamera/pkg/tracecheck/explore.go:1228\ngithub.com/tgoodwin/kamera/pkg/tracecheck.(*Explorer).explore\n\t/Users/tgoodwin/projects/kamera/pkg/tracecheck/explore.go:790\ngithub.com/tgoodwin/kamera/pkg/tracecheck.(*Explorer).Explore.func1\n\t/Users/tgoodwin/projects/kamera/pkg/tracecheck/explore.go:330"}
{"level":"info","ts":1768351642.070234,"logger":"fallback","caller":"revision/reconcile_resources.go:161","msg":"Reconciling PA: kamera-test"}
{"level":"info","ts":"2026-01-13T16:47:22-08:00","logger":"RevisionReconciler.reconcile","msg":"reconcile completed","key":"default/kamera-test","reconciler":"knative.dev.serving.pkg.reconciler.revision.Reconciler","requeue":false,"requeueAfter":0}
{"level":"info","ts":"2026-01-13T16:47:22-08:00","logger":"tracecheck","msg":"Taking reconcile step","Depth":72,"# Distinct States":105,"Total States":105,"Resource States":43}
{"level":"info","ts":"2026-01-13T16:47:22-08:00","logger":"tracecheck","msg":"Taking reconcile step","Depth":73,"# Distinct States":106,"Total States":106,"Resource States":43}
{"level":"info","ts":"2026-01-13T16:47:22-08:00","logger":"tracecheck","msg":"Taking reconcile step","Depth":74,"# Distinct States":107,"Total States":107,"Resource States":43}
{"level":"info","ts":"2026-01-13T16:47:22-08:00","logger":"RouteReconciler.seed","msg":"added podscalable to informer","resource":"deployments","namespace":"default","name":"kamera-test-deployment","stage":"podscalable-add","keys":["default/kamera-test-deployment"]}
{"level":"info","ts":"2026-01-13T16:47:22-08:00","logger":"RouteReconciler.seed","msg":"podscalable visible to lister","resource":"deployments","namespace":"default","name":"kamera-test-deployment","stage":"podscalable-lister","object":{"apiVersion":"autoscaling.internal.knative.dev/v1alpha1","kind":"PodScalable","namespace":"default","name":"kamera-test-deployment"}}
{"level":"info","ts":1768351642.197645,"logger":"fallback","caller":"route/route.go:465","msg":"Revision default/kamera-test is inactive"}
{"level":"info","ts":1768351642.1977081,"logger":"fallback","caller":"route/route.go:487","msg":"All referred targets are routable, marking AllTrafficAssigned with traffic information."}
{"level":"info","ts":1768351642.1977239,"logger":"fallback","caller":"route/route.go:140","msg":"Creating placeholder k8s services"}
{"level":"info","ts":1768351642.197797,"logger":"fallback","caller":"route/route.go:176","msg":"Updating placeholder k8s services with ingress information"}
{"level":"info","ts":1768351642.197829,"logger":"fallback","caller":"route/route.go:198","msg":"Route successfully synced"}
{"level":"info","ts":"2026-01-13T16:47:22-08:00","logger":"RouteReconciler.reconcile","msg":"reconcile completed","key":"default/demo","reconciler":"knative.dev.serving.pkg.reconciler.route.Reconciler","requeue":false,"requeueAfter":0}
{"level":"info","ts":"2026-01-13T16:47:22-08:00","logger":"tracecheck","msg":"Taking reconcile step","Depth":75,"# Distinct States":108,"Total States":108,"Resource States":43}
{"level":"info","ts":"2026-01-13T16:47:22-08:00","logger":"ServiceReconciler.seed","msg":"added podscalable to informer","resource":"deployments","namespace":"default","name":"kamera-test-deployment","stage":"podscalable-add","keys":["default/kamera-test-deployment"]}
{"level":"info","ts":"2026-01-13T16:47:22-08:00","logger":"ServiceReconciler.seed","msg":"podscalable visible to lister","resource":"deployments","namespace":"default","name":"kamera-test-deployment","stage":"podscalable-lister","object":{"apiVersion":"autoscaling.internal.knative.dev/v1alpha1","kind":"PodScalable","namespace":"default","name":"kamera-test-deployment"}}
{"level":"info","ts":1768351642.306127,"logger":"fallback","caller":"service/service.go:171","msg":"Service reconciler fetching Route from lister: name=demo, namespace=default"}
{"level":"info","ts":1768351642.306179,"logger":"fallback","caller":"service/service.go:174","msg":"Service reconciler got Route from lister: name=demo, Generation=1, ObservedGeneration=1, ResourceVersion="}
{"level":"info","ts":1768351642.3062348,"logger":"fallback","caller":"service/service.go:126","msg":"Service reconciler checking Route: name=demo, Generation=1, ObservedGeneration=1, Ready=True (reason=, message=), generationMatch=true, routeResourceVersion="}
{"level":"info","ts":1768351642.30625,"logger":"fallback","caller":"service/service.go:136","msg":"Service reconciler calling PropagateRouteStatus() because Generation == ObservedGeneration"}
{"level":"info","ts":"2026-01-13T16:47:22-08:00","logger":"ServiceReconciler.reconcile","msg":"reconcile completed","key":"default/demo","reconciler":"knative.dev.serving.pkg.reconciler.service.Reconciler","requeue":false,"requeueAfter":0}
{"level":"info","ts":"2026-01-13T16:47:22-08:00","logger":"tracecheck","msg":"Taking reconcile step","Depth":76,"# Distinct States":109,"Total States":109,"Resource States":43}
{"level":"error","ts":"2026-01-13T16:47:22-08:00","logger":"tracegen","msg":"setting root context","Kind":"/v1, Kind=Pod","Name":"kamera-test-deployment-1488584584-0","NewRootID":"","labels":{"app":"kamera-test","discrete.events/sleeve-object-id":"37jmqvjn","pod-template-hash":"1488584584","serving.knative.dev/configuration":"demo","serving.knative.dev/configurationGeneration":"1","serving.knative.dev/revision":"kamera-test","serving.knative.dev/revisionUID":"","serving.knative.dev/service":"demo"},"error":"no root ID set on object - is this namespace handled by the sleeve webhook?","stacktrace":"github.com/tgoodwin/kamera/pkg/tracegen.(*ContextTracker).setRootContextFromObservation\n\t/Users/tgoodwin/projects/kamera/pkg/tracegen/context.go:153\ngithub.com/tgoodwin/kamera/pkg/tracegen.(*ContextTracker).TrackOperation\n\t/Users/tgoodwin/projects/kamera/pkg/tracegen/context.go:197\ngithub.com/tgoodwin/kamera/pkg/tracegen.(*Client).Get\n\t/Users/tgoodwin/projects/kamera/pkg/tracegen/client.go:177\ngithub.com/tgoodwin/kamera/sleevectrl/pkg/controller.(*FinalizerReconciler).Reconcile\n\t/Users/tgoodwin/projects/kamera/sleevectrl/pkg/controller/sleeve_finalizer_controller.go:41\ngithub.com/tgoodwin/kamera/pkg/tracecheck.(*ControllerRuntimeStrategy).ReconcileAtState\n\t/Users/tgoodwin/projects/kamera/pkg/tracecheck/reconciler.go:82\ngithub.com/tgoodwin/kamera/pkg/tracecheck.(*ReconcilerContainer).doReconcile\n\t/Users/tgoodwin/projects/kamera/pkg/tracecheck/reconciler.go:164\ngithub.com/tgoodwin/kamera/pkg/tracecheck.(*Explorer).reconcileAtState\n\t/Users/tgoodwin/projects/kamera/pkg/tracecheck/explore.go:1313\ngithub.com/tgoodwin/kamera/pkg/tracecheck.(*Explorer).takeReconcileStep\n\t/Users/tgoodwin/projects/kamera/pkg/tracecheck/explore.go:1228\ngithub.com/tgoodwin/kamera/pkg/tracecheck.(*Explorer).explore\n\t/Users/tgoodwin/projects/kamera/pkg/tracecheck/explore.go:790\ngithub.com/tgoodwin/kamera/pkg/tracecheck.(*Explorer).Explore.func1\n\t/Users/tgoodwin/projects/kamera/pkg/tracecheck/explore.go:330"}
{"level":"error","ts":"2026-01-13T16:47:22-08:00","logger":"tracegen","msg":"rootID is empty","Kind":"/v1, Kind=Pod","Name":"kamera-test-deployment-1488584584-0","NewRootID":"","stacktrace":"github.com/tgoodwin/kamera/pkg/tracegen.(*ContextTracker).setRootContextFromObservation\n\t/Users/tgoodwin/projects/kamera/pkg/tracegen/context.go:157\ngithub.com/tgoodwin/kamera/pkg/tracegen.(*ContextTracker).TrackOperation\n\t/Users/tgoodwin/projects/kamera/pkg/tracegen/context.go:197\ngithub.com/tgoodwin/kamera/pkg/tracegen.(*Client).Get\n\t/Users/tgoodwin/projects/kamera/pkg/tracegen/client.go:177\ngithub.com/tgoodwin/kamera/sleevectrl/pkg/controller.(*FinalizerReconciler).Reconcile\n\t/Users/tgoodwin/projects/kamera/sleevectrl/pkg/controller/sleeve_finalizer_controller.go:41\ngithub.com/tgoodwin/kamera/pkg/tracecheck.(*ControllerRuntimeStrategy).ReconcileAtState\n\t/Users/tgoodwin/projects/kamera/pkg/tracecheck/reconciler.go:82\ngithub.com/tgoodwin/kamera/pkg/tracecheck.(*ReconcilerContainer).doReconcile\n\t/Users/tgoodwin/projects/kamera/pkg/tracecheck/reconciler.go:164\ngithub.com/tgoodwin/kamera/pkg/tracecheck.(*Explorer).reconcileAtState\n\t/Users/tgoodwin/projects/kamera/pkg/tracecheck/explore.go:1313\ngithub.com/tgoodwin/kamera/pkg/tracecheck.(*Explorer).takeReconcileStep\n\t/Users/tgoodwin/projects/kamera/pkg/tracecheck/explore.go:1228\ngithub.com/tgoodwin/kamera/pkg/tracecheck.(*Explorer).explore\n\t/Users/tgoodwin/projects/kamera/pkg/tracecheck/explore.go:790\ngithub.com/tgoodwin/kamera/pkg/tracecheck.(*Explorer).Explore.func1\n\t/Users/tgoodwin/projects/kamera/pkg/tracecheck/explore.go:330"}
{"level":"error","ts":"2026-01-13T16:47:22-08:00","logger":"tracegen","msg":"creating event","error":"failed to get change ID: Event does not have a change ID","stacktrace":"github.com/tgoodwin/kamera/pkg/tracegen.(*Client).LogOperation\n\t/Users/tgoodwin/projects/kamera/pkg/tracegen/client.go:106\ngithub.com/tgoodwin/kamera/pkg/tracegen.(*Client).Get\n\t/Users/tgoodwin/projects/kamera/pkg/tracegen/client.go:178\ngithub.com/tgoodwin/kamera/sleevectrl/pkg/controller.(*FinalizerReconciler).Reconcile\n\t/Users/tgoodwin/projects/kamera/sleevectrl/pkg/controller/sleeve_finalizer_controller.go:41\ngithub.com/tgoodwin/kamera/pkg/tracecheck.(*ControllerRuntimeStrategy).ReconcileAtState\n\t/Users/tgoodwin/projects/kamera/pkg/tracecheck/reconciler.go:82\ngithub.com/tgoodwin/kamera/pkg/tracecheck.(*ReconcilerContainer).doReconcile\n\t/Users/tgoodwin/projects/kamera/pkg/tracecheck/reconciler.go:164\ngithub.com/tgoodwin/kamera/pkg/tracecheck.(*Explorer).reconcileAtState\n\t/Users/tgoodwin/projects/kamera/pkg/tracecheck/explore.go:1313\ngithub.com/tgoodwin/kamera/pkg/tracecheck.(*Explorer).takeReconcileStep\n\t/Users/tgoodwin/projects/kamera/pkg/tracecheck/explore.go:1228\ngithub.com/tgoodwin/kamera/pkg/tracecheck.(*Explorer).explore\n\t/Users/tgoodwin/projects/kamera/pkg/tracecheck/explore.go:790\ngithub.com/tgoodwin/kamera/pkg/tracecheck.(*Explorer).Explore.func1\n\t/Users/tgoodwin/projects/kamera/pkg/tracecheck/explore.go:330"}
{"level":"error","ts":"2026-01-13T16:47:22-08:00","logger":"tracegen","msg":"creating event","error":"failed to get change ID: Event does not have a change ID","stacktrace":"github.com/tgoodwin/kamera/pkg/tracegen.(*Client).LogOperation\n\t/Users/tgoodwin/projects/kamera/pkg/tracegen/client.go:106\ngithub.com/tgoodwin/kamera/sleevectrl/pkg/controller.(*FinalizerReconciler).Reconcile\n\t/Users/tgoodwin/projects/kamera/sleevectrl/pkg/controller/sleeve_finalizer_controller.go:69\ngithub.com/tgoodwin/kamera/pkg/tracecheck.(*ControllerRuntimeStrategy).ReconcileAtState\n\t/Users/tgoodwin/projects/kamera/pkg/tracecheck/reconciler.go:82\ngithub.com/tgoodwin/kamera/pkg/tracecheck.(*ReconcilerContainer).doReconcile\n\t/Users/tgoodwin/projects/kamera/pkg/tracecheck/reconciler.go:164\ngithub.com/tgoodwin/kamera/pkg/tracecheck.(*Explorer).reconcileAtState\n\t/Users/tgoodwin/projects/kamera/pkg/tracecheck/explore.go:1313\ngithub.com/tgoodwin/kamera/pkg/tracecheck.(*Explorer).takeReconcileStep\n\t/Users/tgoodwin/projects/kamera/pkg/tracecheck/explore.go:1228\ngithub.com/tgoodwin/kamera/pkg/tracecheck.(*Explorer).explore\n\t/Users/tgoodwin/projects/kamera/pkg/tracecheck/explore.go:790\ngithub.com/tgoodwin/kamera/pkg/tracecheck.(*Explorer).Explore.func1\n\t/Users/tgoodwin/projects/kamera/pkg/tracecheck/explore.go:330"}
{"level":"info","ts":"2026-01-13T16:47:22-08:00","logger":"tracecheck","msg":"Taking reconcile step","Depth":77,"# Distinct States":110,"Total States":110,"Resource States":43}
{"level":"info","ts":"2026-01-13T16:47:22-08:00","logger":"tracecheck","msg":"Taking reconcile step","Depth":78,"# Distinct States":111,"Total States":111,"Resource States":43}
{"level":"info","ts":"2026-01-13T16:47:22-08:00","logger":"tracecheck","msg":"Updated ReplicaSet status","Depth":78,"# Distinct States":111,"Total States":111,"Resource States":43,"name":"kamera-test-deployment-1488584584"}
{"level":"info","ts":"2026-01-13T16:47:22-08:00","logger":"tracecheck","msg":"Taking reconcile step","Depth":79,"# Distinct States":112,"Total States":112,"Resource States":43}
{"level":"info","ts":"2026-01-13T16:47:22-08:00","logger":"KPAReconciler.seed","msg":"added podscalable to informer","resource":"deployments","namespace":"default","name":"kamera-test-deployment","stage":"podscalable-add","keys":["default/kamera-test-deployment"]}
{"level":"info","ts":"2026-01-13T16:47:22-08:00","logger":"KPAReconciler.seed","msg":"podscalable visible to lister","resource":"deployments","namespace":"default","name":"kamera-test-deployment","stage":"podscalable-lister","object":{"apiVersion":"autoscaling.internal.knative.dev/v1alpha1","kind":"PodScalable","namespace":"default","name":"kamera-test-deployment"}}
{"level":"info","ts":1768351642.4324338,"logger":"fallback","caller":"kpa/controller.go:77","msg":"Setting up ConfigMap receivers"}
{"level":"info","ts":1768351642.4326851,"logger":"fallback","caller":"kpa/controller.go:91","msg":"Setting up KPA-Class event handlers"}
{"level":"info","ts":1768351642.432988,"logger":"fallback","caller":"kpa/kpa.go:158","msg":"SKS should be in Proxy mode: want = 0, ebc = 0, #act's = 2 PA Inactive? = true"}
{"level":"info","ts":1768351642.43308,"logger":"fallback","caller":"kpa/kpa.go:178","msg":"PA scale got=0, want=0, desiredPods=0 ebc=0"}
{"level":"info","ts":1768351642.433109,"logger":"fallback","caller":"kpa/kpa.go:188","msg":"Observed pod counts=kpa.podCounts{want:0, ready:0, notReady:0, pending:0, terminating:0}"}
{"level":"info","ts":"2026-01-13T16:47:22-08:00","logger":"KPAReconciler.reconcile","msg":"reconcile completed","key":"default/kamera-test","reconciler":"knative.dev.serving.pkg.reconciler.autoscaling.kpa.Reconciler","requeue":false,"requeueAfter":0}
{"level":"info","ts":"2026-01-13T16:47:22-08:00","logger":"tracecheck","msg":"Taking reconcile step","Depth":80,"# Distinct States":113,"Total States":113,"Resource States":43}
{"level":"info","ts":"2026-01-13T16:47:22-08:00","logger":"tracecheck","msg":"Taking reconcile step","Depth":59,"# Distinct States":115,"Total States":115,"Resource States":43}
{"level":"info","ts":"2026-01-13T16:47:22-08:00","logger":"RevisionReconciler.seed","msg":"added podscalable to informer","resource":"deployments","namespace":"default","name":"kamera-test-deployment","stage":"podscalable-add","keys":["default/kamera-test-deployment"]}
{"level":"info","ts":"2026-01-13T16:47:22-08:00","logger":"RevisionReconciler.seed","msg":"podscalable visible to lister","resource":"deployments","namespace":"default","name":"kamera-test-deployment","stage":"podscalable-lister","object":{"apiVersion":"autoscaling.internal.knative.dev/v1alpha1","kind":"PodScalable","namespace":"default","name":"kamera-test-deployment"}}
{"level":"error","ts":1768351642.5464818,"logger":"fallback","caller":"revision/controller.go:116","msg":"Failed to create resolver transport","error":"open /var/run/secrets/kubernetes.io/serviceaccount/ca.crt: no such file or directory","stacktrace":"knative.dev/serving/pkg/reconciler/revision.newControllerWithOptions\n\t/Users/tgoodwin/tmp/gomodcache/knative.dev/serving@v0.46.5/pkg/reconciler/revision/controller.go:116\nknative.dev/serving/pkg/reconciler/revision.NewController\n\t/Users/tgoodwin/tmp/gomodcache/knative.dev/serving@v0.46.5/pkg/reconciler/revision/controller.go:64\nmain.configureKnativeExplorer.func1.1\n\t/Users/tgoodwin/projects/kamera/examples/knative-serving/scenario.go:91\ngithub.com/tgoodwin/kamera/examples/knative-serving/knative.NewKnativeStrategy.func1\n\t/Users/tgoodwin/projects/kamera/examples/knative-serving/knative/harness.go:555\ngithub.com/tgoodwin/kamera/examples/knative-serving/knative.(*KnativeStrategy).ReconcileAtState\n\t/Users/tgoodwin/projects/kamera/examples/knative-serving/knative/harness.go:895\ngithub.com/tgoodwin/kamera/pkg/tracecheck.(*ReconcilerContainer).doReconcile\n\t/Users/tgoodwin/projects/kamera/pkg/tracecheck/reconciler.go:164\ngithub.com/tgoodwin/kamera/pkg/tracecheck.(*Explorer).reconcileAtState\n\t/Users/tgoodwin/projects/kamera/pkg/tracecheck/explore.go:1313\ngithub.com/tgoodwin/kamera/pkg/tracecheck.(*Explorer).takeReconcileStep\n\t/Users/tgoodwin/projects/kamera/pkg/tracecheck/explore.go:1228\ngithub.com/tgoodwin/kamera/pkg/tracecheck.(*Explorer).explore\n\t/Users/tgoodwin/projects/kamera/pkg/tracecheck/explore.go:790\ngithub.com/tgoodwin/kamera/pkg/tracecheck.(*Explorer).Explore.func1\n\t/Users/tgoodwin/projects/kamera/pkg/tracecheck/explore.go:330"}
{"level":"info","ts":1768351642.547151,"logger":"fallback","caller":"revision/reconcile_resources.go:161","msg":"Reconciling PA: kamera-test"}
{"level":"info","ts":"2026-01-13T16:47:22-08:00","logger":"RevisionReconciler.reconcile","msg":"reconcile completed","key":"default/kamera-test","reconciler":"knative.dev.serving.pkg.reconciler.revision.Reconciler","requeue":false,"requeueAfter":0}
{"level":"info","ts":"2026-01-13T16:47:22-08:00","logger":"tracecheck","msg":"Taking reconcile step","Depth":60,"# Distinct States":116,"Total States":116,"Resource States":43}
{"level":"info","ts":"2026-01-13T16:47:22-08:00","logger":"KPAReconciler.seed","msg":"added podscalable to informer","resource":"deployments","namespace":"default","name":"kamera-test-deployment","stage":"podscalable-add","keys":["default/kamera-test-deployment"]}
{"level":"info","ts":"2026-01-13T16:47:22-08:00","logger":"KPAReconciler.seed","msg":"podscalable visible to lister","resource":"deployments","namespace":"default","name":"kamera-test-deployment","stage":"podscalable-lister","object":{"apiVersion":"autoscaling.internal.knative.dev/v1alpha1","kind":"PodScalable","namespace":"default","name":"kamera-test-deployment"}}
{"level":"info","ts":1768351642.660556,"logger":"fallback","caller":"kpa/controller.go:77","msg":"Setting up ConfigMap receivers"}
{"level":"info","ts":1768351642.660814,"logger":"fallback","caller":"kpa/controller.go:91","msg":"Setting up KPA-Class event handlers"}
{"level":"info","ts":1768351642.661058,"logger":"fallback","caller":"kpa/kpa.go:158","msg":"SKS should be in Proxy mode: want = 0, ebc = 0, #act's = 2 PA Inactive? = true"}
{"level":"info","ts":1768351642.661111,"logger":"fallback","caller":"kpa/kpa.go:178","msg":"PA scale got=1, want=0, desiredPods=0 ebc=0"}
{"level":"info","ts":1768351642.661131,"logger":"fallback","caller":"kpa/kpa.go:188","msg":"Observed pod counts=kpa.podCounts{want:0, ready:1, notReady:0, pending:0, terminating:0}"}
{"level":"info","ts":"2026-01-13T16:47:22-08:00","logger":"KPAReconciler.reconcile","msg":"reconcile completed","key":"default/kamera-test","reconciler":"knative.dev.serving.pkg.reconciler.autoscaling.kpa.Reconciler","requeue":false,"requeueAfter":0}
{"level":"info","ts":"2026-01-13T16:47:22-08:00","logger":"tracecheck","msg":"Taking reconcile step","Depth":61,"# Distinct States":117,"Total States":117,"Resource States":43}
{"level":"info","ts":"2026-01-13T16:47:22-08:00","logger":"tracecheck","msg":"Taking reconcile step","Depth":62,"# Distinct States":118,"Total States":118,"Resource States":43}
{"level":"info","ts":"2026-01-13T16:47:22-08:00","logger":"tracecheck","msg":"Taking reconcile step","Depth":63,"# Distinct States":119,"Total States":119,"Resource States":43}
{"level":"info","ts":"2026-01-13T16:47:22-08:00","logger":"RouteReconciler.seed","msg":"added podscalable to informer","resource":"deployments","namespace":"default","name":"kamera-test-deployment","stage":"podscalable-add","keys":["default/kamera-test-deployment"]}
{"level":"info","ts":"2026-01-13T16:47:22-08:00","logger":"RouteReconciler.seed","msg":"podscalable visible to lister","resource":"deployments","namespace":"default","name":"kamera-test-deployment","stage":"podscalable-lister","object":{"apiVersion":"autoscaling.internal.knative.dev/v1alpha1","kind":"PodScalable","namespace":"default","name":"kamera-test-deployment"}}
{"level":"info","ts":1768351642.780427,"logger":"fallback","caller":"route/route.go:465","msg":"Revision default/kamera-test is inactive"}
{"level":"info","ts":1768351642.780493,"logger":"fallback","caller":"route/route.go:487","msg":"All referred targets are routable, marking AllTrafficAssigned with traffic information."}
{"level":"info","ts":1768351642.780521,"logger":"fallback","caller":"route/route.go:140","msg":"Creating placeholder k8s services"}
{"level":"info","ts":1768351642.7807732,"logger":"fallback","caller":"route/route.go:176","msg":"Updating placeholder k8s services with ingress information"}
{"level":"info","ts":1768351642.781106,"logger":"fallback","caller":"route/route.go:198","msg":"Route successfully synced"}
{"level":"info","ts":"2026-01-13T16:47:22-08:00","logger":"RouteReconciler.reconcile","msg":"reconcile completed","key":"default/demo","reconciler":"knative.dev.serving.pkg.reconciler.route.Reconciler","requeue":false,"requeueAfter":0}
{"level":"info","ts":"2026-01-13T16:47:22-08:00","logger":"tracecheck","msg":"Taking reconcile step","Depth":64,"# Distinct States":120,"Total States":120,"Resource States":43}
{"level":"info","ts":"2026-01-13T16:47:22-08:00","logger":"tracecheck","msg":"Taking reconcile step","Depth":65,"# Distinct States":121,"Total States":121,"Resource States":43}
{"level":"info","ts":"2026-01-13T16:47:22-08:00","logger":"ServiceReconciler.seed","msg":"added podscalable to informer","resource":"deployments","namespace":"default","name":"kamera-test-deployment","stage":"podscalable-add","keys":["default/kamera-test-deployment"]}
{"level":"info","ts":"2026-01-13T16:47:22-08:00","logger":"ServiceReconciler.seed","msg":"podscalable visible to lister","resource":"deployments","namespace":"default","name":"kamera-test-deployment","stage":"podscalable-lister","object":{"apiVersion":"autoscaling.internal.knative.dev/v1alpha1","kind":"PodScalable","namespace":"default","name":"kamera-test-deployment"}}
{"level":"info","ts":1768351642.894325,"logger":"fallback","caller":"service/service.go:171","msg":"Service reconciler fetching Route from lister: name=demo, namespace=default"}
{"level":"info","ts":1768351642.894421,"logger":"fallback","caller":"service/service.go:174","msg":"Service reconciler got Route from lister: name=demo, Generation=1, ObservedGeneration=1, ResourceVersion="}
{"level":"info","ts":1768351642.894473,"logger":"fallback","caller":"service/service.go:126","msg":"Service reconciler checking Route: name=demo, Generation=1, ObservedGeneration=1, Ready=True (reason=, message=), generationMatch=true, routeResourceVersion="}
{"level":"info","ts":1768351642.894488,"logger":"fallback","caller":"service/service.go:136","msg":"Service reconciler calling PropagateRouteStatus() because Generation == ObservedGeneration"}
{"level":"info","ts":"2026-01-13T16:47:22-08:00","logger":"ServiceReconciler.reconcile","msg":"reconcile completed","key":"default/demo","reconciler":"knative.dev.serving.pkg.reconciler.service.Reconciler","requeue":false,"requeueAfter":0}
{"level":"info","ts":"2026-01-13T16:47:22-08:00","logger":"tracecheck","msg":"Taking reconcile step","Depth":66,"# Distinct States":122,"Total States":122,"Resource States":43}
{"level":"info","ts":"2026-01-13T16:47:22-08:00","logger":"tracecheck","msg":"Taking reconcile step","Depth":67,"# Distinct States":123,"Total States":123,"Resource States":43}
{"level":"info","ts":"2026-01-13T16:47:22-08:00","logger":"tracecheck","msg":"Deleting pods","Depth":67,"# Distinct States":123,"Total States":123,"Resource States":43,"count":1}
{"level":"info","ts":"2026-01-13T16:47:22-08:00","logger":"tracecheck","msg":"Taking reconcile step","Depth":53,"# Distinct States":125,"Total States":125,"Resource States":43}
{"level":"info","ts":"2026-01-13T16:47:23-08:00","logger":"RevisionReconciler.seed","msg":"added podscalable to informer","resource":"deployments","namespace":"default","name":"kamera-test-deployment","stage":"podscalable-add","keys":["default/kamera-test-deployment"]}
{"level":"info","ts":"2026-01-13T16:47:23-08:00","logger":"RevisionReconciler.seed","msg":"podscalable visible to lister","resource":"deployments","namespace":"default","name":"kamera-test-deployment","stage":"podscalable-lister","object":{"apiVersion":"autoscaling.internal.knative.dev/v1alpha1","kind":"PodScalable","namespace":"default","name":"kamera-test-deployment"}}
{"level":"error","ts":1768351643.01728,"logger":"fallback","caller":"revision/controller.go:116","msg":"Failed to create resolver transport","error":"open /var/run/secrets/kubernetes.io/serviceaccount/ca.crt: no such file or directory","stacktrace":"knative.dev/serving/pkg/reconciler/revision.newControllerWithOptions\n\t/Users/tgoodwin/tmp/gomodcache/knative.dev/serving@v0.46.5/pkg/reconciler/revision/controller.go:116\nknative.dev/serving/pkg/reconciler/revision.NewController\n\t/Users/tgoodwin/tmp/gomodcache/knative.dev/serving@v0.46.5/pkg/reconciler/revision/controller.go:64\nmain.configureKnativeExplorer.func1.1\n\t/Users/tgoodwin/projects/kamera/examples/knative-serving/scenario.go:91\ngithub.com/tgoodwin/kamera/examples/knative-serving/knative.NewKnativeStrategy.func1\n\t/Users/tgoodwin/projects/kamera/examples/knative-serving/knative/harness.go:555\ngithub.com/tgoodwin/kamera/examples/knative-serving/knative.(*KnativeStrategy).ReconcileAtState\n\t/Users/tgoodwin/projects/kamera/examples/knative-serving/knative/harness.go:895\ngithub.com/tgoodwin/kamera/pkg/tracecheck.(*ReconcilerContainer).doReconcile\n\t/Users/tgoodwin/projects/kamera/pkg/tracecheck/reconciler.go:164\ngithub.com/tgoodwin/kamera/pkg/tracecheck.(*Explorer).reconcileAtState\n\t/Users/tgoodwin/projects/kamera/pkg/tracecheck/explore.go:1313\ngithub.com/tgoodwin/kamera/pkg/tracecheck.(*Explorer).takeReconcileStep\n\t/Users/tgoodwin/projects/kamera/pkg/tracecheck/explore.go:1228\ngithub.com/tgoodwin/kamera/pkg/tracecheck.(*Explorer).explore\n\t/Users/tgoodwin/projects/kamera/pkg/tracecheck/explore.go:790\ngithub.com/tgoodwin/kamera/pkg/tracecheck.(*Explorer).Explore.func1\n\t/Users/tgoodwin/projects/kamera/pkg/tracecheck/explore.go:330"}
{"level":"info","ts":1768351643.020597,"logger":"fallback","caller":"revision/reconcile_resources.go:161","msg":"Reconciling PA: kamera-test"}
{"level":"info","ts":"2026-01-13T16:47:23-08:00","logger":"RevisionReconciler.reconcile","msg":"reconcile completed","key":"default/kamera-test","reconciler":"knative.dev.serving.pkg.reconciler.revision.Reconciler","requeue":false,"requeueAfter":0}
{"level":"info","ts":"2026-01-13T16:47:23-08:00","logger":"tracecheck","msg":"Taking reconcile step","Depth":54,"# Distinct States":126,"Total States":126,"Resource States":43}
{"level":"info","ts":"2026-01-13T16:47:23-08:00","logger":"ConfigurationReconciler.seed","msg":"added podscalable to informer","resource":"deployments","namespace":"default","name":"kamera-test-deployment","stage":"podscalable-add","keys":["default/kamera-test-deployment"]}
{"level":"info","ts":"2026-01-13T16:47:23-08:00","logger":"ConfigurationReconciler.seed","msg":"podscalable visible to lister","resource":"deployments","namespace":"default","name":"kamera-test-deployment","stage":"podscalable-lister","object":{"apiVersion":"autoscaling.internal.knative.dev/v1alpha1","kind":"PodScalable","namespace":"default","name":"kamera-test-deployment"}}
{"level":"info","ts":1768351643.1411798,"logger":"fallback","caller":"configuration/configuration.go:106","msg":"Revision \"kamera-test\" of configuration is ready"}
{"level":"info","ts":"2026-01-13T16:47:23-08:00","logger":"ConfigurationReconciler.reconcile","msg":"reconcile completed","key":"default/demo","reconciler":"knative.dev.serving.pkg.reconciler.configuration.Reconciler","requeue":false,"requeueAfter":0}
{"level":"info","ts":"2026-01-13T16:47:23-08:00","logger":"tracecheck","msg":"Taking reconcile step","Depth":55,"# Distinct States":127,"Total States":127,"Resource States":43}
{"level":"info","ts":"2026-01-13T16:47:23-08:00","logger":"RouteReconciler.seed","msg":"added podscalable to informer","resource":"deployments","namespace":"default","name":"kamera-test-deployment","stage":"podscalable-add","keys":["default/kamera-test-deployment"]}
{"level":"info","ts":"2026-01-13T16:47:23-08:00","logger":"RouteReconciler.seed","msg":"podscalable visible to lister","resource":"deployments","namespace":"default","name":"kamera-test-deployment","stage":"podscalable-lister","object":{"apiVersion":"autoscaling.internal.knative.dev/v1alpha1","kind":"PodScalable","namespace":"default","name":"kamera-test-deployment"}}
{"level":"info","ts":1768351643.254001,"logger":"fallback","caller":"route/route.go:465","msg":"Revision default/kamera-test is inactive"}
{"level":"info","ts":1768351643.254051,"logger":"fallback","caller":"route/route.go:487","msg":"All referred targets are routable, marking AllTrafficAssigned with traffic information."}
{"level":"info","ts":1768351643.254088,"logger":"fallback","caller":"route/route.go:140","msg":"Creating placeholder k8s services"}
{"level":"info","ts":1768351643.254394,"logger":"fallback","caller":"route/reconcile_resources.go:179","msg":"Created service demo"}
{"level":"info","ts":1768351643.254869,"logger":"fallback","caller":"route/route.go:176","msg":"Updating placeholder k8s services with ingress information"}
{"level":"warn","ts":1768351643.254913,"logger":"fallback","caller":"route/reconcile_resources.go:228","msg":"Failed to update k8s service","error":"failed to fetch loadbalancer domain/IP from ingress status"}
{"level":"info","ts":1768351643.2549329,"logger":"fallback","caller":"route/route.go:198","msg":"Route successfully synced"}
{"level":"info","ts":"2026-01-13T16:47:23-08:00","logger":"RouteReconciler.reconcile","msg":"reconcile completed","key":"default/demo","reconciler":"knative.dev.serving.pkg.reconciler.route.Reconciler","requeue":false,"requeueAfter":0}
{"level":"info","ts":"2026-01-13T16:47:23-08:00","logger":"tracecheck","msg":"Taking reconcile step","Depth":56,"# Distinct States":128,"Total States":128,"Resource States":43}
{"level":"info","ts":"2026-01-13T16:47:23-08:00","logger":"ServiceReconciler.seed","msg":"added podscalable to informer","resource":"deployments","namespace":"default","name":"kamera-test-deployment","stage":"podscalable-add","keys":["default/kamera-test-deployment"]}
{"level":"info","ts":"2026-01-13T16:47:23-08:00","logger":"ServiceReconciler.seed","msg":"podscalable visible to lister","resource":"deployments","namespace":"default","name":"kamera-test-deployment","stage":"podscalable-lister","object":{"apiVersion":"autoscaling.internal.knative.dev/v1alpha1","kind":"PodScalable","namespace":"default","name":"kamera-test-deployment"}}
{"level":"info","ts":1768351643.370645,"logger":"fallback","caller":"service/service.go:171","msg":"Service reconciler fetching Route from lister: name=demo, namespace=default"}
{"level":"info","ts":1768351643.370694,"logger":"fallback","caller":"service/service.go:174","msg":"Service reconciler got Route from lister: name=demo, Generation=1, ObservedGeneration=1, ResourceVersion="}
{"level":"info","ts":1768351643.370741,"logger":"fallback","caller":"service/service.go:126","msg":"Service reconciler checking Route: name=demo, Generation=1, ObservedGeneration=1, Ready=Unknown (reason=IngressNotConfigured, message=Ingress has not yet been reconciled.), generationMatch=true, routeResourceVersion="}
{"level":"info","ts":1768351643.370757,"logger":"fallback","caller":"service/service.go:136","msg":"Service reconciler calling PropagateRouteStatus() because Generation == ObservedGeneration"}
{"level":"info","ts":"2026-01-13T16:47:23-08:00","logger":"ServiceReconciler.reconcile","msg":"reconcile completed","key":"default/demo","reconciler":"knative.dev.serving.pkg.reconciler.service.Reconciler","requeue":false,"requeueAfter":0}
{"level":"info","ts":"2026-01-13T16:47:23-08:00","logger":"tracecheck","msg":"Taking reconcile step","Depth":51,"# Distinct States":130,"Total States":130,"Resource States":43}
{"level":"info","ts":"2026-01-13T16:47:23-08:00","logger":"RevisionReconciler.seed","msg":"added podscalable to informer","resource":"deployments","namespace":"default","name":"kamera-test-deployment","stage":"podscalable-add","keys":["default/kamera-test-deployment"]}
{"level":"info","ts":"2026-01-13T16:47:23-08:00","logger":"RevisionReconciler.seed","msg":"podscalable visible to lister","resource":"deployments","namespace":"default","name":"kamera-test-deployment","stage":"podscalable-lister","object":{"apiVersion":"autoscaling.internal.knative.dev/v1alpha1","kind":"PodScalable","namespace":"default","name":"kamera-test-deployment"}}
{"level":"error","ts":1768351643.483397,"logger":"fallback","caller":"revision/controller.go:116","msg":"Failed to create resolver transport","error":"open /var/run/secrets/kubernetes.io/serviceaccount/ca.crt: no such file or directory","stacktrace":"knative.dev/serving/pkg/reconciler/revision.newControllerWithOptions\n\t/Users/tgoodwin/tmp/gomodcache/knative.dev/serving@v0.46.5/pkg/reconciler/revision/controller.go:116\nknative.dev/serving/pkg/reconciler/revision.NewController\n\t/Users/tgoodwin/tmp/gomodcache/knative.dev/serving@v0.46.5/pkg/reconciler/revision/controller.go:64\nmain.configureKnativeExplorer.func1.1\n\t/Users/tgoodwin/projects/kamera/examples/knative-serving/scenario.go:91\ngithub.com/tgoodwin/kamera/examples/knative-serving/knative.NewKnativeStrategy.func1\n\t/Users/tgoodwin/projects/kamera/examples/knative-serving/knative/harness.go:555\ngithub.com/tgoodwin/kamera/examples/knative-serving/knative.(*KnativeStrategy).ReconcileAtState\n\t/Users/tgoodwin/projects/kamera/examples/knative-serving/knative/harness.go:895\ngithub.com/tgoodwin/kamera/pkg/tracecheck.(*ReconcilerContainer).doReconcile\n\t/Users/tgoodwin/projects/kamera/pkg/tracecheck/reconciler.go:164\ngithub.com/tgoodwin/kamera/pkg/tracecheck.(*Explorer).reconcileAtState\n\t/Users/tgoodwin/projects/kamera/pkg/tracecheck/explore.go:1313\ngithub.com/tgoodwin/kamera/pkg/tracecheck.(*Explorer).takeReconcileStep\n\t/Users/tgoodwin/projects/kamera/pkg/tracecheck/explore.go:1228\ngithub.com/tgoodwin/kamera/pkg/tracecheck.(*Explorer).explore\n\t/Users/tgoodwin/projects/kamera/pkg/tracecheck/explore.go:790\ngithub.com/tgoodwin/kamera/pkg/tracecheck.(*Explorer).Explore.func1\n\t/Users/tgoodwin/projects/kamera/pkg/tracecheck/explore.go:330"}
{"level":"info","ts":1768351643.484114,"logger":"fallback","caller":"revision/reconcile_resources.go:161","msg":"Reconciling PA: kamera-test"}
{"level":"info","ts":"2026-01-13T16:47:23-08:00","logger":"RevisionReconciler.reconcile","msg":"reconcile completed","key":"default/kamera-test","reconciler":"knative.dev.serving.pkg.reconciler.revision.Reconciler","requeue":false,"requeueAfter":0}
{"level":"info","ts":"2026-01-13T16:47:23-08:00","logger":"tracecheck","msg":"Taking reconcile step","Depth":52,"# Distinct States":131,"Total States":131,"Resource States":43}
{"level":"info","ts":"2026-01-13T16:47:23-08:00","logger":"tracecheck","msg":"Taking reconcile step","Depth":53,"# Distinct States":132,"Total States":132,"Resource States":43}
{"level":"info","ts":"2026-01-13T16:47:23-08:00","logger":"KPAReconciler.seed","msg":"added podscalable to informer","resource":"deployments","namespace":"default","name":"kamera-test-deployment","stage":"podscalable-add","keys":["default/kamera-test-deployment"]}
{"level":"info","ts":"2026-01-13T16:47:23-08:00","logger":"KPAReconciler.seed","msg":"podscalable visible to lister","resource":"deployments","namespace":"default","name":"kamera-test-deployment","stage":"podscalable-lister","object":{"apiVersion":"autoscaling.internal.knative.dev/v1alpha1","kind":"PodScalable","namespace":"default","name":"kamera-test-deployment"}}
{"level":"info","ts":1768351643.6024399,"logger":"fallback","caller":"kpa/controller.go:77","msg":"Setting up ConfigMap receivers"}
{"level":"info","ts":1768351643.602506,"logger":"fallback","caller":"kpa/controller.go:91","msg":"Setting up KPA-Class event handlers"}
{"level":"info","ts":1768351643.602574,"logger":"fallback","caller":"kpa/scaler.go:379","msg":"Scaling from 1 to 0"}
{"level":"info","ts":1768351643.603609,"logger":"fallback","caller":"kpa/kpa.go:158","msg":"SKS should be in Proxy mode: want = 0, ebc = 0, #act's = 2 PA Inactive? = true"}
{"level":"info","ts":1768351643.603623,"logger":"fallback","caller":"kpa/kpa.go:178","msg":"PA scale got=1, want=0, desiredPods=0 ebc=0"}
{"level":"info","ts":1768351643.603628,"logger":"fallback","caller":"kpa/kpa.go:188","msg":"Observed pod counts=kpa.podCounts{want:0, ready:1, notReady:0, pending:0, terminating:0}"}
{"level":"info","ts":"2026-01-13T16:47:23-08:00","logger":"KPAReconciler.reconcile","msg":"reconcile completed","key":"default/kamera-test","reconciler":"knative.dev.serving.pkg.reconciler.autoscaling.kpa.Reconciler","requeue":false,"requeueAfter":0}
{"level":"info","ts":"2026-01-13T16:47:23-08:00","logger":"tracecheck","msg":"Taking reconcile step","Depth":54,"# Distinct States":133,"Total States":133,"Resource States":43}
{"level":"info","ts":"2026-01-13T16:47:23-08:00","logger":"ConfigurationReconciler.seed","msg":"added podscalable to informer","resource":"deployments","namespace":"default","name":"kamera-test-deployment","stage":"podscalable-add","keys":["default/kamera-test-deployment"]}
{"level":"info","ts":"2026-01-13T16:47:23-08:00","logger":"ConfigurationReconciler.seed","msg":"podscalable visible to lister","resource":"deployments","namespace":"default","name":"kamera-test-deployment","stage":"podscalable-lister","object":{"apiVersion":"autoscaling.internal.knative.dev/v1alpha1","kind":"PodScalable","namespace":"default","name":"kamera-test-deployment"}}
{"level":"info","ts":1768351643.709986,"logger":"fallback","caller":"configuration/configuration.go:106","msg":"Revision \"kamera-test\" of configuration is ready"}
{"level":"info","ts":"2026-01-13T16:47:23-08:00","logger":"ConfigurationReconciler.reconcile","msg":"reconcile completed","key":"default/demo","reconciler":"knative.dev.serving.pkg.reconciler.configuration.Reconciler","requeue":false,"requeueAfter":0}
{"level":"info","ts":"2026-01-13T16:47:23-08:00","logger":"tracecheck","msg":"Taking reconcile step","Depth":55,"# Distinct States":134,"Total States":134,"Resource States":43}
{"level":"info","ts":"2026-01-13T16:47:23-08:00","logger":"RouteReconciler.seed","msg":"added podscalable to informer","resource":"deployments","namespace":"default","name":"kamera-test-deployment","stage":"podscalable-add","keys":["default/kamera-test-deployment"]}
{"level":"info","ts":"2026-01-13T16:47:23-08:00","logger":"RouteReconciler.seed","msg":"podscalable visible to lister","resource":"deployments","namespace":"default","name":"kamera-test-deployment","stage":"podscalable-lister","object":{"apiVersion":"autoscaling.internal.knative.dev/v1alpha1","kind":"PodScalable","namespace":"default","name":"kamera-test-deployment"}}
{"level":"info","ts":1768351643.816772,"logger":"fallback","caller":"route/route.go:465","msg":"Revision default/kamera-test is inactive"}
{"level":"info","ts":1768351643.816832,"logger":"fallback","caller":"route/route.go:487","msg":"All referred targets are routable, marking AllTrafficAssigned with traffic information."}
{"level":"info","ts":1768351643.816869,"logger":"fallback","caller":"route/route.go:140","msg":"Creating placeholder k8s services"}
{"level":"info","ts":1768351643.81711,"logger":"fallback","caller":"route/reconcile_resources.go:179","msg":"Created service demo"}
{"level":"info","ts":1768351643.81751,"logger":"fallback","caller":"route/route.go:176","msg":"Updating placeholder k8s services with ingress information"}
{"level":"warn","ts":1768351643.8175511,"logger":"fallback","caller":"route/reconcile_resources.go:228","msg":"Failed to update k8s service","error":"failed to fetch loadbalancer domain/IP from ingress status"}
{"level":"info","ts":1768351643.8175669,"logger":"fallback","caller":"route/route.go:198","msg":"Route successfully synced"}
{"level":"info","ts":"2026-01-13T16:47:23-08:00","logger":"RouteReconciler.reconcile","msg":"reconcile completed","key":"default/demo","reconciler":"knative.dev.serving.pkg.reconciler.route.Reconciler","requeue":false,"requeueAfter":0}
{"level":"info","ts":"2026-01-13T16:47:23-08:00","logger":"tracecheck","msg":"Taking reconcile step","Depth":56,"# Distinct States":135,"Total States":135,"Resource States":43}
{"level":"info","ts":"2026-01-13T16:47:23-08:00","logger":"ServiceReconciler.seed","msg":"added podscalable to informer","resource":"deployments","namespace":"default","name":"kamera-test-deployment","stage":"podscalable-add","keys":["default/kamera-test-deployment"]}
{"level":"info","ts":"2026-01-13T16:47:23-08:00","logger":"ServiceReconciler.seed","msg":"podscalable visible to lister","resource":"deployments","namespace":"default","name":"kamera-test-deployment","stage":"podscalable-lister","object":{"apiVersion":"autoscaling.internal.knative.dev/v1alpha1","kind":"PodScalable","namespace":"default","name":"kamera-test-deployment"}}
{"level":"info","ts":1768351643.92936,"logger":"fallback","caller":"service/service.go:171","msg":"Service reconciler fetching Route from lister: name=demo, namespace=default"}
{"level":"info","ts":1768351643.929415,"logger":"fallback","caller":"service/service.go:174","msg":"Service reconciler got Route from lister: name=demo, Generation=1, ObservedGeneration=1, ResourceVersion="}
{"level":"info","ts":1768351643.929468,"logger":"fallback","caller":"service/service.go:126","msg":"Service reconciler checking Route: name=demo, Generation=1, ObservedGeneration=1, Ready=Unknown (reason=IngressNotConfigured, message=Ingress has not yet been reconciled.), generationMatch=true, routeResourceVersion="}
{"level":"info","ts":1768351643.9294841,"logger":"fallback","caller":"service/service.go:136","msg":"Service reconciler calling PropagateRouteStatus() because Generation == ObservedGeneration"}
{"level":"info","ts":"2026-01-13T16:47:23-08:00","logger":"ServiceReconciler.reconcile","msg":"reconcile completed","key":"default/demo","reconciler":"knative.dev.serving.pkg.reconciler.service.Reconciler","requeue":false,"requeueAfter":0}
{"level":"info","ts":"2026-01-13T16:47:23-08:00","logger":"tracecheck","msg":"Taking reconcile step","Depth":57,"# Distinct States":136,"Total States":136,"Resource States":43}
{"level":"info","ts":"2026-01-13T16:47:23-08:00","logger":"tracecheck","msg":"Taking reconcile step","Depth":58,"# Distinct States":137,"Total States":137,"Resource States":43}
{"level":"info","ts":"2026-01-13T16:47:23-08:00","logger":"tracecheck","msg":"Updated Deployment status","Depth":58,"# Distinct States":137,"Total States":137,"Resource States":43,"name":"kamera-test-deployment"}
{"level":"info","ts":"2026-01-13T16:47:23-08:00","logger":"tracecheck","msg":"Taking reconcile step","Depth":50,"# Distinct States":138,"Total States":138,"Resource States":43}
{"level":"info","ts":"2026-01-13T16:47:24-08:00","logger":"RevisionReconciler.seed","msg":"added podscalable to informer","resource":"deployments","namespace":"default","name":"kamera-test-deployment","stage":"podscalable-add","keys":["default/kamera-test-deployment"]}
{"level":"info","ts":"2026-01-13T16:47:24-08:00","logger":"RevisionReconciler.seed","msg":"podscalable visible to lister","resource":"deployments","namespace":"default","name":"kamera-test-deployment","stage":"podscalable-lister","object":{"apiVersion":"autoscaling.internal.knative.dev/v1alpha1","kind":"PodScalable","namespace":"default","name":"kamera-test-deployment"}}
{"level":"error","ts":1768351644.053934,"logger":"fallback","caller":"revision/controller.go:116","msg":"Failed to create resolver transport","error":"open /var/run/secrets/kubernetes.io/serviceaccount/ca.crt: no such file or directory","stacktrace":"knative.dev/serving/pkg/reconciler/revision.newControllerWithOptions\n\t/Users/tgoodwin/tmp/gomodcache/knative.dev/serving@v0.46.5/pkg/reconciler/revision/controller.go:116\nknative.dev/serving/pkg/reconciler/revision.NewController\n\t/Users/tgoodwin/tmp/gomodcache/knative.dev/serving@v0.46.5/pkg/reconciler/revision/controller.go:64\nmain.configureKnativeExplorer.func1.1\n\t/Users/tgoodwin/projects/kamera/examples/knative-serving/scenario.go:91\ngithub.com/tgoodwin/kamera/examples/knative-serving/knative.NewKnativeStrategy.func1\n\t/Users/tgoodwin/projects/kamera/examples/knative-serving/knative/harness.go:555\ngithub.com/tgoodwin/kamera/examples/knative-serving/knative.(*KnativeStrategy).ReconcileAtState\n\t/Users/tgoodwin/projects/kamera/examples/knative-serving/knative/harness.go:895\ngithub.com/tgoodwin/kamera/pkg/tracecheck.(*ReconcilerContainer).doReconcile\n\t/Users/tgoodwin/projects/kamera/pkg/tracecheck/reconciler.go:164\ngithub.com/tgoodwin/kamera/pkg/tracecheck.(*Explorer).reconcileAtState\n\t/Users/tgoodwin/projects/kamera/pkg/tracecheck/explore.go:1313\ngithub.com/tgoodwin/kamera/pkg/tracecheck.(*Explorer).takeReconcileStep\n\t/Users/tgoodwin/projects/kamera/pkg/tracecheck/explore.go:1228\ngithub.com/tgoodwin/kamera/pkg/tracecheck.(*Explorer).explore\n\t/Users/tgoodwin/projects/kamera/pkg/tracecheck/explore.go:790\ngithub.com/tgoodwin/kamera/pkg/tracecheck.(*Explorer).Explore.func1\n\t/Users/tgoodwin/projects/kamera/pkg/tracecheck/explore.go:330"}
{"level":"info","ts":1768351644.054962,"logger":"fallback","caller":"revision/reconcile_resources.go:161","msg":"Reconciling PA: kamera-test"}
{"level":"info","ts":"2026-01-13T16:47:24-08:00","logger":"RevisionReconciler.reconcile","msg":"reconcile completed","key":"default/kamera-test","reconciler":"knative.dev.serving.pkg.reconciler.revision.Reconciler","requeue":false,"requeueAfter":0}
{"level":"info","ts":"2026-01-13T16:47:24-08:00","logger":"tracecheck","msg":"Taking reconcile step","Depth":51,"# Distinct States":139,"Total States":139,"Resource States":43}
{"level":"info","ts":"2026-01-13T16:47:24-08:00","logger":"tracecheck","msg":"Updated Deployment status","Depth":51,"# Distinct States":139,"Total States":139,"Resource States":43,"name":"kamera-test-deployment"}
{"level":"info","ts":"2026-01-13T16:47:24-08:00","logger":"tracecheck","msg":"Taking reconcile step","Depth":52,"# Distinct States":140,"Total States":140,"Resource States":43}
{"level":"info","ts":"2026-01-13T16:47:24-08:00","logger":"tracecheck","msg":"Taking reconcile step","Depth":53,"# Distinct States":141,"Total States":141,"Resource States":43}
{"level":"info","ts":"2026-01-13T16:47:24-08:00","logger":"KPAReconciler.seed","msg":"added podscalable to informer","resource":"deployments","namespace":"default","name":"kamera-test-deployment","stage":"podscalable-add","keys":["default/kamera-test-deployment"]}
{"level":"info","ts":"2026-01-13T16:47:24-08:00","logger":"KPAReconciler.seed","msg":"podscalable visible to lister","resource":"deployments","namespace":"default","name":"kamera-test-deployment","stage":"podscalable-lister","object":{"apiVersion":"autoscaling.internal.knative.dev/v1alpha1","kind":"PodScalable","namespace":"default","name":"kamera-test-deployment"}}
{"level":"info","ts":1768351644.174675,"logger":"fallback","caller":"kpa/controller.go:77","msg":"Setting up ConfigMap receivers"}
{"level":"info","ts":1768351644.175055,"logger":"fallback","caller":"kpa/controller.go:91","msg":"Setting up KPA-Class event handlers"}
{"level":"info","ts":1768351644.1752698,"logger":"fallback","caller":"kpa/scaler.go:379","msg":"Scaling from 1 to 0"}
{"level":"info","ts":1768351644.178089,"logger":"fallback","caller":"kpa/kpa.go:158","msg":"SKS should be in Proxy mode: want = 0, ebc = 0, #act's = 2 PA Inactive? = true"}
{"level":"info","ts":1768351644.178155,"logger":"fallback","caller":"kpa/kpa.go:178","msg":"PA scale got=1, want=0, desiredPods=0 ebc=0"}
{"level":"info","ts":1768351644.1781728,"logger":"fallback","caller":"kpa/kpa.go:188","msg":"Observed pod counts=kpa.podCounts{want:0, ready:1, notReady:0, pending:0, terminating:0}"}
{"level":"info","ts":"2026-01-13T16:47:24-08:00","logger":"KPAReconciler.reconcile","msg":"reconcile completed","key":"default/kamera-test","reconciler":"knative.dev.serving.pkg.reconciler.autoscaling.kpa.Reconciler","requeue":false,"requeueAfter":0}
{"level":"info","ts":"2026-01-13T16:47:24-08:00","logger":"tracecheck","msg":"Taking reconcile step","Depth":47,"# Distinct States":142,"Total States":142,"Resource States":43}
{"level":"info","ts":"2026-01-13T16:47:24-08:00","logger":"RevisionReconciler.seed","msg":"added podscalable to informer","resource":"deployments","namespace":"default","name":"kamera-test-deployment","stage":"podscalable-add","keys":["default/kamera-test-deployment"]}
{"level":"info","ts":"2026-01-13T16:47:24-08:00","logger":"RevisionReconciler.seed","msg":"podscalable visible to lister","resource":"deployments","namespace":"default","name":"kamera-test-deployment","stage":"podscalable-lister","object":{"apiVersion":"autoscaling.internal.knative.dev/v1alpha1","kind":"PodScalable","namespace":"default","name":"kamera-test-deployment"}}
{"level":"error","ts":1768351644.290543,"logger":"fallback","caller":"revision/controller.go:116","msg":"Failed to create resolver transport","error":"open /var/run/secrets/kubernetes.io/serviceaccount/ca.crt: no such file or directory","stacktrace":"knative.dev/serving/pkg/reconciler/revision.newControllerWithOptions\n\t/Users/tgoodwin/tmp/gomodcache/knative.dev/serving@v0.46.5/pkg/reconciler/revision/controller.go:116\nknative.dev/serving/pkg/reconciler/revision.NewController\n\t/Users/tgoodwin/tmp/gomodcache/knative.dev/serving@v0.46.5/pkg/reconciler/revision/controller.go:64\nmain.configureKnativeExplorer.func1.1\n\t/Users/tgoodwin/projects/kamera/examples/knative-serving/scenario.go:91\ngithub.com/tgoodwin/kamera/examples/knative-serving/knative.NewKnativeStrategy.func1\n\t/Users/tgoodwin/projects/kamera/examples/knative-serving/knative/harness.go:555\ngithub.com/tgoodwin/kamera/examples/knative-serving/knative.(*KnativeStrategy).ReconcileAtState\n\t/Users/tgoodwin/projects/kamera/examples/knative-serving/knative/harness.go:895\ngithub.com/tgoodwin/kamera/pkg/tracecheck.(*ReconcilerContainer).doReconcile\n\t/Users/tgoodwin/projects/kamera/pkg/tracecheck/reconciler.go:164\ngithub.com/tgoodwin/kamera/pkg/tracecheck.(*Explorer).reconcileAtState\n\t/Users/tgoodwin/projects/kamera/pkg/tracecheck/explore.go:1313\ngithub.com/tgoodwin/kamera/pkg/tracecheck.(*Explorer).takeReconcileStep\n\t/Users/tgoodwin/projects/kamera/pkg/tracecheck/explore.go:1228\ngithub.com/tgoodwin/kamera/pkg/tracecheck.(*Explorer).explore\n\t/Users/tgoodwin/projects/kamera/pkg/tracecheck/explore.go:790\ngithub.com/tgoodwin/kamera/pkg/tracecheck.(*Explorer).Explore.func1\n\t/Users/tgoodwin/projects/kamera/pkg/tracecheck/explore.go:330"}
{"level":"info","ts":1768351644.291403,"logger":"fallback","caller":"revision/reconcile_resources.go:161","msg":"Reconciling PA: kamera-test"}
{"level":"info","ts":"2026-01-13T16:47:24-08:00","logger":"RevisionReconciler.reconcile","msg":"reconcile completed","key":"default/kamera-test","reconciler":"knative.dev.serving.pkg.reconciler.revision.Reconciler","requeue":false,"requeueAfter":0}
{"level":"info","ts":"2026-01-13T16:47:24-08:00","logger":"tracecheck","msg":"Taking reconcile step","Depth":48,"# Distinct States":143,"Total States":143,"Resource States":44}
{"level":"info","ts":"2026-01-13T16:47:24-08:00","logger":"ConfigurationReconciler.seed","msg":"added podscalable to informer","resource":"deployments","namespace":"default","name":"kamera-test-deployment","stage":"podscalable-add","keys":["default/kamera-test-deployment"]}
{"level":"info","ts":"2026-01-13T16:47:24-08:00","logger":"ConfigurationReconciler.seed","msg":"podscalable visible to lister","resource":"deployments","namespace":"default","name":"kamera-test-deployment","stage":"podscalable-lister","object":{"apiVersion":"autoscaling.internal.knative.dev/v1alpha1","kind":"PodScalable","namespace":"default","name":"kamera-test-deployment"}}
{"level":"info","ts":1768351644.4023051,"logger":"fallback","caller":"configuration/configuration.go:106","msg":"Revision \"kamera-test\" of configuration is ready"}
{"level":"info","ts":"2026-01-13T16:47:24-08:00","logger":"ConfigurationReconciler.reconcile","msg":"reconcile completed","key":"default/demo","reconciler":"knative.dev.serving.pkg.reconciler.configuration.Reconciler","requeue":false,"requeueAfter":0}
{"level":"info","ts":"2026-01-13T16:47:24-08:00","logger":"tracecheck","msg":"Taking reconcile step","Depth":49,"# Distinct States":144,"Total States":144,"Resource States":44}
{"level":"info","ts":"2026-01-13T16:47:24-08:00","logger":"tracecheck","msg":"Taking reconcile step","Depth":50,"# Distinct States":145,"Total States":145,"Resource States":44}
{"level":"info","ts":"2026-01-13T16:47:24-08:00","logger":"tracecheck","msg":"Updated Deployment status","Depth":50,"# Distinct States":145,"Total States":145,"Resource States":44,"name":"kamera-test-deployment"}
{"level":"info","ts":"2026-01-13T16:47:24-08:00","logger":"tracecheck","msg":"Taking reconcile step","Depth":51,"# Distinct States":146,"Total States":146,"Resource States":44}
{"level":"info","ts":"2026-01-13T16:47:24-08:00","logger":"tracecheck","msg":"Taking reconcile step","Depth":52,"# Distinct States":147,"Total States":147,"Resource States":44}
{"level":"info","ts":"2026-01-13T16:47:24-08:00","logger":"KPAReconciler.seed","msg":"added podscalable to informer","resource":"deployments","namespace":"default","name":"kamera-test-deployment","stage":"podscalable-add","keys":["default/kamera-test-deployment"]}
{"level":"info","ts":"2026-01-13T16:47:24-08:00","logger":"KPAReconciler.seed","msg":"podscalable visible to lister","resource":"deployments","namespace":"default","name":"kamera-test-deployment","stage":"podscalable-lister","object":{"apiVersion":"autoscaling.internal.knative.dev/v1alpha1","kind":"PodScalable","namespace":"default","name":"kamera-test-deployment"}}
{"level":"info","ts":1768351644.5283148,"logger":"fallback","caller":"kpa/controller.go:77","msg":"Setting up ConfigMap receivers"}
{"level":"info","ts":1768351644.528524,"logger":"fallback","caller":"kpa/controller.go:91","msg":"Setting up KPA-Class event handlers"}
{"level":"info","ts":1768351644.5288792,"logger":"fallback","caller":"kpa/scaler.go:379","msg":"Scaling from 1 to 0"}
{"level":"info","ts":1768351644.5320718,"logger":"fallback","caller":"kpa/kpa.go:158","msg":"SKS should be in Proxy mode: want = 0, ebc = 0, #act's = 2 PA Inactive? = true"}
{"level":"info","ts":1768351644.532187,"logger":"fallback","caller":"kpa/kpa.go:178","msg":"PA scale got=1, want=0, desiredPods=0 ebc=0"}
{"level":"info","ts":1768351644.532209,"logger":"fallback","caller":"kpa/kpa.go:188","msg":"Observed pod counts=kpa.podCounts{want:0, ready:1, notReady:0, pending:0, terminating:0}"}
{"level":"info","ts":"2026-01-13T16:47:24-08:00","logger":"KPAReconciler.reconcile","msg":"reconcile completed","key":"default/kamera-test","reconciler":"knative.dev.serving.pkg.reconciler.autoscaling.kpa.Reconciler","requeue":false,"requeueAfter":0}
{"level":"info","ts":"2026-01-13T16:47:24-08:00","logger":"tracecheck","msg":"Taking reconcile step","Depth":53,"# Distinct States":148,"Total States":148,"Resource States":44}
{"level":"info","ts":"2026-01-13T16:47:24-08:00","logger":"RevisionReconciler.seed","msg":"added podscalable to informer","resource":"deployments","namespace":"default","name":"kamera-test-deployment","stage":"podscalable-add","keys":["default/kamera-test-deployment"]}
{"level":"info","ts":"2026-01-13T16:47:24-08:00","logger":"RevisionReconciler.seed","msg":"podscalable visible to lister","resource":"deployments","namespace":"default","name":"kamera-test-deployment","stage":"podscalable-lister","object":{"apiVersion":"autoscaling.internal.knative.dev/v1alpha1","kind":"PodScalable","namespace":"default","name":"kamera-test-deployment"}}
{"level":"error","ts":1768351644.644062,"logger":"fallback","caller":"revision/controller.go:116","msg":"Failed to create resolver transport","error":"open /var/run/secrets/kubernetes.io/serviceaccount/ca.crt: no such file or directory","stacktrace":"knative.dev/serving/pkg/reconciler/revision.newControllerWithOptions\n\t/Users/tgoodwin/tmp/gomodcache/knative.dev/serving@v0.46.5/pkg/reconciler/revision/controller.go:116\nknative.dev/serving/pkg/reconciler/revision.NewController\n\t/Users/tgoodwin/tmp/gomodcache/knative.dev/serving@v0.46.5/pkg/reconciler/revision/controller.go:64\nmain.configureKnativeExplorer.func1.1\n\t/Users/tgoodwin/projects/kamera/examples/knative-serving/scenario.go:91\ngithub.com/tgoodwin/kamera/examples/knative-serving/knative.NewKnativeStrategy.func1\n\t/Users/tgoodwin/projects/kamera/examples/knative-serving/knative/harness.go:555\ngithub.com/tgoodwin/kamera/examples/knative-serving/knative.(*KnativeStrategy).ReconcileAtState\n\t/Users/tgoodwin/projects/kamera/examples/knative-serving/knative/harness.go:895\ngithub.com/tgoodwin/kamera/pkg/tracecheck.(*ReconcilerContainer).doReconcile\n\t/Users/tgoodwin/projects/kamera/pkg/tracecheck/reconciler.go:164\ngithub.com/tgoodwin/kamera/pkg/tracecheck.(*Explorer).reconcileAtState\n\t/Users/tgoodwin/projects/kamera/pkg/tracecheck/explore.go:1313\ngithub.com/tgoodwin/kamera/pkg/tracecheck.(*Explorer).takeReconcileStep\n\t/Users/tgoodwin/projects/kamera/pkg/tracecheck/explore.go:1228\ngithub.com/tgoodwin/kamera/pkg/tracecheck.(*Explorer).explore\n\t/Users/tgoodwin/projects/kamera/pkg/tracecheck/explore.go:790\ngithub.com/tgoodwin/kamera/pkg/tracecheck.(*Explorer).Explore.func1\n\t/Users/tgoodwin/projects/kamera/pkg/tracecheck/explore.go:330"}
{"level":"info","ts":1768351644.6448069,"logger":"fallback","caller":"revision/reconcile_resources.go:161","msg":"Reconciling PA: kamera-test"}
{"level":"info","ts":"2026-01-13T16:47:24-08:00","logger":"RevisionReconciler.reconcile","msg":"reconcile completed","key":"default/kamera-test","reconciler":"knative.dev.serving.pkg.reconciler.revision.Reconciler","requeue":false,"requeueAfter":0}
{"level":"info","ts":"2026-01-13T16:47:24-08:00","logger":"tracecheck","msg":"Taking reconcile step","Depth":54,"# Distinct States":149,"Total States":149,"Resource States":44}
{"level":"info","ts":"2026-01-13T16:47:24-08:00","logger":"ConfigurationReconciler.seed","msg":"added podscalable to informer","resource":"deployments","namespace":"default","name":"kamera-test-deployment","stage":"podscalable-add","keys":["default/kamera-test-deployment"]}
{"level":"info","ts":"2026-01-13T16:47:24-08:00","logger":"ConfigurationReconciler.seed","msg":"podscalable visible to lister","resource":"deployments","namespace":"default","name":"kamera-test-deployment","stage":"podscalable-lister","object":{"apiVersion":"autoscaling.internal.knative.dev/v1alpha1","kind":"PodScalable","namespace":"default","name":"kamera-test-deployment"}}
{"level":"info","ts":1768351644.754085,"logger":"fallback","caller":"configuration/configuration.go:106","msg":"Revision \"kamera-test\" of configuration is ready"}
{"level":"info","ts":"2026-01-13T16:47:24-08:00","logger":"ConfigurationReconciler.reconcile","msg":"reconcile completed","key":"default/demo","reconciler":"knative.dev.serving.pkg.reconciler.configuration.Reconciler","requeue":false,"requeueAfter":0}
{"level":"info","ts":"2026-01-13T16:47:24-08:00","logger":"tracecheck","msg":"Taking reconcile step","Depth":55,"# Distinct States":150,"Total States":150,"Resource States":44}
{"level":"info","ts":"2026-01-13T16:47:24-08:00","logger":"RouteReconciler.seed","msg":"added podscalable to informer","resource":"deployments","namespace":"default","name":"kamera-test-deployment","stage":"podscalable-add","keys":["default/kamera-test-deployment"]}
{"level":"info","ts":"2026-01-13T16:47:24-08:00","logger":"RouteReconciler.seed","msg":"podscalable visible to lister","resource":"deployments","namespace":"default","name":"kamera-test-deployment","stage":"podscalable-lister","object":{"apiVersion":"autoscaling.internal.knative.dev/v1alpha1","kind":"PodScalable","namespace":"default","name":"kamera-test-deployment"}}
{"level":"info","ts":1768351644.862748,"logger":"fallback","caller":"route/route.go:465","msg":"Revision default/kamera-test is inactive"}
{"level":"info","ts":1768351644.862797,"logger":"fallback","caller":"route/route.go:487","msg":"All referred targets are routable, marking AllTrafficAssigned with traffic information."}
{"level":"info","ts":1768351644.862824,"logger":"fallback","caller":"route/route.go:140","msg":"Creating placeholder k8s services"}
{"level":"info","ts":1768351644.8630478,"logger":"fallback","caller":"route/reconcile_resources.go:179","msg":"Created service demo"}
{"level":"info","ts":1768351644.863431,"logger":"fallback","caller":"route/route.go:176","msg":"Updating placeholder k8s services with ingress information"}
{"level":"warn","ts":1768351644.86347,"logger":"fallback","caller":"route/reconcile_resources.go:228","msg":"Failed to update k8s service","error":"failed to fetch loadbalancer domain/IP from ingress status"}
{"level":"info","ts":1768351644.8634849,"logger":"fallback","caller":"route/route.go:198","msg":"Route successfully synced"}
{"level":"info","ts":"2026-01-13T16:47:24-08:00","logger":"RouteReconciler.reconcile","msg":"reconcile completed","key":"default/demo","reconciler":"knative.dev.serving.pkg.reconciler.route.Reconciler","requeue":false,"requeueAfter":0}
{"level":"info","ts":"2026-01-13T16:47:24-08:00","logger":"tracecheck","msg":"Taking reconcile step","Depth":56,"# Distinct States":151,"Total States":151,"Resource States":44}
{"level":"info","ts":"2026-01-13T16:47:24-08:00","logger":"ServiceReconciler.seed","msg":"added podscalable to informer","resource":"deployments","namespace":"default","name":"kamera-test-deployment","stage":"podscalable-add","keys":["default/kamera-test-deployment"]}
{"level":"info","ts":"2026-01-13T16:47:24-08:00","logger":"ServiceReconciler.seed","msg":"podscalable visible to lister","resource":"deployments","namespace":"default","name":"kamera-test-deployment","stage":"podscalable-lister","object":{"apiVersion":"autoscaling.internal.knative.dev/v1alpha1","kind":"PodScalable","namespace":"default","name":"kamera-test-deployment"}}
{"level":"info","ts":1768351644.976613,"logger":"fallback","caller":"service/service.go:171","msg":"Service reconciler fetching Route from lister: name=demo, namespace=default"}
{"level":"info","ts":1768351644.9766662,"logger":"fallback","caller":"service/service.go:174","msg":"Service reconciler got Route from lister: name=demo, Generation=1, ObservedGeneration=1, ResourceVersion="}
{"level":"info","ts":1768351644.976725,"logger":"fallback","caller":"service/service.go:126","msg":"Service reconciler checking Route: name=demo, Generation=1, ObservedGeneration=1, Ready=Unknown (reason=IngressNotConfigured, message=Ingress has not yet been reconciled.), generationMatch=true, routeResourceVersion="}
{"level":"info","ts":1768351644.976745,"logger":"fallback","caller":"service/service.go:136","msg":"Service reconciler calling PropagateRouteStatus() because Generation == ObservedGeneration"}
{"level":"info","ts":"2026-01-13T16:47:24-08:00","logger":"ServiceReconciler.reconcile","msg":"reconcile completed","key":"default/demo","reconciler":"knative.dev.serving.pkg.reconciler.service.Reconciler","requeue":false,"requeueAfter":0}
{"level":"info","ts":"2026-01-13T16:47:24-08:00","logger":"tracecheck","msg":"Taking reconcile step","Depth":57,"# Distinct States":152,"Total States":152,"Resource States":44}
{"level":"info","ts":"2026-01-13T16:47:24-08:00","logger":"tracecheck","msg":"Updated Deployment status","Depth":57,"# Distinct States":152,"Total States":152,"Resource States":44,"name":"kamera-test-deployment"}
{"level":"info","ts":"2026-01-13T16:47:24-08:00","logger":"tracecheck","msg":"Taking reconcile step","Depth":58,"# Distinct States":153,"Total States":153,"Resource States":44}
{"level":"info","ts":"2026-01-13T16:47:24-08:00","logger":"tracecheck","msg":"Taking reconcile step","Depth":59,"# Distinct States":154,"Total States":154,"Resource States":44}
{"level":"info","ts":"2026-01-13T16:47:25-08:00","logger":"KPAReconciler.seed","msg":"added podscalable to informer","resource":"deployments","namespace":"default","name":"kamera-test-deployment","stage":"podscalable-add","keys":["default/kamera-test-deployment"]}
{"level":"info","ts":"2026-01-13T16:47:25-08:00","logger":"KPAReconciler.seed","msg":"podscalable visible to lister","resource":"deployments","namespace":"default","name":"kamera-test-deployment","stage":"podscalable-lister","object":{"apiVersion":"autoscaling.internal.knative.dev/v1alpha1","kind":"PodScalable","namespace":"default","name":"kamera-test-deployment"}}
{"level":"info","ts":1768351645.1031082,"logger":"fallback","caller":"kpa/controller.go:77","msg":"Setting up ConfigMap receivers"}
{"level":"info","ts":1768351645.103317,"logger":"fallback","caller":"kpa/controller.go:91","msg":"Setting up KPA-Class event handlers"}
{"level":"info","ts":1768351645.1035771,"logger":"fallback","caller":"kpa/kpa.go:158","msg":"SKS should be in Proxy mode: want = 0, ebc = 0, #act's = 2 PA Inactive? = true"}
{"level":"info","ts":1768351645.103632,"logger":"fallback","caller":"kpa/kpa.go:178","msg":"PA scale got=1, want=0, desiredPods=0 ebc=0"}
{"level":"info","ts":1768351645.103647,"logger":"fallback","caller":"kpa/kpa.go:188","msg":"Observed pod counts=kpa.podCounts{want:0, ready:1, notReady:0, pending:0, terminating:0}"}
{"level":"info","ts":"2026-01-13T16:47:25-08:00","logger":"KPAReconciler.reconcile","msg":"reconcile completed","key":"default/kamera-test","reconciler":"knative.dev.serving.pkg.reconciler.autoscaling.kpa.Reconciler","requeue":false,"requeueAfter":0}
{"level":"info","ts":"2026-01-13T16:47:25-08:00","logger":"tracecheck","msg":"Taking reconcile step","Depth":60,"# Distinct States":155,"Total States":155,"Resource States":44}
{"level":"info","ts":"2026-01-13T16:47:25-08:00","logger":"tracecheck","msg":"Taking reconcile step","Depth":61,"# Distinct States":156,"Total States":156,"Resource States":44}
{"level":"info","ts":"2026-01-13T16:47:25-08:00","logger":"tracecheck","msg":"Taking reconcile step","Depth":62,"# Distinct States":157,"Total States":157,"Resource States":44}
{"level":"info","ts":"2026-01-13T16:47:25-08:00","logger":"RouteReconciler.seed","msg":"added podscalable to informer","resource":"deployments","namespace":"default","name":"kamera-test-deployment","stage":"podscalable-add","keys":["default/kamera-test-deployment"]}
{"level":"info","ts":"2026-01-13T16:47:25-08:00","logger":"RouteReconciler.seed","msg":"podscalable visible to lister","resource":"deployments","namespace":"default","name":"kamera-test-deployment","stage":"podscalable-lister","object":{"apiVersion":"autoscaling.internal.knative.dev/v1alpha1","kind":"PodScalable","namespace":"default","name":"kamera-test-deployment"}}
{"level":"info","ts":1768351645.217282,"logger":"fallback","caller":"route/route.go:465","msg":"Revision default/kamera-test is inactive"}
{"level":"info","ts":1768351645.2173219,"logger":"fallback","caller":"route/route.go:487","msg":"All referred targets are routable, marking AllTrafficAssigned with traffic information."}
{"level":"info","ts":1768351645.217343,"logger":"fallback","caller":"route/route.go:140","msg":"Creating placeholder k8s services"}
{"level":"info","ts":1768351645.217456,"logger":"fallback","caller":"route/route.go:176","msg":"Updating placeholder k8s services with ingress information"}
{"level":"info","ts":1768351645.217692,"logger":"fallback","caller":"route/route.go:198","msg":"Route successfully synced"}
{"level":"info","ts":"2026-01-13T16:47:25-08:00","logger":"RouteReconciler.reconcile","msg":"reconcile completed","key":"default/demo","reconciler":"knative.dev.serving.pkg.reconciler.route.Reconciler","requeue":false,"requeueAfter":0}
{"level":"info","ts":"2026-01-13T16:47:25-08:00","logger":"tracecheck","msg":"Taking reconcile step","Depth":63,"# Distinct States":158,"Total States":158,"Resource States":44}
{"level":"info","ts":"2026-01-13T16:47:25-08:00","logger":"tracecheck","msg":"Taking reconcile step","Depth":64,"# Distinct States":159,"Total States":159,"Resource States":44}
{"level":"info","ts":"2026-01-13T16:47:25-08:00","logger":"ServiceReconciler.seed","msg":"added podscalable to informer","resource":"deployments","namespace":"default","name":"kamera-test-deployment","stage":"podscalable-add","keys":["default/kamera-test-deployment"]}
{"level":"info","ts":"2026-01-13T16:47:25-08:00","logger":"ServiceReconciler.seed","msg":"podscalable visible to lister","resource":"deployments","namespace":"default","name":"kamera-test-deployment","stage":"podscalable-lister","object":{"apiVersion":"autoscaling.internal.knative.dev/v1alpha1","kind":"PodScalable","namespace":"default","name":"kamera-test-deployment"}}
{"level":"info","ts":1768351645.329508,"logger":"fallback","caller":"service/service.go:171","msg":"Service reconciler fetching Route from lister: name=demo, namespace=default"}
{"level":"info","ts":1768351645.329557,"logger":"fallback","caller":"service/service.go:174","msg":"Service reconciler got Route from lister: name=demo, Generation=1, ObservedGeneration=1, ResourceVersion="}
{"level":"info","ts":1768351645.329611,"logger":"fallback","caller":"service/service.go:126","msg":"Service reconciler checking Route: name=demo, Generation=1, ObservedGeneration=1, Ready=True (reason=, message=), generationMatch=true, routeResourceVersion="}
{"level":"info","ts":1768351645.329628,"logger":"fallback","caller":"service/service.go:136","msg":"Service reconciler calling PropagateRouteStatus() because Generation == ObservedGeneration"}
{"level":"info","ts":"2026-01-13T16:47:25-08:00","logger":"ServiceReconciler.reconcile","msg":"reconcile completed","key":"default/demo","reconciler":"knative.dev.serving.pkg.reconciler.service.Reconciler","requeue":false,"requeueAfter":0}
{"level":"info","ts":"2026-01-13T16:47:25-08:00","logger":"tracecheck","msg":"Taking reconcile step","Depth":65,"# Distinct States":160,"Total States":160,"Resource States":44}
{"level":"info","ts":"2026-01-13T16:47:25-08:00","logger":"tracecheck","msg":"Taking reconcile step","Depth":66,"# Distinct States":161,"Total States":161,"Resource States":44}
{"level":"info","ts":"2026-01-13T16:47:25-08:00","logger":"tracecheck","msg":"Deleting pods","Depth":66,"# Distinct States":161,"Total States":161,"Resource States":44,"count":1}
{"level":"info","ts":"2026-01-13T16:47:25-08:00","logger":"tracecheck","msg":"Taking reconcile step","Depth":48,"# Distinct States":162,"Total States":162,"Resource States":44}
{"level":"info","ts":"2026-01-13T16:47:25-08:00","logger":"RevisionReconciler.seed","msg":"added podscalable to informer","resource":"deployments","namespace":"default","name":"kamera-test-deployment","stage":"podscalable-add","keys":["default/kamera-test-deployment"]}
{"level":"info","ts":"2026-01-13T16:47:25-08:00","logger":"RevisionReconciler.seed","msg":"podscalable visible to lister","resource":"deployments","namespace":"default","name":"kamera-test-deployment","stage":"podscalable-lister","object":{"apiVersion":"autoscaling.internal.knative.dev/v1alpha1","kind":"PodScalable","namespace":"default","name":"kamera-test-deployment"}}
{"level":"error","ts":1768351645.4514592,"logger":"fallback","caller":"revision/controller.go:116","msg":"Failed to create resolver transport","error":"open /var/run/secrets/kubernetes.io/serviceaccount/ca.crt: no such file or directory","stacktrace":"knative.dev/serving/pkg/reconciler/revision.newControllerWithOptions\n\t/Users/tgoodwin/tmp/gomodcache/knative.dev/serving@v0.46.5/pkg/reconciler/revision/controller.go:116\nknative.dev/serving/pkg/reconciler/revision.NewController\n\t/Users/tgoodwin/tmp/gomodcache/knative.dev/serving@v0.46.5/pkg/reconciler/revision/controller.go:64\nmain.configureKnativeExplorer.func1.1\n\t/Users/tgoodwin/projects/kamera/examples/knative-serving/scenario.go:91\ngithub.com/tgoodwin/kamera/examples/knative-serving/knative.NewKnativeStrategy.func1\n\t/Users/tgoodwin/projects/kamera/examples/knative-serving/knative/harness.go:555\ngithub.com/tgoodwin/kamera/examples/knative-serving/knative.(*KnativeStrategy).ReconcileAtState\n\t/Users/tgoodwin/projects/kamera/examples/knative-serving/knative/harness.go:895\ngithub.com/tgoodwin/kamera/pkg/tracecheck.(*ReconcilerContainer).doReconcile\n\t/Users/tgoodwin/projects/kamera/pkg/tracecheck/reconciler.go:164\ngithub.com/tgoodwin/kamera/pkg/tracecheck.(*Explorer).reconcileAtState\n\t/Users/tgoodwin/projects/kamera/pkg/tracecheck/explore.go:1313\ngithub.com/tgoodwin/kamera/pkg/tracecheck.(*Explorer).takeReconcileStep\n\t/Users/tgoodwin/projects/kamera/pkg/tracecheck/explore.go:1228\ngithub.com/tgoodwin/kamera/pkg/tracecheck.(*Explorer).explore\n\t/Users/tgoodwin/projects/kamera/pkg/tracecheck/explore.go:790\ngithub.com/tgoodwin/kamera/pkg/tracecheck.(*Explorer).Explore.func1\n\t/Users/tgoodwin/projects/kamera/pkg/tracecheck/explore.go:330"}
{"level":"info","ts":1768351645.45242,"logger":"fallback","caller":"revision/reconcile_resources.go:161","msg":"Reconciling PA: kamera-test"}
{"level":"info","ts":"2026-01-13T16:47:25-08:00","logger":"RevisionReconciler.reconcile","msg":"reconcile completed","key":"default/kamera-test","reconciler":"knative.dev.serving.pkg.reconciler.revision.Reconciler","requeue":false,"requeueAfter":0}
{"level":"info","ts":"2026-01-13T16:47:25-08:00","logger":"tracecheck","msg":"Taking reconcile step","Depth":49,"# Distinct States":163,"Total States":163,"Resource States":44}
{"level":"info","ts":"2026-01-13T16:47:25-08:00","logger":"ConfigurationReconciler.seed","msg":"added podscalable to informer","resource":"deployments","namespace":"default","name":"kamera-test-deployment","stage":"podscalable-add","keys":["default/kamera-test-deployment"]}
{"level":"info","ts":"2026-01-13T16:47:25-08:00","logger":"ConfigurationReconciler.seed","msg":"podscalable visible to lister","resource":"deployments","namespace":"default","name":"kamera-test-deployment","stage":"podscalable-lister","object":{"apiVersion":"autoscaling.internal.knative.dev/v1alpha1","kind":"PodScalable","namespace":"default","name":"kamera-test-deployment"}}
{"level":"info","ts":1768351645.5628219,"logger":"fallback","caller":"configuration/configuration.go:106","msg":"Revision \"kamera-test\" of configuration is ready"}
{"level":"info","ts":"2026-01-13T16:47:25-08:00","logger":"ConfigurationReconciler.reconcile","msg":"reconcile completed","key":"default/demo","reconciler":"knative.dev.serving.pkg.reconciler.configuration.Reconciler","requeue":false,"requeueAfter":0}
{"level":"info","ts":"2026-01-13T16:47:25-08:00","logger":"tracecheck","msg":"Taking reconcile step","Depth":50,"# Distinct States":164,"Total States":164,"Resource States":44}
{"level":"info","ts":"2026-01-13T16:47:25-08:00","logger":"tracecheck","msg":"Taking reconcile step","Depth":51,"# Distinct States":165,"Total States":165,"Resource States":44}
{"level":"info","ts":"2026-01-13T16:47:25-08:00","logger":"tracecheck","msg":"Updated Deployment status","Depth":51,"# Distinct States":165,"Total States":165,"Resource States":44,"name":"kamera-test-deployment"}
{"level":"info","ts":"2026-01-13T16:47:25-08:00","logger":"tracecheck","msg":"Taking reconcile step","Depth":52,"# Distinct States":166,"Total States":166,"Resource States":44}
{"level":"info","ts":"2026-01-13T16:47:25-08:00","logger":"tracecheck","msg":"Taking reconcile step","Depth":53,"# Distinct States":167,"Total States":167,"Resource States":44}
{"level":"info","ts":"2026-01-13T16:47:25-08:00","logger":"KPAReconciler.seed","msg":"added podscalable to informer","resource":"deployments","namespace":"default","name":"kamera-test-deployment","stage":"podscalable-add","keys":["default/kamera-test-deployment"]}
{"level":"info","ts":"2026-01-13T16:47:25-08:00","logger":"KPAReconciler.seed","msg":"podscalable visible to lister","resource":"deployments","namespace":"default","name":"kamera-test-deployment","stage":"podscalable-lister","object":{"apiVersion":"autoscaling.internal.knative.dev/v1alpha1","kind":"PodScalable","namespace":"default","name":"kamera-test-deployment"}}
{"level":"info","ts":1768351645.68573,"logger":"fallback","caller":"kpa/controller.go:77","msg":"Setting up ConfigMap receivers"}
{"level":"info","ts":1768351645.685952,"logger":"fallback","caller":"kpa/controller.go:91","msg":"Setting up KPA-Class event handlers"}
{"level":"info","ts":1768351645.68617,"logger":"fallback","caller":"kpa/scaler.go:379","msg":"Scaling from 1 to 0"}
{"level":"info","ts":1768351645.689177,"logger":"fallback","caller":"kpa/kpa.go:158","msg":"SKS should be in Proxy mode: want = 0, ebc = 0, #act's = 2 PA Inactive? = true"}
{"level":"info","ts":1768351645.689235,"logger":"fallback","caller":"kpa/kpa.go:178","msg":"PA scale got=1, want=0, desiredPods=0 ebc=0"}
{"level":"info","ts":1768351645.689256,"logger":"fallback","caller":"kpa/kpa.go:188","msg":"Observed pod counts=kpa.podCounts{want:0, ready:1, notReady:0, pending:0, terminating:0}"}
{"level":"info","ts":"2026-01-13T16:47:25-08:00","logger":"KPAReconciler.reconcile","msg":"reconcile completed","key":"default/kamera-test","reconciler":"knative.dev.serving.pkg.reconciler.autoscaling.kpa.Reconciler","requeue":false,"requeueAfter":0}
{"level":"info","ts":"2026-01-13T16:47:25-08:00","logger":"tracecheck","msg":"Taking reconcile step","Depth":54,"# Distinct States":168,"Total States":168,"Resource States":44}
{"level":"info","ts":"2026-01-13T16:47:25-08:00","logger":"ConfigurationReconciler.seed","msg":"added podscalable to informer","resource":"deployments","namespace":"default","name":"kamera-test-deployment","stage":"podscalable-add","keys":["default/kamera-test-deployment"]}
{"level":"info","ts":"2026-01-13T16:47:25-08:00","logger":"ConfigurationReconciler.seed","msg":"podscalable visible to lister","resource":"deployments","namespace":"default","name":"kamera-test-deployment","stage":"podscalable-lister","object":{"apiVersion":"autoscaling.internal.knative.dev/v1alpha1","kind":"PodScalable","namespace":"default","name":"kamera-test-deployment"}}
{"level":"info","ts":1768351645.8029492,"logger":"fallback","caller":"configuration/configuration.go:106","msg":"Revision \"kamera-test\" of configuration is ready"}
{"level":"info","ts":"2026-01-13T16:47:25-08:00","logger":"ConfigurationReconciler.reconcile","msg":"reconcile completed","key":"default/demo","reconciler":"knative.dev.serving.pkg.reconciler.configuration.Reconciler","requeue":false,"requeueAfter":0}
{"level":"info","ts":"2026-01-13T16:47:25-08:00","logger":"tracecheck","msg":"Taking reconcile step","Depth":55,"# Distinct States":169,"Total States":169,"Resource States":44}
{"level":"info","ts":"2026-01-13T16:47:25-08:00","logger":"RouteReconciler.seed","msg":"added podscalable to informer","resource":"deployments","namespace":"default","name":"kamera-test-deployment","stage":"podscalable-add","keys":["default/kamera-test-deployment"]}
{"level":"info","ts":"2026-01-13T16:47:25-08:00","logger":"RouteReconciler.seed","msg":"podscalable visible to lister","resource":"deployments","namespace":"default","name":"kamera-test-deployment","stage":"podscalable-lister","object":{"apiVersion":"autoscaling.internal.knative.dev/v1alpha1","kind":"PodScalable","namespace":"default","name":"kamera-test-deployment"}}
{"level":"info","ts":1768351645.915374,"logger":"fallback","caller":"route/route.go:465","msg":"Revision default/kamera-test is inactive"}
{"level":"info","ts":1768351645.915414,"logger":"fallback","caller":"route/route.go:487","msg":"All referred targets are routable, marking AllTrafficAssigned with traffic information."}
{"level":"info","ts":1768351645.915434,"logger":"fallback","caller":"route/route.go:140","msg":"Creating placeholder k8s services"}
{"level":"info","ts":1768351645.915614,"logger":"fallback","caller":"route/reconcile_resources.go:179","msg":"Created service demo"}
{"level":"info","ts":1768351645.9158988,"logger":"fallback","caller":"route/route.go:176","msg":"Updating placeholder k8s services with ingress information"}
{"level":"warn","ts":1768351645.9159338,"logger":"fallback","caller":"route/reconcile_resources.go:228","msg":"Failed to update k8s service","error":"failed to fetch loadbalancer domain/IP from ingress status"}
{"level":"info","ts":1768351645.915957,"logger":"fallback","caller":"route/route.go:198","msg":"Route successfully synced"}
{"level":"info","ts":"2026-01-13T16:47:25-08:00","logger":"RouteReconciler.reconcile","msg":"reconcile completed","key":"default/demo","reconciler":"knative.dev.serving.pkg.reconciler.route.Reconciler","requeue":false,"requeueAfter":0}
{"level":"info","ts":"2026-01-13T16:47:25-08:00","logger":"tracecheck","msg":"Taking reconcile step","Depth":56,"# Distinct States":170,"Total States":170,"Resource States":44}
{"level":"info","ts":"2026-01-13T16:47:26-08:00","logger":"ServiceReconciler.seed","msg":"added podscalable to informer","resource":"deployments","namespace":"default","name":"kamera-test-deployment","stage":"podscalable-add","keys":["default/kamera-test-deployment"]}
{"level":"info","ts":"2026-01-13T16:47:26-08:00","logger":"ServiceReconciler.seed","msg":"podscalable visible to lister","resource":"deployments","namespace":"default","name":"kamera-test-deployment","stage":"podscalable-lister","object":{"apiVersion":"autoscaling.internal.knative.dev/v1alpha1","kind":"PodScalable","namespace":"default","name":"kamera-test-deployment"}}
{"level":"info","ts":1768351646.03322,"logger":"fallback","caller":"service/service.go:171","msg":"Service reconciler fetching Route from lister: name=demo, namespace=default"}
{"level":"info","ts":1768351646.033278,"logger":"fallback","caller":"service/service.go:174","msg":"Service reconciler got Route from lister: name=demo, Generation=1, ObservedGeneration=1, ResourceVersion="}
{"level":"info","ts":1768351646.033334,"logger":"fallback","caller":"service/service.go:126","msg":"Service reconciler checking Route: name=demo, Generation=1, ObservedGeneration=1, Ready=Unknown (reason=IngressNotConfigured, message=Ingress has not yet been reconciled.), generationMatch=true, routeResourceVersion="}
{"level":"info","ts":1768351646.03335,"logger":"fallback","caller":"service/service.go:136","msg":"Service reconciler calling PropagateRouteStatus() because Generation == ObservedGeneration"}
{"level":"info","ts":"2026-01-13T16:47:26-08:00","logger":"ServiceReconciler.reconcile","msg":"reconcile completed","key":"default/demo","reconciler":"knative.dev.serving.pkg.reconciler.service.Reconciler","requeue":false,"requeueAfter":0}
{"level":"info","ts":"2026-01-13T16:47:26-08:00","logger":"tracecheck","msg":"Taking reconcile step","Depth":57,"# Distinct States":171,"Total States":171,"Resource States":44}
{"level":"info","ts":"2026-01-13T16:47:26-08:00","logger":"tracecheck","msg":"Updated Deployment status","Depth":57,"# Distinct States":171,"Total States":171,"Resource States":44,"name":"kamera-test-deployment"}
{"level":"info","ts":"2026-01-13T16:47:26-08:00","logger":"tracecheck","msg":"Taking reconcile step","Depth":58,"# Distinct States":172,"Total States":172,"Resource States":44}
{"level":"info","ts":"2026-01-13T16:47:26-08:00","logger":"tracecheck","msg":"Taking reconcile step","Depth":59,"# Distinct States":173,"Total States":173,"Resource States":44}
{"level":"info","ts":"2026-01-13T16:47:26-08:00","logger":"RevisionReconciler.seed","msg":"added podscalable to informer","resource":"deployments","namespace":"default","name":"kamera-test-deployment","stage":"podscalable-add","keys":["default/kamera-test-deployment"]}
{"level":"info","ts":"2026-01-13T16:47:26-08:00","logger":"RevisionReconciler.seed","msg":"podscalable visible to lister","resource":"deployments","namespace":"default","name":"kamera-test-deployment","stage":"podscalable-lister","object":{"apiVersion":"autoscaling.internal.knative.dev/v1alpha1","kind":"PodScalable","namespace":"default","name":"kamera-test-deployment"}}
{"level":"error","ts":1768351646.1581929,"logger":"fallback","caller":"revision/controller.go:116","msg":"Failed to create resolver transport","error":"open /var/run/secrets/kubernetes.io/serviceaccount/ca.crt: no such file or directory","stacktrace":"knative.dev/serving/pkg/reconciler/revision.newControllerWithOptions\n\t/Users/tgoodwin/tmp/gomodcache/knative.dev/serving@v0.46.5/pkg/reconciler/revision/controller.go:116\nknative.dev/serving/pkg/reconciler/revision.NewController\n\t/Users/tgoodwin/tmp/gomodcache/knative.dev/serving@v0.46.5/pkg/reconciler/revision/controller.go:64\nmain.configureKnativeExplorer.func1.1\n\t/Users/tgoodwin/projects/kamera/examples/knative-serving/scenario.go:91\ngithub.com/tgoodwin/kamera/examples/knative-serving/knative.NewKnativeStrategy.func1\n\t/Users/tgoodwin/projects/kamera/examples/knative-serving/knative/harness.go:555\ngithub.com/tgoodwin/kamera/examples/knative-serving/knative.(*KnativeStrategy).ReconcileAtState\n\t/Users/tgoodwin/projects/kamera/examples/knative-serving/knative/harness.go:895\ngithub.com/tgoodwin/kamera/pkg/tracecheck.(*ReconcilerContainer).doReconcile\n\t/Users/tgoodwin/projects/kamera/pkg/tracecheck/reconciler.go:164\ngithub.com/tgoodwin/kamera/pkg/tracecheck.(*Explorer).reconcileAtState\n\t/Users/tgoodwin/projects/kamera/pkg/tracecheck/explore.go:1313\ngithub.com/tgoodwin/kamera/pkg/tracecheck.(*Explorer).takeReconcileStep\n\t/Users/tgoodwin/projects/kamera/pkg/tracecheck/explore.go:1228\ngithub.com/tgoodwin/kamera/pkg/tracecheck.(*Explorer).explore\n\t/Users/tgoodwin/projects/kamera/pkg/tracecheck/explore.go:790\ngithub.com/tgoodwin/kamera/pkg/tracecheck.(*Explorer).Explore.func1\n\t/Users/tgoodwin/projects/kamera/pkg/tracecheck/explore.go:330"}
{"level":"info","ts":1768351646.158845,"logger":"fallback","caller":"revision/reconcile_resources.go:161","msg":"Reconciling PA: kamera-test"}
{"level":"info","ts":"2026-01-13T16:47:26-08:00","logger":"RevisionReconciler.reconcile","msg":"reconcile completed","key":"default/kamera-test","reconciler":"knative.dev.serving.pkg.reconciler.revision.Reconciler","requeue":false,"requeueAfter":0}
{"level":"info","ts":"2026-01-13T16:47:26-08:00","logger":"tracecheck","msg":"Taking reconcile step","Depth":60,"# Distinct States":174,"Total States":174,"Resource States":44}
{"level":"info","ts":"2026-01-13T16:47:26-08:00","logger":"KPAReconciler.seed","msg":"added podscalable to informer","resource":"deployments","namespace":"default","name":"kamera-test-deployment","stage":"podscalable-add","keys":["default/kamera-test-deployment"]}
{"level":"info","ts":"2026-01-13T16:47:26-08:00","logger":"KPAReconciler.seed","msg":"podscalable visible to lister","resource":"deployments","namespace":"default","name":"kamera-test-deployment","stage":"podscalable-lister","object":{"apiVersion":"autoscaling.internal.knative.dev/v1alpha1","kind":"PodScalable","namespace":"default","name":"kamera-test-deployment"}}
{"level":"info","ts":1768351646.270772,"logger":"fallback","caller":"kpa/controller.go:77","msg":"Setting up ConfigMap receivers"}
{"level":"info","ts":1768351646.2709901,"logger":"fallback","caller":"kpa/controller.go:91","msg":"Setting up KPA-Class event handlers"}
{"level":"info","ts":1768351646.2712178,"logger":"fallback","caller":"kpa/kpa.go:158","msg":"SKS should be in Proxy mode: want = 0, ebc = 0, #act's = 2 PA Inactive? = true"}
{"level":"info","ts":1768351646.271271,"logger":"fallback","caller":"kpa/kpa.go:178","msg":"PA scale got=1, want=0, desiredPods=0 ebc=0"}
{"level":"info","ts":1768351646.2712939,"logger":"fallback","caller":"kpa/kpa.go:188","msg":"Observed pod counts=kpa.podCounts{want:0, ready:1, notReady:0, pending:0, terminating:0}"}
{"level":"info","ts":"2026-01-13T16:47:26-08:00","logger":"KPAReconciler.reconcile","msg":"reconcile completed","key":"default/kamera-test","reconciler":"knative.dev.serving.pkg.reconciler.autoscaling.kpa.Reconciler","requeue":false,"requeueAfter":0}
{"level":"info","ts":"2026-01-13T16:47:26-08:00","logger":"tracecheck","msg":"Taking reconcile step","Depth":61,"# Distinct States":175,"Total States":175,"Resource States":44}
{"level":"info","ts":"2026-01-13T16:47:26-08:00","logger":"tracecheck","msg":"Taking reconcile step","Depth":62,"# Distinct States":176,"Total States":176,"Resource States":44}
{"level":"info","ts":"2026-01-13T16:47:26-08:00","logger":"tracecheck","msg":"Taking reconcile step","Depth":63,"# Distinct States":177,"Total States":177,"Resource States":44}
{"level":"info","ts":"2026-01-13T16:47:26-08:00","logger":"RouteReconciler.seed","msg":"added podscalable to informer","resource":"deployments","namespace":"default","name":"kamera-test-deployment","stage":"podscalable-add","keys":["default/kamera-test-deployment"]}
{"level":"info","ts":"2026-01-13T16:47:26-08:00","logger":"RouteReconciler.seed","msg":"podscalable visible to lister","resource":"deployments","namespace":"default","name":"kamera-test-deployment","stage":"podscalable-lister","object":{"apiVersion":"autoscaling.internal.knative.dev/v1alpha1","kind":"PodScalable","namespace":"default","name":"kamera-test-deployment"}}
{"level":"info","ts":1768351646.38972,"logger":"fallback","caller":"route/route.go:465","msg":"Revision default/kamera-test is inactive"}
{"level":"info","ts":1768351646.389761,"logger":"fallback","caller":"route/route.go:487","msg":"All referred targets are routable, marking AllTrafficAssigned with traffic information."}
{"level":"info","ts":1768351646.3897789,"logger":"fallback","caller":"route/route.go:140","msg":"Creating placeholder k8s services"}
{"level":"info","ts":1768351646.389885,"logger":"fallback","caller":"route/route.go:176","msg":"Updating placeholder k8s services with ingress information"}
{"level":"info","ts":1768351646.390118,"logger":"fallback","caller":"route/route.go:198","msg":"Route successfully synced"}
{"level":"info","ts":"2026-01-13T16:47:26-08:00","logger":"RouteReconciler.reconcile","msg":"reconcile completed","key":"default/demo","reconciler":"knative.dev.serving.pkg.reconciler.route.Reconciler","requeue":false,"requeueAfter":0}
{"level":"info","ts":"2026-01-13T16:47:26-08:00","logger":"tracecheck","msg":"Taking reconcile step","Depth":64,"# Distinct States":178,"Total States":178,"Resource States":44}
{"level":"info","ts":"2026-01-13T16:47:26-08:00","logger":"tracecheck","msg":"Taking reconcile step","Depth":65,"# Distinct States":179,"Total States":179,"Resource States":44}
{"level":"info","ts":"2026-01-13T16:47:26-08:00","logger":"ServiceReconciler.seed","msg":"added podscalable to informer","resource":"deployments","namespace":"default","name":"kamera-test-deployment","stage":"podscalable-add","keys":["default/kamera-test-deployment"]}
{"level":"info","ts":"2026-01-13T16:47:26-08:00","logger":"ServiceReconciler.seed","msg":"podscalable visible to lister","resource":"deployments","namespace":"default","name":"kamera-test-deployment","stage":"podscalable-lister","object":{"apiVersion":"autoscaling.internal.knative.dev/v1alpha1","kind":"PodScalable","namespace":"default","name":"kamera-test-deployment"}}
{"level":"info","ts":1768351646.507863,"logger":"fallback","caller":"service/service.go:171","msg":"Service reconciler fetching Route from lister: name=demo, namespace=default"}
{"level":"info","ts":1768351646.507925,"logger":"fallback","caller":"service/service.go:174","msg":"Service reconciler got Route from lister: name=demo, Generation=1, ObservedGeneration=1, ResourceVersion="}
{"level":"info","ts":1768351646.50815,"logger":"fallback","caller":"service/service.go:126","msg":"Service reconciler checking Route: name=demo, Generation=1, ObservedGeneration=1, Ready=True (reason=, message=), generationMatch=true, routeResourceVersion="}
{"level":"info","ts":1768351646.508181,"logger":"fallback","caller":"service/service.go:136","msg":"Service reconciler calling PropagateRouteStatus() because Generation == ObservedGeneration"}
{"level":"info","ts":"2026-01-13T16:47:26-08:00","logger":"ServiceReconciler.reconcile","msg":"reconcile completed","key":"default/demo","reconciler":"knative.dev.serving.pkg.reconciler.service.Reconciler","requeue":false,"requeueAfter":0}
{"level":"info","ts":"2026-01-13T16:47:26-08:00","logger":"tracecheck","msg":"Taking reconcile step","Depth":66,"# Distinct States":180,"Total States":180,"Resource States":44}
{"level":"info","ts":"2026-01-13T16:47:26-08:00","logger":"tracecheck","msg":"Taking reconcile step","Depth":67,"# Distinct States":181,"Total States":181,"Resource States":44}
{"level":"info","ts":"2026-01-13T16:47:26-08:00","logger":"tracecheck","msg":"Deleting pods","Depth":67,"# Distinct States":181,"Total States":181,"Resource States":44,"count":1}
{"level":"info","ts":"2026-01-13T16:47:26-08:00","logger":"tracecheck","msg":"Taking reconcile step","Depth":44,"# Distinct States":182,"Total States":182,"Resource States":44}
{"level":"info","ts":"2026-01-13T16:47:26-08:00","logger":"RevisionReconciler.seed","msg":"added podscalable to informer","resource":"deployments","namespace":"default","name":"kamera-test-deployment","stage":"podscalable-add","keys":["default/kamera-test-deployment"]}
{"level":"info","ts":"2026-01-13T16:47:26-08:00","logger":"RevisionReconciler.seed","msg":"podscalable visible to lister","resource":"deployments","namespace":"default","name":"kamera-test-deployment","stage":"podscalable-lister","object":{"apiVersion":"autoscaling.internal.knative.dev/v1alpha1","kind":"PodScalable","namespace":"default","name":"kamera-test-deployment"}}
{"level":"error","ts":1768351646.627557,"logger":"fallback","caller":"revision/controller.go:116","msg":"Failed to create resolver transport","error":"open /var/run/secrets/kubernetes.io/serviceaccount/ca.crt: no such file or directory","stacktrace":"knative.dev/serving/pkg/reconciler/revision.newControllerWithOptions\n\t/Users/tgoodwin/tmp/gomodcache/knative.dev/serving@v0.46.5/pkg/reconciler/revision/controller.go:116\nknative.dev/serving/pkg/reconciler/revision.NewController\n\t/Users/tgoodwin/tmp/gomodcache/knative.dev/serving@v0.46.5/pkg/reconciler/revision/controller.go:64\nmain.configureKnativeExplorer.func1.1\n\t/Users/tgoodwin/projects/kamera/examples/knative-serving/scenario.go:91\ngithub.com/tgoodwin/kamera/examples/knative-serving/knative.NewKnativeStrategy.func1\n\t/Users/tgoodwin/projects/kamera/examples/knative-serving/knative/harness.go:555\ngithub.com/tgoodwin/kamera/examples/knative-serving/knative.(*KnativeStrategy).ReconcileAtState\n\t/Users/tgoodwin/projects/kamera/examples/knative-serving/knative/harness.go:895\ngithub.com/tgoodwin/kamera/pkg/tracecheck.(*ReconcilerContainer).doReconcile\n\t/Users/tgoodwin/projects/kamera/pkg/tracecheck/reconciler.go:164\ngithub.com/tgoodwin/kamera/pkg/tracecheck.(*Explorer).reconcileAtState\n\t/Users/tgoodwin/projects/kamera/pkg/tracecheck/explore.go:1313\ngithub.com/tgoodwin/kamera/pkg/tracecheck.(*Explorer).takeReconcileStep\n\t/Users/tgoodwin/projects/kamera/pkg/tracecheck/explore.go:1228\ngithub.com/tgoodwin/kamera/pkg/tracecheck.(*Explorer).explore\n\t/Users/tgoodwin/projects/kamera/pkg/tracecheck/explore.go:790\ngithub.com/tgoodwin/kamera/pkg/tracecheck.(*Explorer).Explore.func1\n\t/Users/tgoodwin/projects/kamera/pkg/tracecheck/explore.go:330"}
{"level":"info","ts":1768351646.628204,"logger":"fallback","caller":"revision/reconcile_resources.go:161","msg":"Reconciling PA: kamera-test"}
{"level":"info","ts":"2026-01-13T16:47:26-08:00","logger":"RevisionReconciler.reconcile","msg":"reconcile completed","key":"default/kamera-test","reconciler":"knative.dev.serving.pkg.reconciler.revision.Reconciler","requeue":false,"requeueAfter":0}
{"level":"info","ts":"2026-01-13T16:47:26-08:00","logger":"tracecheck","msg":"Taking reconcile step","Depth":45,"# Distinct States":183,"Total States":183,"Resource States":44}
{"level":"info","ts":"2026-01-13T16:47:26-08:00","logger":"tracecheck","msg":"Taking reconcile step","Depth":46,"# Distinct States":184,"Total States":184,"Resource States":44}
{"level":"info","ts":"2026-01-13T16:47:26-08:00","logger":"tracecheck","msg":"Updated ReplicaSet status","Depth":46,"# Distinct States":184,"Total States":184,"Resource States":44,"name":"kamera-test-deployment-1488584584"}
{"level":"info","ts":"2026-01-13T16:47:26-08:00","logger":"tracecheck","msg":"Taking reconcile step","Depth":47,"# Distinct States":185,"Total States":185,"Resource States":44}
{"level":"info","ts":"2026-01-13T16:47:26-08:00","logger":"KPAReconciler.seed","msg":"added podscalable to informer","resource":"deployments","namespace":"default","name":"kamera-test-deployment","stage":"podscalable-add","keys":["default/kamera-test-deployment"]}
{"level":"info","ts":"2026-01-13T16:47:26-08:00","logger":"KPAReconciler.seed","msg":"podscalable visible to lister","resource":"deployments","namespace":"default","name":"kamera-test-deployment","stage":"podscalable-lister","object":{"apiVersion":"autoscaling.internal.knative.dev/v1alpha1","kind":"PodScalable","namespace":"default","name":"kamera-test-deployment"}}
{"level":"info","ts":1768351646.744334,"logger":"fallback","caller":"kpa/controller.go:77","msg":"Setting up ConfigMap receivers"}
{"level":"info","ts":1768351646.744451,"logger":"fallback","caller":"kpa/controller.go:91","msg":"Setting up KPA-Class event handlers"}
{"level":"info","ts":1768351646.744582,"logger":"fallback","caller":"kpa/scaler.go:229","msg":"Can deactivate PA, was active for 14s"}
{"level":"info","ts":1768351646.7446022,"logger":"fallback","caller":"kpa/kpa.go:158","msg":"SKS should be in Proxy mode: want = 0, ebc = 0, #act's = 2 PA Inactive? = false"}
{"level":"info","ts":1768351646.744622,"logger":"fallback","caller":"kpa/kpa.go:178","msg":"PA scale got=1, want=0, desiredPods=0 ebc=0"}
{"level":"info","ts":1768351646.7446332,"logger":"fallback","caller":"kpa/kpa.go:188","msg":"Observed pod counts=kpa.podCounts{want:0, ready:1, notReady:0, pending:0, terminating:0}"}
{"level":"info","ts":"2026-01-13T16:47:26-08:00","logger":"KPAReconciler.reconcile","msg":"reconcile completed","key":"default/kamera-test","reconciler":"knative.dev.serving.pkg.reconciler.autoscaling.kpa.Reconciler","requeue":false,"requeueAfter":0}
{"level":"info","ts":"2026-01-13T16:47:26-08:00","logger":"tracecheck","msg":"Taking reconcile step","Depth":48,"# Distinct States":186,"Total States":186,"Resource States":44}
{"level":"info","ts":"2026-01-13T16:47:26-08:00","logger":"ConfigurationReconciler.seed","msg":"added podscalable to informer","resource":"deployments","namespace":"default","name":"kamera-test-deployment","stage":"podscalable-add","keys":["default/kamera-test-deployment"]}
{"level":"info","ts":"2026-01-13T16:47:26-08:00","logger":"ConfigurationReconciler.seed","msg":"podscalable visible to lister","resource":"deployments","namespace":"default","name":"kamera-test-deployment","stage":"podscalable-lister","object":{"apiVersion":"autoscaling.internal.knative.dev/v1alpha1","kind":"PodScalable","namespace":"default","name":"kamera-test-deployment"}}
{"level":"info","ts":1768351646.855553,"logger":"fallback","caller":"configuration/configuration.go:106","msg":"Revision \"kamera-test\" of configuration is ready"}
{"level":"info","ts":"2026-01-13T16:47:26-08:00","logger":"ConfigurationReconciler.reconcile","msg":"reconcile completed","key":"default/demo","reconciler":"knative.dev.serving.pkg.reconciler.configuration.Reconciler","requeue":false,"requeueAfter":0}
{"level":"info","ts":"2026-01-13T16:47:26-08:00","logger":"tracecheck","msg":"Taking reconcile step","Depth":49,"# Distinct States":187,"Total States":187,"Resource States":44}
{"level":"info","ts":"2026-01-13T16:47:26-08:00","logger":"tracecheck","msg":"Taking reconcile step","Depth":50,"# Distinct States":188,"Total States":188,"Resource States":44}
{"level":"info","ts":"2026-01-13T16:47:26-08:00","logger":"tracecheck","msg":"Updated Deployment status","Depth":50,"# Distinct States":188,"Total States":188,"Resource States":44,"name":"kamera-test-deployment"}
{"level":"info","ts":"2026-01-13T16:47:26-08:00","logger":"tracecheck","msg":"Taking reconcile step","Depth":51,"# Distinct States":189,"Total States":189,"Resource States":45}
{"level":"info","ts":"2026-01-13T16:47:26-08:00","logger":"tracecheck","msg":"Taking reconcile step","Depth":52,"# Distinct States":190,"Total States":190,"Resource States":45}
{"level":"info","ts":"2026-01-13T16:47:26-08:00","logger":"KPAReconciler.seed","msg":"added podscalable to informer","resource":"deployments","namespace":"default","name":"kamera-test-deployment","stage":"podscalable-add","keys":["default/kamera-test-deployment"]}
{"level":"info","ts":"2026-01-13T16:47:26-08:00","logger":"KPAReconciler.seed","msg":"podscalable visible to lister","resource":"deployments","namespace":"default","name":"kamera-test-deployment","stage":"podscalable-lister","object":{"apiVersion":"autoscaling.internal.knative.dev/v1alpha1","kind":"PodScalable","namespace":"default","name":"kamera-test-deployment"}}
{"level":"info","ts":1768351646.9746292,"logger":"fallback","caller":"kpa/controller.go:77","msg":"Setting up ConfigMap receivers"}
{"level":"info","ts":1768351646.974802,"logger":"fallback","caller":"kpa/controller.go:91","msg":"Setting up KPA-Class event handlers"}
{"level":"info","ts":1768351646.974988,"logger":"fallback","caller":"kpa/scaler.go:379","msg":"Scaling from 1 to 0"}
{"level":"info","ts":1768351646.977204,"logger":"fallback","caller":"kpa/kpa.go:158","msg":"SKS should be in Proxy mode: want = 0, ebc = 0, #act's = 2 PA Inactive? = true"}
{"level":"info","ts":1768351646.9772348,"logger":"fallback","caller":"kpa/kpa.go:178","msg":"PA scale got=1, want=0, desiredPods=0 ebc=0"}
{"level":"info","ts":1768351646.977244,"logger":"fallback","caller":"kpa/kpa.go:188","msg":"Observed pod counts=kpa.podCounts{want:0, ready:1, notReady:0, pending:0, terminating:0}"}
{"level":"info","ts":"2026-01-13T16:47:26-08:00","logger":"KPAReconciler.reconcile","msg":"reconcile completed","key":"default/kamera-test","reconciler":"knative.dev.serving.pkg.reconciler.autoscaling.kpa.Reconciler","requeue":false,"requeueAfter":0}
{"level":"info","ts":"2026-01-13T16:47:26-08:00","logger":"tracecheck","msg":"Taking reconcile step","Depth":53,"# Distinct States":191,"Total States":191,"Resource States":46}
{"level":"info","ts":"2026-01-13T16:47:27-08:00","logger":"RevisionReconciler.seed","msg":"added podscalable to informer","resource":"deployments","namespace":"default","name":"kamera-test-deployment","stage":"podscalable-add","keys":["default/kamera-test-deployment"]}
{"level":"info","ts":"2026-01-13T16:47:27-08:00","logger":"RevisionReconciler.seed","msg":"podscalable visible to lister","resource":"deployments","namespace":"default","name":"kamera-test-deployment","stage":"podscalable-lister","object":{"apiVersion":"autoscaling.internal.knative.dev/v1alpha1","kind":"PodScalable","namespace":"default","name":"kamera-test-deployment"}}
{"level":"error","ts":1768351647.0884218,"logger":"fallback","caller":"revision/controller.go:116","msg":"Failed to create resolver transport","error":"open /var/run/secrets/kubernetes.io/serviceaccount/ca.crt: no such file or directory","stacktrace":"knative.dev/serving/pkg/reconciler/revision.newControllerWithOptions\n\t/Users/tgoodwin/tmp/gomodcache/knative.dev/serving@v0.46.5/pkg/reconciler/revision/controller.go:116\nknative.dev/serving/pkg/reconciler/revision.NewController\n\t/Users/tgoodwin/tmp/gomodcache/knative.dev/serving@v0.46.5/pkg/reconciler/revision/controller.go:64\nmain.configureKnativeExplorer.func1.1\n\t/Users/tgoodwin/projects/kamera/examples/knative-serving/scenario.go:91\ngithub.com/tgoodwin/kamera/examples/knative-serving/knative.NewKnativeStrategy.func1\n\t/Users/tgoodwin/projects/kamera/examples/knative-serving/knative/harness.go:555\ngithub.com/tgoodwin/kamera/examples/knative-serving/knative.(*KnativeStrategy).ReconcileAtState\n\t/Users/tgoodwin/projects/kamera/examples/knative-serving/knative/harness.go:895\ngithub.com/tgoodwin/kamera/pkg/tracecheck.(*ReconcilerContainer).doReconcile\n\t/Users/tgoodwin/projects/kamera/pkg/tracecheck/reconciler.go:164\ngithub.com/tgoodwin/kamera/pkg/tracecheck.(*Explorer).reconcileAtState\n\t/Users/tgoodwin/projects/kamera/pkg/tracecheck/explore.go:1313\ngithub.com/tgoodwin/kamera/pkg/tracecheck.(*Explorer).takeReconcileStep\n\t/Users/tgoodwin/projects/kamera/pkg/tracecheck/explore.go:1228\ngithub.com/tgoodwin/kamera/pkg/tracecheck.(*Explorer).explore\n\t/Users/tgoodwin/projects/kamera/pkg/tracecheck/explore.go:790\ngithub.com/tgoodwin/kamera/pkg/tracecheck.(*Explorer).Explore.func1\n\t/Users/tgoodwin/projects/kamera/pkg/tracecheck/explore.go:330"}
{"level":"info","ts":1768351647.089022,"logger":"fallback","caller":"revision/reconcile_resources.go:161","msg":"Reconciling PA: kamera-test"}
{"level":"info","ts":"2026-01-13T16:47:27-08:00","logger":"RevisionReconciler.reconcile","msg":"reconcile completed","key":"default/kamera-test","reconciler":"knative.dev.serving.pkg.reconciler.revision.Reconciler","requeue":false,"requeueAfter":0}
{"level":"info","ts":"2026-01-13T16:47:27-08:00","logger":"tracecheck","msg":"Taking reconcile step","Depth":54,"# Distinct States":192,"Total States":192,"Resource States":46}
{"level":"info","ts":"2026-01-13T16:47:27-08:00","logger":"ConfigurationReconciler.seed","msg":"added podscalable to informer","resource":"deployments","namespace":"default","name":"kamera-test-deployment","stage":"podscalable-add","keys":["default/kamera-test-deployment"]}
{"level":"info","ts":"2026-01-13T16:47:27-08:00","logger":"ConfigurationReconciler.seed","msg":"podscalable visible to lister","resource":"deployments","namespace":"default","name":"kamera-test-deployment","stage":"podscalable-lister","object":{"apiVersion":"autoscaling.internal.knative.dev/v1alpha1","kind":"PodScalable","namespace":"default","name":"kamera-test-deployment"}}
{"level":"info","ts":1768351647.207545,"logger":"fallback","caller":"configuration/configuration.go:106","msg":"Revision \"kamera-test\" of configuration is ready"}
{"level":"info","ts":"2026-01-13T16:47:27-08:00","logger":"ConfigurationReconciler.reconcile","msg":"reconcile completed","key":"default/demo","reconciler":"knative.dev.serving.pkg.reconciler.configuration.Reconciler","requeue":false,"requeueAfter":0}
{"level":"info","ts":"2026-01-13T16:47:27-08:00","logger":"tracecheck","msg":"Taking reconcile step","Depth":55,"# Distinct States":193,"Total States":193,"Resource States":46}
{"level":"info","ts":"2026-01-13T16:47:27-08:00","logger":"RouteReconciler.seed","msg":"added podscalable to informer","resource":"deployments","namespace":"default","name":"kamera-test-deployment","stage":"podscalable-add","keys":["default/kamera-test-deployment"]}
{"level":"info","ts":"2026-01-13T16:47:27-08:00","logger":"RouteReconciler.seed","msg":"podscalable visible to lister","resource":"deployments","namespace":"default","name":"kamera-test-deployment","stage":"podscalable-lister","object":{"apiVersion":"autoscaling.internal.knative.dev/v1alpha1","kind":"PodScalable","namespace":"default","name":"kamera-test-deployment"}}
{"level":"info","ts":1768351647.318651,"logger":"fallback","caller":"route/route.go:465","msg":"Revision default/kamera-test is inactive"}
{"level":"info","ts":1768351647.318686,"logger":"fallback","caller":"route/route.go:487","msg":"All referred targets are routable, marking AllTrafficAssigned with traffic information."}
{"level":"info","ts":1768351647.3187048,"logger":"fallback","caller":"route/route.go:140","msg":"Creating placeholder k8s services"}
{"level":"info","ts":1768351647.318871,"logger":"fallback","caller":"route/reconcile_resources.go:179","msg":"Created service demo"}
{"level":"info","ts":1768351647.319134,"logger":"fallback","caller":"route/route.go:176","msg":"Updating placeholder k8s services with ingress information"}
{"level":"warn","ts":1768351647.319159,"logger":"fallback","caller":"route/reconcile_resources.go:228","msg":"Failed to update k8s service","error":"failed to fetch loadbalancer domain/IP from ingress status"}
{"level":"info","ts":1768351647.31917,"logger":"fallback","caller":"route/route.go:198","msg":"Route successfully synced"}
{"level":"info","ts":"2026-01-13T16:47:27-08:00","logger":"RouteReconciler.reconcile","msg":"reconcile completed","key":"default/demo","reconciler":"knative.dev.serving.pkg.reconciler.route.Reconciler","requeue":false,"requeueAfter":0}
{"level":"info","ts":"2026-01-13T16:47:27-08:00","logger":"tracecheck","msg":"Taking reconcile step","Depth":56,"# Distinct States":194,"Total States":194,"Resource States":46}
{"level":"info","ts":"2026-01-13T16:47:27-08:00","logger":"ServiceReconciler.seed","msg":"added podscalable to informer","resource":"deployments","namespace":"default","name":"kamera-test-deployment","stage":"podscalable-add","keys":["default/kamera-test-deployment"]}
{"level":"info","ts":"2026-01-13T16:47:27-08:00","logger":"ServiceReconciler.seed","msg":"podscalable visible to lister","resource":"deployments","namespace":"default","name":"kamera-test-deployment","stage":"podscalable-lister","object":{"apiVersion":"autoscaling.internal.knative.dev/v1alpha1","kind":"PodScalable","namespace":"default","name":"kamera-test-deployment"}}
{"level":"info","ts":1768351647.4289181,"logger":"fallback","caller":"service/service.go:171","msg":"Service reconciler fetching Route from lister: name=demo, namespace=default"}
{"level":"info","ts":1768351647.42896,"logger":"fallback","caller":"service/service.go:174","msg":"Service reconciler got Route from lister: name=demo, Generation=1, ObservedGeneration=1, ResourceVersion="}
{"level":"info","ts":1768351647.429002,"logger":"fallback","caller":"service/service.go:126","msg":"Service reconciler checking Route: name=demo, Generation=1, ObservedGeneration=1, Ready=Unknown (reason=IngressNotConfigured, message=Ingress has not yet been reconciled.), generationMatch=true, routeResourceVersion="}
{"level":"info","ts":1768351647.429013,"logger":"fallback","caller":"service/service.go:136","msg":"Service reconciler calling PropagateRouteStatus() because Generation == ObservedGeneration"}
{"level":"info","ts":"2026-01-13T16:47:27-08:00","logger":"ServiceReconciler.reconcile","msg":"reconcile completed","key":"default/demo","reconciler":"knative.dev.serving.pkg.reconciler.service.Reconciler","requeue":false,"requeueAfter":0}
{"level":"info","ts":"2026-01-13T16:47:27-08:00","logger":"tracecheck","msg":"Taking reconcile step","Depth":57,"# Distinct States":195,"Total States":195,"Resource States":46}
{"level":"info","ts":"2026-01-13T16:47:27-08:00","logger":"tracecheck","msg":"Updated Deployment status","Depth":57,"# Distinct States":195,"Total States":195,"Resource States":46,"name":"kamera-test-deployment"}
{"level":"info","ts":"2026-01-13T16:47:27-08:00","logger":"tracecheck","msg":"Taking reconcile step","Depth":58,"# Distinct States":196,"Total States":196,"Resource States":46}
{"level":"info","ts":"2026-01-13T16:47:27-08:00","logger":"tracecheck","msg":"Taking reconcile step","Depth":59,"# Distinct States":197,"Total States":197,"Resource States":46}
{"level":"info","ts":"2026-01-13T16:47:27-08:00","logger":"KPAReconciler.seed","msg":"added podscalable to informer","resource":"deployments","namespace":"default","name":"kamera-test-deployment","stage":"podscalable-add","keys":["default/kamera-test-deployment"]}
{"level":"info","ts":"2026-01-13T16:47:27-08:00","logger":"KPAReconciler.seed","msg":"podscalable visible to lister","resource":"deployments","namespace":"default","name":"kamera-test-deployment","stage":"podscalable-lister","object":{"apiVersion":"autoscaling.internal.knative.dev/v1alpha1","kind":"PodScalable","namespace":"default","name":"kamera-test-deployment"}}
{"level":"info","ts":1768351647.560856,"logger":"fallback","caller":"kpa/controller.go:77","msg":"Setting up ConfigMap receivers"}
{"level":"info","ts":1768351647.56102,"logger":"fallback","caller":"kpa/controller.go:91","msg":"Setting up KPA-Class event handlers"}
{"level":"info","ts":1768351647.561248,"logger":"fallback","caller":"kpa/kpa.go:158","msg":"SKS should be in Proxy mode: want = 0, ebc = 0, #act's = 2 PA Inactive? = true"}
{"level":"info","ts":1768351647.561284,"logger":"fallback","caller":"kpa/kpa.go:178","msg":"PA scale got=1, want=0, desiredPods=0 ebc=0"}
{"level":"info","ts":1768351647.561441,"logger":"fallback","caller":"kpa/kpa.go:188","msg":"Observed pod counts=kpa.podCounts{want:0, ready:1, notReady:0, pending:0, terminating:0}"}
{"level":"info","ts":"2026-01-13T16:47:27-08:00","logger":"KPAReconciler.reconcile","msg":"reconcile completed","key":"default/kamera-test","reconciler":"knative.dev.serving.pkg.reconciler.autoscaling.kpa.Reconciler","requeue":false,"requeueAfter":0}
{"level":"info","ts":"2026-01-13T16:47:27-08:00","logger":"tracecheck","msg":"Taking reconcile step","Depth":60,"# Distinct States":198,"Total States":198,"Resource States":46}
{"level":"info","ts":"2026-01-13T16:47:27-08:00","logger":"RevisionReconciler.seed","msg":"added podscalable to informer","resource":"deployments","namespace":"default","name":"kamera-test-deployment","stage":"podscalable-add","keys":["default/kamera-test-deployment"]}
{"level":"info","ts":"2026-01-13T16:47:27-08:00","logger":"RevisionReconciler.seed","msg":"podscalable visible to lister","resource":"deployments","namespace":"default","name":"kamera-test-deployment","stage":"podscalable-lister","object":{"apiVersion":"autoscaling.internal.knative.dev/v1alpha1","kind":"PodScalable","namespace":"default","name":"kamera-test-deployment"}}
{"level":"error","ts":1768351647.668563,"logger":"fallback","caller":"revision/controller.go:116","msg":"Failed to create resolver transport","error":"open /var/run/secrets/kubernetes.io/serviceaccount/ca.crt: no such file or directory","stacktrace":"knative.dev/serving/pkg/reconciler/revision.newControllerWithOptions\n\t/Users/tgoodwin/tmp/gomodcache/knative.dev/serving@v0.46.5/pkg/reconciler/revision/controller.go:116\nknative.dev/serving/pkg/reconciler/revision.NewController\n\t/Users/tgoodwin/tmp/gomodcache/knative.dev/serving@v0.46.5/pkg/reconciler/revision/controller.go:64\nmain.configureKnativeExplorer.func1.1\n\t/Users/tgoodwin/projects/kamera/examples/knative-serving/scenario.go:91\ngithub.com/tgoodwin/kamera/examples/knative-serving/knative.NewKnativeStrategy.func1\n\t/Users/tgoodwin/projects/kamera/examples/knative-serving/knative/harness.go:555\ngithub.com/tgoodwin/kamera/examples/knative-serving/knative.(*KnativeStrategy).ReconcileAtState\n\t/Users/tgoodwin/projects/kamera/examples/knative-serving/knative/harness.go:895\ngithub.com/tgoodwin/kamera/pkg/tracecheck.(*ReconcilerContainer).doReconcile\n\t/Users/tgoodwin/projects/kamera/pkg/tracecheck/reconciler.go:164\ngithub.com/tgoodwin/kamera/pkg/tracecheck.(*Explorer).reconcileAtState\n\t/Users/tgoodwin/projects/kamera/pkg/tracecheck/explore.go:1313\ngithub.com/tgoodwin/kamera/pkg/tracecheck.(*Explorer).takeReconcileStep\n\t/Users/tgoodwin/projects/kamera/pkg/tracecheck/explore.go:1228\ngithub.com/tgoodwin/kamera/pkg/tracecheck.(*Explorer).explore\n\t/Users/tgoodwin/projects/kamera/pkg/tracecheck/explore.go:790\ngithub.com/tgoodwin/kamera/pkg/tracecheck.(*Explorer).Explore.func1\n\t/Users/tgoodwin/projects/kamera/pkg/tracecheck/explore.go:330"}
{"level":"info","ts":1768351647.668952,"logger":"fallback","caller":"revision/reconcile_resources.go:161","msg":"Reconciling PA: kamera-test"}
{"level":"info","ts":"2026-01-13T16:47:27-08:00","logger":"RevisionReconciler.reconcile","msg":"reconcile completed","key":"default/kamera-test","reconciler":"knative.dev.serving.pkg.reconciler.revision.Reconciler","requeue":false,"requeueAfter":0}
{"level":"info","ts":"2026-01-13T16:47:27-08:00","logger":"tracecheck","msg":"Taking reconcile step","Depth":51,"# Distinct States":199,"Total States":200,"Resource States":46}
{"level":"info","ts":"2026-01-13T16:47:27-08:00","logger":"RevisionReconciler.seed","msg":"added podscalable to informer","resource":"deployments","namespace":"default","name":"kamera-test-deployment","stage":"podscalable-add","keys":["default/kamera-test-deployment"]}
{"level":"info","ts":"2026-01-13T16:47:27-08:00","logger":"RevisionReconciler.seed","msg":"podscalable visible to lister","resource":"deployments","namespace":"default","name":"kamera-test-deployment","stage":"podscalable-lister","object":{"apiVersion":"autoscaling.internal.knative.dev/v1alpha1","kind":"PodScalable","namespace":"default","name":"kamera-test-deployment"}}
{"level":"error","ts":1768351647.7775302,"logger":"fallback","caller":"revision/controller.go:116","msg":"Failed to create resolver transport","error":"open /var/run/secrets/kubernetes.io/serviceaccount/ca.crt: no such file or directory","stacktrace":"knative.dev/serving/pkg/reconciler/revision.newControllerWithOptions\n\t/Users/tgoodwin/tmp/gomodcache/knative.dev/serving@v0.46.5/pkg/reconciler/revision/controller.go:116\nknative.dev/serving/pkg/reconciler/revision.NewController\n\t/Users/tgoodwin/tmp/gomodcache/knative.dev/serving@v0.46.5/pkg/reconciler/revision/controller.go:64\nmain.configureKnativeExplorer.func1.1\n\t/Users/tgoodwin/projects/kamera/examples/knative-serving/scenario.go:91\ngithub.com/tgoodwin/kamera/examples/knative-serving/knative.NewKnativeStrategy.func1\n\t/Users/tgoodwin/projects/kamera/examples/knative-serving/knative/harness.go:555\ngithub.com/tgoodwin/kamera/examples/knative-serving/knative.(*KnativeStrategy).ReconcileAtState\n\t/Users/tgoodwin/projects/kamera/examples/knative-serving/knative/harness.go:895\ngithub.com/tgoodwin/kamera/pkg/tracecheck.(*ReconcilerContainer).doReconcile\n\t/Users/tgoodwin/projects/kamera/pkg/tracecheck/reconciler.go:164\ngithub.com/tgoodwin/kamera/pkg/tracecheck.(*Explorer).reconcileAtState\n\t/Users/tgoodwin/projects/kamera/pkg/tracecheck/explore.go:1313\ngithub.com/tgoodwin/kamera/pkg/tracecheck.(*Explorer).takeReconcileStep\n\t/Users/tgoodwin/projects/kamera/pkg/tracecheck/explore.go:1228\ngithub.com/tgoodwin/kamera/pkg/tracecheck.(*Explorer).explore\n\t/Users/tgoodwin/projects/kamera/pkg/tracecheck/explore.go:790\ngithub.com/tgoodwin/kamera/pkg/tracecheck.(*Explorer).Explore.func1\n\t/Users/tgoodwin/projects/kamera/pkg/tracecheck/explore.go:330"}
{"level":"info","ts":1768351647.7780979,"logger":"fallback","caller":"revision/reconcile_resources.go:161","msg":"Reconciling PA: kamera-test"}
{"level":"info","ts":"2026-01-13T16:47:27-08:00","logger":"RevisionReconciler.reconcile","msg":"reconcile completed","key":"default/kamera-test","reconciler":"knative.dev.serving.pkg.reconciler.revision.Reconciler","requeue":false,"requeueAfter":0}
{"level":"info","ts":"2026-01-13T16:47:27-08:00","logger":"tracecheck","msg":"Taking reconcile step","Depth":41,"# Distinct States":200,"Total States":201,"Resource States":46}
{"level":"info","ts":"2026-01-13T16:47:27-08:00","logger":"RevisionReconciler.seed","msg":"added podscalable to informer","resource":"deployments","namespace":"default","name":"kamera-test-deployment","stage":"podscalable-add","keys":["default/kamera-test-deployment"]}
{"level":"info","ts":"2026-01-13T16:47:27-08:00","logger":"RevisionReconciler.seed","msg":"podscalable visible to lister","resource":"deployments","namespace":"default","name":"kamera-test-deployment","stage":"podscalable-lister","object":{"apiVersion":"autoscaling.internal.knative.dev/v1alpha1","kind":"PodScalable","namespace":"default","name":"kamera-test-deployment"}}
{"level":"error","ts":1768351647.8881228,"logger":"fallback","caller":"revision/controller.go:116","msg":"Failed to create resolver transport","error":"open /var/run/secrets/kubernetes.io/serviceaccount/ca.crt: no such file or directory","stacktrace":"knative.dev/serving/pkg/reconciler/revision.newControllerWithOptions\n\t/Users/tgoodwin/tmp/gomodcache/knative.dev/serving@v0.46.5/pkg/reconciler/revision/controller.go:116\nknative.dev/serving/pkg/reconciler/revision.NewController\n\t/Users/tgoodwin/tmp/gomodcache/knative.dev/serving@v0.46.5/pkg/reconciler/revision/controller.go:64\nmain.configureKnativeExplorer.func1.1\n\t/Users/tgoodwin/projects/kamera/examples/knative-serving/scenario.go:91\ngithub.com/tgoodwin/kamera/examples/knative-serving/knative.NewKnativeStrategy.func1\n\t/Users/tgoodwin/projects/kamera/examples/knative-serving/knative/harness.go:555\ngithub.com/tgoodwin/kamera/examples/knative-serving/knative.(*KnativeStrategy).ReconcileAtState\n\t/Users/tgoodwin/projects/kamera/examples/knative-serving/knative/harness.go:895\ngithub.com/tgoodwin/kamera/pkg/tracecheck.(*ReconcilerContainer).doReconcile\n\t/Users/tgoodwin/projects/kamera/pkg/tracecheck/reconciler.go:164\ngithub.com/tgoodwin/kamera/pkg/tracecheck.(*Explorer).reconcileAtState\n\t/Users/tgoodwin/projects/kamera/pkg/tracecheck/explore.go:1313\ngithub.com/tgoodwin/kamera/pkg/tracecheck.(*Explorer).takeReconcileStep\n\t/Users/tgoodwin/projects/kamera/pkg/tracecheck/explore.go:1228\ngithub.com/tgoodwin/kamera/pkg/tracecheck.(*Explorer).explore\n\t/Users/tgoodwin/projects/kamera/pkg/tracecheck/explore.go:790\ngithub.com/tgoodwin/kamera/pkg/tracecheck.(*Explorer).Explore.func1\n\t/Users/tgoodwin/projects/kamera/pkg/tracecheck/explore.go:330"}
{"level":"info","ts":1768351647.8887098,"logger":"fallback","caller":"revision/reconcile_resources.go:161","msg":"Reconciling PA: kamera-test"}
{"level":"info","ts":1768351647.8887591,"logger":"fallback","caller":"revision/revision.go:166","msg":"Revision became ready"}
{"level":"info","ts":"2026-01-13T16:47:27-08:00","logger":"RevisionReconciler.reconcile","msg":"reconcile completed","key":"default/kamera-test","reconciler":"knative.dev.serving.pkg.reconciler.revision.Reconciler","requeue":false,"requeueAfter":0}
{"level":"info","ts":"2026-01-13T16:47:27-08:00","logger":"tracecheck","msg":"Taking reconcile step","Depth":42,"# Distinct States":201,"Total States":202,"Resource States":46}
{"level":"info","ts":"2026-01-13T16:47:27-08:00","logger":"ConfigurationReconciler.seed","msg":"added podscalable to informer","resource":"deployments","namespace":"default","name":"kamera-test-deployment","stage":"podscalable-add","keys":["default/kamera-test-deployment"]}
{"level":"info","ts":"2026-01-13T16:47:27-08:00","logger":"ConfigurationReconciler.seed","msg":"podscalable visible to lister","resource":"deployments","namespace":"default","name":"kamera-test-deployment","stage":"podscalable-lister","object":{"apiVersion":"autoscaling.internal.knative.dev/v1alpha1","kind":"PodScalable","namespace":"default","name":"kamera-test-deployment"}}
{"level":"info","ts":1768351648.001819,"logger":"fallback","caller":"configuration/configuration.go:106","msg":"Revision \"kamera-test\" of configuration is ready"}
{"level":"info","ts":"2026-01-13T16:47:28-08:00","logger":"ConfigurationReconciler.reconcile","msg":"reconcile completed","key":"default/demo","reconciler":"knative.dev.serving.pkg.reconciler.configuration.Reconciler","requeue":false,"requeueAfter":0}
{"level":"info","ts":"2026-01-13T16:47:28-08:00","logger":"tracecheck","msg":"Taking reconcile step","Depth":43,"# Distinct States":202,"Total States":203,"Resource States":47}
{"level":"info","ts":"2026-01-13T16:47:28-08:00","logger":"tracecheck","msg":"Taking reconcile step","Depth":44,"# Distinct States":203,"Total States":204,"Resource States":47}
{"level":"info","ts":"2026-01-13T16:47:28-08:00","logger":"tracecheck","msg":"Taking reconcile step","Depth":45,"# Distinct States":204,"Total States":205,"Resource States":47}
{"level":"info","ts":"2026-01-13T16:47:28-08:00","logger":"tracecheck","msg":"Updated ReplicaSet status","Depth":45,"# Distinct States":204,"Total States":205,"Resource States":47,"name":"kamera-test-deployment-1488584584"}
{"level":"info","ts":"2026-01-13T16:47:28-08:00","logger":"tracecheck","msg":"Taking reconcile step","Depth":46,"# Distinct States":205,"Total States":206,"Resource States":48}
{"level":"info","ts":"2026-01-13T16:47:28-08:00","logger":"KPAReconciler.seed","msg":"added podscalable to informer","resource":"deployments","namespace":"default","name":"kamera-test-deployment","stage":"podscalable-add","keys":["default/kamera-test-deployment"]}
{"level":"info","ts":"2026-01-13T16:47:28-08:00","logger":"KPAReconciler.seed","msg":"podscalable visible to lister","resource":"deployments","namespace":"default","name":"kamera-test-deployment","stage":"podscalable-lister","object":{"apiVersion":"autoscaling.internal.knative.dev/v1alpha1","kind":"PodScalable","namespace":"default","name":"kamera-test-deployment"}}
{"level":"info","ts":1768351648.1239302,"logger":"fallback","caller":"kpa/controller.go:77","msg":"Setting up ConfigMap receivers"}
{"level":"info","ts":1768351648.124139,"logger":"fallback","caller":"kpa/controller.go:91","msg":"Setting up KPA-Class event handlers"}
{"level":"info","ts":1768351648.124344,"logger":"fallback","caller":"kpa/scaler.go:229","msg":"Can deactivate PA, was active for 12s"}
{"level":"info","ts":1768351648.124398,"logger":"fallback","caller":"kpa/kpa.go:158","msg":"SKS should be in Proxy mode: want = 0, ebc = 0, #act's = 2 PA Inactive? = false"}
{"level":"info","ts":1768351648.1244512,"logger":"fallback","caller":"kpa/kpa.go:178","msg":"PA scale got=1, want=0, desiredPods=0 ebc=0"}
{"level":"info","ts":1768351648.124466,"logger":"fallback","caller":"kpa/kpa.go:188","msg":"Observed pod counts=kpa.podCounts{want:0, ready:1, notReady:0, pending:0, terminating:0}"}
{"level":"info","ts":"2026-01-13T16:47:28-08:00","logger":"KPAReconciler.reconcile","msg":"reconcile completed","key":"default/kamera-test","reconciler":"knative.dev.serving.pkg.reconciler.autoscaling.kpa.Reconciler","requeue":false,"requeueAfter":0}
{"level":"info","ts":"2026-01-13T16:47:28-08:00","logger":"tracecheck","msg":"Taking reconcile step","Depth":47,"# Distinct States":206,"Total States":207,"Resource States":48}
{"level":"info","ts":"2026-01-13T16:47:28-08:00","logger":"RevisionReconciler.seed","msg":"added podscalable to informer","resource":"deployments","namespace":"default","name":"kamera-test-deployment","stage":"podscalable-add","keys":["default/kamera-test-deployment"]}
{"level":"info","ts":"2026-01-13T16:47:28-08:00","logger":"RevisionReconciler.seed","msg":"podscalable visible to lister","resource":"deployments","namespace":"default","name":"kamera-test-deployment","stage":"podscalable-lister","object":{"apiVersion":"autoscaling.internal.knative.dev/v1alpha1","kind":"PodScalable","namespace":"default","name":"kamera-test-deployment"}}
{"level":"error","ts":1768351648.236458,"logger":"fallback","caller":"revision/controller.go:116","msg":"Failed to create resolver transport","error":"open /var/run/secrets/kubernetes.io/serviceaccount/ca.crt: no such file or directory","stacktrace":"knative.dev/serving/pkg/reconciler/revision.newControllerWithOptions\n\t/Users/tgoodwin/tmp/gomodcache/knative.dev/serving@v0.46.5/pkg/reconciler/revision/controller.go:116\nknative.dev/serving/pkg/reconciler/revision.NewController\n\t/Users/tgoodwin/tmp/gomodcache/knative.dev/serving@v0.46.5/pkg/reconciler/revision/controller.go:64\nmain.configureKnativeExplorer.func1.1\n\t/Users/tgoodwin/projects/kamera/examples/knative-serving/scenario.go:91\ngithub.com/tgoodwin/kamera/examples/knative-serving/knative.NewKnativeStrategy.func1\n\t/Users/tgoodwin/projects/kamera/examples/knative-serving/knative/harness.go:555\ngithub.com/tgoodwin/kamera/examples/knative-serving/knative.(*KnativeStrategy).ReconcileAtState\n\t/Users/tgoodwin/projects/kamera/examples/knative-serving/knative/harness.go:895\ngithub.com/tgoodwin/kamera/pkg/tracecheck.(*ReconcilerContainer).doReconcile\n\t/Users/tgoodwin/projects/kamera/pkg/tracecheck/reconciler.go:164\ngithub.com/tgoodwin/kamera/pkg/tracecheck.(*Explorer).reconcileAtState\n\t/Users/tgoodwin/projects/kamera/pkg/tracecheck/explore.go:1313\ngithub.com/tgoodwin/kamera/pkg/tracecheck.(*Explorer).takeReconcileStep\n\t/Users/tgoodwin/projects/kamera/pkg/tracecheck/explore.go:1228\ngithub.com/tgoodwin/kamera/pkg/tracecheck.(*Explorer).explore\n\t/Users/tgoodwin/projects/kamera/pkg/tracecheck/explore.go:790\ngithub.com/tgoodwin/kamera/pkg/tracecheck.(*Explorer).Explore.func1\n\t/Users/tgoodwin/projects/kamera/pkg/tracecheck/explore.go:330"}
{"level":"info","ts":1768351648.2372139,"logger":"fallback","caller":"revision/reconcile_resources.go:161","msg":"Reconciling PA: kamera-test"}
{"level":"info","ts":"2026-01-13T16:47:28-08:00","logger":"RevisionReconciler.reconcile","msg":"reconcile completed","key":"default/kamera-test","reconciler":"knative.dev.serving.pkg.reconciler.revision.Reconciler","requeue":false,"requeueAfter":0}
{"level":"info","ts":"2026-01-13T16:47:28-08:00","logger":"tracecheck","msg":"Taking reconcile step","Depth":48,"# Distinct States":207,"Total States":208,"Resource States":48}
{"level":"info","ts":"2026-01-13T16:47:28-08:00","logger":"ConfigurationReconciler.seed","msg":"added podscalable to informer","resource":"deployments","namespace":"default","name":"kamera-test-deployment","stage":"podscalable-add","keys":["default/kamera-test-deployment"]}
{"level":"info","ts":"2026-01-13T16:47:28-08:00","logger":"ConfigurationReconciler.seed","msg":"podscalable visible to lister","resource":"deployments","namespace":"default","name":"kamera-test-deployment","stage":"podscalable-lister","object":{"apiVersion":"autoscaling.internal.knative.dev/v1alpha1","kind":"PodScalable","namespace":"default","name":"kamera-test-deployment"}}
{"level":"info","ts":1768351648.349325,"logger":"fallback","caller":"configuration/configuration.go:106","msg":"Revision \"kamera-test\" of configuration is ready"}
{"level":"info","ts":"2026-01-13T16:47:28-08:00","logger":"ConfigurationReconciler.reconcile","msg":"reconcile completed","key":"default/demo","reconciler":"knative.dev.serving.pkg.reconciler.configuration.Reconciler","requeue":false,"requeueAfter":0}
{"level":"info","ts":"2026-01-13T16:47:28-08:00","logger":"tracecheck","msg":"Taking reconcile step","Depth":49,"# Distinct States":208,"Total States":209,"Resource States":48}
{"level":"info","ts":"2026-01-13T16:47:28-08:00","logger":"RouteReconciler.seed","msg":"added podscalable to informer","resource":"deployments","namespace":"default","name":"kamera-test-deployment","stage":"podscalable-add","keys":["default/kamera-test-deployment"]}
{"level":"info","ts":"2026-01-13T16:47:28-08:00","logger":"RouteReconciler.seed","msg":"podscalable visible to lister","resource":"deployments","namespace":"default","name":"kamera-test-deployment","stage":"podscalable-lister","object":{"apiVersion":"autoscaling.internal.knative.dev/v1alpha1","kind":"PodScalable","namespace":"default","name":"kamera-test-deployment"}}
{"level":"info","ts":1768351648.4617422,"logger":"fallback","caller":"route/route.go:465","msg":"Revision default/kamera-test is inactive"}
{"level":"info","ts":1768351648.461792,"logger":"fallback","caller":"route/route.go:487","msg":"All referred targets are routable, marking AllTrafficAssigned with traffic information."}
{"level":"info","ts":1768351648.46182,"logger":"fallback","caller":"route/route.go:140","msg":"Creating placeholder k8s services"}
{"level":"info","ts":1768351648.4620612,"logger":"fallback","caller":"route/reconcile_resources.go:179","msg":"Created service demo"}
{"level":"info","ts":1768351648.462445,"logger":"fallback","caller":"route/route.go:176","msg":"Updating placeholder k8s services with ingress information"}
{"level":"warn","ts":1768351648.462486,"logger":"fallback","caller":"route/reconcile_resources.go:228","msg":"Failed to update k8s service","error":"failed to fetch loadbalancer domain/IP from ingress status"}
{"level":"info","ts":1768351648.462503,"logger":"fallback","caller":"route/route.go:198","msg":"Route successfully synced"}
{"level":"info","ts":"2026-01-13T16:47:28-08:00","logger":"RouteReconciler.reconcile","msg":"reconcile completed","key":"default/demo","reconciler":"knative.dev.serving.pkg.reconciler.route.Reconciler","requeue":false,"requeueAfter":0}
{"level":"info","ts":"2026-01-13T16:47:28-08:00","logger":"tracecheck","msg":"Taking reconcile step","Depth":50,"# Distinct States":209,"Total States":210,"Resource States":49}
{"level":"info","ts":"2026-01-13T16:47:28-08:00","logger":"ServiceReconciler.seed","msg":"added podscalable to informer","resource":"deployments","namespace":"default","name":"kamera-test-deployment","stage":"podscalable-add","keys":["default/kamera-test-deployment"]}
{"level":"info","ts":"2026-01-13T16:47:28-08:00","logger":"ServiceReconciler.seed","msg":"podscalable visible to lister","resource":"deployments","namespace":"default","name":"kamera-test-deployment","stage":"podscalable-lister","object":{"apiVersion":"autoscaling.internal.knative.dev/v1alpha1","kind":"PodScalable","namespace":"default","name":"kamera-test-deployment"}}
{"level":"info","ts":1768351648.572843,"logger":"fallback","caller":"service/service.go:171","msg":"Service reconciler fetching Route from lister: name=demo, namespace=default"}
{"level":"info","ts":1768351648.572891,"logger":"fallback","caller":"service/service.go:174","msg":"Service reconciler got Route from lister: name=demo, Generation=1, ObservedGeneration=1, ResourceVersion="}
{"level":"info","ts":1768351648.572947,"logger":"fallback","caller":"service/service.go:126","msg":"Service reconciler checking Route: name=demo, Generation=1, ObservedGeneration=1, Ready=Unknown (reason=IngressNotConfigured, message=Ingress has not yet been reconciled.), generationMatch=true, routeResourceVersion="}
{"level":"info","ts":1768351648.5729668,"logger":"fallback","caller":"service/service.go:136","msg":"Service reconciler calling PropagateRouteStatus() because Generation == ObservedGeneration"}
{"level":"info","ts":"2026-01-13T16:47:28-08:00","logger":"ServiceReconciler.reconcile","msg":"reconcile completed","key":"default/demo","reconciler":"knative.dev.serving.pkg.reconciler.service.Reconciler","requeue":false,"requeueAfter":0}
{"level":"info","ts":"2026-01-13T16:47:28-08:00","logger":"tracecheck","msg":"Taking reconcile step","Depth":51,"# Distinct States":210,"Total States":211,"Resource States":50}
{"level":"info","ts":"2026-01-13T16:47:28-08:00","logger":"tracecheck","msg":"Updated Deployment status","Depth":51,"# Distinct States":210,"Total States":211,"Resource States":50,"name":"kamera-test-deployment"}
{"level":"info","ts":"2026-01-13T16:47:28-08:00","logger":"tracecheck","msg":"Taking reconcile step","Depth":52,"# Distinct States":211,"Total States":212,"Resource States":51}
{"level":"info","ts":"2026-01-13T16:47:28-08:00","logger":"tracecheck","msg":"Taking reconcile step","Depth":53,"# Distinct States":212,"Total States":213,"Resource States":51}
{"level":"info","ts":"2026-01-13T16:47:28-08:00","logger":"KPAReconciler.seed","msg":"added podscalable to informer","resource":"deployments","namespace":"default","name":"kamera-test-deployment","stage":"podscalable-add","keys":["default/kamera-test-deployment"]}
{"level":"info","ts":"2026-01-13T16:47:28-08:00","logger":"KPAReconciler.seed","msg":"podscalable visible to lister","resource":"deployments","namespace":"default","name":"kamera-test-deployment","stage":"podscalable-lister","object":{"apiVersion":"autoscaling.internal.knative.dev/v1alpha1","kind":"PodScalable","namespace":"default","name":"kamera-test-deployment"}}
{"level":"info","ts":1768351648.696348,"logger":"fallback","caller":"kpa/controller.go:77","msg":"Setting up ConfigMap receivers"}
{"level":"info","ts":1768351648.696552,"logger":"fallback","caller":"kpa/controller.go:91","msg":"Setting up KPA-Class event handlers"}
{"level":"info","ts":1768351648.6967711,"logger":"fallback","caller":"kpa/scaler.go:379","msg":"Scaling from 1 to 0"}
{"level":"info","ts":1768351648.700568,"logger":"fallback","caller":"kpa/kpa.go:158","msg":"SKS should be in Proxy mode: want = 0, ebc = 0, #act's = 2 PA Inactive? = true"}
{"level":"info","ts":1768351648.7006521,"logger":"fallback","caller":"kpa/kpa.go:178","msg":"PA scale got=1, want=0, desiredPods=0 ebc=0"}
{"level":"info","ts":1768351648.7006762,"logger":"fallback","caller":"kpa/kpa.go:188","msg":"Observed pod counts=kpa.podCounts{want:0, ready:1, notReady:0, pending:0, terminating:0}"}
{"level":"info","ts":"2026-01-13T16:47:28-08:00","logger":"KPAReconciler.reconcile","msg":"reconcile completed","key":"default/kamera-test","reconciler":"knative.dev.serving.pkg.reconciler.autoscaling.kpa.Reconciler","requeue":false,"requeueAfter":0}
{"level":"info","ts":"2026-01-13T16:47:28-08:00","logger":"tracecheck","msg":"Taking reconcile step","Depth":54,"# Distinct States":213,"Total States":214,"Resource States":51}
{"level":"info","ts":"2026-01-13T16:47:28-08:00","logger":"tracecheck","msg":"Taking reconcile step","Depth":55,"# Distinct States":214,"Total States":215,"Resource States":51}
{"level":"info","ts":"2026-01-13T16:47:28-08:00","logger":"RevisionReconciler.seed","msg":"added podscalable to informer","resource":"deployments","namespace":"default","name":"kamera-test-deployment","stage":"podscalable-add","keys":["default/kamera-test-deployment"]}
{"level":"info","ts":"2026-01-13T16:47:28-08:00","logger":"RevisionReconciler.seed","msg":"podscalable visible to lister","resource":"deployments","namespace":"default","name":"kamera-test-deployment","stage":"podscalable-lister","object":{"apiVersion":"autoscaling.internal.knative.dev/v1alpha1","kind":"PodScalable","namespace":"default","name":"kamera-test-deployment"}}
{"level":"error","ts":1768351648.818149,"logger":"fallback","caller":"revision/controller.go:116","msg":"Failed to create resolver transport","error":"open /var/run/secrets/kubernetes.io/serviceaccount/ca.crt: no such file or directory","stacktrace":"knative.dev/serving/pkg/reconciler/revision.newControllerWithOptions\n\t/Users/tgoodwin/tmp/gomodcache/knative.dev/serving@v0.46.5/pkg/reconciler/revision/controller.go:116\nknative.dev/serving/pkg/reconciler/revision.NewController\n\t/Users/tgoodwin/tmp/gomodcache/knative.dev/serving@v0.46.5/pkg/reconciler/revision/controller.go:64\nmain.configureKnativeExplorer.func1.1\n\t/Users/tgoodwin/projects/kamera/examples/knative-serving/scenario.go:91\ngithub.com/tgoodwin/kamera/examples/knative-serving/knative.NewKnativeStrategy.func1\n\t/Users/tgoodwin/projects/kamera/examples/knative-serving/knative/harness.go:555\ngithub.com/tgoodwin/kamera/examples/knative-serving/knative.(*KnativeStrategy).ReconcileAtState\n\t/Users/tgoodwin/projects/kamera/examples/knative-serving/knative/harness.go:895\ngithub.com/tgoodwin/kamera/pkg/tracecheck.(*ReconcilerContainer).doReconcile\n\t/Users/tgoodwin/projects/kamera/pkg/tracecheck/reconciler.go:164\ngithub.com/tgoodwin/kamera/pkg/tracecheck.(*Explorer).reconcileAtState\n\t/Users/tgoodwin/projects/kamera/pkg/tracecheck/explore.go:1313\ngithub.com/tgoodwin/kamera/pkg/tracecheck.(*Explorer).takeReconcileStep\n\t/Users/tgoodwin/projects/kamera/pkg/tracecheck/explore.go:1228\ngithub.com/tgoodwin/kamera/pkg/tracecheck.(*Explorer).explore\n\t/Users/tgoodwin/projects/kamera/pkg/tracecheck/explore.go:790\ngithub.com/tgoodwin/kamera/pkg/tracecheck.(*Explorer).Explore.func1\n\t/Users/tgoodwin/projects/kamera/pkg/tracecheck/explore.go:330"}
{"level":"info","ts":1768351648.818728,"logger":"fallback","caller":"revision/reconcile_resources.go:161","msg":"Reconciling PA: kamera-test"}
{"level":"info","ts":"2026-01-13T16:47:28-08:00","logger":"RevisionReconciler.reconcile","msg":"reconcile completed","key":"default/kamera-test","reconciler":"knative.dev.serving.pkg.reconciler.revision.Reconciler","requeue":false,"requeueAfter":0}
{"level":"info","ts":"2026-01-13T16:47:28-08:00","logger":"tracecheck","msg":"Taking reconcile step","Depth":56,"# Distinct States":215,"Total States":216,"Resource States":51}
{"level":"info","ts":"2026-01-13T16:47:28-08:00","logger":"tracecheck","msg":"Taking reconcile step","Depth":57,"# Distinct States":216,"Total States":217,"Resource States":51}
{"level":"info","ts":"2026-01-13T16:47:28-08:00","logger":"tracecheck","msg":"Taking reconcile step","Depth":58,"# Distinct States":217,"Total States":218,"Resource States":52}
{"level":"info","ts":"2026-01-13T16:47:28-08:00","logger":"RouteReconciler.seed","msg":"added podscalable to informer","resource":"deployments","namespace":"default","name":"kamera-test-deployment","stage":"podscalable-add","keys":["default/kamera-test-deployment"]}
{"level":"info","ts":"2026-01-13T16:47:28-08:00","logger":"RouteReconciler.seed","msg":"podscalable visible to lister","resource":"deployments","namespace":"default","name":"kamera-test-deployment","stage":"podscalable-lister","object":{"apiVersion":"autoscaling.internal.knative.dev/v1alpha1","kind":"PodScalable","namespace":"default","name":"kamera-test-deployment"}}
{"level":"info","ts":1768351648.9335139,"logger":"fallback","caller":"route/route.go:465","msg":"Revision default/kamera-test is inactive"}
{"level":"info","ts":1768351648.933555,"logger":"fallback","caller":"route/route.go:487","msg":"All referred targets are routable, marking AllTrafficAssigned with traffic information."}
{"level":"info","ts":1768351648.933575,"logger":"fallback","caller":"route/route.go:140","msg":"Creating placeholder k8s services"}
{"level":"info","ts":1768351648.9337,"logger":"fallback","caller":"route/route.go:176","msg":"Updating placeholder k8s services with ingress information"}
{"level":"info","ts":1768351648.934012,"logger":"fallback","caller":"route/route.go:198","msg":"Route successfully synced"}
{"level":"info","ts":"2026-01-13T16:47:28-08:00","logger":"RouteReconciler.reconcile","msg":"reconcile completed","key":"default/demo","reconciler":"knative.dev.serving.pkg.reconciler.route.Reconciler","requeue":false,"requeueAfter":0}
{"level":"info","ts":"2026-01-13T16:47:28-08:00","logger":"tracecheck","msg":"Taking reconcile step","Depth":59,"# Distinct States":218,"Total States":219,"Resource States":53}
{"level":"info","ts":"2026-01-13T16:47:28-08:00","logger":"tracecheck","msg":"Taking reconcile step","Depth":60,"# Distinct States":219,"Total States":220,"Resource States":53}
{"level":"info","ts":"2026-01-13T16:47:29-08:00","logger":"ServiceReconciler.seed","msg":"added podscalable to informer","resource":"deployments","namespace":"default","name":"kamera-test-deployment","stage":"podscalable-add","keys":["default/kamera-test-deployment"]}
{"level":"info","ts":"2026-01-13T16:47:29-08:00","logger":"ServiceReconciler.seed","msg":"podscalable visible to lister","resource":"deployments","namespace":"default","name":"kamera-test-deployment","stage":"podscalable-lister","object":{"apiVersion":"autoscaling.internal.knative.dev/v1alpha1","kind":"PodScalable","namespace":"default","name":"kamera-test-deployment"}}
{"level":"info","ts":1768351649.057568,"logger":"fallback","caller":"service/service.go:171","msg":"Service reconciler fetching Route from lister: name=demo, namespace=default"}
{"level":"info","ts":1768351649.057636,"logger":"fallback","caller":"service/service.go:174","msg":"Service reconciler got Route from lister: name=demo, Generation=1, ObservedGeneration=1, ResourceVersion="}
{"level":"info","ts":1768351649.0577102,"logger":"fallback","caller":"service/service.go:126","msg":"Service reconciler checking Route: name=demo, Generation=1, ObservedGeneration=1, Ready=True (reason=, message=), generationMatch=true, routeResourceVersion="}
{"level":"info","ts":1768351649.057728,"logger":"fallback","caller":"service/service.go:136","msg":"Service reconciler calling PropagateRouteStatus() because Generation == ObservedGeneration"}
{"level":"info","ts":"2026-01-13T16:47:29-08:00","logger":"ServiceReconciler.reconcile","msg":"reconcile completed","key":"default/demo","reconciler":"knative.dev.serving.pkg.reconciler.service.Reconciler","requeue":false,"requeueAfter":0}
{"level":"info","ts":"2026-01-13T16:47:29-08:00","logger":"tracecheck","msg":"Taking reconcile step","Depth":61,"# Distinct States":220,"Total States":221,"Resource States":54}
{"level":"info","ts":"2026-01-13T16:47:29-08:00","logger":"tracecheck","msg":"Updated Deployment status","Depth":61,"# Distinct States":220,"Total States":221,"Resource States":54,"name":"kamera-test-deployment"}
{"level":"info","ts":"2026-01-13T16:47:29-08:00","logger":"tracecheck","msg":"Taking reconcile step","Depth":62,"# Distinct States":221,"Total States":222,"Resource States":54}
{"level":"info","ts":"2026-01-13T16:47:29-08:00","logger":"KPAReconciler.seed","msg":"added podscalable to informer","resource":"deployments","namespace":"default","name":"kamera-test-deployment","stage":"podscalable-add","keys":["default/kamera-test-deployment"]}
{"level":"info","ts":"2026-01-13T16:47:29-08:00","logger":"KPAReconciler.seed","msg":"podscalable visible to lister","resource":"deployments","namespace":"default","name":"kamera-test-deployment","stage":"podscalable-lister","object":{"apiVersion":"autoscaling.internal.knative.dev/v1alpha1","kind":"PodScalable","namespace":"default","name":"kamera-test-deployment"}}
{"level":"info","ts":1768351649.17586,"logger":"fallback","caller":"kpa/controller.go:77","msg":"Setting up ConfigMap receivers"}
{"level":"info","ts":1768351649.176084,"logger":"fallback","caller":"kpa/controller.go:91","msg":"Setting up KPA-Class event handlers"}
{"level":"info","ts":1768351649.176342,"logger":"fallback","caller":"kpa/kpa.go:158","msg":"SKS should be in Proxy mode: want = 0, ebc = 0, #act's = 2 PA Inactive? = true"}
{"level":"info","ts":1768351649.176398,"logger":"fallback","caller":"kpa/kpa.go:178","msg":"PA scale got=1, want=0, desiredPods=0 ebc=0"}
{"level":"info","ts":1768351649.1764202,"logger":"fallback","caller":"kpa/kpa.go:188","msg":"Observed pod counts=kpa.podCounts{want:0, ready:1, notReady:0, pending:0, terminating:0}"}
{"level":"info","ts":"2026-01-13T16:47:29-08:00","logger":"KPAReconciler.reconcile","msg":"reconcile completed","key":"default/kamera-test","reconciler":"knative.dev.serving.pkg.reconciler.autoscaling.kpa.Reconciler","requeue":false,"requeueAfter":0}
{"level":"info","ts":"2026-01-13T16:47:29-08:00","logger":"tracecheck","msg":"Taking reconcile step","Depth":63,"# Distinct States":222,"Total States":223,"Resource States":54}
{"level":"info","ts":"2026-01-13T16:47:29-08:00","logger":"tracecheck","msg":"Taking reconcile step","Depth":64,"# Distinct States":223,"Total States":224,"Resource States":54}
{"level":"info","ts":"2026-01-13T16:47:29-08:00","logger":"tracecheck","msg":"Taking reconcile step","Depth":65,"# Distinct States":224,"Total States":225,"Resource States":54}
{"level":"info","ts":"2026-01-13T16:47:29-08:00","logger":"RouteReconciler.seed","msg":"added podscalable to informer","resource":"deployments","namespace":"default","name":"kamera-test-deployment","stage":"podscalable-add","keys":["default/kamera-test-deployment"]}
{"level":"info","ts":"2026-01-13T16:47:29-08:00","logger":"RouteReconciler.seed","msg":"podscalable visible to lister","resource":"deployments","namespace":"default","name":"kamera-test-deployment","stage":"podscalable-lister","object":{"apiVersion":"autoscaling.internal.knative.dev/v1alpha1","kind":"PodScalable","namespace":"default","name":"kamera-test-deployment"}}
{"level":"info","ts":1768351649.2934191,"logger":"fallback","caller":"route/route.go:465","msg":"Revision default/kamera-test is inactive"}
{"level":"info","ts":1768351649.2934778,"logger":"fallback","caller":"route/route.go:487","msg":"All referred targets are routable, marking AllTrafficAssigned with traffic information."}
{"level":"info","ts":1768351649.29351,"logger":"fallback","caller":"route/route.go:140","msg":"Creating placeholder k8s services"}
{"level":"info","ts":1768351649.2936609,"logger":"fallback","caller":"route/route.go:176","msg":"Updating placeholder k8s services with ingress information"}
{"level":"info","ts":1768351649.293741,"logger":"fallback","caller":"route/route.go:198","msg":"Route successfully synced"}
{"level":"info","ts":"2026-01-13T16:47:29-08:00","logger":"RouteReconciler.reconcile","msg":"reconcile completed","key":"default/demo","reconciler":"knative.dev.serving.pkg.reconciler.route.Reconciler","requeue":false,"requeueAfter":0}
{"level":"info","ts":"2026-01-13T16:47:29-08:00","logger":"tracecheck","msg":"Taking reconcile step","Depth":66,"# Distinct States":225,"Total States":226,"Resource States":54}
{"level":"info","ts":"2026-01-13T16:47:29-08:00","logger":"ServiceReconciler.seed","msg":"added podscalable to informer","resource":"deployments","namespace":"default","name":"kamera-test-deployment","stage":"podscalable-add","keys":["default/kamera-test-deployment"]}
{"level":"info","ts":"2026-01-13T16:47:29-08:00","logger":"ServiceReconciler.seed","msg":"podscalable visible to lister","resource":"deployments","namespace":"default","name":"kamera-test-deployment","stage":"podscalable-lister","object":{"apiVersion":"autoscaling.internal.knative.dev/v1alpha1","kind":"PodScalable","namespace":"default","name":"kamera-test-deployment"}}
{"level":"info","ts":1768351649.402936,"logger":"fallback","caller":"service/service.go:171","msg":"Service reconciler fetching Route from lister: name=demo, namespace=default"}
{"level":"info","ts":1768351649.40298,"logger":"fallback","caller":"service/service.go:174","msg":"Service reconciler got Route from lister: name=demo, Generation=1, ObservedGeneration=1, ResourceVersion="}
{"level":"info","ts":1768351649.403032,"logger":"fallback","caller":"service/service.go:126","msg":"Service reconciler checking Route: name=demo, Generation=1, ObservedGeneration=1, Ready=True (reason=, message=), generationMatch=true, routeResourceVersion="}
{"level":"info","ts":1768351649.403046,"logger":"fallback","caller":"service/service.go:136","msg":"Service reconciler calling PropagateRouteStatus() because Generation == ObservedGeneration"}
{"level":"info","ts":"2026-01-13T16:47:29-08:00","logger":"ServiceReconciler.reconcile","msg":"reconcile completed","key":"default/demo","reconciler":"knative.dev.serving.pkg.reconciler.service.Reconciler","requeue":false,"requeueAfter":0}
{"level":"info","ts":"2026-01-13T16:47:29-08:00","logger":"tracecheck","msg":"Taking reconcile step","Depth":67,"# Distinct States":226,"Total States":227,"Resource States":54}
{"level":"info","ts":"2026-01-13T16:47:29-08:00","logger":"tracecheck","msg":"Taking reconcile step","Depth":68,"# Distinct States":227,"Total States":228,"Resource States":54}
{"level":"info","ts":"2026-01-13T16:47:29-08:00","logger":"tracecheck","msg":"Deleting pods","Depth":68,"# Distinct States":227,"Total States":228,"Resource States":54,"count":1}
{"level":"info","ts":"2026-01-13T16:47:29-08:00","logger":"tracecheck","msg":"Taking reconcile step","Depth":69,"# Distinct States":228,"Total States":229,"Resource States":54}
{"level":"info","ts":"2026-01-13T16:47:29-08:00","logger":"tracecheck","msg":"Taking reconcile step","Depth":70,"# Distinct States":229,"Total States":230,"Resource States":54}
{"level":"info","ts":"2026-01-13T16:47:29-08:00","logger":"RevisionReconciler.seed","msg":"added podscalable to informer","resource":"deployments","namespace":"default","name":"kamera-test-deployment","stage":"podscalable-add","keys":["default/kamera-test-deployment"]}
{"level":"info","ts":"2026-01-13T16:47:29-08:00","logger":"RevisionReconciler.seed","msg":"podscalable visible to lister","resource":"deployments","namespace":"default","name":"kamera-test-deployment","stage":"podscalable-lister","object":{"apiVersion":"autoscaling.internal.knative.dev/v1alpha1","kind":"PodScalable","namespace":"default","name":"kamera-test-deployment"}}
{"level":"error","ts":1768351649.523941,"logger":"fallback","caller":"revision/controller.go:116","msg":"Failed to create resolver transport","error":"open /var/run/secrets/kubernetes.io/serviceaccount/ca.crt: no such file or directory","stacktrace":"knative.dev/serving/pkg/reconciler/revision.newControllerWithOptions\n\t/Users/tgoodwin/tmp/gomodcache/knative.dev/serving@v0.46.5/pkg/reconciler/revision/controller.go:116\nknative.dev/serving/pkg/reconciler/revision.NewController\n\t/Users/tgoodwin/tmp/gomodcache/knative.dev/serving@v0.46.5/pkg/reconciler/revision/controller.go:64\nmain.configureKnativeExplorer.func1.1\n\t/Users/tgoodwin/projects/kamera/examples/knative-serving/scenario.go:91\ngithub.com/tgoodwin/kamera/examples/knative-serving/knative.NewKnativeStrategy.func1\n\t/Users/tgoodwin/projects/kamera/examples/knative-serving/knative/harness.go:555\ngithub.com/tgoodwin/kamera/examples/knative-serving/knative.(*KnativeStrategy).ReconcileAtState\n\t/Users/tgoodwin/projects/kamera/examples/knative-serving/knative/harness.go:895\ngithub.com/tgoodwin/kamera/pkg/tracecheck.(*ReconcilerContainer).doReconcile\n\t/Users/tgoodwin/projects/kamera/pkg/tracecheck/reconciler.go:164\ngithub.com/tgoodwin/kamera/pkg/tracecheck.(*Explorer).reconcileAtState\n\t/Users/tgoodwin/projects/kamera/pkg/tracecheck/explore.go:1313\ngithub.com/tgoodwin/kamera/pkg/tracecheck.(*Explorer).takeReconcileStep\n\t/Users/tgoodwin/projects/kamera/pkg/tracecheck/explore.go:1228\ngithub.com/tgoodwin/kamera/pkg/tracecheck.(*Explorer).explore\n\t/Users/tgoodwin/projects/kamera/pkg/tracecheck/explore.go:790\ngithub.com/tgoodwin/kamera/pkg/tracecheck.(*Explorer).Explore.func1\n\t/Users/tgoodwin/projects/kamera/pkg/tracecheck/explore.go:330"}
{"level":"info","ts":1768351649.524527,"logger":"fallback","caller":"revision/reconcile_resources.go:161","msg":"Reconciling PA: kamera-test"}
{"level":"info","ts":"2026-01-13T16:47:29-08:00","logger":"RevisionReconciler.reconcile","msg":"reconcile completed","key":"default/kamera-test","reconciler":"knative.dev.serving.pkg.reconciler.revision.Reconciler","requeue":false,"requeueAfter":0}
{"level":"info","ts":"2026-01-13T16:47:29-08:00","logger":"tracecheck","msg":"Taking reconcile step","Depth":71,"# Distinct States":230,"Total States":231,"Resource States":54}
{"level":"info","ts":"2026-01-13T16:47:29-08:00","logger":"KPAReconciler.seed","msg":"added podscalable to informer","resource":"deployments","namespace":"default","name":"kamera-test-deployment","stage":"podscalable-add","keys":["default/kamera-test-deployment"]}
{"level":"info","ts":"2026-01-13T16:47:29-08:00","logger":"KPAReconciler.seed","msg":"podscalable visible to lister","resource":"deployments","namespace":"default","name":"kamera-test-deployment","stage":"podscalable-lister","object":{"apiVersion":"autoscaling.internal.knative.dev/v1alpha1","kind":"PodScalable","namespace":"default","name":"kamera-test-deployment"}}
{"level":"info","ts":1768351649.635215,"logger":"fallback","caller":"kpa/controller.go:77","msg":"Setting up ConfigMap receivers"}
{"level":"info","ts":1768351649.6354089,"logger":"fallback","caller":"kpa/controller.go:91","msg":"Setting up KPA-Class event handlers"}
{"level":"info","ts":1768351649.6356108,"logger":"fallback","caller":"kpa/kpa.go:158","msg":"SKS should be in Proxy mode: want = 0, ebc = 0, #act's = 2 PA Inactive? = true"}
{"level":"info","ts":1768351649.6356559,"logger":"fallback","caller":"kpa/kpa.go:178","msg":"PA scale got=0, want=0, desiredPods=0 ebc=0"}
{"level":"info","ts":1768351649.635673,"logger":"fallback","caller":"kpa/kpa.go:188","msg":"Observed pod counts=kpa.podCounts{want:0, ready:0, notReady:1, pending:0, terminating:1}"}
{"level":"info","ts":"2026-01-13T16:47:29-08:00","logger":"KPAReconciler.reconcile","msg":"reconcile completed","key":"default/kamera-test","reconciler":"knative.dev.serving.pkg.reconciler.autoscaling.kpa.Reconciler","requeue":false,"requeueAfter":0}
{"level":"info","ts":"2026-01-13T16:47:29-08:00","logger":"tracecheck","msg":"Taking reconcile step","Depth":72,"# Distinct States":231,"Total States":232,"Resource States":54}
{"level":"info","ts":"2026-01-13T16:47:29-08:00","logger":"RevisionReconciler.seed","msg":"added podscalable to informer","resource":"deployments","namespace":"default","name":"kamera-test-deployment","stage":"podscalable-add","keys":["default/kamera-test-deployment"]}
{"level":"info","ts":"2026-01-13T16:47:29-08:00","logger":"RevisionReconciler.seed","msg":"podscalable visible to lister","resource":"deployments","namespace":"default","name":"kamera-test-deployment","stage":"podscalable-lister","object":{"apiVersion":"autoscaling.internal.knative.dev/v1alpha1","kind":"PodScalable","namespace":"default","name":"kamera-test-deployment"}}
{"level":"error","ts":1768351649.747714,"logger":"fallback","caller":"revision/controller.go:116","msg":"Failed to create resolver transport","error":"open /var/run/secrets/kubernetes.io/serviceaccount/ca.crt: no such file or directory","stacktrace":"knative.dev/serving/pkg/reconciler/revision.newControllerWithOptions\n\t/Users/tgoodwin/tmp/gomodcache/knative.dev/serving@v0.46.5/pkg/reconciler/revision/controller.go:116\nknative.dev/serving/pkg/reconciler/revision.NewController\n\t/Users/tgoodwin/tmp/gomodcache/knative.dev/serving@v0.46.5/pkg/reconciler/revision/controller.go:64\nmain.configureKnativeExplorer.func1.1\n\t/Users/tgoodwin/projects/kamera/examples/knative-serving/scenario.go:91\ngithub.com/tgoodwin/kamera/examples/knative-serving/knative.NewKnativeStrategy.func1\n\t/Users/tgoodwin/projects/kamera/examples/knative-serving/knative/harness.go:555\ngithub.com/tgoodwin/kamera/examples/knative-serving/knative.(*KnativeStrategy).ReconcileAtState\n\t/Users/tgoodwin/projects/kamera/examples/knative-serving/knative/harness.go:895\ngithub.com/tgoodwin/kamera/pkg/tracecheck.(*ReconcilerContainer).doReconcile\n\t/Users/tgoodwin/projects/kamera/pkg/tracecheck/reconciler.go:164\ngithub.com/tgoodwin/kamera/pkg/tracecheck.(*Explorer).reconcileAtState\n\t/Users/tgoodwin/projects/kamera/pkg/tracecheck/explore.go:1313\ngithub.com/tgoodwin/kamera/pkg/tracecheck.(*Explorer).takeReconcileStep\n\t/Users/tgoodwin/projects/kamera/pkg/tracecheck/explore.go:1228\ngithub.com/tgoodwin/kamera/pkg/tracecheck.(*Explorer).explore\n\t/Users/tgoodwin/projects/kamera/pkg/tracecheck/explore.go:790\ngithub.com/tgoodwin/kamera/pkg/tracecheck.(*Explorer).Explore.func1\n\t/Users/tgoodwin/projects/kamera/pkg/tracecheck/explore.go:330"}
{"level":"info","ts":1768351649.748466,"logger":"fallback","caller":"revision/reconcile_resources.go:161","msg":"Reconciling PA: kamera-test"}
{"level":"info","ts":"2026-01-13T16:47:29-08:00","logger":"RevisionReconciler.reconcile","msg":"reconcile completed","key":"default/kamera-test","reconciler":"knative.dev.serving.pkg.reconciler.revision.Reconciler","requeue":false,"requeueAfter":0}
{"level":"info","ts":"2026-01-13T16:47:29-08:00","logger":"tracecheck","msg":"Taking reconcile step","Depth":62,"# Distinct States":232,"Total States":233,"Resource States":54}
{"level":"info","ts":"2026-01-13T16:47:29-08:00","logger":"RevisionReconciler.seed","msg":"added podscalable to informer","resource":"deployments","namespace":"default","name":"kamera-test-deployment","stage":"podscalable-add","keys":["default/kamera-test-deployment"]}
{"level":"info","ts":"2026-01-13T16:47:29-08:00","logger":"RevisionReconciler.seed","msg":"podscalable visible to lister","resource":"deployments","namespace":"default","name":"kamera-test-deployment","stage":"podscalable-lister","object":{"apiVersion":"autoscaling.internal.knative.dev/v1alpha1","kind":"PodScalable","namespace":"default","name":"kamera-test-deployment"}}
{"level":"error","ts":1768351649.866792,"logger":"fallback","caller":"revision/controller.go:116","msg":"Failed to create resolver transport","error":"open /var/run/secrets/kubernetes.io/serviceaccount/ca.crt: no such file or directory","stacktrace":"knative.dev/serving/pkg/reconciler/revision.newControllerWithOptions\n\t/Users/tgoodwin/tmp/gomodcache/knative.dev/serving@v0.46.5/pkg/reconciler/revision/controller.go:116\nknative.dev/serving/pkg/reconciler/revision.NewController\n\t/Users/tgoodwin/tmp/gomodcache/knative.dev/serving@v0.46.5/pkg/reconciler/revision/controller.go:64\nmain.configureKnativeExplorer.func1.1\n\t/Users/tgoodwin/projects/kamera/examples/knative-serving/scenario.go:91\ngithub.com/tgoodwin/kamera/examples/knative-serving/knative.NewKnativeStrategy.func1\n\t/Users/tgoodwin/projects/kamera/examples/knative-serving/knative/harness.go:555\ngithub.com/tgoodwin/kamera/examples/knative-serving/knative.(*KnativeStrategy).ReconcileAtState\n\t/Users/tgoodwin/projects/kamera/examples/knative-serving/knative/harness.go:895\ngithub.com/tgoodwin/kamera/pkg/tracecheck.(*ReconcilerContainer).doReconcile\n\t/Users/tgoodwin/projects/kamera/pkg/tracecheck/reconciler.go:164\ngithub.com/tgoodwin/kamera/pkg/tracecheck.(*Explorer).reconcileAtState\n\t/Users/tgoodwin/projects/kamera/pkg/tracecheck/explore.go:1313\ngithub.com/tgoodwin/kamera/pkg/tracecheck.(*Explorer).takeReconcileStep\n\t/Users/tgoodwin/projects/kamera/pkg/tracecheck/explore.go:1228\ngithub.com/tgoodwin/kamera/pkg/tracecheck.(*Explorer).explore\n\t/Users/tgoodwin/projects/kamera/pkg/tracecheck/explore.go:790\ngithub.com/tgoodwin/kamera/pkg/tracecheck.(*Explorer).Explore.func1\n\t/Users/tgoodwin/projects/kamera/pkg/tracecheck/explore.go:330"}
{"level":"info","ts":1768351649.867394,"logger":"fallback","caller":"revision/reconcile_resources.go:161","msg":"Reconciling PA: kamera-test"}
{"level":"info","ts":"2026-01-13T16:47:29-08:00","logger":"RevisionReconciler.reconcile","msg":"reconcile completed","key":"default/kamera-test","reconciler":"knative.dev.serving.pkg.reconciler.revision.Reconciler","requeue":false,"requeueAfter":0}
{"level":"info","ts":"2026-01-13T16:47:29-08:00","logger":"tracecheck","msg":"Taking reconcile step","Depth":63,"# Distinct States":233,"Total States":234,"Resource States":54}
{"level":"info","ts":"2026-01-13T16:47:29-08:00","logger":"KPAReconciler.seed","msg":"added podscalable to informer","resource":"deployments","namespace":"default","name":"kamera-test-deployment","stage":"podscalable-add","keys":["default/kamera-test-deployment"]}
{"level":"info","ts":"2026-01-13T16:47:29-08:00","logger":"KPAReconciler.seed","msg":"podscalable visible to lister","resource":"deployments","namespace":"default","name":"kamera-test-deployment","stage":"podscalable-lister","object":{"apiVersion":"autoscaling.internal.knative.dev/v1alpha1","kind":"PodScalable","namespace":"default","name":"kamera-test-deployment"}}
{"level":"info","ts":1768351649.9759429,"logger":"fallback","caller":"kpa/controller.go:77","msg":"Setting up ConfigMap receivers"}
{"level":"info","ts":1768351649.976238,"logger":"fallback","caller":"kpa/controller.go:91","msg":"Setting up KPA-Class event handlers"}
{"level":"info","ts":1768351649.976397,"logger":"fallback","caller":"kpa/kpa.go:158","msg":"SKS should be in Proxy mode: want = 0, ebc = 0, #act's = 2 PA Inactive? = true"}
{"level":"info","ts":1768351649.976421,"logger":"fallback","caller":"kpa/kpa.go:178","msg":"PA scale got=1, want=0, desiredPods=0 ebc=0"}
{"level":"info","ts":1768351649.9764311,"logger":"fallback","caller":"kpa/kpa.go:188","msg":"Observed pod counts=kpa.podCounts{want:0, ready:1, notReady:0, pending:0, terminating:0}"}
{"level":"info","ts":"2026-01-13T16:47:29-08:00","logger":"KPAReconciler.reconcile","msg":"reconcile completed","key":"default/kamera-test","reconciler":"knative.dev.serving.pkg.reconciler.autoscaling.kpa.Reconciler","requeue":false,"requeueAfter":0}
{"level":"info","ts":"2026-01-13T16:47:29-08:00","logger":"tracecheck","msg":"Taking reconcile step","Depth":64,"# Distinct States":234,"Total States":235,"Resource States":54}
{"level":"info","ts":"2026-01-13T16:47:29-08:00","logger":"tracecheck","msg":"Taking reconcile step","Depth":65,"# Distinct States":235,"Total States":236,"Resource States":54}
{"level":"info","ts":"2026-01-13T16:47:29-08:00","logger":"tracecheck","msg":"Taking reconcile step","Depth":66,"# Distinct States":236,"Total States":237,"Resource States":54}
{"level":"info","ts":"2026-01-13T16:47:30-08:00","logger":"RouteReconciler.seed","msg":"added podscalable to informer","resource":"deployments","namespace":"default","name":"kamera-test-deployment","stage":"podscalable-add","keys":["default/kamera-test-deployment"]}
{"level":"info","ts":"2026-01-13T16:47:30-08:00","logger":"RouteReconciler.seed","msg":"podscalable visible to lister","resource":"deployments","namespace":"default","name":"kamera-test-deployment","stage":"podscalable-lister","object":{"apiVersion":"autoscaling.internal.knative.dev/v1alpha1","kind":"PodScalable","namespace":"default","name":"kamera-test-deployment"}}
{"level":"info","ts":1768351650.0922282,"logger":"fallback","caller":"route/route.go:465","msg":"Revision default/kamera-test is inactive"}
{"level":"info","ts":1768351650.0922549,"logger":"fallback","caller":"route/route.go:487","msg":"All referred targets are routable, marking AllTrafficAssigned with traffic information."}
{"level":"info","ts":1768351650.092269,"logger":"fallback","caller":"route/route.go:140","msg":"Creating placeholder k8s services"}
{"level":"info","ts":1768351650.092354,"logger":"fallback","caller":"route/route.go:176","msg":"Updating placeholder k8s services with ingress information"}
{"level":"info","ts":1768351650.092392,"logger":"fallback","caller":"route/route.go:198","msg":"Route successfully synced"}
{"level":"info","ts":"2026-01-13T16:47:30-08:00","logger":"RouteReconciler.reconcile","msg":"reconcile completed","key":"default/demo","reconciler":"knative.dev.serving.pkg.reconciler.route.Reconciler","requeue":false,"requeueAfter":0}
{"level":"info","ts":"2026-01-13T16:47:30-08:00","logger":"tracecheck","msg":"Taking reconcile step","Depth":67,"# Distinct States":237,"Total States":238,"Resource States":54}
{"level":"info","ts":"2026-01-13T16:47:30-08:00","logger":"ServiceReconciler.seed","msg":"added podscalable to informer","resource":"deployments","namespace":"default","name":"kamera-test-deployment","stage":"podscalable-add","keys":["default/kamera-test-deployment"]}
{"level":"info","ts":"2026-01-13T16:47:30-08:00","logger":"ServiceReconciler.seed","msg":"podscalable visible to lister","resource":"deployments","namespace":"default","name":"kamera-test-deployment","stage":"podscalable-lister","object":{"apiVersion":"autoscaling.internal.knative.dev/v1alpha1","kind":"PodScalable","namespace":"default","name":"kamera-test-deployment"}}
{"level":"info","ts":1768351650.204256,"logger":"fallback","caller":"service/service.go:171","msg":"Service reconciler fetching Route from lister: name=demo, namespace=default"}
{"level":"info","ts":1768351650.204316,"logger":"fallback","caller":"service/service.go:174","msg":"Service reconciler got Route from lister: name=demo, Generation=1, ObservedGeneration=1, ResourceVersion="}
{"level":"info","ts":1768351650.2043881,"logger":"fallback","caller":"service/service.go:126","msg":"Service reconciler checking Route: name=demo, Generation=1, ObservedGeneration=1, Ready=True (reason=, message=), generationMatch=true, routeResourceVersion="}
{"level":"info","ts":1768351650.20441,"logger":"fallback","caller":"service/service.go:136","msg":"Service reconciler calling PropagateRouteStatus() because Generation == ObservedGeneration"}
{"level":"info","ts":"2026-01-13T16:47:30-08:00","logger":"ServiceReconciler.reconcile","msg":"reconcile completed","key":"default/demo","reconciler":"knative.dev.serving.pkg.reconciler.service.Reconciler","requeue":false,"requeueAfter":0}
{"level":"info","ts":"2026-01-13T16:47:30-08:00","logger":"tracecheck","msg":"Taking reconcile step","Depth":68,"# Distinct States":238,"Total States":239,"Resource States":54}
{"level":"info","ts":"2026-01-13T16:47:30-08:00","logger":"tracecheck","msg":"Taking reconcile step","Depth":69,"# Distinct States":239,"Total States":240,"Resource States":54}
{"level":"info","ts":"2026-01-13T16:47:30-08:00","logger":"tracecheck","msg":"Deleting pods","Depth":69,"# Distinct States":239,"Total States":240,"Resource States":54,"count":1}
{"level":"info","ts":"2026-01-13T16:47:30-08:00","logger":"tracecheck","msg":"Taking reconcile step","Depth":52,"# Distinct States":241,"Total States":242,"Resource States":54}
{"level":"info","ts":"2026-01-13T16:47:30-08:00","logger":"RevisionReconciler.seed","msg":"added podscalable to informer","resource":"deployments","namespace":"default","name":"kamera-test-deployment","stage":"podscalable-add","keys":["default/kamera-test-deployment"]}
{"level":"info","ts":"2026-01-13T16:47:30-08:00","logger":"RevisionReconciler.seed","msg":"podscalable visible to lister","resource":"deployments","namespace":"default","name":"kamera-test-deployment","stage":"podscalable-lister","object":{"apiVersion":"autoscaling.internal.knative.dev/v1alpha1","kind":"PodScalable","namespace":"default","name":"kamera-test-deployment"}}
{"level":"error","ts":1768351650.3267741,"logger":"fallback","caller":"revision/controller.go:116","msg":"Failed to create resolver transport","error":"open /var/run/secrets/kubernetes.io/serviceaccount/ca.crt: no such file or directory","stacktrace":"knative.dev/serving/pkg/reconciler/revision.newControllerWithOptions\n\t/Users/tgoodwin/tmp/gomodcache/knative.dev/serving@v0.46.5/pkg/reconciler/revision/controller.go:116\nknative.dev/serving/pkg/reconciler/revision.NewController\n\t/Users/tgoodwin/tmp/gomodcache/knative.dev/serving@v0.46.5/pkg/reconciler/revision/controller.go:64\nmain.configureKnativeExplorer.func1.1\n\t/Users/tgoodwin/projects/kamera/examples/knative-serving/scenario.go:91\ngithub.com/tgoodwin/kamera/examples/knative-serving/knative.NewKnativeStrategy.func1\n\t/Users/tgoodwin/projects/kamera/examples/knative-serving/knative/harness.go:555\ngithub.com/tgoodwin/kamera/examples/knative-serving/knative.(*KnativeStrategy).ReconcileAtState\n\t/Users/tgoodwin/projects/kamera/examples/knative-serving/knative/harness.go:895\ngithub.com/tgoodwin/kamera/pkg/tracecheck.(*ReconcilerContainer).doReconcile\n\t/Users/tgoodwin/projects/kamera/pkg/tracecheck/reconciler.go:164\ngithub.com/tgoodwin/kamera/pkg/tracecheck.(*Explorer).reconcileAtState\n\t/Users/tgoodwin/projects/kamera/pkg/tracecheck/explore.go:1313\ngithub.com/tgoodwin/kamera/pkg/tracecheck.(*Explorer).takeReconcileStep\n\t/Users/tgoodwin/projects/kamera/pkg/tracecheck/explore.go:1228\ngithub.com/tgoodwin/kamera/pkg/tracecheck.(*Explorer).explore\n\t/Users/tgoodwin/projects/kamera/pkg/tracecheck/explore.go:790\ngithub.com/tgoodwin/kamera/pkg/tracecheck.(*Explorer).Explore.func1\n\t/Users/tgoodwin/projects/kamera/pkg/tracecheck/explore.go:330"}
{"level":"info","ts":1768351650.3269792,"logger":"fallback","caller":"revision/reconcile_resources.go:161","msg":"Reconciling PA: kamera-test"}
{"level":"info","ts":"2026-01-13T16:47:30-08:00","logger":"RevisionReconciler.reconcile","msg":"reconcile completed","key":"default/kamera-test","reconciler":"knative.dev.serving.pkg.reconciler.revision.Reconciler","requeue":false,"requeueAfter":0}
{"level":"info","ts":"2026-01-13T16:47:30-08:00","logger":"tracecheck","msg":"Taking reconcile step","Depth":53,"# Distinct States":242,"Total States":243,"Resource States":54}
{"level":"info","ts":"2026-01-13T16:47:30-08:00","logger":"tracecheck","msg":"Taking reconcile step","Depth":54,"# Distinct States":243,"Total States":244,"Resource States":54}
{"level":"info","ts":"2026-01-13T16:47:30-08:00","logger":"KPAReconciler.seed","msg":"added podscalable to informer","resource":"deployments","namespace":"default","name":"kamera-test-deployment","stage":"podscalable-add","keys":["default/kamera-test-deployment"]}
{"level":"info","ts":"2026-01-13T16:47:30-08:00","logger":"KPAReconciler.seed","msg":"podscalable visible to lister","resource":"deployments","namespace":"default","name":"kamera-test-deployment","stage":"podscalable-lister","object":{"apiVersion":"autoscaling.internal.knative.dev/v1alpha1","kind":"PodScalable","namespace":"default","name":"kamera-test-deployment"}}
{"level":"info","ts":1768351650.436109,"logger":"fallback","caller":"kpa/controller.go:77","msg":"Setting up ConfigMap receivers"}
{"level":"info","ts":1768351650.436332,"logger":"fallback","caller":"kpa/controller.go:91","msg":"Setting up KPA-Class event handlers"}
{"level":"info","ts":1768351650.4367611,"logger":"fallback","caller":"kpa/scaler.go:379","msg":"Scaling from 1 to 0"}
{"level":"info","ts":1768351650.4392908,"logger":"fallback","caller":"kpa/kpa.go:158","msg":"SKS should be in Proxy mode: want = 0, ebc = 0, #act's = 2 PA Inactive? = true"}
{"level":"info","ts":1768351650.439382,"logger":"fallback","caller":"kpa/kpa.go:178","msg":"PA scale got=1, want=0, desiredPods=0 ebc=0"}
{"level":"info","ts":1768351650.439397,"logger":"fallback","caller":"kpa/kpa.go:188","msg":"Observed pod counts=kpa.podCounts{want:0, ready:1, notReady:0, pending:0, terminating:0}"}
{"level":"info","ts":"2026-01-13T16:47:30-08:00","logger":"KPAReconciler.reconcile","msg":"reconcile completed","key":"default/kamera-test","reconciler":"knative.dev.serving.pkg.reconciler.autoscaling.kpa.Reconciler","requeue":false,"requeueAfter":0}
{"level":"info","ts":"2026-01-13T16:47:30-08:00","logger":"tracecheck","msg":"Taking reconcile step","Depth":55,"# Distinct States":244,"Total States":245,"Resource States":54}
{"level":"info","ts":"2026-01-13T16:47:30-08:00","logger":"tracecheck","msg":"Taking reconcile step","Depth":56,"# Distinct States":245,"Total States":246,"Resource States":54}
{"level":"info","ts":"2026-01-13T16:47:30-08:00","logger":"tracecheck","msg":"Taking reconcile step","Depth":57,"# Distinct States":246,"Total States":247,"Resource States":54}
{"level":"info","ts":"2026-01-13T16:47:30-08:00","logger":"tracecheck","msg":"Taking reconcile step","Depth":58,"# Distinct States":247,"Total States":248,"Resource States":54}
{"level":"info","ts":"2026-01-13T16:47:30-08:00","logger":"RouteReconciler.seed","msg":"added podscalable to informer","resource":"deployments","namespace":"default","name":"kamera-test-deployment","stage":"podscalable-add","keys":["default/kamera-test-deployment"]}
{"level":"info","ts":"2026-01-13T16:47:30-08:00","logger":"RouteReconciler.seed","msg":"podscalable visible to lister","resource":"deployments","namespace":"default","name":"kamera-test-deployment","stage":"podscalable-lister","object":{"apiVersion":"autoscaling.internal.knative.dev/v1alpha1","kind":"PodScalable","namespace":"default","name":"kamera-test-deployment"}}
{"level":"info","ts":1768351650.557987,"logger":"fallback","caller":"route/route.go:465","msg":"Revision default/kamera-test is inactive"}
{"level":"info","ts":1768351650.558016,"logger":"fallback","caller":"route/route.go:487","msg":"All referred targets are routable, marking AllTrafficAssigned with traffic information."}
{"level":"info","ts":1768351650.5580318,"logger":"fallback","caller":"route/route.go:140","msg":"Creating placeholder k8s services"}
{"level":"info","ts":1768351650.558124,"logger":"fallback","caller":"route/route.go:176","msg":"Updating placeholder k8s services with ingress information"}
{"level":"info","ts":1768351650.558385,"logger":"fallback","caller":"route/route.go:198","msg":"Route successfully synced"}
{"level":"info","ts":"2026-01-13T16:47:30-08:00","logger":"RouteReconciler.reconcile","msg":"reconcile completed","key":"default/demo","reconciler":"knative.dev.serving.pkg.reconciler.route.Reconciler","requeue":false,"requeueAfter":0}
{"level":"info","ts":"2026-01-13T16:47:30-08:00","logger":"tracecheck","msg":"Taking reconcile step","Depth":59,"# Distinct States":248,"Total States":249,"Resource States":54}
{"level":"info","ts":"2026-01-13T16:47:30-08:00","logger":"tracecheck","msg":"Taking reconcile step","Depth":60,"# Distinct States":249,"Total States":250,"Resource States":54}
{"level":"info","ts":"2026-01-13T16:47:30-08:00","logger":"ServiceReconciler.seed","msg":"added podscalable to informer","resource":"deployments","namespace":"default","name":"kamera-test-deployment","stage":"podscalable-add","keys":["default/kamera-test-deployment"]}
{"level":"info","ts":"2026-01-13T16:47:30-08:00","logger":"ServiceReconciler.seed","msg":"podscalable visible to lister","resource":"deployments","namespace":"default","name":"kamera-test-deployment","stage":"podscalable-lister","object":{"apiVersion":"autoscaling.internal.knative.dev/v1alpha1","kind":"PodScalable","namespace":"default","name":"kamera-test-deployment"}}
{"level":"info","ts":1768351650.6699579,"logger":"fallback","caller":"service/service.go:171","msg":"Service reconciler fetching Route from lister: name=demo, namespace=default"}
{"level":"info","ts":1768351650.669985,"logger":"fallback","caller":"service/service.go:174","msg":"Service reconciler got Route from lister: name=demo, Generation=1, ObservedGeneration=1, ResourceVersion="}
{"level":"info","ts":1768351650.670017,"logger":"fallback","caller":"service/service.go:126","msg":"Service reconciler checking Route: name=demo, Generation=1, ObservedGeneration=1, Ready=True (reason=, message=), generationMatch=true, routeResourceVersion="}
{"level":"info","ts":1768351650.6700249,"logger":"fallback","caller":"service/service.go:136","msg":"Service reconciler calling PropagateRouteStatus() because Generation == ObservedGeneration"}
{"level":"info","ts":"2026-01-13T16:47:30-08:00","logger":"ServiceReconciler.reconcile","msg":"reconcile completed","key":"default/demo","reconciler":"knative.dev.serving.pkg.reconciler.service.Reconciler","requeue":false,"requeueAfter":0}
{"level":"info","ts":"2026-01-13T16:47:30-08:00","logger":"tracecheck","msg":"Taking reconcile step","Depth":61,"# Distinct States":250,"Total States":251,"Resource States":54}
{"level":"info","ts":"2026-01-13T16:47:30-08:00","logger":"tracecheck","msg":"Updated Deployment status","Depth":61,"# Distinct States":250,"Total States":251,"Resource States":54,"name":"kamera-test-deployment"}
{"level":"info","ts":"2026-01-13T16:47:30-08:00","logger":"tracecheck","msg":"Taking reconcile step","Depth":37,"# Distinct States":251,"Total States":253,"Resource States":54}
{"level":"info","ts":"2026-01-13T16:47:30-08:00","logger":"RevisionReconciler.seed","msg":"added podscalable to informer","resource":"deployments","namespace":"default","name":"kamera-test-deployment","stage":"podscalable-add","keys":["default/kamera-test-deployment"]}
{"level":"info","ts":"2026-01-13T16:47:30-08:00","logger":"RevisionReconciler.seed","msg":"podscalable visible to lister","resource":"deployments","namespace":"default","name":"kamera-test-deployment","stage":"podscalable-lister","object":{"apiVersion":"autoscaling.internal.knative.dev/v1alpha1","kind":"PodScalable","namespace":"default","name":"kamera-test-deployment"}}
{"level":"error","ts":1768351650.788897,"logger":"fallback","caller":"revision/controller.go:116","msg":"Failed to create resolver transport","error":"open /var/run/secrets/kubernetes.io/serviceaccount/ca.crt: no such file or directory","stacktrace":"knative.dev/serving/pkg/reconciler/revision.newControllerWithOptions\n\t/Users/tgoodwin/tmp/gomodcache/knative.dev/serving@v0.46.5/pkg/reconciler/revision/controller.go:116\nknative.dev/serving/pkg/reconciler/revision.NewController\n\t/Users/tgoodwin/tmp/gomodcache/knative.dev/serving@v0.46.5/pkg/reconciler/revision/controller.go:64\nmain.configureKnativeExplorer.func1.1\n\t/Users/tgoodwin/projects/kamera/examples/knative-serving/scenario.go:91\ngithub.com/tgoodwin/kamera/examples/knative-serving/knative.NewKnativeStrategy.func1\n\t/Users/tgoodwin/projects/kamera/examples/knative-serving/knative/harness.go:555\ngithub.com/tgoodwin/kamera/examples/knative-serving/knative.(*KnativeStrategy).ReconcileAtState\n\t/Users/tgoodwin/projects/kamera/examples/knative-serving/knative/harness.go:895\ngithub.com/tgoodwin/kamera/pkg/tracecheck.(*ReconcilerContainer).doReconcile\n\t/Users/tgoodwin/projects/kamera/pkg/tracecheck/reconciler.go:164\ngithub.com/tgoodwin/kamera/pkg/tracecheck.(*Explorer).reconcileAtState\n\t/Users/tgoodwin/projects/kamera/pkg/tracecheck/explore.go:1313\ngithub.com/tgoodwin/kamera/pkg/tracecheck.(*Explorer).takeReconcileStep\n\t/Users/tgoodwin/projects/kamera/pkg/tracecheck/explore.go:1228\ngithub.com/tgoodwin/kamera/pkg/tracecheck.(*Explorer).explore\n\t/Users/tgoodwin/projects/kamera/pkg/tracecheck/explore.go:790\ngithub.com/tgoodwin/kamera/pkg/tracecheck.(*Explorer).Explore.func1\n\t/Users/tgoodwin/projects/kamera/pkg/tracecheck/explore.go:330"}
{"level":"info","ts":1768351650.789658,"logger":"fallback","caller":"revision/reconcile_resources.go:161","msg":"Reconciling PA: kamera-test"}
{"level":"info","ts":"2026-01-13T16:47:30-08:00","logger":"RevisionReconciler.reconcile","msg":"reconcile completed","key":"default/kamera-test","reconciler":"knative.dev.serving.pkg.reconciler.revision.Reconciler","requeue":false,"requeueAfter":0}
{"level":"info","ts":"2026-01-13T16:47:30-08:00","logger":"tracecheck","msg":"Taking reconcile step","Depth":38,"# Distinct States":252,"Total States":254,"Resource States":54}
{"level":"info","ts":"2026-01-13T16:47:30-08:00","logger":"ServerlessServiceReconciler.seed","msg":"added podscalable to informer","resource":"deployments","namespace":"default","name":"kamera-test-deployment","stage":"podscalable-add","keys":["default/kamera-test-deployment"]}
{"level":"info","ts":"2026-01-13T16:47:30-08:00","logger":"ServerlessServiceReconciler.seed","msg":"podscalable visible to lister","resource":"deployments","namespace":"default","name":"kamera-test-deployment","stage":"podscalable-lister","object":{"apiVersion":"autoscaling.internal.knative.dev/v1alpha1","kind":"PodScalable","namespace":"default","name":"kamera-test-deployment"}}
{"level":"info","ts":1768351650.901068,"logger":"fallback","caller":"serverlessservice/controller.go:90","msg":"Doing a global resync due to activator endpoint changes"}
{"level":"info","ts":1768351650.901145,"logger":"fallback","caller":"serverlessservice/serverlessservice.go:217","msg":"SKS is in Proxy mode; has 0 endpoints in kamera-test-private; 1 activator endpoints"}
{"level":"info","ts":1768351650.901166,"logger":"fallback","caller":"serverlessservice/serverlessservice.go:245","msg":"Forcing SKS into Proxy mode, insufficient ready endpoints."}
{"level":"info","ts":1768351650.901182,"logger":"fallback","caller":"serverlessservice/serverlessservice.go:290","msg":"No ready endpoints backing revision"}
{"level":"info","ts":"2026-01-13T16:47:30-08:00","logger":"ServerlessServiceReconciler.reconcile","msg":"reconcile completed","key":"default/kamera-test","reconciler":"knative.dev.serving.pkg.reconciler.serverlessservice.reconciler","requeue":false,"requeueAfter":0}
{"level":"info","ts":"2026-01-13T16:47:30-08:00","logger":"tracecheck","msg":"Taking reconcile step","Depth":39,"# Distinct States":253,"Total States":255,"Resource States":54}
{"level":"info","ts":"2026-01-13T16:47:30-08:00","logger":"tracecheck","msg":"updated pod status","Depth":39,"# Distinct States":253,"Total States":255,"Resource States":54,"phase":"Running","pod":{"name":"kamera-test-deployment-1488584584-0","namespace":"default"}}
{"level":"info","ts":"2026-01-13T16:47:30-08:00","logger":"tracecheck","msg":"Taking reconcile step","Depth":40,"# Distinct States":254,"Total States":256,"Resource States":54}
{"level":"info","ts":"2026-01-13T16:47:30-08:00","logger":"tracecheck","msg":"Taking reconcile step","Depth":41,"# Distinct States":255,"Total States":257,"Resource States":54}
{"level":"info","ts":"2026-01-13T16:47:31-08:00","logger":"KPAReconciler.seed","msg":"added podscalable to informer","resource":"deployments","namespace":"default","name":"kamera-test-deployment","stage":"podscalable-add","keys":["default/kamera-test-deployment"]}
{"level":"info","ts":"2026-01-13T16:47:31-08:00","logger":"KPAReconciler.seed","msg":"podscalable visible to lister","resource":"deployments","namespace":"default","name":"kamera-test-deployment","stage":"podscalable-lister","object":{"apiVersion":"autoscaling.internal.knative.dev/v1alpha1","kind":"PodScalable","namespace":"default","name":"kamera-test-deployment"}}
{"level":"info","ts":1768351651.01952,"logger":"fallback","caller":"kpa/controller.go:77","msg":"Setting up ConfigMap receivers"}
{"level":"info","ts":1768351651.0197299,"logger":"fallback","caller":"kpa/controller.go:91","msg":"Setting up KPA-Class event handlers"}
{"level":"info","ts":1768351651.019965,"logger":"fallback","caller":"kpa/kpa.go:158","msg":"SKS should be in Proxy mode: want = -1, ebc = 0, #act's = 2 PA Inactive? = false"}
{"level":"info","ts":1768351651.0200121,"logger":"fallback","caller":"kpa/kpa.go:178","msg":"PA scale got=1, want=-1, desiredPods=0 ebc=0"}
{"level":"info","ts":1768351651.0200288,"logger":"fallback","caller":"kpa/kpa.go:188","msg":"Observed pod counts=kpa.podCounts{want:-1, ready:1, notReady:0, pending:0, terminating:0}"}
{"level":"info","ts":"2026-01-13T16:47:31-08:00","logger":"KPAReconciler.reconcile","msg":"reconcile completed","key":"default/kamera-test","reconciler":"knative.dev.serving.pkg.reconciler.autoscaling.kpa.Reconciler","requeue":false,"requeueAfter":0}
{"level":"info","ts":"2026-01-13T16:47:31-08:00","logger":"tracecheck","msg":"Taking reconcile step","Depth":42,"# Distinct States":256,"Total States":258,"Resource States":54}
{"level":"info","ts":"2026-01-13T16:47:31-08:00","logger":"ConfigurationReconciler.seed","msg":"added podscalable to informer","resource":"deployments","namespace":"default","name":"kamera-test-deployment","stage":"podscalable-add","keys":["default/kamera-test-deployment"]}
{"level":"info","ts":"2026-01-13T16:47:31-08:00","logger":"ConfigurationReconciler.seed","msg":"podscalable visible to lister","resource":"deployments","namespace":"default","name":"kamera-test-deployment","stage":"podscalable-lister","object":{"apiVersion":"autoscaling.internal.knative.dev/v1alpha1","kind":"PodScalable","namespace":"default","name":"kamera-test-deployment"}}
{"level":"info","ts":1768351651.129917,"logger":"fallback","caller":"configuration/configuration.go:103","msg":"Revision \"kamera-test\" of configuration is not ready"}
{"level":"info","ts":"2026-01-13T16:47:31-08:00","logger":"ConfigurationReconciler.reconcile","msg":"reconcile completed","key":"default/demo","reconciler":"knative.dev.serving.pkg.reconciler.configuration.Reconciler","requeue":false,"requeueAfter":0}
{"level":"info","ts":"2026-01-13T16:47:31-08:00","logger":"tracecheck","msg":"Taking reconcile step","Depth":43,"# Distinct States":257,"Total States":259,"Resource States":54}
{"level":"info","ts":"2026-01-13T16:47:31-08:00","logger":"tracecheck","msg":"Taking reconcile step","Depth":44,"# Distinct States":258,"Total States":260,"Resource States":54}
{"level":"info","ts":"2026-01-13T16:47:31-08:00","logger":"tracecheck","msg":"Taking reconcile step","Depth":45,"# Distinct States":259,"Total States":261,"Resource States":54}
{"level":"info","ts":"2026-01-13T16:47:31-08:00","logger":"tracecheck","msg":"Updated ReplicaSet status","Depth":45,"# Distinct States":259,"Total States":261,"Resource States":54,"name":"kamera-test-deployment-1488584584"}
{"level":"info","ts":"2026-01-13T16:47:31-08:00","logger":"tracecheck","msg":"Taking reconcile step","Depth":46,"# Distinct States":260,"Total States":262,"Resource States":55}
{"level":"info","ts":"2026-01-13T16:47:31-08:00","logger":"KPAReconciler.seed","msg":"added podscalable to informer","resource":"deployments","namespace":"default","name":"kamera-test-deployment","stage":"podscalable-add","keys":["default/kamera-test-deployment"]}
{"level":"info","ts":"2026-01-13T16:47:31-08:00","logger":"KPAReconciler.seed","msg":"podscalable visible to lister","resource":"deployments","namespace":"default","name":"kamera-test-deployment","stage":"podscalable-lister","object":{"apiVersion":"autoscaling.internal.knative.dev/v1alpha1","kind":"PodScalable","namespace":"default","name":"kamera-test-deployment"}}
{"level":"info","ts":1768351651.254306,"logger":"fallback","caller":"kpa/controller.go:77","msg":"Setting up ConfigMap receivers"}
{"level":"info","ts":1768351651.2544472,"logger":"fallback","caller":"kpa/controller.go:91","msg":"Setting up KPA-Class event handlers"}
{"level":"info","ts":1768351651.2546701,"logger":"fallback","caller":"kpa/scaler.go:229","msg":"Can deactivate PA, was active for 10s"}
{"level":"info","ts":1768351651.254698,"logger":"fallback","caller":"kpa/kpa.go:158","msg":"SKS should be in Proxy mode: want = 0, ebc = 0, #act's = 2 PA Inactive? = false"}
{"level":"info","ts":1768351651.254737,"logger":"fallback","caller":"kpa/kpa.go:178","msg":"PA scale got=1, want=0, desiredPods=0 ebc=0"}
{"level":"info","ts":1768351651.254754,"logger":"fallback","caller":"kpa/kpa.go:188","msg":"Observed pod counts=kpa.podCounts{want:0, ready:1, notReady:0, pending:0, terminating:0}"}
{"level":"info","ts":"2026-01-13T16:47:31-08:00","logger":"KPAReconciler.reconcile","msg":"reconcile completed","key":"default/kamera-test","reconciler":"knative.dev.serving.pkg.reconciler.autoscaling.kpa.Reconciler","requeue":false,"requeueAfter":0}
{"level":"info","ts":"2026-01-13T16:47:31-08:00","logger":"tracecheck","msg":"Taking reconcile step","Depth":47,"# Distinct States":261,"Total States":263,"Resource States":56}
{"level":"info","ts":"2026-01-13T16:47:31-08:00","logger":"RevisionReconciler.seed","msg":"added podscalable to informer","resource":"deployments","namespace":"default","name":"kamera-test-deployment","stage":"podscalable-add","keys":["default/kamera-test-deployment"]}
{"level":"info","ts":"2026-01-13T16:47:31-08:00","logger":"RevisionReconciler.seed","msg":"podscalable visible to lister","resource":"deployments","namespace":"default","name":"kamera-test-deployment","stage":"podscalable-lister","object":{"apiVersion":"autoscaling.internal.knative.dev/v1alpha1","kind":"PodScalable","namespace":"default","name":"kamera-test-deployment"}}
{"level":"error","ts":1768351651.3714921,"logger":"fallback","caller":"revision/controller.go:116","msg":"Failed to create resolver transport","error":"open /var/run/secrets/kubernetes.io/serviceaccount/ca.crt: no such file or directory","stacktrace":"knative.dev/serving/pkg/reconciler/revision.newControllerWithOptions\n\t/Users/tgoodwin/tmp/gomodcache/knative.dev/serving@v0.46.5/pkg/reconciler/revision/controller.go:116\nknative.dev/serving/pkg/reconciler/revision.NewController\n\t/Users/tgoodwin/tmp/gomodcache/knative.dev/serving@v0.46.5/pkg/reconciler/revision/controller.go:64\nmain.configureKnativeExplorer.func1.1\n\t/Users/tgoodwin/projects/kamera/examples/knative-serving/scenario.go:91\ngithub.com/tgoodwin/kamera/examples/knative-serving/knative.NewKnativeStrategy.func1\n\t/Users/tgoodwin/projects/kamera/examples/knative-serving/knative/harness.go:555\ngithub.com/tgoodwin/kamera/examples/knative-serving/knative.(*KnativeStrategy).ReconcileAtState\n\t/Users/tgoodwin/projects/kamera/examples/knative-serving/knative/harness.go:895\ngithub.com/tgoodwin/kamera/pkg/tracecheck.(*ReconcilerContainer).doReconcile\n\t/Users/tgoodwin/projects/kamera/pkg/tracecheck/reconciler.go:164\ngithub.com/tgoodwin/kamera/pkg/tracecheck.(*Explorer).reconcileAtState\n\t/Users/tgoodwin/projects/kamera/pkg/tracecheck/explore.go:1313\ngithub.com/tgoodwin/kamera/pkg/tracecheck.(*Explorer).takeReconcileStep\n\t/Users/tgoodwin/projects/kamera/pkg/tracecheck/explore.go:1228\ngithub.com/tgoodwin/kamera/pkg/tracecheck.(*Explorer).explore\n\t/Users/tgoodwin/projects/kamera/pkg/tracecheck/explore.go:790\ngithub.com/tgoodwin/kamera/pkg/tracecheck.(*Explorer).Explore.func1\n\t/Users/tgoodwin/projects/kamera/pkg/tracecheck/explore.go:330"}
{"level":"info","ts":1768351651.37217,"logger":"fallback","caller":"revision/reconcile_resources.go:161","msg":"Reconciling PA: kamera-test"}
{"level":"info","ts":1768351651.372224,"logger":"fallback","caller":"revision/revision.go:166","msg":"Revision became ready"}
{"level":"info","ts":"2026-01-13T16:47:31-08:00","logger":"RevisionReconciler.reconcile","msg":"reconcile completed","key":"default/kamera-test","reconciler":"knative.dev.serving.pkg.reconciler.revision.Reconciler","requeue":false,"requeueAfter":0}
{"level":"info","ts":"2026-01-13T16:47:31-08:00","logger":"tracecheck","msg":"Taking reconcile step","Depth":48,"# Distinct States":262,"Total States":264,"Resource States":56}
{"level":"info","ts":"2026-01-13T16:47:31-08:00","logger":"tracecheck","msg":"Updated Deployment status","Depth":48,"# Distinct States":262,"Total States":264,"Resource States":56,"name":"kamera-test-deployment"}
{"level":"info","ts":"2026-01-13T16:47:31-08:00","logger":"tracecheck","msg":"Taking reconcile step","Depth":49,"# Distinct States":263,"Total States":265,"Resource States":57}
{"level":"info","ts":"2026-01-13T16:47:31-08:00","logger":"tracecheck","msg":"Taking reconcile step","Depth":50,"# Distinct States":264,"Total States":266,"Resource States":57}
{"level":"info","ts":"2026-01-13T16:47:31-08:00","logger":"KPAReconciler.seed","msg":"added podscalable to informer","resource":"deployments","namespace":"default","name":"kamera-test-deployment","stage":"podscalable-add","keys":["default/kamera-test-deployment"]}
{"level":"info","ts":"2026-01-13T16:47:31-08:00","logger":"KPAReconciler.seed","msg":"podscalable visible to lister","resource":"deployments","namespace":"default","name":"kamera-test-deployment","stage":"podscalable-lister","object":{"apiVersion":"autoscaling.internal.knative.dev/v1alpha1","kind":"PodScalable","namespace":"default","name":"kamera-test-deployment"}}
{"level":"info","ts":1768351651.488013,"logger":"fallback","caller":"kpa/controller.go:77","msg":"Setting up ConfigMap receivers"}
{"level":"info","ts":1768351651.4881501,"logger":"fallback","caller":"kpa/controller.go:91","msg":"Setting up KPA-Class event handlers"}
{"level":"info","ts":1768351651.488276,"logger":"fallback","caller":"kpa/scaler.go:379","msg":"Scaling from 1 to 0"}
{"level":"info","ts":1768351651.490423,"logger":"fallback","caller":"kpa/kpa.go:158","msg":"SKS should be in Proxy mode: want = 0, ebc = 0, #act's = 2 PA Inactive? = true"}
{"level":"info","ts":1768351651.4904478,"logger":"fallback","caller":"kpa/kpa.go:178","msg":"PA scale got=1, want=0, desiredPods=0 ebc=0"}
{"level":"info","ts":1768351651.490458,"logger":"fallback","caller":"kpa/kpa.go:188","msg":"Observed pod counts=kpa.podCounts{want:0, ready:1, notReady:0, pending:0, terminating:0}"}
{"level":"info","ts":"2026-01-13T16:47:31-08:00","logger":"KPAReconciler.reconcile","msg":"reconcile completed","key":"default/kamera-test","reconciler":"knative.dev.serving.pkg.reconciler.autoscaling.kpa.Reconciler","requeue":false,"requeueAfter":0}
{"level":"info","ts":"2026-01-13T16:47:31-08:00","logger":"tracecheck","msg":"Taking reconcile step","Depth":51,"# Distinct States":265,"Total States":267,"Resource States":58}
{"level":"info","ts":"2026-01-13T16:47:31-08:00","logger":"tracecheck","msg":"Taking reconcile step","Depth":52,"# Distinct States":266,"Total States":268,"Resource States":58}
{"level":"info","ts":"2026-01-13T16:47:31-08:00","logger":"ConfigurationReconciler.seed","msg":"added podscalable to informer","resource":"deployments","namespace":"default","name":"kamera-test-deployment","stage":"podscalable-add","keys":["default/kamera-test-deployment"]}
{"level":"info","ts":"2026-01-13T16:47:31-08:00","logger":"ConfigurationReconciler.seed","msg":"podscalable visible to lister","resource":"deployments","namespace":"default","name":"kamera-test-deployment","stage":"podscalable-lister","object":{"apiVersion":"autoscaling.internal.knative.dev/v1alpha1","kind":"PodScalable","namespace":"default","name":"kamera-test-deployment"}}
{"level":"info","ts":1768351651.6016781,"logger":"fallback","caller":"configuration/configuration.go:106","msg":"Revision \"kamera-test\" of configuration is ready"}
{"level":"info","ts":"2026-01-13T16:47:31-08:00","logger":"ConfigurationReconciler.reconcile","msg":"reconcile completed","key":"default/demo","reconciler":"knative.dev.serving.pkg.reconciler.configuration.Reconciler","requeue":false,"requeueAfter":0}
{"level":"info","ts":"2026-01-13T16:47:31-08:00","logger":"tracecheck","msg":"Taking reconcile step","Depth":53,"# Distinct States":267,"Total States":269,"Resource States":58}
{"level":"info","ts":"2026-01-13T16:47:31-08:00","logger":"RevisionReconciler.seed","msg":"added podscalable to informer","resource":"deployments","namespace":"default","name":"kamera-test-deployment","stage":"podscalable-add","keys":["default/kamera-test-deployment"]}
{"level":"info","ts":"2026-01-13T16:47:31-08:00","logger":"RevisionReconciler.seed","msg":"podscalable visible to lister","resource":"deployments","namespace":"default","name":"kamera-test-deployment","stage":"podscalable-lister","object":{"apiVersion":"autoscaling.internal.knative.dev/v1alpha1","kind":"PodScalable","namespace":"default","name":"kamera-test-deployment"}}
{"level":"error","ts":1768351651.71156,"logger":"fallback","caller":"revision/controller.go:116","msg":"Failed to create resolver transport","error":"open /var/run/secrets/kubernetes.io/serviceaccount/ca.crt: no such file or directory","stacktrace":"knative.dev/serving/pkg/reconciler/revision.newControllerWithOptions\n\t/Users/tgoodwin/tmp/gomodcache/knative.dev/serving@v0.46.5/pkg/reconciler/revision/controller.go:116\nknative.dev/serving/pkg/reconciler/revision.NewController\n\t/Users/tgoodwin/tmp/gomodcache/knative.dev/serving@v0.46.5/pkg/reconciler/revision/controller.go:64\nmain.configureKnativeExplorer.func1.1\n\t/Users/tgoodwin/projects/kamera/examples/knative-serving/scenario.go:91\ngithub.com/tgoodwin/kamera/examples/knative-serving/knative.NewKnativeStrategy.func1\n\t/Users/tgoodwin/projects/kamera/examples/knative-serving/knative/harness.go:555\ngithub.com/tgoodwin/kamera/examples/knative-serving/knative.(*KnativeStrategy).ReconcileAtState\n\t/Users/tgoodwin/projects/kamera/examples/knative-serving/knative/harness.go:895\ngithub.com/tgoodwin/kamera/pkg/tracecheck.(*ReconcilerContainer).doReconcile\n\t/Users/tgoodwin/projects/kamera/pkg/tracecheck/reconciler.go:164\ngithub.com/tgoodwin/kamera/pkg/tracecheck.(*Explorer).reconcileAtState\n\t/Users/tgoodwin/projects/kamera/pkg/tracecheck/explore.go:1313\ngithub.com/tgoodwin/kamera/pkg/tracecheck.(*Explorer).takeReconcileStep\n\t/Users/tgoodwin/projects/kamera/pkg/tracecheck/explore.go:1228\ngithub.com/tgoodwin/kamera/pkg/tracecheck.(*Explorer).explore\n\t/Users/tgoodwin/projects/kamera/pkg/tracecheck/explore.go:790\ngithub.com/tgoodwin/kamera/pkg/tracecheck.(*Explorer).Explore.func1\n\t/Users/tgoodwin/projects/kamera/pkg/tracecheck/explore.go:330"}
{"level":"info","ts":1768351651.7123,"logger":"fallback","caller":"revision/reconcile_resources.go:161","msg":"Reconciling PA: kamera-test"}
{"level":"info","ts":"2026-01-13T16:47:31-08:00","logger":"RevisionReconciler.reconcile","msg":"reconcile completed","key":"default/kamera-test","reconciler":"knative.dev.serving.pkg.reconciler.revision.Reconciler","requeue":false,"requeueAfter":0}
{"level":"info","ts":"2026-01-13T16:47:31-08:00","logger":"tracecheck","msg":"Taking reconcile step","Depth":54,"# Distinct States":268,"Total States":270,"Resource States":58}
{"level":"info","ts":"2026-01-13T16:47:31-08:00","logger":"tracecheck","msg":"Updated Deployment status","Depth":54,"# Distinct States":268,"Total States":270,"Resource States":58,"name":"kamera-test-deployment"}
{"level":"info","ts":"2026-01-13T16:47:31-08:00","logger":"tracecheck","msg":"Taking reconcile step","Depth":55,"# Distinct States":269,"Total States":271,"Resource States":59}
{"level":"info","ts":"2026-01-13T16:47:31-08:00","logger":"KPAReconciler.seed","msg":"added podscalable to informer","resource":"deployments","namespace":"default","name":"kamera-test-deployment","stage":"podscalable-add","keys":["default/kamera-test-deployment"]}
{"level":"info","ts":"2026-01-13T16:47:31-08:00","logger":"KPAReconciler.seed","msg":"podscalable visible to lister","resource":"deployments","namespace":"default","name":"kamera-test-deployment","stage":"podscalable-lister","object":{"apiVersion":"autoscaling.internal.knative.dev/v1alpha1","kind":"PodScalable","namespace":"default","name":"kamera-test-deployment"}}
{"level":"info","ts":1768351651.834657,"logger":"fallback","caller":"kpa/controller.go:77","msg":"Setting up ConfigMap receivers"}
{"level":"info","ts":1768351651.834871,"logger":"fallback","caller":"kpa/controller.go:91","msg":"Setting up KPA-Class event handlers"}
{"level":"info","ts":1768351651.835381,"logger":"fallback","caller":"kpa/kpa.go:158","msg":"SKS should be in Proxy mode: want = 0, ebc = 0, #act's = 2 PA Inactive? = true"}
{"level":"info","ts":1768351651.835448,"logger":"fallback","caller":"kpa/kpa.go:178","msg":"PA scale got=1, want=0, desiredPods=0 ebc=0"}
{"level":"info","ts":1768351651.835468,"logger":"fallback","caller":"kpa/kpa.go:188","msg":"Observed pod counts=kpa.podCounts{want:0, ready:1, notReady:0, pending:0, terminating:0}"}
{"level":"info","ts":"2026-01-13T16:47:31-08:00","logger":"KPAReconciler.reconcile","msg":"reconcile completed","key":"default/kamera-test","reconciler":"knative.dev.serving.pkg.reconciler.autoscaling.kpa.Reconciler","requeue":false,"requeueAfter":0}
{"level":"info","ts":"2026-01-13T16:47:31-08:00","logger":"tracecheck","msg":"Taking reconcile step","Depth":56,"# Distinct States":270,"Total States":272,"Resource States":59}
{"level":"info","ts":"2026-01-13T16:47:31-08:00","logger":"ConfigurationReconciler.seed","msg":"added podscalable to informer","resource":"deployments","namespace":"default","name":"kamera-test-deployment","stage":"podscalable-add","keys":["default/kamera-test-deployment"]}
{"level":"info","ts":"2026-01-13T16:47:31-08:00","logger":"ConfigurationReconciler.seed","msg":"podscalable visible to lister","resource":"deployments","namespace":"default","name":"kamera-test-deployment","stage":"podscalable-lister","object":{"apiVersion":"autoscaling.internal.knative.dev/v1alpha1","kind":"PodScalable","namespace":"default","name":"kamera-test-deployment"}}
{"level":"info","ts":1768351651.944001,"logger":"fallback","caller":"configuration/configuration.go:106","msg":"Revision \"kamera-test\" of configuration is ready"}
{"level":"info","ts":"2026-01-13T16:47:31-08:00","logger":"ConfigurationReconciler.reconcile","msg":"reconcile completed","key":"default/demo","reconciler":"knative.dev.serving.pkg.reconciler.configuration.Reconciler","requeue":false,"requeueAfter":0}
{"level":"info","ts":"2026-01-13T16:47:31-08:00","logger":"tracecheck","msg":"Taking reconcile step","Depth":57,"# Distinct States":271,"Total States":273,"Resource States":59}
{"level":"info","ts":"2026-01-13T16:47:32-08:00","logger":"RouteReconciler.seed","msg":"added podscalable to informer","resource":"deployments","namespace":"default","name":"kamera-test-deployment","stage":"podscalable-add","keys":["default/kamera-test-deployment"]}
{"level":"info","ts":"2026-01-13T16:47:32-08:00","logger":"RouteReconciler.seed","msg":"podscalable visible to lister","resource":"deployments","namespace":"default","name":"kamera-test-deployment","stage":"podscalable-lister","object":{"apiVersion":"autoscaling.internal.knative.dev/v1alpha1","kind":"PodScalable","namespace":"default","name":"kamera-test-deployment"}}
{"level":"info","ts":1768351652.055304,"logger":"fallback","caller":"route/route.go:465","msg":"Revision default/kamera-test is inactive"}
{"level":"info","ts":1768351652.055454,"logger":"fallback","caller":"route/route.go:487","msg":"All referred targets are routable, marking AllTrafficAssigned with traffic information."}
{"level":"info","ts":1768351652.0555022,"logger":"fallback","caller":"route/route.go:140","msg":"Creating placeholder k8s services"}
{"level":"info","ts":1768351652.055871,"logger":"fallback","caller":"route/reconcile_resources.go:179","msg":"Created service demo"}
{"level":"info","ts":1768351652.056401,"logger":"fallback","caller":"route/route.go:176","msg":"Updating placeholder k8s services with ingress information"}
{"level":"warn","ts":1768351652.0565162,"logger":"fallback","caller":"route/reconcile_resources.go:228","msg":"Failed to update k8s service","error":"failed to fetch loadbalancer domain/IP from ingress status"}
{"level":"info","ts":1768351652.0565388,"logger":"fallback","caller":"route/route.go:198","msg":"Route successfully synced"}
{"level":"info","ts":"2026-01-13T16:47:32-08:00","logger":"RouteReconciler.reconcile","msg":"reconcile completed","key":"default/demo","reconciler":"knative.dev.serving.pkg.reconciler.route.Reconciler","requeue":false,"requeueAfter":0}
{"level":"info","ts":"2026-01-13T16:47:32-08:00","logger":"tracecheck","msg":"Taking reconcile step","Depth":58,"# Distinct States":272,"Total States":274,"Resource States":60}
{"level":"info","ts":"2026-01-13T16:47:32-08:00","logger":"ServiceReconciler.seed","msg":"added podscalable to informer","resource":"deployments","namespace":"default","name":"kamera-test-deployment","stage":"podscalable-add","keys":["default/kamera-test-deployment"]}
{"level":"info","ts":"2026-01-13T16:47:32-08:00","logger":"ServiceReconciler.seed","msg":"podscalable visible to lister","resource":"deployments","namespace":"default","name":"kamera-test-deployment","stage":"podscalable-lister","object":{"apiVersion":"autoscaling.internal.knative.dev/v1alpha1","kind":"PodScalable","namespace":"default","name":"kamera-test-deployment"}}
{"level":"info","ts":1768351652.1780741,"logger":"fallback","caller":"service/service.go:171","msg":"Service reconciler fetching Route from lister: name=demo, namespace=default"}
{"level":"info","ts":1768351652.178132,"logger":"fallback","caller":"service/service.go:174","msg":"Service reconciler got Route from lister: name=demo, Generation=1, ObservedGeneration=1, ResourceVersion="}
{"level":"info","ts":1768351652.1781929,"logger":"fallback","caller":"service/service.go:126","msg":"Service reconciler checking Route: name=demo, Generation=1, ObservedGeneration=1, Ready=Unknown (reason=IngressNotConfigured, message=Ingress has not yet been reconciled.), generationMatch=true, routeResourceVersion="}
{"level":"info","ts":1768351652.1782138,"logger":"fallback","caller":"service/service.go:136","msg":"Service reconciler calling PropagateRouteStatus() because Generation == ObservedGeneration"}
{"level":"info","ts":"2026-01-13T16:47:32-08:00","logger":"ServiceReconciler.reconcile","msg":"reconcile completed","key":"default/demo","reconciler":"knative.dev.serving.pkg.reconciler.service.Reconciler","requeue":false,"requeueAfter":0}
{"level":"info","ts":"2026-01-13T16:47:32-08:00","logger":"tracecheck","msg":"Taking reconcile step","Depth":59,"# Distinct States":273,"Total States":275,"Resource States":60}
{"level":"info","ts":"2026-01-13T16:47:32-08:00","logger":"tracecheck","msg":"Taking reconcile step","Depth":60,"# Distinct States":274,"Total States":276,"Resource States":60}
{"level":"info","ts":"2026-01-13T16:47:32-08:00","logger":"tracecheck","msg":"Deleting pods","Depth":60,"# Distinct States":274,"Total States":276,"Resource States":60,"count":1}
{"level":"info","ts":"2026-01-13T16:47:32-08:00","logger":"tracecheck","msg":"Taking reconcile step","Depth":61,"# Distinct States":275,"Total States":277,"Resource States":61}
{"level":"info","ts":"2026-01-13T16:47:32-08:00","logger":"tracecheck","msg":"Taking reconcile step","Depth":62,"# Distinct States":276,"Total States":278,"Resource States":61}
{"level":"info","ts":"2026-01-13T16:47:32-08:00","logger":"RevisionReconciler.seed","msg":"added podscalable to informer","resource":"deployments","namespace":"default","name":"kamera-test-deployment","stage":"podscalable-add","keys":["default/kamera-test-deployment"]}
{"level":"info","ts":"2026-01-13T16:47:32-08:00","logger":"RevisionReconciler.seed","msg":"podscalable visible to lister","resource":"deployments","namespace":"default","name":"kamera-test-deployment","stage":"podscalable-lister","object":{"apiVersion":"autoscaling.internal.knative.dev/v1alpha1","kind":"PodScalable","namespace":"default","name":"kamera-test-deployment"}}
{"level":"error","ts":1768351652.308085,"logger":"fallback","caller":"revision/controller.go:116","msg":"Failed to create resolver transport","error":"open /var/run/secrets/kubernetes.io/serviceaccount/ca.crt: no such file or directory","stacktrace":"knative.dev/serving/pkg/reconciler/revision.newControllerWithOptions\n\t/Users/tgoodwin/tmp/gomodcache/knative.dev/serving@v0.46.5/pkg/reconciler/revision/controller.go:116\nknative.dev/serving/pkg/reconciler/revision.NewController\n\t/Users/tgoodwin/tmp/gomodcache/knative.dev/serving@v0.46.5/pkg/reconciler/revision/controller.go:64\nmain.configureKnativeExplorer.func1.1\n\t/Users/tgoodwin/projects/kamera/examples/knative-serving/scenario.go:91\ngithub.com/tgoodwin/kamera/examples/knative-serving/knative.NewKnativeStrategy.func1\n\t/Users/tgoodwin/projects/kamera/examples/knative-serving/knative/harness.go:555\ngithub.com/tgoodwin/kamera/examples/knative-serving/knative.(*KnativeStrategy).ReconcileAtState\n\t/Users/tgoodwin/projects/kamera/examples/knative-serving/knative/harness.go:895\ngithub.com/tgoodwin/kamera/pkg/tracecheck.(*ReconcilerContainer).doReconcile\n\t/Users/tgoodwin/projects/kamera/pkg/tracecheck/reconciler.go:164\ngithub.com/tgoodwin/kamera/pkg/tracecheck.(*Explorer).reconcileAtState\n\t/Users/tgoodwin/projects/kamera/pkg/tracecheck/explore.go:1313\ngithub.com/tgoodwin/kamera/pkg/tracecheck.(*Explorer).takeReconcileStep\n\t/Users/tgoodwin/projects/kamera/pkg/tracecheck/explore.go:1228\ngithub.com/tgoodwin/kamera/pkg/tracecheck.(*Explorer).explore\n\t/Users/tgoodwin/projects/kamera/pkg/tracecheck/explore.go:790\ngithub.com/tgoodwin/kamera/pkg/tracecheck.(*Explorer).Explore.func1\n\t/Users/tgoodwin/projects/kamera/pkg/tracecheck/explore.go:330"}
{"level":"info","ts":1768351652.308969,"logger":"fallback","caller":"revision/reconcile_resources.go:161","msg":"Reconciling PA: kamera-test"}
{"level":"info","ts":"2026-01-13T16:47:32-08:00","logger":"RevisionReconciler.reconcile","msg":"reconcile completed","key":"default/kamera-test","reconciler":"knative.dev.serving.pkg.reconciler.revision.Reconciler","requeue":false,"requeueAfter":0}
{"level":"info","ts":"2026-01-13T16:47:32-08:00","logger":"tracecheck","msg":"Taking reconcile step","Depth":63,"# Distinct States":277,"Total States":279,"Resource States":61}
{"level":"info","ts":"2026-01-13T16:47:32-08:00","logger":"KPAReconciler.seed","msg":"added podscalable to informer","resource":"deployments","namespace":"default","name":"kamera-test-deployment","stage":"podscalable-add","keys":["default/kamera-test-deployment"]}
{"level":"info","ts":"2026-01-13T16:47:32-08:00","logger":"KPAReconciler.seed","msg":"podscalable visible to lister","resource":"deployments","namespace":"default","name":"kamera-test-deployment","stage":"podscalable-lister","object":{"apiVersion":"autoscaling.internal.knative.dev/v1alpha1","kind":"PodScalable","namespace":"default","name":"kamera-test-deployment"}}
{"level":"info","ts":1768351652.419559,"logger":"fallback","caller":"kpa/controller.go:77","msg":"Setting up ConfigMap receivers"}
{"level":"info","ts":1768351652.4197729,"logger":"fallback","caller":"kpa/controller.go:91","msg":"Setting up KPA-Class event handlers"}
{"level":"info","ts":1768351652.420013,"logger":"fallback","caller":"kpa/kpa.go:158","msg":"SKS should be in Proxy mode: want = 0, ebc = 0, #act's = 2 PA Inactive? = true"}
{"level":"info","ts":1768351652.420067,"logger":"fallback","caller":"kpa/kpa.go:178","msg":"PA scale got=0, want=0, desiredPods=0 ebc=0"}
{"level":"info","ts":1768351652.420089,"logger":"fallback","caller":"kpa/kpa.go:188","msg":"Observed pod counts=kpa.podCounts{want:0, ready:0, notReady:1, pending:0, terminating:1}"}
{"level":"info","ts":"2026-01-13T16:47:32-08:00","logger":"KPAReconciler.reconcile","msg":"reconcile completed","key":"default/kamera-test","reconciler":"knative.dev.serving.pkg.reconciler.autoscaling.kpa.Reconciler","requeue":false,"requeueAfter":0}
{"level":"info","ts":"2026-01-13T16:47:32-08:00","logger":"tracecheck","msg":"Taking reconcile step","Depth":64,"# Distinct States":278,"Total States":280,"Resource States":62}
{"level":"info","ts":"2026-01-13T16:47:32-08:00","logger":"tracecheck","msg":"Taking reconcile step","Depth":65,"# Distinct States":279,"Total States":281,"Resource States":62}
{"level":"info","ts":"2026-01-13T16:47:32-08:00","logger":"tracecheck","msg":"Taking reconcile step","Depth":66,"# Distinct States":280,"Total States":282,"Resource States":63}
{"level":"info","ts":"2026-01-13T16:47:32-08:00","logger":"RouteReconciler.seed","msg":"added podscalable to informer","resource":"deployments","namespace":"default","name":"kamera-test-deployment","stage":"podscalable-add","keys":["default/kamera-test-deployment"]}
{"level":"info","ts":"2026-01-13T16:47:32-08:00","logger":"RouteReconciler.seed","msg":"podscalable visible to lister","resource":"deployments","namespace":"default","name":"kamera-test-deployment","stage":"podscalable-lister","object":{"apiVersion":"autoscaling.internal.knative.dev/v1alpha1","kind":"PodScalable","namespace":"default","name":"kamera-test-deployment"}}
{"level":"info","ts":1768351652.5373719,"logger":"fallback","caller":"route/route.go:465","msg":"Revision default/kamera-test is inactive"}
{"level":"info","ts":1768351652.53742,"logger":"fallback","caller":"route/route.go:487","msg":"All referred targets are routable, marking AllTrafficAssigned with traffic information."}
{"level":"info","ts":1768351652.537449,"logger":"fallback","caller":"route/route.go:140","msg":"Creating placeholder k8s services"}
{"level":"info","ts":1768351652.537621,"logger":"fallback","caller":"route/route.go:176","msg":"Updating placeholder k8s services with ingress information"}
{"level":"info","ts":1768351652.537952,"logger":"fallback","caller":"route/route.go:198","msg":"Route successfully synced"}
{"level":"info","ts":"2026-01-13T16:47:32-08:00","logger":"RouteReconciler.reconcile","msg":"reconcile completed","key":"default/demo","reconciler":"knative.dev.serving.pkg.reconciler.route.Reconciler","requeue":false,"requeueAfter":0}
{"level":"info","ts":"2026-01-13T16:47:32-08:00","logger":"tracecheck","msg":"Taking reconcile step","Depth":67,"# Distinct States":281,"Total States":283,"Resource States":64}
{"level":"info","ts":"2026-01-13T16:47:32-08:00","logger":"tracecheck","msg":"Taking reconcile step","Depth":68,"# Distinct States":282,"Total States":284,"Resource States":64}
{"level":"info","ts":"2026-01-13T16:47:32-08:00","logger":"ServiceReconciler.seed","msg":"added podscalable to informer","resource":"deployments","namespace":"default","name":"kamera-test-deployment","stage":"podscalable-add","keys":["default/kamera-test-deployment"]}
{"level":"info","ts":"2026-01-13T16:47:32-08:00","logger":"ServiceReconciler.seed","msg":"podscalable visible to lister","resource":"deployments","namespace":"default","name":"kamera-test-deployment","stage":"podscalable-lister","object":{"apiVersion":"autoscaling.internal.knative.dev/v1alpha1","kind":"PodScalable","namespace":"default","name":"kamera-test-deployment"}}
{"level":"info","ts":1768351652.653055,"logger":"fallback","caller":"service/service.go:171","msg":"Service reconciler fetching Route from lister: name=demo, namespace=default"}
{"level":"info","ts":1768351652.6531022,"logger":"fallback","caller":"service/service.go:174","msg":"Service reconciler got Route from lister: name=demo, Generation=1, ObservedGeneration=1, ResourceVersion="}
{"level":"info","ts":1768351652.653153,"logger":"fallback","caller":"service/service.go:126","msg":"Service reconciler checking Route: name=demo, Generation=1, ObservedGeneration=1, Ready=True (reason=, message=), generationMatch=true, routeResourceVersion="}
{"level":"info","ts":1768351652.653174,"logger":"fallback","caller":"service/service.go:136","msg":"Service reconciler calling PropagateRouteStatus() because Generation == ObservedGeneration"}
{"level":"info","ts":"2026-01-13T16:47:32-08:00","logger":"ServiceReconciler.reconcile","msg":"reconcile completed","key":"default/demo","reconciler":"knative.dev.serving.pkg.reconciler.service.Reconciler","requeue":false,"requeueAfter":0}
{"level":"info","ts":"2026-01-13T16:47:32-08:00","logger":"tracecheck","msg":"Taking reconcile step","Depth":69,"# Distinct States":283,"Total States":285,"Resource States":64}
{"level":"error","ts":"2026-01-13T16:47:32-08:00","logger":"tracegen","msg":"setting root context","Kind":"/v1, Kind=Pod","Name":"kamera-test-deployment-1488584584-0","NewRootID":"","labels":{"app":"kamera-test","discrete.events/sleeve-object-id":"37jmqvjn","pod-template-hash":"1488584584","serving.knative.dev/configuration":"demo","serving.knative.dev/configurationGeneration":"1","serving.knative.dev/revision":"kamera-test","serving.knative.dev/revisionUID":"","serving.knative.dev/service":"demo"},"error":"no root ID set on object - is this namespace handled by the sleeve webhook?","stacktrace":"github.com/tgoodwin/kamera/pkg/tracegen.(*ContextTracker).setRootContextFromObservation\n\t/Users/tgoodwin/projects/kamera/pkg/tracegen/context.go:153\ngithub.com/tgoodwin/kamera/pkg/tracegen.(*ContextTracker).TrackOperation\n\t/Users/tgoodwin/projects/kamera/pkg/tracegen/context.go:197\ngithub.com/tgoodwin/kamera/pkg/tracegen.(*Client).Get\n\t/Users/tgoodwin/projects/kamera/pkg/tracegen/client.go:177\ngithub.com/tgoodwin/kamera/sleevectrl/pkg/controller.(*FinalizerReconciler).Reconcile\n\t/Users/tgoodwin/projects/kamera/sleevectrl/pkg/controller/sleeve_finalizer_controller.go:41\ngithub.com/tgoodwin/kamera/pkg/tracecheck.(*ControllerRuntimeStrategy).ReconcileAtState\n\t/Users/tgoodwin/projects/kamera/pkg/tracecheck/reconciler.go:82\ngithub.com/tgoodwin/kamera/pkg/tracecheck.(*ReconcilerContainer).doReconcile\n\t/Users/tgoodwin/projects/kamera/pkg/tracecheck/reconciler.go:164\ngithub.com/tgoodwin/kamera/pkg/tracecheck.(*Explorer).reconcileAtState\n\t/Users/tgoodwin/projects/kamera/pkg/tracecheck/explore.go:1313\ngithub.com/tgoodwin/kamera/pkg/tracecheck.(*Explorer).takeReconcileStep\n\t/Users/tgoodwin/projects/kamera/pkg/tracecheck/explore.go:1228\ngithub.com/tgoodwin/kamera/pkg/tracecheck.(*Explorer).explore\n\t/Users/tgoodwin/projects/kamera/pkg/tracecheck/explore.go:790\ngithub.com/tgoodwin/kamera/pkg/tracecheck.(*Explorer).Explore.func1\n\t/Users/tgoodwin/projects/kamera/pkg/tracecheck/explore.go:330"}
{"level":"error","ts":"2026-01-13T16:47:32-08:00","logger":"tracegen","msg":"rootID is empty","Kind":"/v1, Kind=Pod","Name":"kamera-test-deployment-1488584584-0","NewRootID":"","stacktrace":"github.com/tgoodwin/kamera/pkg/tracegen.(*ContextTracker).setRootContextFromObservation\n\t/Users/tgoodwin/projects/kamera/pkg/tracegen/context.go:157\ngithub.com/tgoodwin/kamera/pkg/tracegen.(*ContextTracker).TrackOperation\n\t/Users/tgoodwin/projects/kamera/pkg/tracegen/context.go:197\ngithub.com/tgoodwin/kamera/pkg/tracegen.(*Client).Get\n\t/Users/tgoodwin/projects/kamera/pkg/tracegen/client.go:177\ngithub.com/tgoodwin/kamera/sleevectrl/pkg/controller.(*FinalizerReconciler).Reconcile\n\t/Users/tgoodwin/projects/kamera/sleevectrl/pkg/controller/sleeve_finalizer_controller.go:41\ngithub.com/tgoodwin/kamera/pkg/tracecheck.(*ControllerRuntimeStrategy).ReconcileAtState\n\t/Users/tgoodwin/projects/kamera/pkg/tracecheck/reconciler.go:82\ngithub.com/tgoodwin/kamera/pkg/tracecheck.(*ReconcilerContainer).doReconcile\n\t/Users/tgoodwin/projects/kamera/pkg/tracecheck/reconciler.go:164\ngithub.com/tgoodwin/kamera/pkg/tracecheck.(*Explorer).reconcileAtState\n\t/Users/tgoodwin/projects/kamera/pkg/tracecheck/explore.go:1313\ngithub.com/tgoodwin/kamera/pkg/tracecheck.(*Explorer).takeReconcileStep\n\t/Users/tgoodwin/projects/kamera/pkg/tracecheck/explore.go:1228\ngithub.com/tgoodwin/kamera/pkg/tracecheck.(*Explorer).explore\n\t/Users/tgoodwin/projects/kamera/pkg/tracecheck/explore.go:790\ngithub.com/tgoodwin/kamera/pkg/tracecheck.(*Explorer).Explore.func1\n\t/Users/tgoodwin/projects/kamera/pkg/tracecheck/explore.go:330"}
{"level":"error","ts":"2026-01-13T16:47:32-08:00","logger":"tracegen","msg":"creating event","error":"failed to get change ID: Event does not have a change ID","stacktrace":"github.com/tgoodwin/kamera/pkg/tracegen.(*Client).LogOperation\n\t/Users/tgoodwin/projects/kamera/pkg/tracegen/client.go:106\ngithub.com/tgoodwin/kamera/pkg/tracegen.(*Client).Get\n\t/Users/tgoodwin/projects/kamera/pkg/tracegen/client.go:178\ngithub.com/tgoodwin/kamera/sleevectrl/pkg/controller.(*FinalizerReconciler).Reconcile\n\t/Users/tgoodwin/projects/kamera/sleevectrl/pkg/controller/sleeve_finalizer_controller.go:41\ngithub.com/tgoodwin/kamera/pkg/tracecheck.(*ControllerRuntimeStrategy).ReconcileAtState\n\t/Users/tgoodwin/projects/kamera/pkg/tracecheck/reconciler.go:82\ngithub.com/tgoodwin/kamera/pkg/tracecheck.(*ReconcilerContainer).doReconcile\n\t/Users/tgoodwin/projects/kamera/pkg/tracecheck/reconciler.go:164\ngithub.com/tgoodwin/kamera/pkg/tracecheck.(*Explorer).reconcileAtState\n\t/Users/tgoodwin/projects/kamera/pkg/tracecheck/explore.go:1313\ngithub.com/tgoodwin/kamera/pkg/tracecheck.(*Explorer).takeReconcileStep\n\t/Users/tgoodwin/projects/kamera/pkg/tracecheck/explore.go:1228\ngithub.com/tgoodwin/kamera/pkg/tracecheck.(*Explorer).explore\n\t/Users/tgoodwin/projects/kamera/pkg/tracecheck/explore.go:790\ngithub.com/tgoodwin/kamera/pkg/tracecheck.(*Explorer).Explore.func1\n\t/Users/tgoodwin/projects/kamera/pkg/tracecheck/explore.go:330"}
{"level":"error","ts":"2026-01-13T16:47:32-08:00","logger":"tracegen","msg":"creating event","error":"failed to get change ID: Event does not have a change ID","stacktrace":"github.com/tgoodwin/kamera/pkg/tracegen.(*Client).LogOperation\n\t/Users/tgoodwin/projects/kamera/pkg/tracegen/client.go:106\ngithub.com/tgoodwin/kamera/sleevectrl/pkg/controller.(*FinalizerReconciler).Reconcile\n\t/Users/tgoodwin/projects/kamera/sleevectrl/pkg/controller/sleeve_finalizer_controller.go:69\ngithub.com/tgoodwin/kamera/pkg/tracecheck.(*ControllerRuntimeStrategy).ReconcileAtState\n\t/Users/tgoodwin/projects/kamera/pkg/tracecheck/reconciler.go:82\ngithub.com/tgoodwin/kamera/pkg/tracecheck.(*ReconcilerContainer).doReconcile\n\t/Users/tgoodwin/projects/kamera/pkg/tracecheck/reconciler.go:164\ngithub.com/tgoodwin/kamera/pkg/tracecheck.(*Explorer).reconcileAtState\n\t/Users/tgoodwin/projects/kamera/pkg/tracecheck/explore.go:1313\ngithub.com/tgoodwin/kamera/pkg/tracecheck.(*Explorer).takeReconcileStep\n\t/Users/tgoodwin/projects/kamera/pkg/tracecheck/explore.go:1228\ngithub.com/tgoodwin/kamera/pkg/tracecheck.(*Explorer).explore\n\t/Users/tgoodwin/projects/kamera/pkg/tracecheck/explore.go:790\ngithub.com/tgoodwin/kamera/pkg/tracecheck.(*Explorer).Explore.func1\n\t/Users/tgoodwin/projects/kamera/pkg/tracecheck/explore.go:330"}
{"level":"info","ts":"2026-01-13T16:47:32-08:00","logger":"tracecheck","msg":"Taking reconcile step","Depth":70,"# Distinct States":284,"Total States":286,"Resource States":64}
{"level":"info","ts":"2026-01-13T16:47:32-08:00","logger":"tracecheck","msg":"Taking reconcile step","Depth":71,"# Distinct States":285,"Total States":287,"Resource States":64}
{"level":"info","ts":"2026-01-13T16:47:32-08:00","logger":"tracecheck","msg":"Updated ReplicaSet status","Depth":71,"# Distinct States":285,"Total States":287,"Resource States":64,"name":"kamera-test-deployment-1488584584"}
{"level":"info","ts":"2026-01-13T16:47:32-08:00","logger":"tracecheck","msg":"Taking reconcile step","Depth":72,"# Distinct States":286,"Total States":288,"Resource States":64}
{"level":"info","ts":"2026-01-13T16:47:32-08:00","logger":"KPAReconciler.seed","msg":"added podscalable to informer","resource":"deployments","namespace":"default","name":"kamera-test-deployment","stage":"podscalable-add","keys":["default/kamera-test-deployment"]}
{"level":"info","ts":"2026-01-13T16:47:32-08:00","logger":"KPAReconciler.seed","msg":"podscalable visible to lister","resource":"deployments","namespace":"default","name":"kamera-test-deployment","stage":"podscalable-lister","object":{"apiVersion":"autoscaling.internal.knative.dev/v1alpha1","kind":"PodScalable","namespace":"default","name":"kamera-test-deployment"}}
{"level":"info","ts":1768351652.7763882,"logger":"fallback","caller":"kpa/controller.go:77","msg":"Setting up ConfigMap receivers"}
{"level":"info","ts":1768351652.7766201,"logger":"fallback","caller":"kpa/controller.go:91","msg":"Setting up KPA-Class event handlers"}
{"level":"info","ts":1768351652.776952,"logger":"fallback","caller":"kpa/kpa.go:158","msg":"SKS should be in Proxy mode: want = 0, ebc = 0, #act's = 2 PA Inactive? = true"}
{"level":"info","ts":1768351652.777008,"logger":"fallback","caller":"kpa/kpa.go:178","msg":"PA scale got=0, want=0, desiredPods=0 ebc=0"}
{"level":"info","ts":1768351652.77703,"logger":"fallback","caller":"kpa/kpa.go:188","msg":"Observed pod counts=kpa.podCounts{want:0, ready:0, notReady:0, pending:0, terminating:0}"}
{"level":"info","ts":"2026-01-13T16:47:32-08:00","logger":"KPAReconciler.reconcile","msg":"reconcile completed","key":"default/kamera-test","reconciler":"knative.dev.serving.pkg.reconciler.autoscaling.kpa.Reconciler","requeue":false,"requeueAfter":0}
{"level":"info","ts":"2026-01-13T16:47:32-08:00","logger":"tracecheck","msg":"Taking reconcile step","Depth":73,"# Distinct States":287,"Total States":289,"Resource States":64}
{"level":"info","ts":"2026-01-13T16:47:32-08:00","logger":"tracecheck","msg":"Taking reconcile step","Depth":74,"# Distinct States":288,"Total States":290,"Resource States":64}
{"level":"info","ts":"2026-01-13T16:47:32-08:00","logger":"RevisionReconciler.seed","msg":"added podscalable to informer","resource":"deployments","namespace":"default","name":"kamera-test-deployment","stage":"podscalable-add","keys":["default/kamera-test-deployment"]}
{"level":"info","ts":"2026-01-13T16:47:32-08:00","logger":"RevisionReconciler.seed","msg":"podscalable visible to lister","resource":"deployments","namespace":"default","name":"kamera-test-deployment","stage":"podscalable-lister","object":{"apiVersion":"autoscaling.internal.knative.dev/v1alpha1","kind":"PodScalable","namespace":"default","name":"kamera-test-deployment"}}
{"level":"error","ts":1768351652.892907,"logger":"fallback","caller":"revision/controller.go:116","msg":"Failed to create resolver transport","error":"open /var/run/secrets/kubernetes.io/serviceaccount/ca.crt: no such file or directory","stacktrace":"knative.dev/serving/pkg/reconciler/revision.newControllerWithOptions\n\t/Users/tgoodwin/tmp/gomodcache/knative.dev/serving@v0.46.5/pkg/reconciler/revision/controller.go:116\nknative.dev/serving/pkg/reconciler/revision.NewController\n\t/Users/tgoodwin/tmp/gomodcache/knative.dev/serving@v0.46.5/pkg/reconciler/revision/controller.go:64\nmain.configureKnativeExplorer.func1.1\n\t/Users/tgoodwin/projects/kamera/examples/knative-serving/scenario.go:91\ngithub.com/tgoodwin/kamera/examples/knative-serving/knative.NewKnativeStrategy.func1\n\t/Users/tgoodwin/projects/kamera/examples/knative-serving/knative/harness.go:555\ngithub.com/tgoodwin/kamera/examples/knative-serving/knative.(*KnativeStrategy).ReconcileAtState\n\t/Users/tgoodwin/projects/kamera/examples/knative-serving/knative/harness.go:895\ngithub.com/tgoodwin/kamera/pkg/tracecheck.(*ReconcilerContainer).doReconcile\n\t/Users/tgoodwin/projects/kamera/pkg/tracecheck/reconciler.go:164\ngithub.com/tgoodwin/kamera/pkg/tracecheck.(*Explorer).reconcileAtState\n\t/Users/tgoodwin/projects/kamera/pkg/tracecheck/explore.go:1313\ngithub.com/tgoodwin/kamera/pkg/tracecheck.(*Explorer).takeReconcileStep\n\t/Users/tgoodwin/projects/kamera/pkg/tracecheck/explore.go:1228\ngithub.com/tgoodwin/kamera/pkg/tracecheck.(*Explorer).explore\n\t/Users/tgoodwin/projects/kamera/pkg/tracecheck/explore.go:790\ngithub.com/tgoodwin/kamera/pkg/tracecheck.(*Explorer).Explore.func1\n\t/Users/tgoodwin/projects/kamera/pkg/tracecheck/explore.go:330"}
{"level":"info","ts":1768351652.893672,"logger":"fallback","caller":"revision/reconcile_resources.go:161","msg":"Reconciling PA: kamera-test"}
{"level":"info","ts":"2026-01-13T16:47:32-08:00","logger":"RevisionReconciler.reconcile","msg":"reconcile completed","key":"default/kamera-test","reconciler":"knative.dev.serving.pkg.reconciler.revision.Reconciler","requeue":false,"requeueAfter":0}
{"level":"info","ts":"2026-01-13T16:47:32-08:00","logger":"tracecheck","msg":"Taking reconcile step","Depth":75,"# Distinct States":289,"Total States":291,"Resource States":64}
{"level":"info","ts":"2026-01-13T16:47:32-08:00","logger":"tracecheck","msg":"Taking reconcile step","Depth":76,"# Distinct States":290,"Total States":292,"Resource States":64}
{"level":"info","ts":"2026-01-13T16:47:32-08:00","logger":"tracecheck","msg":"Taking reconcile step","Depth":77,"# Distinct States":291,"Total States":293,"Resource States":64}
{"level":"info","ts":"2026-01-13T16:47:33-08:00","logger":"RouteReconciler.seed","msg":"added podscalable to informer","resource":"deployments","namespace":"default","name":"kamera-test-deployment","stage":"podscalable-add","keys":["default/kamera-test-deployment"]}
{"level":"info","ts":"2026-01-13T16:47:33-08:00","logger":"RouteReconciler.seed","msg":"podscalable visible to lister","resource":"deployments","namespace":"default","name":"kamera-test-deployment","stage":"podscalable-lister","object":{"apiVersion":"autoscaling.internal.knative.dev/v1alpha1","kind":"PodScalable","namespace":"default","name":"kamera-test-deployment"}}
{"level":"info","ts":1768351653.027384,"logger":"fallback","caller":"route/route.go:465","msg":"Revision default/kamera-test is inactive"}
{"level":"info","ts":1768351653.027414,"logger":"fallback","caller":"route/route.go:487","msg":"All referred targets are routable, marking AllTrafficAssigned with traffic information."}
{"level":"info","ts":1768351653.0274298,"logger":"fallback","caller":"route/route.go:140","msg":"Creating placeholder k8s services"}
{"level":"info","ts":1768351653.02751,"logger":"fallback","caller":"route/route.go:176","msg":"Updating placeholder k8s services with ingress information"}
{"level":"info","ts":1768351653.027552,"logger":"fallback","caller":"route/route.go:198","msg":"Route successfully synced"}
{"level":"info","ts":"2026-01-13T16:47:33-08:00","logger":"RouteReconciler.reconcile","msg":"reconcile completed","key":"default/demo","reconciler":"knative.dev.serving.pkg.reconciler.route.Reconciler","requeue":false,"requeueAfter":0}
{"level":"info","ts":"2026-01-13T16:47:33-08:00","logger":"tracecheck","msg":"Taking reconcile step","Depth":78,"# Distinct States":292,"Total States":294,"Resource States":64}
{"level":"info","ts":"2026-01-13T16:47:33-08:00","logger":"ServiceReconciler.seed","msg":"added podscalable to informer","resource":"deployments","namespace":"default","name":"kamera-test-deployment","stage":"podscalable-add","keys":["default/kamera-test-deployment"]}
{"level":"info","ts":"2026-01-13T16:47:33-08:00","logger":"ServiceReconciler.seed","msg":"podscalable visible to lister","resource":"deployments","namespace":"default","name":"kamera-test-deployment","stage":"podscalable-lister","object":{"apiVersion":"autoscaling.internal.knative.dev/v1alpha1","kind":"PodScalable","namespace":"default","name":"kamera-test-deployment"}}
{"level":"info","ts":1768351653.1340559,"logger":"fallback","caller":"service/service.go:171","msg":"Service reconciler fetching Route from lister: name=demo, namespace=default"}
{"level":"info","ts":1768351653.134103,"logger":"fallback","caller":"service/service.go:174","msg":"Service reconciler got Route from lister: name=demo, Generation=1, ObservedGeneration=1, ResourceVersion="}
{"level":"info","ts":1768351653.134185,"logger":"fallback","caller":"service/service.go:126","msg":"Service reconciler checking Route: name=demo, Generation=1, ObservedGeneration=1, Ready=True (reason=, message=), generationMatch=true, routeResourceVersion="}
{"level":"info","ts":1768351653.134203,"logger":"fallback","caller":"service/service.go:136","msg":"Service reconciler calling PropagateRouteStatus() because Generation == ObservedGeneration"}
{"level":"info","ts":"2026-01-13T16:47:33-08:00","logger":"ServiceReconciler.reconcile","msg":"reconcile completed","key":"default/demo","reconciler":"knative.dev.serving.pkg.reconciler.service.Reconciler","requeue":false,"requeueAfter":0}
{"level":"info","ts":"2026-01-13T16:47:33-08:00","logger":"tracecheck","msg":"Taking reconcile step","Depth":64,"# Distinct States":293,"Total States":295,"Resource States":64}
{"level":"info","ts":"2026-01-13T16:47:33-08:00","logger":"RevisionReconciler.seed","msg":"added podscalable to informer","resource":"deployments","namespace":"default","name":"kamera-test-deployment","stage":"podscalable-add","keys":["default/kamera-test-deployment"]}
{"level":"info","ts":"2026-01-13T16:47:33-08:00","logger":"RevisionReconciler.seed","msg":"podscalable visible to lister","resource":"deployments","namespace":"default","name":"kamera-test-deployment","stage":"podscalable-lister","object":{"apiVersion":"autoscaling.internal.knative.dev/v1alpha1","kind":"PodScalable","namespace":"default","name":"kamera-test-deployment"}}
{"level":"error","ts":1768351653.246496,"logger":"fallback","caller":"revision/controller.go:116","msg":"Failed to create resolver transport","error":"open /var/run/secrets/kubernetes.io/serviceaccount/ca.crt: no such file or directory","stacktrace":"knative.dev/serving/pkg/reconciler/revision.newControllerWithOptions\n\t/Users/tgoodwin/tmp/gomodcache/knative.dev/serving@v0.46.5/pkg/reconciler/revision/controller.go:116\nknative.dev/serving/pkg/reconciler/revision.NewController\n\t/Users/tgoodwin/tmp/gomodcache/knative.dev/serving@v0.46.5/pkg/reconciler/revision/controller.go:64\nmain.configureKnativeExplorer.func1.1\n\t/Users/tgoodwin/projects/kamera/examples/knative-serving/scenario.go:91\ngithub.com/tgoodwin/kamera/examples/knative-serving/knative.NewKnativeStrategy.func1\n\t/Users/tgoodwin/projects/kamera/examples/knative-serving/knative/harness.go:555\ngithub.com/tgoodwin/kamera/examples/knative-serving/knative.(*KnativeStrategy).ReconcileAtState\n\t/Users/tgoodwin/projects/kamera/examples/knative-serving/knative/harness.go:895\ngithub.com/tgoodwin/kamera/pkg/tracecheck.(*ReconcilerContainer).doReconcile\n\t/Users/tgoodwin/projects/kamera/pkg/tracecheck/reconciler.go:164\ngithub.com/tgoodwin/kamera/pkg/tracecheck.(*Explorer).reconcileAtState\n\t/Users/tgoodwin/projects/kamera/pkg/tracecheck/explore.go:1313\ngithub.com/tgoodwin/kamera/pkg/tracecheck.(*Explorer).takeReconcileStep\n\t/Users/tgoodwin/projects/kamera/pkg/tracecheck/explore.go:1228\ngithub.com/tgoodwin/kamera/pkg/tracecheck.(*Explorer).explore\n\t/Users/tgoodwin/projects/kamera/pkg/tracecheck/explore.go:790\ngithub.com/tgoodwin/kamera/pkg/tracecheck.(*Explorer).Explore.func1\n\t/Users/tgoodwin/projects/kamera/pkg/tracecheck/explore.go:330"}
{"level":"info","ts":1768351653.247382,"logger":"fallback","caller":"revision/reconcile_resources.go:161","msg":"Reconciling PA: kamera-test"}
{"level":"info","ts":"2026-01-13T16:47:33-08:00","logger":"RevisionReconciler.reconcile","msg":"reconcile completed","key":"default/kamera-test","reconciler":"knative.dev.serving.pkg.reconciler.revision.Reconciler","requeue":false,"requeueAfter":0}
{"level":"info","ts":"2026-01-13T16:47:33-08:00","logger":"tracecheck","msg":"Taking reconcile step","Depth":65,"# Distinct States":294,"Total States":296,"Resource States":65}
{"level":"info","ts":"2026-01-13T16:47:33-08:00","logger":"tracecheck","msg":"Taking reconcile step","Depth":66,"# Distinct States":295,"Total States":297,"Resource States":65}
{"level":"info","ts":"2026-01-13T16:47:33-08:00","logger":"tracecheck","msg":"Taking reconcile step","Depth":67,"# Distinct States":296,"Total States":298,"Resource States":66}
{"level":"info","ts":"2026-01-13T16:47:33-08:00","logger":"RouteReconciler.seed","msg":"added podscalable to informer","resource":"deployments","namespace":"default","name":"kamera-test-deployment","stage":"podscalable-add","keys":["default/kamera-test-deployment"]}
{"level":"info","ts":"2026-01-13T16:47:33-08:00","logger":"RouteReconciler.seed","msg":"podscalable visible to lister","resource":"deployments","namespace":"default","name":"kamera-test-deployment","stage":"podscalable-lister","object":{"apiVersion":"autoscaling.internal.knative.dev/v1alpha1","kind":"PodScalable","namespace":"default","name":"kamera-test-deployment"}}
{"level":"info","ts":1768351653.3692858,"logger":"fallback","caller":"route/route.go:465","msg":"Revision default/kamera-test is inactive"}
{"level":"info","ts":1768351653.369345,"logger":"fallback","caller":"route/route.go:487","msg":"All referred targets are routable, marking AllTrafficAssigned with traffic information."}
{"level":"info","ts":1768351653.3693771,"logger":"fallback","caller":"route/route.go:140","msg":"Creating placeholder k8s services"}
{"level":"info","ts":1768351653.369545,"logger":"fallback","caller":"route/route.go:176","msg":"Updating placeholder k8s services with ingress information"}
{"level":"info","ts":1768351653.369904,"logger":"fallback","caller":"route/route.go:198","msg":"Route successfully synced"}
{"level":"info","ts":"2026-01-13T16:47:33-08:00","logger":"RouteReconciler.reconcile","msg":"reconcile completed","key":"default/demo","reconciler":"knative.dev.serving.pkg.reconciler.route.Reconciler","requeue":false,"requeueAfter":0}
{"level":"info","ts":"2026-01-13T16:47:33-08:00","logger":"tracecheck","msg":"Taking reconcile step","Depth":68,"# Distinct States":297,"Total States":299,"Resource States":67}
{"level":"info","ts":"2026-01-13T16:47:33-08:00","logger":"tracecheck","msg":"Taking reconcile step","Depth":69,"# Distinct States":298,"Total States":300,"Resource States":67}
{"level":"info","ts":"2026-01-13T16:47:33-08:00","logger":"ServiceReconciler.seed","msg":"added podscalable to informer","resource":"deployments","namespace":"default","name":"kamera-test-deployment","stage":"podscalable-add","keys":["default/kamera-test-deployment"]}
{"level":"info","ts":"2026-01-13T16:47:33-08:00","logger":"ServiceReconciler.seed","msg":"podscalable visible to lister","resource":"deployments","namespace":"default","name":"kamera-test-deployment","stage":"podscalable-lister","object":{"apiVersion":"autoscaling.internal.knative.dev/v1alpha1","kind":"PodScalable","namespace":"default","name":"kamera-test-deployment"}}
{"level":"info","ts":1768351653.482836,"logger":"fallback","caller":"service/service.go:171","msg":"Service reconciler fetching Route from lister: name=demo, namespace=default"}
{"level":"info","ts":1768351653.4828858,"logger":"fallback","caller":"service/service.go:174","msg":"Service reconciler got Route from lister: name=demo, Generation=1, ObservedGeneration=1, ResourceVersion="}
{"level":"info","ts":1768351653.482941,"logger":"fallback","caller":"service/service.go:126","msg":"Service reconciler checking Route: name=demo, Generation=1, ObservedGeneration=1, Ready=True (reason=, message=), generationMatch=true, routeResourceVersion="}
{"level":"info","ts":1768351653.482958,"logger":"fallback","caller":"service/service.go:136","msg":"Service reconciler calling PropagateRouteStatus() because Generation == ObservedGeneration"}
{"level":"info","ts":"2026-01-13T16:47:33-08:00","logger":"ServiceReconciler.reconcile","msg":"reconcile completed","key":"default/demo","reconciler":"knative.dev.serving.pkg.reconciler.service.Reconciler","requeue":false,"requeueAfter":0}
{"level":"info","ts":"2026-01-13T16:47:33-08:00","logger":"tracecheck","msg":"Taking reconcile step","Depth":70,"# Distinct States":299,"Total States":301,"Resource States":67}
{"level":"error","ts":"2026-01-13T16:47:33-08:00","logger":"tracegen","msg":"setting root context","Kind":"/v1, Kind=Pod","Name":"kamera-test-deployment-1488584584-0","NewRootID":"","labels":{"app":"kamera-test","discrete.events/sleeve-object-id":"37jmqvjn","pod-template-hash":"1488584584","serving.knative.dev/configuration":"demo","serving.knative.dev/configurationGeneration":"1","serving.knative.dev/revision":"kamera-test","serving.knative.dev/revisionUID":"","serving.knative.dev/service":"demo"},"error":"no root ID set on object - is this namespace handled by the sleeve webhook?","stacktrace":"github.com/tgoodwin/kamera/pkg/tracegen.(*ContextTracker).setRootContextFromObservation\n\t/Users/tgoodwin/projects/kamera/pkg/tracegen/context.go:153\ngithub.com/tgoodwin/kamera/pkg/tracegen.(*ContextTracker).TrackOperation\n\t/Users/tgoodwin/projects/kamera/pkg/tracegen/context.go:197\ngithub.com/tgoodwin/kamera/pkg/tracegen.(*Client).Get\n\t/Users/tgoodwin/projects/kamera/pkg/tracegen/client.go:177\ngithub.com/tgoodwin/kamera/sleevectrl/pkg/controller.(*FinalizerReconciler).Reconcile\n\t/Users/tgoodwin/projects/kamera/sleevectrl/pkg/controller/sleeve_finalizer_controller.go:41\ngithub.com/tgoodwin/kamera/pkg/tracecheck.(*ControllerRuntimeStrategy).ReconcileAtState\n\t/Users/tgoodwin/projects/kamera/pkg/tracecheck/reconciler.go:82\ngithub.com/tgoodwin/kamera/pkg/tracecheck.(*ReconcilerContainer).doReconcile\n\t/Users/tgoodwin/projects/kamera/pkg/tracecheck/reconciler.go:164\ngithub.com/tgoodwin/kamera/pkg/tracecheck.(*Explorer).reconcileAtState\n\t/Users/tgoodwin/projects/kamera/pkg/tracecheck/explore.go:1313\ngithub.com/tgoodwin/kamera/pkg/tracecheck.(*Explorer).takeReconcileStep\n\t/Users/tgoodwin/projects/kamera/pkg/tracecheck/explore.go:1228\ngithub.com/tgoodwin/kamera/pkg/tracecheck.(*Explorer).explore\n\t/Users/tgoodwin/projects/kamera/pkg/tracecheck/explore.go:790\ngithub.com/tgoodwin/kamera/pkg/tracecheck.(*Explorer).Explore.func1\n\t/Users/tgoodwin/projects/kamera/pkg/tracecheck/explore.go:330"}
{"level":"error","ts":"2026-01-13T16:47:33-08:00","logger":"tracegen","msg":"rootID is empty","Kind":"/v1, Kind=Pod","Name":"kamera-test-deployment-1488584584-0","NewRootID":"","stacktrace":"github.com/tgoodwin/kamera/pkg/tracegen.(*ContextTracker).setRootContextFromObservation\n\t/Users/tgoodwin/projects/kamera/pkg/tracegen/context.go:157\ngithub.com/tgoodwin/kamera/pkg/tracegen.(*ContextTracker).TrackOperation\n\t/Users/tgoodwin/projects/kamera/pkg/tracegen/context.go:197\ngithub.com/tgoodwin/kamera/pkg/tracegen.(*Client).Get\n\t/Users/tgoodwin/projects/kamera/pkg/tracegen/client.go:177\ngithub.com/tgoodwin/kamera/sleevectrl/pkg/controller.(*FinalizerReconciler).Reconcile\n\t/Users/tgoodwin/projects/kamera/sleevectrl/pkg/controller/sleeve_finalizer_controller.go:41\ngithub.com/tgoodwin/kamera/pkg/tracecheck.(*ControllerRuntimeStrategy).ReconcileAtState\n\t/Users/tgoodwin/projects/kamera/pkg/tracecheck/reconciler.go:82\ngithub.com/tgoodwin/kamera/pkg/tracecheck.(*ReconcilerContainer).doReconcile\n\t/Users/tgoodwin/projects/kamera/pkg/tracecheck/reconciler.go:164\ngithub.com/tgoodwin/kamera/pkg/tracecheck.(*Explorer).reconcileAtState\n\t/Users/tgoodwin/projects/kamera/pkg/tracecheck/explore.go:1313\ngithub.com/tgoodwin/kamera/pkg/tracecheck.(*Explorer).takeReconcileStep\n\t/Users/tgoodwin/projects/kamera/pkg/tracecheck/explore.go:1228\ngithub.com/tgoodwin/kamera/pkg/tracecheck.(*Explorer).explore\n\t/Users/tgoodwin/projects/kamera/pkg/tracecheck/explore.go:790\ngithub.com/tgoodwin/kamera/pkg/tracecheck.(*Explorer).Explore.func1\n\t/Users/tgoodwin/projects/kamera/pkg/tracecheck/explore.go:330"}
{"level":"error","ts":"2026-01-13T16:47:33-08:00","logger":"tracegen","msg":"creating event","error":"failed to get change ID: Event does not have a change ID","stacktrace":"github.com/tgoodwin/kamera/pkg/tracegen.(*Client).LogOperation\n\t/Users/tgoodwin/projects/kamera/pkg/tracegen/client.go:106\ngithub.com/tgoodwin/kamera/pkg/tracegen.(*Client).Get\n\t/Users/tgoodwin/projects/kamera/pkg/tracegen/client.go:178\ngithub.com/tgoodwin/kamera/sleevectrl/pkg/controller.(*FinalizerReconciler).Reconcile\n\t/Users/tgoodwin/projects/kamera/sleevectrl/pkg/controller/sleeve_finalizer_controller.go:41\ngithub.com/tgoodwin/kamera/pkg/tracecheck.(*ControllerRuntimeStrategy).ReconcileAtState\n\t/Users/tgoodwin/projects/kamera/pkg/tracecheck/reconciler.go:82\ngithub.com/tgoodwin/kamera/pkg/tracecheck.(*ReconcilerContainer).doReconcile\n\t/Users/tgoodwin/projects/kamera/pkg/tracecheck/reconciler.go:164\ngithub.com/tgoodwin/kamera/pkg/tracecheck.(*Explorer).reconcileAtState\n\t/Users/tgoodwin/projects/kamera/pkg/tracecheck/explore.go:1313\ngithub.com/tgoodwin/kamera/pkg/tracecheck.(*Explorer).takeReconcileStep\n\t/Users/tgoodwin/projects/kamera/pkg/tracecheck/explore.go:1228\ngithub.com/tgoodwin/kamera/pkg/tracecheck.(*Explorer).explore\n\t/Users/tgoodwin/projects/kamera/pkg/tracecheck/explore.go:790\ngithub.com/tgoodwin/kamera/pkg/tracecheck.(*Explorer).Explore.func1\n\t/Users/tgoodwin/projects/kamera/pkg/tracecheck/explore.go:330"}
{"level":"error","ts":"2026-01-13T16:47:33-08:00","logger":"tracegen","msg":"creating event","error":"failed to get change ID: Event does not have a change ID","stacktrace":"github.com/tgoodwin/kamera/pkg/tracegen.(*Client).LogOperation\n\t/Users/tgoodwin/projects/kamera/pkg/tracegen/client.go:106\ngithub.com/tgoodwin/kamera/sleevectrl/pkg/controller.(*FinalizerReconciler).Reconcile\n\t/Users/tgoodwin/projects/kamera/sleevectrl/pkg/controller/sleeve_finalizer_controller.go:69\ngithub.com/tgoodwin/kamera/pkg/tracecheck.(*ControllerRuntimeStrategy).ReconcileAtState\n\t/Users/tgoodwin/projects/kamera/pkg/tracecheck/reconciler.go:82\ngithub.com/tgoodwin/kamera/pkg/tracecheck.(*ReconcilerContainer).doReconcile\n\t/Users/tgoodwin/projects/kamera/pkg/tracecheck/reconciler.go:164\ngithub.com/tgoodwin/kamera/pkg/tracecheck.(*Explorer).reconcileAtState\n\t/Users/tgoodwin/projects/kamera/pkg/tracecheck/explore.go:1313\ngithub.com/tgoodwin/kamera/pkg/tracecheck.(*Explorer).takeReconcileStep\n\t/Users/tgoodwin/projects/kamera/pkg/tracecheck/explore.go:1228\ngithub.com/tgoodwin/kamera/pkg/tracecheck.(*Explorer).explore\n\t/Users/tgoodwin/projects/kamera/pkg/tracecheck/explore.go:790\ngithub.com/tgoodwin/kamera/pkg/tracecheck.(*Explorer).Explore.func1\n\t/Users/tgoodwin/projects/kamera/pkg/tracecheck/explore.go:330"}
{"level":"info","ts":"2026-01-13T16:47:33-08:00","logger":"tracecheck","msg":"Taking reconcile step","Depth":71,"# Distinct States":300,"Total States":302,"Resource States":67}
{"level":"info","ts":"2026-01-13T16:47:33-08:00","logger":"tracecheck","msg":"Taking reconcile step","Depth":72,"# Distinct States":301,"Total States":303,"Resource States":67}
{"level":"info","ts":"2026-01-13T16:47:33-08:00","logger":"tracecheck","msg":"Updated ReplicaSet status","Depth":72,"# Distinct States":301,"Total States":303,"Resource States":67,"name":"kamera-test-deployment-1488584584"}
{"level":"info","ts":"2026-01-13T16:47:33-08:00","logger":"tracecheck","msg":"Taking reconcile step","Depth":73,"# Distinct States":302,"Total States":304,"Resource States":67}
{"level":"info","ts":"2026-01-13T16:47:33-08:00","logger":"KPAReconciler.seed","msg":"added podscalable to informer","resource":"deployments","namespace":"default","name":"kamera-test-deployment","stage":"podscalable-add","keys":["default/kamera-test-deployment"]}
{"level":"info","ts":"2026-01-13T16:47:33-08:00","logger":"KPAReconciler.seed","msg":"podscalable visible to lister","resource":"deployments","namespace":"default","name":"kamera-test-deployment","stage":"podscalable-lister","object":{"apiVersion":"autoscaling.internal.knative.dev/v1alpha1","kind":"PodScalable","namespace":"default","name":"kamera-test-deployment"}}
{"level":"info","ts":1768351653.605035,"logger":"fallback","caller":"kpa/controller.go:77","msg":"Setting up ConfigMap receivers"}
{"level":"info","ts":1768351653.605248,"logger":"fallback","caller":"kpa/controller.go:91","msg":"Setting up KPA-Class event handlers"}
{"level":"info","ts":1768351653.6054678,"logger":"fallback","caller":"kpa/kpa.go:158","msg":"SKS should be in Proxy mode: want = 0, ebc = 0, #act's = 2 PA Inactive? = true"}
{"level":"info","ts":1768351653.6055198,"logger":"fallback","caller":"kpa/kpa.go:178","msg":"PA scale got=0, want=0, desiredPods=0 ebc=0"}
{"level":"info","ts":1768351653.60554,"logger":"fallback","caller":"kpa/kpa.go:188","msg":"Observed pod counts=kpa.podCounts{want:0, ready:0, notReady:0, pending:0, terminating:0}"}
{"level":"info","ts":"2026-01-13T16:47:33-08:00","logger":"KPAReconciler.reconcile","msg":"reconcile completed","key":"default/kamera-test","reconciler":"knative.dev.serving.pkg.reconciler.autoscaling.kpa.Reconciler","requeue":false,"requeueAfter":0}
{"level":"info","ts":"2026-01-13T16:47:33-08:00","logger":"tracecheck","msg":"Taking reconcile step","Depth":74,"# Distinct States":303,"Total States":305,"Resource States":67}
{"level":"info","ts":"2026-01-13T16:47:33-08:00","logger":"tracecheck","msg":"Taking reconcile step","Depth":75,"# Distinct States":304,"Total States":306,"Resource States":67}
{"level":"info","ts":"2026-01-13T16:47:33-08:00","logger":"ConfigurationReconciler.seed","msg":"added podscalable to informer","resource":"deployments","namespace":"default","name":"kamera-test-deployment","stage":"podscalable-add","keys":["default/kamera-test-deployment"]}
{"level":"info","ts":"2026-01-13T16:47:33-08:00","logger":"ConfigurationReconciler.seed","msg":"podscalable visible to lister","resource":"deployments","namespace":"default","name":"kamera-test-deployment","stage":"podscalable-lister","object":{"apiVersion":"autoscaling.internal.knative.dev/v1alpha1","kind":"PodScalable","namespace":"default","name":"kamera-test-deployment"}}
{"level":"info","ts":1768351653.719955,"logger":"fallback","caller":"configuration/configuration.go:106","msg":"Revision \"kamera-test\" of configuration is ready"}
{"level":"info","ts":"2026-01-13T16:47:33-08:00","logger":"ConfigurationReconciler.reconcile","msg":"reconcile completed","key":"default/demo","reconciler":"knative.dev.serving.pkg.reconciler.configuration.Reconciler","requeue":false,"requeueAfter":0}
{"level":"info","ts":"2026-01-13T16:47:33-08:00","logger":"tracecheck","msg":"Taking reconcile step","Depth":76,"# Distinct States":305,"Total States":307,"Resource States":67}
{"level":"info","ts":"2026-01-13T16:47:33-08:00","logger":"RevisionReconciler.seed","msg":"added podscalable to informer","resource":"deployments","namespace":"default","name":"kamera-test-deployment","stage":"podscalable-add","keys":["default/kamera-test-deployment"]}
{"level":"info","ts":"2026-01-13T16:47:33-08:00","logger":"RevisionReconciler.seed","msg":"podscalable visible to lister","resource":"deployments","namespace":"default","name":"kamera-test-deployment","stage":"podscalable-lister","object":{"apiVersion":"autoscaling.internal.knative.dev/v1alpha1","kind":"PodScalable","namespace":"default","name":"kamera-test-deployment"}}
{"level":"error","ts":1768351653.8290272,"logger":"fallback","caller":"revision/controller.go:116","msg":"Failed to create resolver transport","error":"open /var/run/secrets/kubernetes.io/serviceaccount/ca.crt: no such file or directory","stacktrace":"knative.dev/serving/pkg/reconciler/revision.newControllerWithOptions\n\t/Users/tgoodwin/tmp/gomodcache/knative.dev/serving@v0.46.5/pkg/reconciler/revision/controller.go:116\nknative.dev/serving/pkg/reconciler/revision.NewController\n\t/Users/tgoodwin/tmp/gomodcache/knative.dev/serving@v0.46.5/pkg/reconciler/revision/controller.go:64\nmain.configureKnativeExplorer.func1.1\n\t/Users/tgoodwin/projects/kamera/examples/knative-serving/scenario.go:91\ngithub.com/tgoodwin/kamera/examples/knative-serving/knative.NewKnativeStrategy.func1\n\t/Users/tgoodwin/projects/kamera/examples/knative-serving/knative/harness.go:555\ngithub.com/tgoodwin/kamera/examples/knative-serving/knative.(*KnativeStrategy).ReconcileAtState\n\t/Users/tgoodwin/projects/kamera/examples/knative-serving/knative/harness.go:895\ngithub.com/tgoodwin/kamera/pkg/tracecheck.(*ReconcilerContainer).doReconcile\n\t/Users/tgoodwin/projects/kamera/pkg/tracecheck/reconciler.go:164\ngithub.com/tgoodwin/kamera/pkg/tracecheck.(*Explorer).reconcileAtState\n\t/Users/tgoodwin/projects/kamera/pkg/tracecheck/explore.go:1313\ngithub.com/tgoodwin/kamera/pkg/tracecheck.(*Explorer).takeReconcileStep\n\t/Users/tgoodwin/projects/kamera/pkg/tracecheck/explore.go:1228\ngithub.com/tgoodwin/kamera/pkg/tracecheck.(*Explorer).explore\n\t/Users/tgoodwin/projects/kamera/pkg/tracecheck/explore.go:790\ngithub.com/tgoodwin/kamera/pkg/tracecheck.(*Explorer).Explore.func1\n\t/Users/tgoodwin/projects/kamera/pkg/tracecheck/explore.go:330"}
{"level":"info","ts":1768351653.829561,"logger":"fallback","caller":"revision/reconcile_resources.go:161","msg":"Reconciling PA: kamera-test"}
{"level":"info","ts":"2026-01-13T16:47:33-08:00","logger":"RevisionReconciler.reconcile","msg":"reconcile completed","key":"default/kamera-test","reconciler":"knative.dev.serving.pkg.reconciler.revision.Reconciler","requeue":false,"requeueAfter":0}
{"level":"info","ts":"2026-01-13T16:47:33-08:00","logger":"tracecheck","msg":"Taking reconcile step","Depth":77,"# Distinct States":306,"Total States":308,"Resource States":67}
{"level":"info","ts":"2026-01-13T16:47:33-08:00","logger":"tracecheck","msg":"Taking reconcile step","Depth":78,"# Distinct States":307,"Total States":309,"Resource States":67}
{"level":"info","ts":"2026-01-13T16:47:33-08:00","logger":"tracecheck","msg":"Taking reconcile step","Depth":79,"# Distinct States":308,"Total States":310,"Resource States":67}
{"level":"info","ts":"2026-01-13T16:47:33-08:00","logger":"RouteReconciler.seed","msg":"added podscalable to informer","resource":"deployments","namespace":"default","name":"kamera-test-deployment","stage":"podscalable-add","keys":["default/kamera-test-deployment"]}
{"level":"info","ts":"2026-01-13T16:47:33-08:00","logger":"RouteReconciler.seed","msg":"podscalable visible to lister","resource":"deployments","namespace":"default","name":"kamera-test-deployment","stage":"podscalable-lister","object":{"apiVersion":"autoscaling.internal.knative.dev/v1alpha1","kind":"PodScalable","namespace":"default","name":"kamera-test-deployment"}}
{"level":"info","ts":1768351653.941785,"logger":"fallback","caller":"route/route.go:465","msg":"Revision default/kamera-test is inactive"}
{"level":"info","ts":1768351653.94183,"logger":"fallback","caller":"route/route.go:487","msg":"All referred targets are routable, marking AllTrafficAssigned with traffic information."}
{"level":"info","ts":1768351653.941889,"logger":"fallback","caller":"route/route.go:140","msg":"Creating placeholder k8s services"}
{"level":"info","ts":1768351653.9420211,"logger":"fallback","caller":"route/route.go:176","msg":"Updating placeholder k8s services with ingress information"}
{"level":"info","ts":1768351653.942077,"logger":"fallback","caller":"route/route.go:198","msg":"Route successfully synced"}
{"level":"info","ts":"2026-01-13T16:47:33-08:00","logger":"RouteReconciler.reconcile","msg":"reconcile completed","key":"default/demo","reconciler":"knative.dev.serving.pkg.reconciler.route.Reconciler","requeue":false,"requeueAfter":0}
{"level":"info","ts":"2026-01-13T16:47:33-08:00","logger":"tracecheck","msg":"Taking reconcile step","Depth":80,"# Distinct States":309,"Total States":311,"Resource States":67}
{"level":"info","ts":"2026-01-13T16:47:34-08:00","logger":"ServiceReconciler.seed","msg":"added podscalable to informer","resource":"deployments","namespace":"default","name":"kamera-test-deployment","stage":"podscalable-add","keys":["default/kamera-test-deployment"]}
{"level":"info","ts":"2026-01-13T16:47:34-08:00","logger":"ServiceReconciler.seed","msg":"podscalable visible to lister","resource":"deployments","namespace":"default","name":"kamera-test-deployment","stage":"podscalable-lister","object":{"apiVersion":"autoscaling.internal.knative.dev/v1alpha1","kind":"PodScalable","namespace":"default","name":"kamera-test-deployment"}}
{"level":"info","ts":1768351654.056648,"logger":"fallback","caller":"service/service.go:171","msg":"Service reconciler fetching Route from lister: name=demo, namespace=default"}
{"level":"info","ts":1768351654.056681,"logger":"fallback","caller":"service/service.go:174","msg":"Service reconciler got Route from lister: name=demo, Generation=1, ObservedGeneration=1, ResourceVersion="}
{"level":"info","ts":1768351654.0567172,"logger":"fallback","caller":"service/service.go:126","msg":"Service reconciler checking Route: name=demo, Generation=1, ObservedGeneration=1, Ready=True (reason=, message=), generationMatch=true, routeResourceVersion="}
{"level":"info","ts":1768351654.056727,"logger":"fallback","caller":"service/service.go:136","msg":"Service reconciler calling PropagateRouteStatus() because Generation == ObservedGeneration"}
{"level":"info","ts":"2026-01-13T16:47:34-08:00","logger":"ServiceReconciler.reconcile","msg":"reconcile completed","key":"default/demo","reconciler":"knative.dev.serving.pkg.reconciler.service.Reconciler","requeue":false,"requeueAfter":0}
{"level":"info","ts":"2026-01-13T16:47:34-08:00","logger":"tracecheck","msg":"Taking reconcile step","Depth":65,"# Distinct States":310,"Total States":312,"Resource States":67}
{"level":"info","ts":"2026-01-13T16:47:34-08:00","logger":"RevisionReconciler.seed","msg":"added podscalable to informer","resource":"deployments","namespace":"default","name":"kamera-test-deployment","stage":"podscalable-add","keys":["default/kamera-test-deployment"]}
{"level":"info","ts":"2026-01-13T16:47:34-08:00","logger":"RevisionReconciler.seed","msg":"podscalable visible to lister","resource":"deployments","namespace":"default","name":"kamera-test-deployment","stage":"podscalable-lister","object":{"apiVersion":"autoscaling.internal.knative.dev/v1alpha1","kind":"PodScalable","namespace":"default","name":"kamera-test-deployment"}}
{"level":"error","ts":1768351654.165301,"logger":"fallback","caller":"revision/controller.go:116","msg":"Failed to create resolver transport","error":"open /var/run/secrets/kubernetes.io/serviceaccount/ca.crt: no such file or directory","stacktrace":"knative.dev/serving/pkg/reconciler/revision.newControllerWithOptions\n\t/Users/tgoodwin/tmp/gomodcache/knative.dev/serving@v0.46.5/pkg/reconciler/revision/controller.go:116\nknative.dev/serving/pkg/reconciler/revision.NewController\n\t/Users/tgoodwin/tmp/gomodcache/knative.dev/serving@v0.46.5/pkg/reconciler/revision/controller.go:64\nmain.configureKnativeExplorer.func1.1\n\t/Users/tgoodwin/projects/kamera/examples/knative-serving/scenario.go:91\ngithub.com/tgoodwin/kamera/examples/knative-serving/knative.NewKnativeStrategy.func1\n\t/Users/tgoodwin/projects/kamera/examples/knative-serving/knative/harness.go:555\ngithub.com/tgoodwin/kamera/examples/knative-serving/knative.(*KnativeStrategy).ReconcileAtState\n\t/Users/tgoodwin/projects/kamera/examples/knative-serving/knative/harness.go:895\ngithub.com/tgoodwin/kamera/pkg/tracecheck.(*ReconcilerContainer).doReconcile\n\t/Users/tgoodwin/projects/kamera/pkg/tracecheck/reconciler.go:164\ngithub.com/tgoodwin/kamera/pkg/tracecheck.(*Explorer).reconcileAtState\n\t/Users/tgoodwin/projects/kamera/pkg/tracecheck/explore.go:1313\ngithub.com/tgoodwin/kamera/pkg/tracecheck.(*Explorer).takeReconcileStep\n\t/Users/tgoodwin/projects/kamera/pkg/tracecheck/explore.go:1228\ngithub.com/tgoodwin/kamera/pkg/tracecheck.(*Explorer).explore\n\t/Users/tgoodwin/projects/kamera/pkg/tracecheck/explore.go:790\ngithub.com/tgoodwin/kamera/pkg/tracecheck.(*Explorer).Explore.func1\n\t/Users/tgoodwin/projects/kamera/pkg/tracecheck/explore.go:330"}
{"level":"info","ts":1768351654.166013,"logger":"fallback","caller":"revision/reconcile_resources.go:161","msg":"Reconciling PA: kamera-test"}
{"level":"info","ts":"2026-01-13T16:47:34-08:00","logger":"RevisionReconciler.reconcile","msg":"reconcile completed","key":"default/kamera-test","reconciler":"knative.dev.serving.pkg.reconciler.revision.Reconciler","requeue":false,"requeueAfter":0}
{"level":"info","ts":"2026-01-13T16:47:34-08:00","logger":"tracecheck","msg":"Taking reconcile step","Depth":66,"# Distinct States":311,"Total States":313,"Resource States":67}
{"level":"info","ts":"2026-01-13T16:47:34-08:00","logger":"tracecheck","msg":"Taking reconcile step","Depth":67,"# Distinct States":312,"Total States":314,"Resource States":67}
{"level":"info","ts":"2026-01-13T16:47:34-08:00","logger":"tracecheck","msg":"Taking reconcile step","Depth":68,"# Distinct States":313,"Total States":315,"Resource States":67}
{"level":"info","ts":"2026-01-13T16:47:34-08:00","logger":"RouteReconciler.seed","msg":"added podscalable to informer","resource":"deployments","namespace":"default","name":"kamera-test-deployment","stage":"podscalable-add","keys":["default/kamera-test-deployment"]}
{"level":"info","ts":"2026-01-13T16:47:34-08:00","logger":"RouteReconciler.seed","msg":"podscalable visible to lister","resource":"deployments","namespace":"default","name":"kamera-test-deployment","stage":"podscalable-lister","object":{"apiVersion":"autoscaling.internal.knative.dev/v1alpha1","kind":"PodScalable","namespace":"default","name":"kamera-test-deployment"}}
{"level":"info","ts":1768351654.286016,"logger":"fallback","caller":"route/route.go:465","msg":"Revision default/kamera-test is inactive"}
{"level":"info","ts":1768351654.286071,"logger":"fallback","caller":"route/route.go:487","msg":"All referred targets are routable, marking AllTrafficAssigned with traffic information."}
{"level":"info","ts":1768351654.28613,"logger":"fallback","caller":"route/route.go:140","msg":"Creating placeholder k8s services"}
{"level":"info","ts":1768351654.286286,"logger":"fallback","caller":"route/route.go:176","msg":"Updating placeholder k8s services with ingress information"}
{"level":"info","ts":1768351654.286589,"logger":"fallback","caller":"route/route.go:198","msg":"Route successfully synced"}
{"level":"info","ts":"2026-01-13T16:47:34-08:00","logger":"RouteReconciler.reconcile","msg":"reconcile completed","key":"default/demo","reconciler":"knative.dev.serving.pkg.reconciler.route.Reconciler","requeue":false,"requeueAfter":0}
{"level":"info","ts":"2026-01-13T16:47:34-08:00","logger":"tracecheck","msg":"Taking reconcile step","Depth":69,"# Distinct States":314,"Total States":316,"Resource States":67}
{"level":"info","ts":"2026-01-13T16:47:34-08:00","logger":"tracecheck","msg":"Taking reconcile step","Depth":70,"# Distinct States":315,"Total States":317,"Resource States":67}
{"level":"info","ts":"2026-01-13T16:47:34-08:00","logger":"ServiceReconciler.seed","msg":"added podscalable to informer","resource":"deployments","namespace":"default","name":"kamera-test-deployment","stage":"podscalable-add","keys":["default/kamera-test-deployment"]}
{"level":"info","ts":"2026-01-13T16:47:34-08:00","logger":"ServiceReconciler.seed","msg":"podscalable visible to lister","resource":"deployments","namespace":"default","name":"kamera-test-deployment","stage":"podscalable-lister","object":{"apiVersion":"autoscaling.internal.knative.dev/v1alpha1","kind":"PodScalable","namespace":"default","name":"kamera-test-deployment"}}
{"level":"info","ts":1768351654.400244,"logger":"fallback","caller":"service/service.go:171","msg":"Service reconciler fetching Route from lister: name=demo, namespace=default"}
{"level":"info","ts":1768351654.400304,"logger":"fallback","caller":"service/service.go:174","msg":"Service reconciler got Route from lister: name=demo, Generation=1, ObservedGeneration=1, ResourceVersion="}
{"level":"info","ts":1768351654.400365,"logger":"fallback","caller":"service/service.go:126","msg":"Service reconciler checking Route: name=demo, Generation=1, ObservedGeneration=1, Ready=True (reason=, message=), generationMatch=true, routeResourceVersion="}
{"level":"info","ts":1768351654.400384,"logger":"fallback","caller":"service/service.go:136","msg":"Service reconciler calling PropagateRouteStatus() because Generation == ObservedGeneration"}
{"level":"info","ts":"2026-01-13T16:47:34-08:00","logger":"ServiceReconciler.reconcile","msg":"reconcile completed","key":"default/demo","reconciler":"knative.dev.serving.pkg.reconciler.service.Reconciler","requeue":false,"requeueAfter":0}
{"level":"info","ts":"2026-01-13T16:47:34-08:00","logger":"tracecheck","msg":"Taking reconcile step","Depth":71,"# Distinct States":316,"Total States":318,"Resource States":67}
{"level":"error","ts":"2026-01-13T16:47:34-08:00","logger":"tracegen","msg":"setting root context","Kind":"/v1, Kind=Pod","Name":"kamera-test-deployment-1488584584-0","NewRootID":"","labels":{"app":"kamera-test","discrete.events/sleeve-object-id":"37jmqvjn","pod-template-hash":"1488584584","serving.knative.dev/configuration":"demo","serving.knative.dev/configurationGeneration":"1","serving.knative.dev/revision":"kamera-test","serving.knative.dev/revisionUID":"","serving.knative.dev/service":"demo"},"error":"no root ID set on object - is this namespace handled by the sleeve webhook?","stacktrace":"github.com/tgoodwin/kamera/pkg/tracegen.(*ContextTracker).setRootContextFromObservation\n\t/Users/tgoodwin/projects/kamera/pkg/tracegen/context.go:153\ngithub.com/tgoodwin/kamera/pkg/tracegen.(*ContextTracker).TrackOperation\n\t/Users/tgoodwin/projects/kamera/pkg/tracegen/context.go:197\ngithub.com/tgoodwin/kamera/pkg/tracegen.(*Client).Get\n\t/Users/tgoodwin/projects/kamera/pkg/tracegen/client.go:177\ngithub.com/tgoodwin/kamera/sleevectrl/pkg/controller.(*FinalizerReconciler).Reconcile\n\t/Users/tgoodwin/projects/kamera/sleevectrl/pkg/controller/sleeve_finalizer_controller.go:41\ngithub.com/tgoodwin/kamera/pkg/tracecheck.(*ControllerRuntimeStrategy).ReconcileAtState\n\t/Users/tgoodwin/projects/kamera/pkg/tracecheck/reconciler.go:82\ngithub.com/tgoodwin/kamera/pkg/tracecheck.(*ReconcilerContainer).doReconcile\n\t/Users/tgoodwin/projects/kamera/pkg/tracecheck/reconciler.go:164\ngithub.com/tgoodwin/kamera/pkg/tracecheck.(*Explorer).reconcileAtState\n\t/Users/tgoodwin/projects/kamera/pkg/tracecheck/explore.go:1313\ngithub.com/tgoodwin/kamera/pkg/tracecheck.(*Explorer).takeReconcileStep\n\t/Users/tgoodwin/projects/kamera/pkg/tracecheck/explore.go:1228\ngithub.com/tgoodwin/kamera/pkg/tracecheck.(*Explorer).explore\n\t/Users/tgoodwin/projects/kamera/pkg/tracecheck/explore.go:790\ngithub.com/tgoodwin/kamera/pkg/tracecheck.(*Explorer).Explore.func1\n\t/Users/tgoodwin/projects/kamera/pkg/tracecheck/explore.go:330"}
{"level":"error","ts":"2026-01-13T16:47:34-08:00","logger":"tracegen","msg":"rootID is empty","Kind":"/v1, Kind=Pod","Name":"kamera-test-deployment-1488584584-0","NewRootID":"","stacktrace":"github.com/tgoodwin/kamera/pkg/tracegen.(*ContextTracker).setRootContextFromObservation\n\t/Users/tgoodwin/projects/kamera/pkg/tracegen/context.go:157\ngithub.com/tgoodwin/kamera/pkg/tracegen.(*ContextTracker).TrackOperation\n\t/Users/tgoodwin/projects/kamera/pkg/tracegen/context.go:197\ngithub.com/tgoodwin/kamera/pkg/tracegen.(*Client).Get\n\t/Users/tgoodwin/projects/kamera/pkg/tracegen/client.go:177\ngithub.com/tgoodwin/kamera/sleevectrl/pkg/controller.(*FinalizerReconciler).Reconcile\n\t/Users/tgoodwin/projects/kamera/sleevectrl/pkg/controller/sleeve_finalizer_controller.go:41\ngithub.com/tgoodwin/kamera/pkg/tracecheck.(*ControllerRuntimeStrategy).ReconcileAtState\n\t/Users/tgoodwin/projects/kamera/pkg/tracecheck/reconciler.go:82\ngithub.com/tgoodwin/kamera/pkg/tracecheck.(*ReconcilerContainer).doReconcile\n\t/Users/tgoodwin/projects/kamera/pkg/tracecheck/reconciler.go:164\ngithub.com/tgoodwin/kamera/pkg/tracecheck.(*Explorer).reconcileAtState\n\t/Users/tgoodwin/projects/kamera/pkg/tracecheck/explore.go:1313\ngithub.com/tgoodwin/kamera/pkg/tracecheck.(*Explorer).takeReconcileStep\n\t/Users/tgoodwin/projects/kamera/pkg/tracecheck/explore.go:1228\ngithub.com/tgoodwin/kamera/pkg/tracecheck.(*Explorer).explore\n\t/Users/tgoodwin/projects/kamera/pkg/tracecheck/explore.go:790\ngithub.com/tgoodwin/kamera/pkg/tracecheck.(*Explorer).Explore.func1\n\t/Users/tgoodwin/projects/kamera/pkg/tracecheck/explore.go:330"}
{"level":"error","ts":"2026-01-13T16:47:34-08:00","logger":"tracegen","msg":"creating event","error":"failed to get change ID: Event does not have a change ID","stacktrace":"github.com/tgoodwin/kamera/pkg/tracegen.(*Client).LogOperation\n\t/Users/tgoodwin/projects/kamera/pkg/tracegen/client.go:106\ngithub.com/tgoodwin/kamera/pkg/tracegen.(*Client).Get\n\t/Users/tgoodwin/projects/kamera/pkg/tracegen/client.go:178\ngithub.com/tgoodwin/kamera/sleevectrl/pkg/controller.(*FinalizerReconciler).Reconcile\n\t/Users/tgoodwin/projects/kamera/sleevectrl/pkg/controller/sleeve_finalizer_controller.go:41\ngithub.com/tgoodwin/kamera/pkg/tracecheck.(*ControllerRuntimeStrategy).ReconcileAtState\n\t/Users/tgoodwin/projects/kamera/pkg/tracecheck/reconciler.go:82\ngithub.com/tgoodwin/kamera/pkg/tracecheck.(*ReconcilerContainer).doReconcile\n\t/Users/tgoodwin/projects/kamera/pkg/tracecheck/reconciler.go:164\ngithub.com/tgoodwin/kamera/pkg/tracecheck.(*Explorer).reconcileAtState\n\t/Users/tgoodwin/projects/kamera/pkg/tracecheck/explore.go:1313\ngithub.com/tgoodwin/kamera/pkg/tracecheck.(*Explorer).takeReconcileStep\n\t/Users/tgoodwin/projects/kamera/pkg/tracecheck/explore.go:1228\ngithub.com/tgoodwin/kamera/pkg/tracecheck.(*Explorer).explore\n\t/Users/tgoodwin/projects/kamera/pkg/tracecheck/explore.go:790\ngithub.com/tgoodwin/kamera/pkg/tracecheck.(*Explorer).Explore.func1\n\t/Users/tgoodwin/projects/kamera/pkg/tracecheck/explore.go:330"}
{"level":"error","ts":"2026-01-13T16:47:34-08:00","logger":"tracegen","msg":"creating event","error":"failed to get change ID: Event does not have a change ID","stacktrace":"github.com/tgoodwin/kamera/pkg/tracegen.(*Client).LogOperation\n\t/Users/tgoodwin/projects/kamera/pkg/tracegen/client.go:106\ngithub.com/tgoodwin/kamera/sleevectrl/pkg/controller.(*FinalizerReconciler).Reconcile\n\t/Users/tgoodwin/projects/kamera/sleevectrl/pkg/controller/sleeve_finalizer_controller.go:69\ngithub.com/tgoodwin/kamera/pkg/tracecheck.(*ControllerRuntimeStrategy).ReconcileAtState\n\t/Users/tgoodwin/projects/kamera/pkg/tracecheck/reconciler.go:82\ngithub.com/tgoodwin/kamera/pkg/tracecheck.(*ReconcilerContainer).doReconcile\n\t/Users/tgoodwin/projects/kamera/pkg/tracecheck/reconciler.go:164\ngithub.com/tgoodwin/kamera/pkg/tracecheck.(*Explorer).reconcileAtState\n\t/Users/tgoodwin/projects/kamera/pkg/tracecheck/explore.go:1313\ngithub.com/tgoodwin/kamera/pkg/tracecheck.(*Explorer).takeReconcileStep\n\t/Users/tgoodwin/projects/kamera/pkg/tracecheck/explore.go:1228\ngithub.com/tgoodwin/kamera/pkg/tracecheck.(*Explorer).explore\n\t/Users/tgoodwin/projects/kamera/pkg/tracecheck/explore.go:790\ngithub.com/tgoodwin/kamera/pkg/tracecheck.(*Explorer).Explore.func1\n\t/Users/tgoodwin/projects/kamera/pkg/tracecheck/explore.go:330"}
{"level":"info","ts":"2026-01-13T16:47:34-08:00","logger":"tracecheck","msg":"Taking reconcile step","Depth":72,"# Distinct States":317,"Total States":319,"Resource States":67}
{"level":"info","ts":"2026-01-13T16:47:34-08:00","logger":"tracecheck","msg":"Taking reconcile step","Depth":73,"# Distinct States":318,"Total States":320,"Resource States":67}
{"level":"info","ts":"2026-01-13T16:47:34-08:00","logger":"tracecheck","msg":"Updated ReplicaSet status","Depth":73,"# Distinct States":318,"Total States":320,"Resource States":67,"name":"kamera-test-deployment-1488584584"}
{"level":"info","ts":"2026-01-13T16:47:34-08:00","logger":"tracecheck","msg":"Taking reconcile step","Depth":74,"# Distinct States":319,"Total States":321,"Resource States":67}
{"level":"info","ts":"2026-01-13T16:47:34-08:00","logger":"KPAReconciler.seed","msg":"added podscalable to informer","resource":"deployments","namespace":"default","name":"kamera-test-deployment","stage":"podscalable-add","keys":["default/kamera-test-deployment"]}
{"level":"info","ts":"2026-01-13T16:47:34-08:00","logger":"KPAReconciler.seed","msg":"podscalable visible to lister","resource":"deployments","namespace":"default","name":"kamera-test-deployment","stage":"podscalable-lister","object":{"apiVersion":"autoscaling.internal.knative.dev/v1alpha1","kind":"PodScalable","namespace":"default","name":"kamera-test-deployment"}}
{"level":"info","ts":1768351654.519864,"logger":"fallback","caller":"kpa/controller.go:77","msg":"Setting up ConfigMap receivers"}
{"level":"info","ts":1768351654.520076,"logger":"fallback","caller":"kpa/controller.go:91","msg":"Setting up KPA-Class event handlers"}
{"level":"info","ts":1768351654.52033,"logger":"fallback","caller":"kpa/kpa.go:158","msg":"SKS should be in Proxy mode: want = 0, ebc = 0, #act's = 2 PA Inactive? = true"}
{"level":"info","ts":1768351654.520376,"logger":"fallback","caller":"kpa/kpa.go:178","msg":"PA scale got=0, want=0, desiredPods=0 ebc=0"}
{"level":"info","ts":1768351654.520391,"logger":"fallback","caller":"kpa/kpa.go:188","msg":"Observed pod counts=kpa.podCounts{want:0, ready:0, notReady:0, pending:0, terminating:0}"}
{"level":"info","ts":"2026-01-13T16:47:34-08:00","logger":"KPAReconciler.reconcile","msg":"reconcile completed","key":"default/kamera-test","reconciler":"knative.dev.serving.pkg.reconciler.autoscaling.kpa.Reconciler","requeue":false,"requeueAfter":0}
{"level":"info","ts":"2026-01-13T16:47:34-08:00","logger":"tracecheck","msg":"Taking reconcile step","Depth":75,"# Distinct States":320,"Total States":322,"Resource States":67}
{"level":"info","ts":"2026-01-13T16:47:34-08:00","logger":"tracecheck","msg":"Taking reconcile step","Depth":55,"# Distinct States":322,"Total States":324,"Resource States":67}
{"level":"info","ts":"2026-01-13T16:47:34-08:00","logger":"RevisionReconciler.seed","msg":"added podscalable to informer","resource":"deployments","namespace":"default","name":"kamera-test-deployment","stage":"podscalable-add","keys":["default/kamera-test-deployment"]}
{"level":"info","ts":"2026-01-13T16:47:34-08:00","logger":"RevisionReconciler.seed","msg":"podscalable visible to lister","resource":"deployments","namespace":"default","name":"kamera-test-deployment","stage":"podscalable-lister","object":{"apiVersion":"autoscaling.internal.knative.dev/v1alpha1","kind":"PodScalable","namespace":"default","name":"kamera-test-deployment"}}
{"level":"error","ts":1768351654.632184,"logger":"fallback","caller":"revision/controller.go:116","msg":"Failed to create resolver transport","error":"open /var/run/secrets/kubernetes.io/serviceaccount/ca.crt: no such file or directory","stacktrace":"knative.dev/serving/pkg/reconciler/revision.newControllerWithOptions\n\t/Users/tgoodwin/tmp/gomodcache/knative.dev/serving@v0.46.5/pkg/reconciler/revision/controller.go:116\nknative.dev/serving/pkg/reconciler/revision.NewController\n\t/Users/tgoodwin/tmp/gomodcache/knative.dev/serving@v0.46.5/pkg/reconciler/revision/controller.go:64\nmain.configureKnativeExplorer.func1.1\n\t/Users/tgoodwin/projects/kamera/examples/knative-serving/scenario.go:91\ngithub.com/tgoodwin/kamera/examples/knative-serving/knative.NewKnativeStrategy.func1\n\t/Users/tgoodwin/projects/kamera/examples/knative-serving/knative/harness.go:555\ngithub.com/tgoodwin/kamera/examples/knative-serving/knative.(*KnativeStrategy).ReconcileAtState\n\t/Users/tgoodwin/projects/kamera/examples/knative-serving/knative/harness.go:895\ngithub.com/tgoodwin/kamera/pkg/tracecheck.(*ReconcilerContainer).doReconcile\n\t/Users/tgoodwin/projects/kamera/pkg/tracecheck/reconciler.go:164\ngithub.com/tgoodwin/kamera/pkg/tracecheck.(*Explorer).reconcileAtState\n\t/Users/tgoodwin/projects/kamera/pkg/tracecheck/explore.go:1313\ngithub.com/tgoodwin/kamera/pkg/tracecheck.(*Explorer).takeReconcileStep\n\t/Users/tgoodwin/projects/kamera/pkg/tracecheck/explore.go:1228\ngithub.com/tgoodwin/kamera/pkg/tracecheck.(*Explorer).explore\n\t/Users/tgoodwin/projects/kamera/pkg/tracecheck/explore.go:790\ngithub.com/tgoodwin/kamera/pkg/tracecheck.(*Explorer).Explore.func1\n\t/Users/tgoodwin/projects/kamera/pkg/tracecheck/explore.go:330"}
{"level":"info","ts":1768351654.633209,"logger":"fallback","caller":"revision/reconcile_resources.go:161","msg":"Reconciling PA: kamera-test"}
{"level":"info","ts":"2026-01-13T16:47:34-08:00","logger":"RevisionReconciler.reconcile","msg":"reconcile completed","key":"default/kamera-test","reconciler":"knative.dev.serving.pkg.reconciler.revision.Reconciler","requeue":false,"requeueAfter":0}
{"level":"info","ts":"2026-01-13T16:47:34-08:00","logger":"tracecheck","msg":"Taking reconcile step","Depth":56,"# Distinct States":323,"Total States":325,"Resource States":67}
{"level":"info","ts":"2026-01-13T16:47:34-08:00","logger":"KPAReconciler.seed","msg":"added podscalable to informer","resource":"deployments","namespace":"default","name":"kamera-test-deployment","stage":"podscalable-add","keys":["default/kamera-test-deployment"]}
{"level":"info","ts":"2026-01-13T16:47:34-08:00","logger":"KPAReconciler.seed","msg":"podscalable visible to lister","resource":"deployments","namespace":"default","name":"kamera-test-deployment","stage":"podscalable-lister","object":{"apiVersion":"autoscaling.internal.knative.dev/v1alpha1","kind":"PodScalable","namespace":"default","name":"kamera-test-deployment"}}
{"level":"info","ts":1768351654.744138,"logger":"fallback","caller":"kpa/controller.go:77","msg":"Setting up ConfigMap receivers"}
{"level":"info","ts":1768351654.74435,"logger":"fallback","caller":"kpa/controller.go:91","msg":"Setting up KPA-Class event handlers"}
{"level":"info","ts":1768351654.744582,"logger":"fallback","caller":"kpa/kpa.go:158","msg":"SKS should be in Proxy mode: want = 0, ebc = 0, #act's = 2 PA Inactive? = true"}
{"level":"info","ts":1768351654.744631,"logger":"fallback","caller":"kpa/kpa.go:178","msg":"PA scale got=1, want=0, desiredPods=0 ebc=0"}
{"level":"info","ts":1768351654.74465,"logger":"fallback","caller":"kpa/kpa.go:188","msg":"Observed pod counts=kpa.podCounts{want:0, ready:1, notReady:0, pending:0, terminating:0}"}
{"level":"info","ts":"2026-01-13T16:47:34-08:00","logger":"KPAReconciler.reconcile","msg":"reconcile completed","key":"default/kamera-test","reconciler":"knative.dev.serving.pkg.reconciler.autoscaling.kpa.Reconciler","requeue":false,"requeueAfter":0}
{"level":"info","ts":"2026-01-13T16:47:34-08:00","logger":"tracecheck","msg":"Taking reconcile step","Depth":57,"# Distinct States":324,"Total States":326,"Resource States":67}
{"level":"info","ts":"2026-01-13T16:47:34-08:00","logger":"ConfigurationReconciler.seed","msg":"added podscalable to informer","resource":"deployments","namespace":"default","name":"kamera-test-deployment","stage":"podscalable-add","keys":["default/kamera-test-deployment"]}
{"level":"info","ts":"2026-01-13T16:47:34-08:00","logger":"ConfigurationReconciler.seed","msg":"podscalable visible to lister","resource":"deployments","namespace":"default","name":"kamera-test-deployment","stage":"podscalable-lister","object":{"apiVersion":"autoscaling.internal.knative.dev/v1alpha1","kind":"PodScalable","namespace":"default","name":"kamera-test-deployment"}}
{"level":"info","ts":1768351654.8548858,"logger":"fallback","caller":"configuration/configuration.go:106","msg":"Revision \"kamera-test\" of configuration is ready"}
{"level":"info","ts":"2026-01-13T16:47:34-08:00","logger":"ConfigurationReconciler.reconcile","msg":"reconcile completed","key":"default/demo","reconciler":"knative.dev.serving.pkg.reconciler.configuration.Reconciler","requeue":false,"requeueAfter":0}
{"level":"info","ts":"2026-01-13T16:47:34-08:00","logger":"tracecheck","msg":"Taking reconcile step","Depth":58,"# Distinct States":325,"Total States":327,"Resource States":67}
{"level":"info","ts":"2026-01-13T16:47:34-08:00","logger":"RouteReconciler.seed","msg":"added podscalable to informer","resource":"deployments","namespace":"default","name":"kamera-test-deployment","stage":"podscalable-add","keys":["default/kamera-test-deployment"]}
{"level":"info","ts":"2026-01-13T16:47:34-08:00","logger":"RouteReconciler.seed","msg":"podscalable visible to lister","resource":"deployments","namespace":"default","name":"kamera-test-deployment","stage":"podscalable-lister","object":{"apiVersion":"autoscaling.internal.knative.dev/v1alpha1","kind":"PodScalable","namespace":"default","name":"kamera-test-deployment"}}
{"level":"info","ts":1768351654.9661472,"logger":"fallback","caller":"route/route.go:465","msg":"Revision default/kamera-test is inactive"}
{"level":"info","ts":1768351654.9662132,"logger":"fallback","caller":"route/route.go:487","msg":"All referred targets are routable, marking AllTrafficAssigned with traffic information."}
{"level":"info","ts":1768351654.9662452,"logger":"fallback","caller":"route/route.go:140","msg":"Creating placeholder k8s services"}
{"level":"info","ts":1768351654.966507,"logger":"fallback","caller":"route/reconcile_resources.go:179","msg":"Created service demo"}
{"level":"info","ts":1768351654.9669828,"logger":"fallback","caller":"route/route.go:176","msg":"Updating placeholder k8s services with ingress information"}
{"level":"warn","ts":1768351654.96704,"logger":"fallback","caller":"route/reconcile_resources.go:228","msg":"Failed to update k8s service","error":"failed to fetch loadbalancer domain/IP from ingress status"}
{"level":"info","ts":1768351654.9670641,"logger":"fallback","caller":"route/route.go:198","msg":"Route successfully synced"}
{"level":"info","ts":"2026-01-13T16:47:34-08:00","logger":"RouteReconciler.reconcile","msg":"reconcile completed","key":"default/demo","reconciler":"knative.dev.serving.pkg.reconciler.route.Reconciler","requeue":false,"requeueAfter":0}
{"level":"info","ts":"2026-01-13T16:47:34-08:00","logger":"tracecheck","msg":"Taking reconcile step","Depth":59,"# Distinct States":326,"Total States":328,"Resource States":67}
{"level":"info","ts":"2026-01-13T16:47:35-08:00","logger":"ServiceReconciler.seed","msg":"added podscalable to informer","resource":"deployments","namespace":"default","name":"kamera-test-deployment","stage":"podscalable-add","keys":["default/kamera-test-deployment"]}
{"level":"info","ts":"2026-01-13T16:47:35-08:00","logger":"ServiceReconciler.seed","msg":"podscalable visible to lister","resource":"deployments","namespace":"default","name":"kamera-test-deployment","stage":"podscalable-lister","object":{"apiVersion":"autoscaling.internal.knative.dev/v1alpha1","kind":"PodScalable","namespace":"default","name":"kamera-test-deployment"}}
{"level":"info","ts":1768351655.0788229,"logger":"fallback","caller":"service/service.go:171","msg":"Service reconciler fetching Route from lister: name=demo, namespace=default"}
{"level":"info","ts":1768351655.0788639,"logger":"fallback","caller":"service/service.go:174","msg":"Service reconciler got Route from lister: name=demo, Generation=1, ObservedGeneration=1, ResourceVersion="}
{"level":"info","ts":1768351655.078924,"logger":"fallback","caller":"service/service.go:126","msg":"Service reconciler checking Route: name=demo, Generation=1, ObservedGeneration=1, Ready=Unknown (reason=IngressNotConfigured, message=Ingress has not yet been reconciled.), generationMatch=true, routeResourceVersion="}
{"level":"info","ts":1768351655.078939,"logger":"fallback","caller":"service/service.go:136","msg":"Service reconciler calling PropagateRouteStatus() because Generation == ObservedGeneration"}
{"level":"info","ts":"2026-01-13T16:47:35-08:00","logger":"ServiceReconciler.reconcile","msg":"reconcile completed","key":"default/demo","reconciler":"knative.dev.serving.pkg.reconciler.service.Reconciler","requeue":false,"requeueAfter":0}
{"level":"info","ts":"2026-01-13T16:47:35-08:00","logger":"tracecheck","msg":"Taking reconcile step","Depth":60,"# Distinct States":327,"Total States":329,"Resource States":67}
{"level":"info","ts":"2026-01-13T16:47:35-08:00","logger":"tracecheck","msg":"Taking reconcile step","Depth":61,"# Distinct States":328,"Total States":330,"Resource States":67}
{"level":"info","ts":"2026-01-13T16:47:35-08:00","logger":"tracecheck","msg":"Deleting pods","Depth":61,"# Distinct States":328,"Total States":330,"Resource States":67,"count":1}
{"level":"info","ts":"2026-01-13T16:47:35-08:00","logger":"tracecheck","msg":"Taking reconcile step","Depth":51,"# Distinct States":330,"Total States":332,"Resource States":67}
{"level":"info","ts":"2026-01-13T16:47:35-08:00","logger":"RevisionReconciler.seed","msg":"added podscalable to informer","resource":"deployments","namespace":"default","name":"kamera-test-deployment","stage":"podscalable-add","keys":["default/kamera-test-deployment"]}
{"level":"info","ts":"2026-01-13T16:47:35-08:00","logger":"RevisionReconciler.seed","msg":"podscalable visible to lister","resource":"deployments","namespace":"default","name":"kamera-test-deployment","stage":"podscalable-lister","object":{"apiVersion":"autoscaling.internal.knative.dev/v1alpha1","kind":"PodScalable","namespace":"default","name":"kamera-test-deployment"}}
{"level":"error","ts":1768351655.2039292,"logger":"fallback","caller":"revision/controller.go:116","msg":"Failed to create resolver transport","error":"open /var/run/secrets/kubernetes.io/serviceaccount/ca.crt: no such file or directory","stacktrace":"knative.dev/serving/pkg/reconciler/revision.newControllerWithOptions\n\t/Users/tgoodwin/tmp/gomodcache/knative.dev/serving@v0.46.5/pkg/reconciler/revision/controller.go:116\nknative.dev/serving/pkg/reconciler/revision.NewController\n\t/Users/tgoodwin/tmp/gomodcache/knative.dev/serving@v0.46.5/pkg/reconciler/revision/controller.go:64\nmain.configureKnativeExplorer.func1.1\n\t/Users/tgoodwin/projects/kamera/examples/knative-serving/scenario.go:91\ngithub.com/tgoodwin/kamera/examples/knative-serving/knative.NewKnativeStrategy.func1\n\t/Users/tgoodwin/projects/kamera/examples/knative-serving/knative/harness.go:555\ngithub.com/tgoodwin/kamera/examples/knative-serving/knative.(*KnativeStrategy).ReconcileAtState\n\t/Users/tgoodwin/projects/kamera/examples/knative-serving/knative/harness.go:895\ngithub.com/tgoodwin/kamera/pkg/tracecheck.(*ReconcilerContainer).doReconcile\n\t/Users/tgoodwin/projects/kamera/pkg/tracecheck/reconciler.go:164\ngithub.com/tgoodwin/kamera/pkg/tracecheck.(*Explorer).reconcileAtState\n\t/Users/tgoodwin/projects/kamera/pkg/tracecheck/explore.go:1313\ngithub.com/tgoodwin/kamera/pkg/tracecheck.(*Explorer).takeReconcileStep\n\t/Users/tgoodwin/projects/kamera/pkg/tracecheck/explore.go:1228\ngithub.com/tgoodwin/kamera/pkg/tracecheck.(*Explorer).explore\n\t/Users/tgoodwin/projects/kamera/pkg/tracecheck/explore.go:790\ngithub.com/tgoodwin/kamera/pkg/tracecheck.(*Explorer).Explore.func1\n\t/Users/tgoodwin/projects/kamera/pkg/tracecheck/explore.go:330"}
{"level":"info","ts":1768351655.204584,"logger":"fallback","caller":"revision/reconcile_resources.go:161","msg":"Reconciling PA: kamera-test"}
{"level":"info","ts":"2026-01-13T16:47:35-08:00","logger":"RevisionReconciler.reconcile","msg":"reconcile completed","key":"default/kamera-test","reconciler":"knative.dev.serving.pkg.reconciler.revision.Reconciler","requeue":false,"requeueAfter":0}
{"level":"info","ts":"2026-01-13T16:47:35-08:00","logger":"tracecheck","msg":"Taking reconcile step","Depth":52,"# Distinct States":331,"Total States":333,"Resource States":67}
{"level":"info","ts":"2026-01-13T16:47:35-08:00","logger":"tracecheck","msg":"Taking reconcile step","Depth":49,"# Distinct States":333,"Total States":335,"Resource States":67}
{"level":"info","ts":"2026-01-13T16:47:35-08:00","logger":"RevisionReconciler.seed","msg":"added podscalable to informer","resource":"deployments","namespace":"default","name":"kamera-test-deployment","stage":"podscalable-add","keys":["default/kamera-test-deployment"]}
{"level":"info","ts":"2026-01-13T16:47:35-08:00","logger":"RevisionReconciler.seed","msg":"podscalable visible to lister","resource":"deployments","namespace":"default","name":"kamera-test-deployment","stage":"podscalable-lister","object":{"apiVersion":"autoscaling.internal.knative.dev/v1alpha1","kind":"PodScalable","namespace":"default","name":"kamera-test-deployment"}}
{"level":"error","ts":1768351655.31884,"logger":"fallback","caller":"revision/controller.go:116","msg":"Failed to create resolver transport","error":"open /var/run/secrets/kubernetes.io/serviceaccount/ca.crt: no such file or directory","stacktrace":"knative.dev/serving/pkg/reconciler/revision.newControllerWithOptions\n\t/Users/tgoodwin/tmp/gomodcache/knative.dev/serving@v0.46.5/pkg/reconciler/revision/controller.go:116\nknative.dev/serving/pkg/reconciler/revision.NewController\n\t/Users/tgoodwin/tmp/gomodcache/knative.dev/serving@v0.46.5/pkg/reconciler/revision/controller.go:64\nmain.configureKnativeExplorer.func1.1\n\t/Users/tgoodwin/projects/kamera/examples/knative-serving/scenario.go:91\ngithub.com/tgoodwin/kamera/examples/knative-serving/knative.NewKnativeStrategy.func1\n\t/Users/tgoodwin/projects/kamera/examples/knative-serving/knative/harness.go:555\ngithub.com/tgoodwin/kamera/examples/knative-serving/knative.(*KnativeStrategy).ReconcileAtState\n\t/Users/tgoodwin/projects/kamera/examples/knative-serving/knative/harness.go:895\ngithub.com/tgoodwin/kamera/pkg/tracecheck.(*ReconcilerContainer).doReconcile\n\t/Users/tgoodwin/projects/kamera/pkg/tracecheck/reconciler.go:164\ngithub.com/tgoodwin/kamera/pkg/tracecheck.(*Explorer).reconcileAtState\n\t/Users/tgoodwin/projects/kamera/pkg/tracecheck/explore.go:1313\ngithub.com/tgoodwin/kamera/pkg/tracecheck.(*Explorer).takeReconcileStep\n\t/Users/tgoodwin/projects/kamera/pkg/tracecheck/explore.go:1228\ngithub.com/tgoodwin/kamera/pkg/tracecheck.(*Explorer).explore\n\t/Users/tgoodwin/projects/kamera/pkg/tracecheck/explore.go:790\ngithub.com/tgoodwin/kamera/pkg/tracecheck.(*Explorer).Explore.func1\n\t/Users/tgoodwin/projects/kamera/pkg/tracecheck/explore.go:330"}
{"level":"info","ts":1768351655.3200152,"logger":"fallback","caller":"revision/reconcile_resources.go:161","msg":"Reconciling PA: kamera-test"}
{"level":"info","ts":"2026-01-13T16:47:35-08:00","logger":"RevisionReconciler.reconcile","msg":"reconcile completed","key":"default/kamera-test","reconciler":"knative.dev.serving.pkg.reconciler.revision.Reconciler","requeue":false,"requeueAfter":0}
{"level":"info","ts":"2026-01-13T16:47:35-08:00","logger":"tracecheck","msg":"Taking reconcile step","Depth":50,"# Distinct States":334,"Total States":336,"Resource States":67}
{"level":"info","ts":"2026-01-13T16:47:35-08:00","logger":"tracecheck","msg":"Taking reconcile step","Depth":51,"# Distinct States":335,"Total States":337,"Resource States":67}
{"level":"info","ts":"2026-01-13T16:47:35-08:00","logger":"KPAReconciler.seed","msg":"added podscalable to informer","resource":"deployments","namespace":"default","name":"kamera-test-deployment","stage":"podscalable-add","keys":["default/kamera-test-deployment"]}
{"level":"info","ts":"2026-01-13T16:47:35-08:00","logger":"KPAReconciler.seed","msg":"podscalable visible to lister","resource":"deployments","namespace":"default","name":"kamera-test-deployment","stage":"podscalable-lister","object":{"apiVersion":"autoscaling.internal.knative.dev/v1alpha1","kind":"PodScalable","namespace":"default","name":"kamera-test-deployment"}}
{"level":"info","ts":1768351655.438853,"logger":"fallback","caller":"kpa/controller.go:77","msg":"Setting up ConfigMap receivers"}
{"level":"info","ts":1768351655.4390981,"logger":"fallback","caller":"kpa/controller.go:91","msg":"Setting up KPA-Class event handlers"}
{"level":"info","ts":1768351655.439399,"logger":"fallback","caller":"kpa/scaler.go:379","msg":"Scaling from 1 to 0"}
{"level":"info","ts":1768351655.443071,"logger":"fallback","caller":"kpa/kpa.go:158","msg":"SKS should be in Proxy mode: want = 0, ebc = 0, #act's = 2 PA Inactive? = true"}
{"level":"info","ts":1768351655.443137,"logger":"fallback","caller":"kpa/kpa.go:178","msg":"PA scale got=1, want=0, desiredPods=0 ebc=0"}
{"level":"info","ts":1768351655.443158,"logger":"fallback","caller":"kpa/kpa.go:188","msg":"Observed pod counts=kpa.podCounts{want:0, ready:1, notReady:0, pending:0, terminating:0}"}
{"level":"info","ts":"2026-01-13T16:47:35-08:00","logger":"KPAReconciler.reconcile","msg":"reconcile completed","key":"default/kamera-test","reconciler":"knative.dev.serving.pkg.reconciler.autoscaling.kpa.Reconciler","requeue":false,"requeueAfter":0}
{"level":"info","ts":"2026-01-13T16:47:35-08:00","logger":"tracecheck","msg":"Taking reconcile step","Depth":52,"# Distinct States":336,"Total States":338,"Resource States":67}
{"level":"info","ts":"2026-01-13T16:47:35-08:00","logger":"tracecheck","msg":"Taking reconcile step","Depth":53,"# Distinct States":337,"Total States":339,"Resource States":67}
{"level":"info","ts":"2026-01-13T16:47:35-08:00","logger":"ConfigurationReconciler.seed","msg":"added podscalable to informer","resource":"deployments","namespace":"default","name":"kamera-test-deployment","stage":"podscalable-add","keys":["default/kamera-test-deployment"]}
{"level":"info","ts":"2026-01-13T16:47:35-08:00","logger":"ConfigurationReconciler.seed","msg":"podscalable visible to lister","resource":"deployments","namespace":"default","name":"kamera-test-deployment","stage":"podscalable-lister","object":{"apiVersion":"autoscaling.internal.knative.dev/v1alpha1","kind":"PodScalable","namespace":"default","name":"kamera-test-deployment"}}
{"level":"info","ts":1768351655.55939,"logger":"fallback","caller":"configuration/configuration.go:106","msg":"Revision \"kamera-test\" of configuration is ready"}
{"level":"info","ts":"2026-01-13T16:47:35-08:00","logger":"ConfigurationReconciler.reconcile","msg":"reconcile completed","key":"default/demo","reconciler":"knative.dev.serving.pkg.reconciler.configuration.Reconciler","requeue":false,"requeueAfter":0}
{"level":"info","ts":"2026-01-13T16:47:35-08:00","logger":"tracecheck","msg":"Taking reconcile step","Depth":54,"# Distinct States":338,"Total States":340,"Resource States":67}
{"level":"info","ts":"2026-01-13T16:47:35-08:00","logger":"tracecheck","msg":"Updated Deployment status","Depth":54,"# Distinct States":338,"Total States":340,"Resource States":67,"name":"kamera-test-deployment"}
{"level":"info","ts":"2026-01-13T16:47:35-08:00","logger":"tracecheck","msg":"Taking reconcile step","Depth":32,"# Distinct States":339,"Total States":342,"Resource States":67}
{"level":"info","ts":"2026-01-13T16:47:35-08:00","logger":"RevisionReconciler.seed","msg":"added podscalable to informer","resource":"deployments","namespace":"default","name":"kamera-test-deployment","stage":"podscalable-add","keys":["default/kamera-test-deployment"]}
{"level":"info","ts":"2026-01-13T16:47:35-08:00","logger":"RevisionReconciler.seed","msg":"podscalable visible to lister","resource":"deployments","namespace":"default","name":"kamera-test-deployment","stage":"podscalable-lister","object":{"apiVersion":"autoscaling.internal.knative.dev/v1alpha1","kind":"PodScalable","namespace":"default","name":"kamera-test-deployment"}}
{"level":"error","ts":1768351655.674877,"logger":"fallback","caller":"revision/controller.go:116","msg":"Failed to create resolver transport","error":"open /var/run/secrets/kubernetes.io/serviceaccount/ca.crt: no such file or directory","stacktrace":"knative.dev/serving/pkg/reconciler/revision.newControllerWithOptions\n\t/Users/tgoodwin/tmp/gomodcache/knative.dev/serving@v0.46.5/pkg/reconciler/revision/controller.go:116\nknative.dev/serving/pkg/reconciler/revision.NewController\n\t/Users/tgoodwin/tmp/gomodcache/knative.dev/serving@v0.46.5/pkg/reconciler/revision/controller.go:64\nmain.configureKnativeExplorer.func1.1\n\t/Users/tgoodwin/projects/kamera/examples/knative-serving/scenario.go:91\ngithub.com/tgoodwin/kamera/examples/knative-serving/knative.NewKnativeStrategy.func1\n\t/Users/tgoodwin/projects/kamera/examples/knative-serving/knative/harness.go:555\ngithub.com/tgoodwin/kamera/examples/knative-serving/knative.(*KnativeStrategy).ReconcileAtState\n\t/Users/tgoodwin/projects/kamera/examples/knative-serving/knative/harness.go:895\ngithub.com/tgoodwin/kamera/pkg/tracecheck.(*ReconcilerContainer).doReconcile\n\t/Users/tgoodwin/projects/kamera/pkg/tracecheck/reconciler.go:164\ngithub.com/tgoodwin/kamera/pkg/tracecheck.(*Explorer).reconcileAtState\n\t/Users/tgoodwin/projects/kamera/pkg/tracecheck/explore.go:1313\ngithub.com/tgoodwin/kamera/pkg/tracecheck.(*Explorer).takeReconcileStep\n\t/Users/tgoodwin/projects/kamera/pkg/tracecheck/explore.go:1228\ngithub.com/tgoodwin/kamera/pkg/tracecheck.(*Explorer).explore\n\t/Users/tgoodwin/projects/kamera/pkg/tracecheck/explore.go:790\ngithub.com/tgoodwin/kamera/pkg/tracecheck.(*Explorer).Explore.func1\n\t/Users/tgoodwin/projects/kamera/pkg/tracecheck/explore.go:330"}
{"level":"info","ts":1768351655.675767,"logger":"fallback","caller":"revision/reconcile_resources.go:161","msg":"Reconciling PA: kamera-test"}
{"level":"info","ts":"2026-01-13T16:47:35-08:00","logger":"RevisionReconciler.reconcile","msg":"reconcile completed","key":"default/kamera-test","reconciler":"knative.dev.serving.pkg.reconciler.revision.Reconciler","requeue":false,"requeueAfter":0}
{"level":"info","ts":"2026-01-13T16:47:35-08:00","logger":"tracecheck","msg":"Taking reconcile step","Depth":33,"# Distinct States":340,"Total States":343,"Resource States":67}
{"level":"info","ts":"2026-01-13T16:47:35-08:00","logger":"tracecheck","msg":"Taking reconcile step","Depth":34,"# Distinct States":341,"Total States":344,"Resource States":67}
{"level":"info","ts":"2026-01-13T16:47:35-08:00","logger":"tracecheck","msg":"Taking reconcile step","Depth":35,"# Distinct States":342,"Total States":345,"Resource States":67}
{"level":"info","ts":"2026-01-13T16:47:35-08:00","logger":"KPAReconciler.seed","msg":"added podscalable to informer","resource":"deployments","namespace":"default","name":"kamera-test-deployment","stage":"podscalable-add","keys":["default/kamera-test-deployment"]}
{"level":"info","ts":"2026-01-13T16:47:35-08:00","logger":"KPAReconciler.seed","msg":"podscalable visible to lister","resource":"deployments","namespace":"default","name":"kamera-test-deployment","stage":"podscalable-lister","object":{"apiVersion":"autoscaling.internal.knative.dev/v1alpha1","kind":"PodScalable","namespace":"default","name":"kamera-test-deployment"}}
{"level":"info","ts":1768351655.793514,"logger":"fallback","caller":"kpa/controller.go:77","msg":"Setting up ConfigMap receivers"}
{"level":"info","ts":1768351655.793738,"logger":"fallback","caller":"kpa/controller.go:91","msg":"Setting up KPA-Class event handlers"}
{"level":"info","ts":1768351655.794015,"logger":"fallback","caller":"kpa/kpa.go:158","msg":"SKS should be in Proxy mode: want = -1, ebc = 0, #act's = 2 PA Inactive? = false"}
{"level":"info","ts":1768351655.7940722,"logger":"fallback","caller":"kpa/kpa.go:178","msg":"PA scale got=0, want=-1, desiredPods=0 ebc=0"}
{"level":"info","ts":1768351655.794092,"logger":"fallback","caller":"kpa/kpa.go:188","msg":"Observed pod counts=kpa.podCounts{want:-1, ready:0, notReady:1, pending:0, terminating:0}"}
{"level":"info","ts":"2026-01-13T16:47:35-08:00","logger":"KPAReconciler.reconcile","msg":"reconcile completed","key":"default/kamera-test","reconciler":"knative.dev.serving.pkg.reconciler.autoscaling.kpa.Reconciler","requeue":false,"requeueAfter":0}
{"level":"info","ts":"2026-01-13T16:47:35-08:00","logger":"tracecheck","msg":"Taking reconcile step","Depth":36,"# Distinct States":343,"Total States":346,"Resource States":67}
{"level":"info","ts":"2026-01-13T16:47:35-08:00","logger":"tracecheck","msg":"Taking reconcile step","Depth":37,"# Distinct States":344,"Total States":347,"Resource States":67}
{"level":"info","ts":"2026-01-13T16:47:35-08:00","logger":"ServerlessServiceReconciler.seed","msg":"added podscalable to informer","resource":"deployments","namespace":"default","name":"kamera-test-deployment","stage":"podscalable-add","keys":["default/kamera-test-deployment"]}
{"level":"info","ts":"2026-01-13T16:47:35-08:00","logger":"ServerlessServiceReconciler.seed","msg":"podscalable visible to lister","resource":"deployments","namespace":"default","name":"kamera-test-deployment","stage":"podscalable-lister","object":{"apiVersion":"autoscaling.internal.knative.dev/v1alpha1","kind":"PodScalable","namespace":"default","name":"kamera-test-deployment"}}
{"level":"info","ts":1768351655.907137,"logger":"fallback","caller":"serverlessservice/controller.go:90","msg":"Doing a global resync due to activator endpoint changes"}
{"level":"info","ts":1768351655.907261,"logger":"fallback","caller":"serverlessservice/serverlessservice.go:217","msg":"SKS is in Proxy mode; has 0 endpoints in kamera-test-private; 1 activator endpoints"}
{"level":"info","ts":1768351655.907295,"logger":"fallback","caller":"serverlessservice/serverlessservice.go:245","msg":"Forcing SKS into Proxy mode, insufficient ready endpoints."}
{"level":"info","ts":1768351655.90732,"logger":"fallback","caller":"serverlessservice/serverlessservice.go:290","msg":"No ready endpoints backing revision"}
{"level":"info","ts":"2026-01-13T16:47:35-08:00","logger":"ServerlessServiceReconciler.reconcile","msg":"reconcile completed","key":"default/kamera-test","reconciler":"knative.dev.serving.pkg.reconciler.serverlessservice.reconciler","requeue":false,"requeueAfter":0}
{"level":"info","ts":"2026-01-13T16:47:35-08:00","logger":"tracecheck","msg":"Taking reconcile step","Depth":38,"# Distinct States":345,"Total States":348,"Resource States":67}
{"level":"info","ts":"2026-01-13T16:47:35-08:00","logger":"tracecheck","msg":"updated pod status","Depth":38,"# Distinct States":345,"Total States":348,"Resource States":67,"phase":"Running","pod":{"name":"kamera-test-deployment-1488584584-0","namespace":"default"}}
{"level":"info","ts":"2026-01-13T16:47:35-08:00","logger":"tracecheck","msg":"Taking reconcile step","Depth":39,"# Distinct States":346,"Total States":349,"Resource States":67}
{"level":"info","ts":"2026-01-13T16:47:35-08:00","logger":"tracecheck","msg":"Taking reconcile step","Depth":40,"# Distinct States":347,"Total States":350,"Resource States":67}
{"level":"info","ts":"2026-01-13T16:47:36-08:00","logger":"ConfigurationReconciler.seed","msg":"added podscalable to informer","resource":"deployments","namespace":"default","name":"kamera-test-deployment","stage":"podscalable-add","keys":["default/kamera-test-deployment"]}
{"level":"info","ts":"2026-01-13T16:47:36-08:00","logger":"ConfigurationReconciler.seed","msg":"podscalable visible to lister","resource":"deployments","namespace":"default","name":"kamera-test-deployment","stage":"podscalable-lister","object":{"apiVersion":"autoscaling.internal.knative.dev/v1alpha1","kind":"PodScalable","namespace":"default","name":"kamera-test-deployment"}}
{"level":"info","ts":1768351656.02824,"logger":"fallback","caller":"configuration/configuration.go:103","msg":"Revision \"kamera-test\" of configuration is not ready"}
{"level":"info","ts":"2026-01-13T16:47:36-08:00","logger":"ConfigurationReconciler.reconcile","msg":"reconcile completed","key":"default/demo","reconciler":"knative.dev.serving.pkg.reconciler.configuration.Reconciler","requeue":false,"requeueAfter":0}
{"level":"info","ts":"2026-01-13T16:47:36-08:00","logger":"tracecheck","msg":"Taking reconcile step","Depth":41,"# Distinct States":348,"Total States":351,"Resource States":67}
{"level":"info","ts":"2026-01-13T16:47:36-08:00","logger":"RevisionReconciler.seed","msg":"added podscalable to informer","resource":"deployments","namespace":"default","name":"kamera-test-deployment","stage":"podscalable-add","keys":["default/kamera-test-deployment"]}
{"level":"info","ts":"2026-01-13T16:47:36-08:00","logger":"RevisionReconciler.seed","msg":"podscalable visible to lister","resource":"deployments","namespace":"default","name":"kamera-test-deployment","stage":"podscalable-lister","object":{"apiVersion":"autoscaling.internal.knative.dev/v1alpha1","kind":"PodScalable","namespace":"default","name":"kamera-test-deployment"}}
{"level":"error","ts":1768351656.144125,"logger":"fallback","caller":"revision/controller.go:116","msg":"Failed to create resolver transport","error":"open /var/run/secrets/kubernetes.io/serviceaccount/ca.crt: no such file or directory","stacktrace":"knative.dev/serving/pkg/reconciler/revision.newControllerWithOptions\n\t/Users/tgoodwin/tmp/gomodcache/knative.dev/serving@v0.46.5/pkg/reconciler/revision/controller.go:116\nknative.dev/serving/pkg/reconciler/revision.NewController\n\t/Users/tgoodwin/tmp/gomodcache/knative.dev/serving@v0.46.5/pkg/reconciler/revision/controller.go:64\nmain.configureKnativeExplorer.func1.1\n\t/Users/tgoodwin/projects/kamera/examples/knative-serving/scenario.go:91\ngithub.com/tgoodwin/kamera/examples/knative-serving/knative.NewKnativeStrategy.func1\n\t/Users/tgoodwin/projects/kamera/examples/knative-serving/knative/harness.go:555\ngithub.com/tgoodwin/kamera/examples/knative-serving/knative.(*KnativeStrategy).ReconcileAtState\n\t/Users/tgoodwin/projects/kamera/examples/knative-serving/knative/harness.go:895\ngithub.com/tgoodwin/kamera/pkg/tracecheck.(*ReconcilerContainer).doReconcile\n\t/Users/tgoodwin/projects/kamera/pkg/tracecheck/reconciler.go:164\ngithub.com/tgoodwin/kamera/pkg/tracecheck.(*Explorer).reconcileAtState\n\t/Users/tgoodwin/projects/kamera/pkg/tracecheck/explore.go:1313\ngithub.com/tgoodwin/kamera/pkg/tracecheck.(*Explorer).takeReconcileStep\n\t/Users/tgoodwin/projects/kamera/pkg/tracecheck/explore.go:1228\ngithub.com/tgoodwin/kamera/pkg/tracecheck.(*Explorer).explore\n\t/Users/tgoodwin/projects/kamera/pkg/tracecheck/explore.go:790\ngithub.com/tgoodwin/kamera/pkg/tracecheck.(*Explorer).Explore.func1\n\t/Users/tgoodwin/projects/kamera/pkg/tracecheck/explore.go:330"}
{"level":"info","ts":1768351656.1449962,"logger":"fallback","caller":"revision/reconcile_resources.go:161","msg":"Reconciling PA: kamera-test"}
{"level":"info","ts":"2026-01-13T16:47:36-08:00","logger":"RevisionReconciler.reconcile","msg":"reconcile completed","key":"default/kamera-test","reconciler":"knative.dev.serving.pkg.reconciler.revision.Reconciler","requeue":false,"requeueAfter":0}
{"level":"info","ts":"2026-01-13T16:47:36-08:00","logger":"tracecheck","msg":"Taking reconcile step","Depth":42,"# Distinct States":349,"Total States":352,"Resource States":67}
{"level":"info","ts":"2026-01-13T16:47:36-08:00","logger":"KPAReconciler.seed","msg":"added podscalable to informer","resource":"deployments","namespace":"default","name":"kamera-test-deployment","stage":"podscalable-add","keys":["default/kamera-test-deployment"]}
{"level":"info","ts":"2026-01-13T16:47:36-08:00","logger":"KPAReconciler.seed","msg":"podscalable visible to lister","resource":"deployments","namespace":"default","name":"kamera-test-deployment","stage":"podscalable-lister","object":{"apiVersion":"autoscaling.internal.knative.dev/v1alpha1","kind":"PodScalable","namespace":"default","name":"kamera-test-deployment"}}
{"level":"info","ts":1768351656.255767,"logger":"fallback","caller":"kpa/controller.go:77","msg":"Setting up ConfigMap receivers"}
{"level":"info","ts":1768351656.256002,"logger":"fallback","caller":"kpa/controller.go:91","msg":"Setting up KPA-Class event handlers"}
{"level":"info","ts":1768351656.256267,"logger":"fallback","caller":"kpa/kpa.go:158","msg":"SKS should be in Proxy mode: want = -1, ebc = 0, #act's = 2 PA Inactive? = false"}
{"level":"info","ts":1768351656.256329,"logger":"fallback","caller":"kpa/kpa.go:178","msg":"PA scale got=1, want=-1, desiredPods=0 ebc=0"}
{"level":"info","ts":1768351656.2563531,"logger":"fallback","caller":"kpa/kpa.go:188","msg":"Observed pod counts=kpa.podCounts{want:-1, ready:1, notReady:0, pending:0, terminating:0}"}
{"level":"info","ts":"2026-01-13T16:47:36-08:00","logger":"KPAReconciler.reconcile","msg":"reconcile completed","key":"default/kamera-test","reconciler":"knative.dev.serving.pkg.reconciler.autoscaling.kpa.Reconciler","requeue":false,"requeueAfter":0}
{"level":"info","ts":"2026-01-13T16:47:36-08:00","logger":"tracecheck","msg":"Taking reconcile step","Depth":43,"# Distinct States":350,"Total States":353,"Resource States":67}
{"level":"info","ts":"2026-01-13T16:47:36-08:00","logger":"tracecheck","msg":"Taking reconcile step","Depth":44,"# Distinct States":351,"Total States":354,"Resource States":67}
{"level":"info","ts":"2026-01-13T16:47:36-08:00","logger":"tracecheck","msg":"Updated ReplicaSet status","Depth":44,"# Distinct States":351,"Total States":354,"Resource States":67,"name":"kamera-test-deployment-1488584584"}
{"level":"info","ts":"2026-01-13T16:47:36-08:00","logger":"tracecheck","msg":"Taking reconcile step","Depth":45,"# Distinct States":352,"Total States":355,"Resource States":67}
{"level":"info","ts":"2026-01-13T16:47:36-08:00","logger":"KPAReconciler.seed","msg":"added podscalable to informer","resource":"deployments","namespace":"default","name":"kamera-test-deployment","stage":"podscalable-add","keys":["default/kamera-test-deployment"]}
{"level":"info","ts":"2026-01-13T16:47:36-08:00","logger":"KPAReconciler.seed","msg":"podscalable visible to lister","resource":"deployments","namespace":"default","name":"kamera-test-deployment","stage":"podscalable-lister","object":{"apiVersion":"autoscaling.internal.knative.dev/v1alpha1","kind":"PodScalable","namespace":"default","name":"kamera-test-deployment"}}
{"level":"info","ts":1768351656.3832471,"logger":"fallback","caller":"kpa/controller.go:77","msg":"Setting up ConfigMap receivers"}
{"level":"info","ts":1768351656.383426,"logger":"fallback","caller":"kpa/controller.go:91","msg":"Setting up KPA-Class event handlers"}
{"level":"info","ts":1768351656.3836749,"logger":"fallback","caller":"kpa/scaler.go:229","msg":"Can deactivate PA, was active for 6s"}
{"level":"info","ts":1768351656.383713,"logger":"fallback","caller":"kpa/kpa.go:158","msg":"SKS should be in Proxy mode: want = 0, ebc = 0, #act's = 2 PA Inactive? = false"}
{"level":"info","ts":1768351656.383743,"logger":"fallback","caller":"kpa/kpa.go:178","msg":"PA scale got=1, want=0, desiredPods=0 ebc=0"}
{"level":"info","ts":1768351656.383754,"logger":"fallback","caller":"kpa/kpa.go:188","msg":"Observed pod counts=kpa.podCounts{want:0, ready:1, notReady:0, pending:0, terminating:0}"}
{"level":"info","ts":"2026-01-13T16:47:36-08:00","logger":"KPAReconciler.reconcile","msg":"reconcile completed","key":"default/kamera-test","reconciler":"knative.dev.serving.pkg.reconciler.autoscaling.kpa.Reconciler","requeue":false,"requeueAfter":0}
{"level":"info","ts":"2026-01-13T16:47:36-08:00","logger":"tracecheck","msg":"Taking reconcile step","Depth":46,"# Distinct States":353,"Total States":356,"Resource States":67}
{"level":"info","ts":"2026-01-13T16:47:36-08:00","logger":"tracecheck","msg":"Taking reconcile step","Depth":47,"# Distinct States":354,"Total States":357,"Resource States":67}
{"level":"info","ts":"2026-01-13T16:47:36-08:00","logger":"RevisionReconciler.seed","msg":"added podscalable to informer","resource":"deployments","namespace":"default","name":"kamera-test-deployment","stage":"podscalable-add","keys":["default/kamera-test-deployment"]}
{"level":"info","ts":"2026-01-13T16:47:36-08:00","logger":"RevisionReconciler.seed","msg":"podscalable visible to lister","resource":"deployments","namespace":"default","name":"kamera-test-deployment","stage":"podscalable-lister","object":{"apiVersion":"autoscaling.internal.knative.dev/v1alpha1","kind":"PodScalable","namespace":"default","name":"kamera-test-deployment"}}
{"level":"error","ts":1768351656.494457,"logger":"fallback","caller":"revision/controller.go:116","msg":"Failed to create resolver transport","error":"open /var/run/secrets/kubernetes.io/serviceaccount/ca.crt: no such file or directory","stacktrace":"knative.dev/serving/pkg/reconciler/revision.newControllerWithOptions\n\t/Users/tgoodwin/tmp/gomodcache/knative.dev/serving@v0.46.5/pkg/reconciler/revision/controller.go:116\nknative.dev/serving/pkg/reconciler/revision.NewController\n\t/Users/tgoodwin/tmp/gomodcache/knative.dev/serving@v0.46.5/pkg/reconciler/revision/controller.go:64\nmain.configureKnativeExplorer.func1.1\n\t/Users/tgoodwin/projects/kamera/examples/knative-serving/scenario.go:91\ngithub.com/tgoodwin/kamera/examples/knative-serving/knative.NewKnativeStrategy.func1\n\t/Users/tgoodwin/projects/kamera/examples/knative-serving/knative/harness.go:555\ngithub.com/tgoodwin/kamera/examples/knative-serving/knative.(*KnativeStrategy).ReconcileAtState\n\t/Users/tgoodwin/projects/kamera/examples/knative-serving/knative/harness.go:895\ngithub.com/tgoodwin/kamera/pkg/tracecheck.(*ReconcilerContainer).doReconcile\n\t/Users/tgoodwin/projects/kamera/pkg/tracecheck/reconciler.go:164\ngithub.com/tgoodwin/kamera/pkg/tracecheck.(*Explorer).reconcileAtState\n\t/Users/tgoodwin/projects/kamera/pkg/tracecheck/explore.go:1313\ngithub.com/tgoodwin/kamera/pkg/tracecheck.(*Explorer).takeReconcileStep\n\t/Users/tgoodwin/projects/kamera/pkg/tracecheck/explore.go:1228\ngithub.com/tgoodwin/kamera/pkg/tracecheck.(*Explorer).explore\n\t/Users/tgoodwin/projects/kamera/pkg/tracecheck/explore.go:790\ngithub.com/tgoodwin/kamera/pkg/tracecheck.(*Explorer).Explore.func1\n\t/Users/tgoodwin/projects/kamera/pkg/tracecheck/explore.go:330"}
{"level":"info","ts":1768351656.495085,"logger":"fallback","caller":"revision/reconcile_resources.go:161","msg":"Reconciling PA: kamera-test"}
{"level":"info","ts":1768351656.495122,"logger":"fallback","caller":"revision/revision.go:166","msg":"Revision became ready"}
{"level":"info","ts":"2026-01-13T16:47:36-08:00","logger":"RevisionReconciler.reconcile","msg":"reconcile completed","key":"default/kamera-test","reconciler":"knative.dev.serving.pkg.reconciler.revision.Reconciler","requeue":false,"requeueAfter":0}
{"level":"info","ts":"2026-01-13T16:47:36-08:00","logger":"tracecheck","msg":"Taking reconcile step","Depth":48,"# Distinct States":355,"Total States":358,"Resource States":67}
{"level":"info","ts":"2026-01-13T16:47:36-08:00","logger":"tracecheck","msg":"Updated Deployment status","Depth":48,"# Distinct States":355,"Total States":358,"Resource States":67,"name":"kamera-test-deployment"}
{"level":"info","ts":"2026-01-13T16:47:36-08:00","logger":"tracecheck","msg":"Taking reconcile step","Depth":49,"# Distinct States":356,"Total States":359,"Resource States":67}
{"level":"info","ts":"2026-01-13T16:47:36-08:00","logger":"tracecheck","msg":"Taking reconcile step","Depth":50,"# Distinct States":357,"Total States":360,"Resource States":67}
{"level":"info","ts":"2026-01-13T16:47:36-08:00","logger":"KPAReconciler.seed","msg":"added podscalable to informer","resource":"deployments","namespace":"default","name":"kamera-test-deployment","stage":"podscalable-add","keys":["default/kamera-test-deployment"]}
{"level":"info","ts":"2026-01-13T16:47:36-08:00","logger":"KPAReconciler.seed","msg":"podscalable visible to lister","resource":"deployments","namespace":"default","name":"kamera-test-deployment","stage":"podscalable-lister","object":{"apiVersion":"autoscaling.internal.knative.dev/v1alpha1","kind":"PodScalable","namespace":"default","name":"kamera-test-deployment"}}
{"level":"info","ts":1768351656.612155,"logger":"fallback","caller":"kpa/controller.go:77","msg":"Setting up ConfigMap receivers"}
{"level":"info","ts":1768351656.612243,"logger":"fallback","caller":"kpa/controller.go:91","msg":"Setting up KPA-Class event handlers"}
{"level":"info","ts":1768351656.6123252,"logger":"fallback","caller":"kpa/scaler.go:379","msg":"Scaling from 1 to 0"}
{"level":"info","ts":1768351656.613995,"logger":"fallback","caller":"kpa/kpa.go:158","msg":"SKS should be in Proxy mode: want = 0, ebc = 0, #act's = 2 PA Inactive? = true"}
{"level":"info","ts":1768351656.614014,"logger":"fallback","caller":"kpa/kpa.go:178","msg":"PA scale got=1, want=0, desiredPods=0 ebc=0"}
{"level":"info","ts":1768351656.6140218,"logger":"fallback","caller":"kpa/kpa.go:188","msg":"Observed pod counts=kpa.podCounts{want:0, ready:1, notReady:0, pending:0, terminating:0}"}
{"level":"info","ts":"2026-01-13T16:47:36-08:00","logger":"KPAReconciler.reconcile","msg":"reconcile completed","key":"default/kamera-test","reconciler":"knative.dev.serving.pkg.reconciler.autoscaling.kpa.Reconciler","requeue":false,"requeueAfter":0}
{"level":"info","ts":"2026-01-13T16:47:36-08:00","logger":"tracecheck","msg":"Taking reconcile step","Depth":51,"# Distinct States":358,"Total States":361,"Resource States":67}
{"level":"info","ts":"2026-01-13T16:47:36-08:00","logger":"ConfigurationReconciler.seed","msg":"added podscalable to informer","resource":"deployments","namespace":"default","name":"kamera-test-deployment","stage":"podscalable-add","keys":["default/kamera-test-deployment"]}
{"level":"info","ts":"2026-01-13T16:47:36-08:00","logger":"ConfigurationReconciler.seed","msg":"podscalable visible to lister","resource":"deployments","namespace":"default","name":"kamera-test-deployment","stage":"podscalable-lister","object":{"apiVersion":"autoscaling.internal.knative.dev/v1alpha1","kind":"PodScalable","namespace":"default","name":"kamera-test-deployment"}}
{"level":"info","ts":1768351656.72402,"logger":"fallback","caller":"configuration/configuration.go:106","msg":"Revision \"kamera-test\" of configuration is ready"}
{"level":"info","ts":"2026-01-13T16:47:36-08:00","logger":"ConfigurationReconciler.reconcile","msg":"reconcile completed","key":"default/demo","reconciler":"knative.dev.serving.pkg.reconciler.configuration.Reconciler","requeue":false,"requeueAfter":0}
{"level":"info","ts":"2026-01-13T16:47:36-08:00","logger":"tracecheck","msg":"Taking reconcile step","Depth":52,"# Distinct States":359,"Total States":362,"Resource States":67}
{"level":"info","ts":"2026-01-13T16:47:36-08:00","logger":"tracecheck","msg":"Taking reconcile step","Depth":43,"# Distinct States":360,"Total States":363,"Resource States":67}
{"level":"info","ts":"2026-01-13T16:47:36-08:00","logger":"RevisionReconciler.seed","msg":"added podscalable to informer","resource":"deployments","namespace":"default","name":"kamera-test-deployment","stage":"podscalable-add","keys":["default/kamera-test-deployment"]}
{"level":"info","ts":"2026-01-13T16:47:36-08:00","logger":"RevisionReconciler.seed","msg":"podscalable visible to lister","resource":"deployments","namespace":"default","name":"kamera-test-deployment","stage":"podscalable-lister","object":{"apiVersion":"autoscaling.internal.knative.dev/v1alpha1","kind":"PodScalable","namespace":"default","name":"kamera-test-deployment"}}
{"level":"error","ts":1768351656.836837,"logger":"fallback","caller":"revision/controller.go:116","msg":"Failed to create resolver transport","error":"open /var/run/secrets/kubernetes.io/serviceaccount/ca.crt: no such file or directory","stacktrace":"knative.dev/serving/pkg/reconciler/revision.newControllerWithOptions\n\t/Users/tgoodwin/tmp/gomodcache/knative.dev/serving@v0.46.5/pkg/reconciler/revision/controller.go:116\nknative.dev/serving/pkg/reconciler/revision.NewController\n\t/Users/tgoodwin/tmp/gomodcache/knative.dev/serving@v0.46.5/pkg/reconciler/revision/controller.go:64\nmain.configureKnativeExplorer.func1.1\n\t/Users/tgoodwin/projects/kamera/examples/knative-serving/scenario.go:91\ngithub.com/tgoodwin/kamera/examples/knative-serving/knative.NewKnativeStrategy.func1\n\t/Users/tgoodwin/projects/kamera/examples/knative-serving/knative/harness.go:555\ngithub.com/tgoodwin/kamera/examples/knative-serving/knative.(*KnativeStrategy).ReconcileAtState\n\t/Users/tgoodwin/projects/kamera/examples/knative-serving/knative/harness.go:895\ngithub.com/tgoodwin/kamera/pkg/tracecheck.(*ReconcilerContainer).doReconcile\n\t/Users/tgoodwin/projects/kamera/pkg/tracecheck/reconciler.go:164\ngithub.com/tgoodwin/kamera/pkg/tracecheck.(*Explorer).reconcileAtState\n\t/Users/tgoodwin/projects/kamera/pkg/tracecheck/explore.go:1313\ngithub.com/tgoodwin/kamera/pkg/tracecheck.(*Explorer).takeReconcileStep\n\t/Users/tgoodwin/projects/kamera/pkg/tracecheck/explore.go:1228\ngithub.com/tgoodwin/kamera/pkg/tracecheck.(*Explorer).explore\n\t/Users/tgoodwin/projects/kamera/pkg/tracecheck/explore.go:790\ngithub.com/tgoodwin/kamera/pkg/tracecheck.(*Explorer).Explore.func1\n\t/Users/tgoodwin/projects/kamera/pkg/tracecheck/explore.go:330"}
{"level":"info","ts":1768351656.837733,"logger":"fallback","caller":"revision/reconcile_resources.go:161","msg":"Reconciling PA: kamera-test"}
{"level":"info","ts":1768351656.837811,"logger":"fallback","caller":"revision/revision.go:166","msg":"Revision became ready"}
{"level":"info","ts":"2026-01-13T16:47:36-08:00","logger":"RevisionReconciler.reconcile","msg":"reconcile completed","key":"default/kamera-test","reconciler":"knative.dev.serving.pkg.reconciler.revision.Reconciler","requeue":false,"requeueAfter":0}
{"level":"info","ts":"2026-01-13T16:47:36-08:00","logger":"tracecheck","msg":"Taking reconcile step","Depth":44,"# Distinct States":361,"Total States":364,"Resource States":67}
{"level":"info","ts":"2026-01-13T16:47:36-08:00","logger":"tracecheck","msg":"Taking reconcile step","Depth":45,"# Distinct States":362,"Total States":365,"Resource States":67}
{"level":"info","ts":"2026-01-13T16:47:36-08:00","logger":"tracecheck","msg":"Updated ReplicaSet status","Depth":45,"# Distinct States":362,"Total States":365,"Resource States":67,"name":"kamera-test-deployment-1488584584"}
{"level":"info","ts":"2026-01-13T16:47:36-08:00","logger":"tracecheck","msg":"Taking reconcile step","Depth":46,"# Distinct States":363,"Total States":366,"Resource States":67}
{"level":"info","ts":"2026-01-13T16:47:36-08:00","logger":"KPAReconciler.seed","msg":"added podscalable to informer","resource":"deployments","namespace":"default","name":"kamera-test-deployment","stage":"podscalable-add","keys":["default/kamera-test-deployment"]}
{"level":"info","ts":"2026-01-13T16:47:36-08:00","logger":"KPAReconciler.seed","msg":"podscalable visible to lister","resource":"deployments","namespace":"default","name":"kamera-test-deployment","stage":"podscalable-lister","object":{"apiVersion":"autoscaling.internal.knative.dev/v1alpha1","kind":"PodScalable","namespace":"default","name":"kamera-test-deployment"}}
{"level":"info","ts":1768351656.956885,"logger":"fallback","caller":"kpa/controller.go:77","msg":"Setting up ConfigMap receivers"}
{"level":"info","ts":1768351656.9571478,"logger":"fallback","caller":"kpa/controller.go:91","msg":"Setting up KPA-Class event handlers"}
{"level":"info","ts":1768351656.957376,"logger":"fallback","caller":"kpa/scaler.go:229","msg":"Can deactivate PA, was active for 8s"}
{"level":"info","ts":1768351656.9574149,"logger":"fallback","caller":"kpa/kpa.go:158","msg":"SKS should be in Proxy mode: want = 0, ebc = 0, #act's = 2 PA Inactive? = false"}
{"level":"info","ts":1768351656.9574468,"logger":"fallback","caller":"kpa/kpa.go:178","msg":"PA scale got=1, want=0, desiredPods=0 ebc=0"}
{"level":"info","ts":1768351656.9574609,"logger":"fallback","caller":"kpa/kpa.go:188","msg":"Observed pod counts=kpa.podCounts{want:0, ready:1, notReady:0, pending:0, terminating:0}"}
{"level":"info","ts":"2026-01-13T16:47:36-08:00","logger":"KPAReconciler.reconcile","msg":"reconcile completed","key":"default/kamera-test","reconciler":"knative.dev.serving.pkg.reconciler.autoscaling.kpa.Reconciler","requeue":false,"requeueAfter":0}
{"level":"info","ts":"2026-01-13T16:47:36-08:00","logger":"tracecheck","msg":"Taking reconcile step","Depth":47,"# Distinct States":364,"Total States":367,"Resource States":67}
{"level":"info","ts":"2026-01-13T16:47:36-08:00","logger":"tracecheck","msg":"Taking reconcile step","Depth":27,"# Distinct States":366,"Total States":369,"Resource States":67}
{"level":"info","ts":"2026-01-13T16:47:37-08:00","logger":"RevisionReconciler.seed","msg":"added podscalable to informer","resource":"deployments","namespace":"default","name":"kamera-test-deployment","stage":"podscalable-add","keys":["default/kamera-test-deployment"]}
{"level":"info","ts":"2026-01-13T16:47:37-08:00","logger":"RevisionReconciler.seed","msg":"podscalable visible to lister","resource":"deployments","namespace":"default","name":"kamera-test-deployment","stage":"podscalable-lister","object":{"apiVersion":"autoscaling.internal.knative.dev/v1alpha1","kind":"PodScalable","namespace":"default","name":"kamera-test-deployment"}}
{"level":"error","ts":1768351657.072798,"logger":"fallback","caller":"revision/controller.go:116","msg":"Failed to create resolver transport","error":"open /var/run/secrets/kubernetes.io/serviceaccount/ca.crt: no such file or directory","stacktrace":"knative.dev/serving/pkg/reconciler/revision.newControllerWithOptions\n\t/Users/tgoodwin/tmp/gomodcache/knative.dev/serving@v0.46.5/pkg/reconciler/revision/controller.go:116\nknative.dev/serving/pkg/reconciler/revision.NewController\n\t/Users/tgoodwin/tmp/gomodcache/knative.dev/serving@v0.46.5/pkg/reconciler/revision/controller.go:64\nmain.configureKnativeExplorer.func1.1\n\t/Users/tgoodwin/projects/kamera/examples/knative-serving/scenario.go:91\ngithub.com/tgoodwin/kamera/examples/knative-serving/knative.NewKnativeStrategy.func1\n\t/Users/tgoodwin/projects/kamera/examples/knative-serving/knative/harness.go:555\ngithub.com/tgoodwin/kamera/examples/knative-serving/knative.(*KnativeStrategy).ReconcileAtState\n\t/Users/tgoodwin/projects/kamera/examples/knative-serving/knative/harness.go:895\ngithub.com/tgoodwin/kamera/pkg/tracecheck.(*ReconcilerContainer).doReconcile\n\t/Users/tgoodwin/projects/kamera/pkg/tracecheck/reconciler.go:164\ngithub.com/tgoodwin/kamera/pkg/tracecheck.(*Explorer).reconcileAtState\n\t/Users/tgoodwin/projects/kamera/pkg/tracecheck/explore.go:1313\ngithub.com/tgoodwin/kamera/pkg/tracecheck.(*Explorer).takeReconcileStep\n\t/Users/tgoodwin/projects/kamera/pkg/tracecheck/explore.go:1228\ngithub.com/tgoodwin/kamera/pkg/tracecheck.(*Explorer).explore\n\t/Users/tgoodwin/projects/kamera/pkg/tracecheck/explore.go:790\ngithub.com/tgoodwin/kamera/pkg/tracecheck.(*Explorer).Explore.func1\n\t/Users/tgoodwin/projects/kamera/pkg/tracecheck/explore.go:330"}
{"level":"info","ts":1768351657.073617,"logger":"fallback","caller":"revision/reconcile_resources.go:161","msg":"Reconciling PA: kamera-test"}
{"level":"info","ts":"2026-01-13T16:47:37-08:00","logger":"RevisionReconciler.reconcile","msg":"reconcile completed","key":"default/kamera-test","reconciler":"knative.dev.serving.pkg.reconciler.revision.Reconciler","requeue":false,"requeueAfter":0}
{"level":"info","ts":"2026-01-13T16:47:37-08:00","logger":"tracecheck","msg":"Taking reconcile step","Depth":28,"# Distinct States":367,"Total States":370,"Resource States":68}
{"level":"info","ts":"2026-01-13T16:47:37-08:00","logger":"ServerlessServiceReconciler.seed","msg":"added podscalable to informer","resource":"deployments","namespace":"default","name":"kamera-test-deployment","stage":"podscalable-add","keys":["default/kamera-test-deployment"]}
{"level":"info","ts":"2026-01-13T16:47:37-08:00","logger":"ServerlessServiceReconciler.seed","msg":"podscalable visible to lister","resource":"deployments","namespace":"default","name":"kamera-test-deployment","stage":"podscalable-lister","object":{"apiVersion":"autoscaling.internal.knative.dev/v1alpha1","kind":"PodScalable","namespace":"default","name":"kamera-test-deployment"}}
{"level":"info","ts":1768351657.18508,"logger":"fallback","caller":"serverlessservice/controller.go:90","msg":"Doing a global resync due to activator endpoint changes"}
{"level":"info","ts":1768351657.185108,"logger":"fallback","caller":"serverlessservice/serverlessservice.go:217","msg":"SKS is in Proxy mode; has 0 endpoints in kamera-test-private; 1 activator endpoints"}
{"level":"info","ts":1768351657.18514,"logger":"fallback","caller":"serverlessservice/serverlessservice.go:245","msg":"Forcing SKS into Proxy mode, insufficient ready endpoints."}
{"level":"info","ts":1768351657.1851552,"logger":"fallback","caller":"serverlessservice/serverlessservice.go:265","msg":"Public endpoints object does not exist; creating."}
{"level":"info","ts":1768351657.185524,"logger":"fallback","caller":"serverlessservice/serverlessservice.go:270","msg":"Created K8s Endpoints: kamera-test"}
{"level":"info","ts":1768351657.185554,"logger":"fallback","caller":"serverlessservice/serverlessservice.go:290","msg":"No ready endpoints backing revision"}
{"level":"info","ts":"2026-01-13T16:47:37-08:00","logger":"ServerlessServiceReconciler.reconcile","msg":"reconcile completed","key":"default/kamera-test","reconciler":"knative.dev.serving.pkg.reconciler.serverlessservice.reconciler","requeue":false,"requeueAfter":0}
{"level":"info","ts":"2026-01-13T16:47:37-08:00","logger":"tracecheck","msg":"Taking reconcile step","Depth":29,"# Distinct States":368,"Total States":371,"Resource States":69}
{"level":"info","ts":"2026-01-13T16:47:37-08:00","logger":"tracecheck","msg":"Taking reconcile step","Depth":30,"# Distinct States":369,"Total States":372,"Resource States":69}
{"level":"info","ts":"2026-01-13T16:47:37-08:00","logger":"tracecheck","msg":"Taking reconcile step","Depth":31,"# Distinct States":370,"Total States":373,"Resource States":69}
{"level":"info","ts":"2026-01-13T16:47:37-08:00","logger":"tracecheck","msg":"updated pod status","Depth":31,"# Distinct States":370,"Total States":373,"Resource States":69,"phase":"Running","pod":{"name":"kamera-test-deployment-1488584584-0","namespace":"default"}}
{"level":"info","ts":"2026-01-13T16:47:37-08:00","logger":"tracecheck","msg":"Taking reconcile step","Depth":32,"# Distinct States":371,"Total States":374,"Resource States":70}
{"level":"info","ts":"2026-01-13T16:47:37-08:00","logger":"tracecheck","msg":"Updated Deployment status","Depth":32,"# Distinct States":371,"Total States":374,"Resource States":70,"name":"kamera-test-deployment"}
{"level":"info","ts":"2026-01-13T16:47:37-08:00","logger":"tracecheck","msg":"Taking reconcile step","Depth":33,"# Distinct States":372,"Total States":375,"Resource States":70}
{"level":"info","ts":"2026-01-13T16:47:37-08:00","logger":"tracecheck","msg":"Taking reconcile step","Depth":34,"# Distinct States":373,"Total States":376,"Resource States":70}
{"level":"info","ts":"2026-01-13T16:47:37-08:00","logger":"tracecheck","msg":"Taking reconcile step","Depth":35,"# Distinct States":374,"Total States":377,"Resource States":70}
{"level":"info","ts":"2026-01-13T16:47:37-08:00","logger":"KPAReconciler.seed","msg":"added podscalable to informer","resource":"deployments","namespace":"default","name":"kamera-test-deployment","stage":"podscalable-add","keys":["default/kamera-test-deployment"]}
{"level":"info","ts":"2026-01-13T16:47:37-08:00","logger":"KPAReconciler.seed","msg":"podscalable visible to lister","resource":"deployments","namespace":"default","name":"kamera-test-deployment","stage":"podscalable-lister","object":{"apiVersion":"autoscaling.internal.knative.dev/v1alpha1","kind":"PodScalable","namespace":"default","name":"kamera-test-deployment"}}
{"level":"info","ts":1768351657.324686,"logger":"fallback","caller":"kpa/controller.go:77","msg":"Setting up ConfigMap receivers"}
{"level":"info","ts":1768351657.324855,"logger":"fallback","caller":"kpa/controller.go:91","msg":"Setting up KPA-Class event handlers"}
{"level":"info","ts":1768351657.3250299,"logger":"fallback","caller":"kpa/kpa.go:158","msg":"SKS should be in Proxy mode: want = -1, ebc = 0, #act's = 2 PA Inactive? = false"}
{"level":"info","ts":1768351657.325065,"logger":"fallback","caller":"kpa/kpa.go:178","msg":"PA scale got=0, want=-1, desiredPods=0 ebc=0"}
{"level":"info","ts":1768351657.325077,"logger":"fallback","caller":"kpa/kpa.go:188","msg":"Observed pod counts=kpa.podCounts{want:-1, ready:0, notReady:1, pending:0, terminating:0}"}
{"level":"info","ts":"2026-01-13T16:47:37-08:00","logger":"KPAReconciler.reconcile","msg":"reconcile completed","key":"default/kamera-test","reconciler":"knative.dev.serving.pkg.reconciler.autoscaling.kpa.Reconciler","requeue":false,"requeueAfter":0}
{"level":"info","ts":"2026-01-13T16:47:37-08:00","logger":"tracecheck","msg":"Taking reconcile step","Depth":36,"# Distinct States":375,"Total States":378,"Resource States":70}
{"level":"info","ts":"2026-01-13T16:47:37-08:00","logger":"tracecheck","msg":"Taking reconcile step","Depth":37,"# Distinct States":376,"Total States":379,"Resource States":70}
{"level":"info","ts":"2026-01-13T16:47:37-08:00","logger":"ConfigurationReconciler.seed","msg":"added podscalable to informer","resource":"deployments","namespace":"default","name":"kamera-test-deployment","stage":"podscalable-add","keys":["default/kamera-test-deployment"]}
{"level":"info","ts":"2026-01-13T16:47:37-08:00","logger":"ConfigurationReconciler.seed","msg":"podscalable visible to lister","resource":"deployments","namespace":"default","name":"kamera-test-deployment","stage":"podscalable-lister","object":{"apiVersion":"autoscaling.internal.knative.dev/v1alpha1","kind":"PodScalable","namespace":"default","name":"kamera-test-deployment"}}
{"level":"info","ts":1768351657.433263,"logger":"fallback","caller":"configuration/configuration.go:103","msg":"Revision \"kamera-test\" of configuration is not ready"}
{"level":"info","ts":"2026-01-13T16:47:37-08:00","logger":"ConfigurationReconciler.reconcile","msg":"reconcile completed","key":"default/demo","reconciler":"knative.dev.serving.pkg.reconciler.configuration.Reconciler","requeue":false,"requeueAfter":0}
{"level":"info","ts":"2026-01-13T16:47:37-08:00","logger":"tracecheck","msg":"Taking reconcile step","Depth":38,"# Distinct States":377,"Total States":380,"Resource States":70}
{"level":"info","ts":"2026-01-13T16:47:37-08:00","logger":"RevisionReconciler.seed","msg":"added podscalable to informer","resource":"deployments","namespace":"default","name":"kamera-test-deployment","stage":"podscalable-add","keys":["default/kamera-test-deployment"]}
{"level":"info","ts":"2026-01-13T16:47:37-08:00","logger":"RevisionReconciler.seed","msg":"podscalable visible to lister","resource":"deployments","namespace":"default","name":"kamera-test-deployment","stage":"podscalable-lister","object":{"apiVersion":"autoscaling.internal.knative.dev/v1alpha1","kind":"PodScalable","namespace":"default","name":"kamera-test-deployment"}}
{"level":"error","ts":1768351657.5419362,"logger":"fallback","caller":"revision/controller.go:116","msg":"Failed to create resolver transport","error":"open /var/run/secrets/kubernetes.io/serviceaccount/ca.crt: no such file or directory","stacktrace":"knative.dev/serving/pkg/reconciler/revision.newControllerWithOptions\n\t/Users/tgoodwin/tmp/gomodcache/knative.dev/serving@v0.46.5/pkg/reconciler/revision/controller.go:116\nknative.dev/serving/pkg/reconciler/revision.NewController\n\t/Users/tgoodwin/tmp/gomodcache/knative.dev/serving@v0.46.5/pkg/reconciler/revision/controller.go:64\nmain.configureKnativeExplorer.func1.1\n\t/Users/tgoodwin/projects/kamera/examples/knative-serving/scenario.go:91\ngithub.com/tgoodwin/kamera/examples/knative-serving/knative.NewKnativeStrategy.func1\n\t/Users/tgoodwin/projects/kamera/examples/knative-serving/knative/harness.go:555\ngithub.com/tgoodwin/kamera/examples/knative-serving/knative.(*KnativeStrategy).ReconcileAtState\n\t/Users/tgoodwin/projects/kamera/examples/knative-serving/knative/harness.go:895\ngithub.com/tgoodwin/kamera/pkg/tracecheck.(*ReconcilerContainer).doReconcile\n\t/Users/tgoodwin/projects/kamera/pkg/tracecheck/reconciler.go:164\ngithub.com/tgoodwin/kamera/pkg/tracecheck.(*Explorer).reconcileAtState\n\t/Users/tgoodwin/projects/kamera/pkg/tracecheck/explore.go:1313\ngithub.com/tgoodwin/kamera/pkg/tracecheck.(*Explorer).takeReconcileStep\n\t/Users/tgoodwin/projects/kamera/pkg/tracecheck/explore.go:1228\ngithub.com/tgoodwin/kamera/pkg/tracecheck.(*Explorer).explore\n\t/Users/tgoodwin/projects/kamera/pkg/tracecheck/explore.go:790\ngithub.com/tgoodwin/kamera/pkg/tracecheck.(*Explorer).Explore.func1\n\t/Users/tgoodwin/projects/kamera/pkg/tracecheck/explore.go:330"}
{"level":"info","ts":1768351657.542665,"logger":"fallback","caller":"revision/reconcile_resources.go:161","msg":"Reconciling PA: kamera-test"}
{"level":"info","ts":"2026-01-13T16:47:37-08:00","logger":"RevisionReconciler.reconcile","msg":"reconcile completed","key":"default/kamera-test","reconciler":"knative.dev.serving.pkg.reconciler.revision.Reconciler","requeue":false,"requeueAfter":0}
{"level":"info","ts":"2026-01-13T16:47:37-08:00","logger":"tracecheck","msg":"Taking reconcile step","Depth":39,"# Distinct States":378,"Total States":381,"Resource States":70}
{"level":"info","ts":"2026-01-13T16:47:37-08:00","logger":"ServerlessServiceReconciler.seed","msg":"added podscalable to informer","resource":"deployments","namespace":"default","name":"kamera-test-deployment","stage":"podscalable-add","keys":["default/kamera-test-deployment"]}
{"level":"info","ts":"2026-01-13T16:47:37-08:00","logger":"ServerlessServiceReconciler.seed","msg":"podscalable visible to lister","resource":"deployments","namespace":"default","name":"kamera-test-deployment","stage":"podscalable-lister","object":{"apiVersion":"autoscaling.internal.knative.dev/v1alpha1","kind":"PodScalable","namespace":"default","name":"kamera-test-deployment"}}
{"level":"info","ts":1768351657.650919,"logger":"fallback","caller":"serverlessservice/controller.go:90","msg":"Doing a global resync due to activator endpoint changes"}
{"level":"info","ts":1768351657.65102,"logger":"fallback","caller":"serverlessservice/serverlessservice.go:217","msg":"SKS is in Proxy mode; has 0 endpoints in kamera-test-private; 1 activator endpoints"}
{"level":"info","ts":1768351657.651047,"logger":"fallback","caller":"serverlessservice/serverlessservice.go:245","msg":"Forcing SKS into Proxy mode, insufficient ready endpoints."}
{"level":"info","ts":1768351657.651068,"logger":"fallback","caller":"serverlessservice/serverlessservice.go:290","msg":"No ready endpoints backing revision"}
{"level":"info","ts":"2026-01-13T16:47:37-08:00","logger":"ServerlessServiceReconciler.reconcile","msg":"reconcile completed","key":"default/kamera-test","reconciler":"knative.dev.serving.pkg.reconciler.serverlessservice.reconciler","requeue":false,"requeueAfter":0}
{"level":"info","ts":"2026-01-13T16:47:37-08:00","logger":"tracecheck","msg":"Taking reconcile step","Depth":40,"# Distinct States":379,"Total States":382,"Resource States":70}
{"level":"info","ts":"2026-01-13T16:47:37-08:00","logger":"tracecheck","msg":"updated pod status","Depth":40,"# Distinct States":379,"Total States":382,"Resource States":70,"phase":"Running","pod":{"name":"kamera-test-deployment-1488584584-0","namespace":"default"}}
{"level":"info","ts":"2026-01-13T16:47:37-08:00","logger":"tracecheck","msg":"Taking reconcile step","Depth":41,"# Distinct States":380,"Total States":383,"Resource States":70}
{"level":"info","ts":"2026-01-13T16:47:37-08:00","logger":"tracecheck","msg":"Taking reconcile step","Depth":28,"# Distinct States":381,"Total States":384,"Resource States":70}
{"level":"info","ts":"2026-01-13T16:47:37-08:00","logger":"RevisionReconciler.seed","msg":"added podscalable to informer","resource":"deployments","namespace":"default","name":"kamera-test-deployment","stage":"podscalable-add","keys":["default/kamera-test-deployment"]}
{"level":"info","ts":"2026-01-13T16:47:37-08:00","logger":"RevisionReconciler.seed","msg":"podscalable visible to lister","resource":"deployments","namespace":"default","name":"kamera-test-deployment","stage":"podscalable-lister","object":{"apiVersion":"autoscaling.internal.knative.dev/v1alpha1","kind":"PodScalable","namespace":"default","name":"kamera-test-deployment"}}
{"level":"error","ts":1768351657.770664,"logger":"fallback","caller":"revision/controller.go:116","msg":"Failed to create resolver transport","error":"open /var/run/secrets/kubernetes.io/serviceaccount/ca.crt: no such file or directory","stacktrace":"knative.dev/serving/pkg/reconciler/revision.newControllerWithOptions\n\t/Users/tgoodwin/tmp/gomodcache/knative.dev/serving@v0.46.5/pkg/reconciler/revision/controller.go:116\nknative.dev/serving/pkg/reconciler/revision.NewController\n\t/Users/tgoodwin/tmp/gomodcache/knative.dev/serving@v0.46.5/pkg/reconciler/revision/controller.go:64\nmain.configureKnativeExplorer.func1.1\n\t/Users/tgoodwin/projects/kamera/examples/knative-serving/scenario.go:91\ngithub.com/tgoodwin/kamera/examples/knative-serving/knative.NewKnativeStrategy.func1\n\t/Users/tgoodwin/projects/kamera/examples/knative-serving/knative/harness.go:555\ngithub.com/tgoodwin/kamera/examples/knative-serving/knative.(*KnativeStrategy).ReconcileAtState\n\t/Users/tgoodwin/projects/kamera/examples/knative-serving/knative/harness.go:895\ngithub.com/tgoodwin/kamera/pkg/tracecheck.(*ReconcilerContainer).doReconcile\n\t/Users/tgoodwin/projects/kamera/pkg/tracecheck/reconciler.go:164\ngithub.com/tgoodwin/kamera/pkg/tracecheck.(*Explorer).reconcileAtState\n\t/Users/tgoodwin/projects/kamera/pkg/tracecheck/explore.go:1313\ngithub.com/tgoodwin/kamera/pkg/tracecheck.(*Explorer).takeReconcileStep\n\t/Users/tgoodwin/projects/kamera/pkg/tracecheck/explore.go:1228\ngithub.com/tgoodwin/kamera/pkg/tracecheck.(*Explorer).explore\n\t/Users/tgoodwin/projects/kamera/pkg/tracecheck/explore.go:790\ngithub.com/tgoodwin/kamera/pkg/tracecheck.(*Explorer).Explore.func1\n\t/Users/tgoodwin/projects/kamera/pkg/tracecheck/explore.go:330"}
{"level":"info","ts":1768351657.7713768,"logger":"fallback","caller":"revision/reconcile_resources.go:161","msg":"Reconciling PA: kamera-test"}
{"level":"info","ts":"2026-01-13T16:47:37-08:00","logger":"RevisionReconciler.reconcile","msg":"reconcile completed","key":"default/kamera-test","reconciler":"knative.dev.serving.pkg.reconciler.revision.Reconciler","requeue":false,"requeueAfter":0}
{"level":"info","ts":"2026-01-13T16:47:37-08:00","logger":"tracecheck","msg":"Taking reconcile step","Depth":29,"# Distinct States":382,"Total States":385,"Resource States":70}
{"level":"info","ts":"2026-01-13T16:47:37-08:00","logger":"ServerlessServiceReconciler.seed","msg":"added podscalable to informer","resource":"deployments","namespace":"default","name":"kamera-test-deployment","stage":"podscalable-add","keys":["default/kamera-test-deployment"]}
{"level":"info","ts":"2026-01-13T16:47:37-08:00","logger":"ServerlessServiceReconciler.seed","msg":"podscalable visible to lister","resource":"deployments","namespace":"default","name":"kamera-test-deployment","stage":"podscalable-lister","object":{"apiVersion":"autoscaling.internal.knative.dev/v1alpha1","kind":"PodScalable","namespace":"default","name":"kamera-test-deployment"}}
{"level":"info","ts":1768351657.880605,"logger":"fallback","caller":"serverlessservice/serverlessservice.go:217","msg":"SKS is in Proxy mode; has 0 endpoints in kamera-test-private; 1 activator endpoints"}
{"level":"info","ts":1768351657.880658,"logger":"fallback","caller":"serverlessservice/serverlessservice.go:245","msg":"Forcing SKS into Proxy mode, insufficient ready endpoints."}
{"level":"info","ts":1768351657.880675,"logger":"fallback","caller":"serverlessservice/serverlessservice.go:265","msg":"Public endpoints object does not exist; creating."}
{"level":"info","ts":1768351657.880695,"logger":"fallback","caller":"serverlessservice/controller.go:90","msg":"Doing a global resync due to activator endpoint changes"}
{"level":"info","ts":1768351657.880988,"logger":"fallback","caller":"serverlessservice/serverlessservice.go:270","msg":"Created K8s Endpoints: kamera-test"}
{"level":"info","ts":1768351657.881012,"logger":"fallback","caller":"serverlessservice/serverlessservice.go:290","msg":"No ready endpoints backing revision"}
{"level":"info","ts":"2026-01-13T16:47:37-08:00","logger":"ServerlessServiceReconciler.reconcile","msg":"reconcile completed","key":"default/kamera-test","reconciler":"knative.dev.serving.pkg.reconciler.serverlessservice.reconciler","requeue":false,"requeueAfter":0}
{"level":"info","ts":"2026-01-13T16:47:37-08:00","logger":"tracecheck","msg":"Taking reconcile step","Depth":30,"# Distinct States":383,"Total States":386,"Resource States":70}
{"level":"info","ts":"2026-01-13T16:47:37-08:00","logger":"tracecheck","msg":"Taking reconcile step","Depth":31,"# Distinct States":384,"Total States":387,"Resource States":70}
{"level":"info","ts":"2026-01-13T16:47:37-08:00","logger":"tracecheck","msg":"Taking reconcile step","Depth":32,"# Distinct States":385,"Total States":388,"Resource States":70}
{"level":"info","ts":"2026-01-13T16:47:37-08:00","logger":"tracecheck","msg":"updated pod status","Depth":32,"# Distinct States":385,"Total States":388,"Resource States":70,"phase":"Running","pod":{"name":"kamera-test-deployment-1488584584-0","namespace":"default"}}
{"level":"info","ts":"2026-01-13T16:47:37-08:00","logger":"tracecheck","msg":"Taking reconcile step","Depth":33,"# Distinct States":386,"Total States":389,"Resource States":70}
{"level":"info","ts":"2026-01-13T16:47:37-08:00","logger":"tracecheck","msg":"Updated Deployment status","Depth":33,"# Distinct States":386,"Total States":389,"Resource States":70,"name":"kamera-test-deployment"}
{"level":"info","ts":"2026-01-13T16:47:37-08:00","logger":"tracecheck","msg":"Taking reconcile step","Depth":34,"# Distinct States":387,"Total States":390,"Resource States":70}
{"level":"info","ts":"2026-01-13T16:47:37-08:00","logger":"tracecheck","msg":"Taking reconcile step","Depth":35,"# Distinct States":388,"Total States":391,"Resource States":70}
{"level":"info","ts":"2026-01-13T16:47:37-08:00","logger":"tracecheck","msg":"Taking reconcile step","Depth":36,"# Distinct States":389,"Total States":392,"Resource States":70}
{"level":"info","ts":"2026-01-13T16:47:38-08:00","logger":"KPAReconciler.seed","msg":"added podscalable to informer","resource":"deployments","namespace":"default","name":"kamera-test-deployment","stage":"podscalable-add","keys":["default/kamera-test-deployment"]}
{"level":"info","ts":"2026-01-13T16:47:38-08:00","logger":"KPAReconciler.seed","msg":"podscalable visible to lister","resource":"deployments","namespace":"default","name":"kamera-test-deployment","stage":"podscalable-lister","object":{"apiVersion":"autoscaling.internal.knative.dev/v1alpha1","kind":"PodScalable","namespace":"default","name":"kamera-test-deployment"}}
{"level":"info","ts":1768351658.010858,"logger":"fallback","caller":"kpa/controller.go:77","msg":"Setting up ConfigMap receivers"}
{"level":"info","ts":1768351658.011059,"logger":"fallback","caller":"kpa/controller.go:91","msg":"Setting up KPA-Class event handlers"}
{"level":"info","ts":1768351658.011266,"logger":"fallback","caller":"kpa/kpa.go:158","msg":"SKS should be in Proxy mode: want = -1, ebc = 0, #act's = 2 PA Inactive? = false"}
{"level":"info","ts":1768351658.011331,"logger":"fallback","caller":"kpa/kpa.go:178","msg":"PA scale got=0, want=-1, desiredPods=0 ebc=0"}
{"level":"info","ts":1768351658.01135,"logger":"fallback","caller":"kpa/kpa.go:188","msg":"Observed pod counts=kpa.podCounts{want:-1, ready:0, notReady:1, pending:0, terminating:0}"}
{"level":"info","ts":"2026-01-13T16:47:38-08:00","logger":"KPAReconciler.reconcile","msg":"reconcile completed","key":"default/kamera-test","reconciler":"knative.dev.serving.pkg.reconciler.autoscaling.kpa.Reconciler","requeue":false,"requeueAfter":0}
{"level":"info","ts":"2026-01-13T16:47:38-08:00","logger":"tracecheck","msg":"Taking reconcile step","Depth":37,"# Distinct States":390,"Total States":393,"Resource States":70}
{"level":"info","ts":"2026-01-13T16:47:38-08:00","logger":"tracecheck","msg":"Taking reconcile step","Depth":38,"# Distinct States":391,"Total States":394,"Resource States":70}
{"level":"info","ts":"2026-01-13T16:47:38-08:00","logger":"ConfigurationReconciler.seed","msg":"added podscalable to informer","resource":"deployments","namespace":"default","name":"kamera-test-deployment","stage":"podscalable-add","keys":["default/kamera-test-deployment"]}
{"level":"info","ts":"2026-01-13T16:47:38-08:00","logger":"ConfigurationReconciler.seed","msg":"podscalable visible to lister","resource":"deployments","namespace":"default","name":"kamera-test-deployment","stage":"podscalable-lister","object":{"apiVersion":"autoscaling.internal.knative.dev/v1alpha1","kind":"PodScalable","namespace":"default","name":"kamera-test-deployment"}}
{"level":"info","ts":1768351658.122401,"logger":"fallback","caller":"configuration/configuration.go:103","msg":"Revision \"kamera-test\" of configuration is not ready"}
{"level":"info","ts":"2026-01-13T16:47:38-08:00","logger":"ConfigurationReconciler.reconcile","msg":"reconcile completed","key":"default/demo","reconciler":"knative.dev.serving.pkg.reconciler.configuration.Reconciler","requeue":false,"requeueAfter":0}
{"level":"info","ts":"2026-01-13T16:47:38-08:00","logger":"tracecheck","msg":"Taking reconcile step","Depth":39,"# Distinct States":392,"Total States":395,"Resource States":70}
{"level":"info","ts":"2026-01-13T16:47:38-08:00","logger":"ServerlessServiceReconciler.seed","msg":"added podscalable to informer","resource":"deployments","namespace":"default","name":"kamera-test-deployment","stage":"podscalable-add","keys":["default/kamera-test-deployment"]}
{"level":"info","ts":"2026-01-13T16:47:38-08:00","logger":"ServerlessServiceReconciler.seed","msg":"podscalable visible to lister","resource":"deployments","namespace":"default","name":"kamera-test-deployment","stage":"podscalable-lister","object":{"apiVersion":"autoscaling.internal.knative.dev/v1alpha1","kind":"PodScalable","namespace":"default","name":"kamera-test-deployment"}}
{"level":"info","ts":1768351658.2312489,"logger":"fallback","caller":"serverlessservice/controller.go:90","msg":"Doing a global resync due to activator endpoint changes"}
{"level":"info","ts":1768351658.231244,"logger":"fallback","caller":"serverlessservice/serverlessservice.go:217","msg":"SKS is in Proxy mode; has 0 endpoints in kamera-test-private; 1 activator endpoints"}
{"level":"info","ts":1768351658.2313018,"logger":"fallback","caller":"serverlessservice/serverlessservice.go:245","msg":"Forcing SKS into Proxy mode, insufficient ready endpoints."}
{"level":"info","ts":1768351658.231337,"logger":"fallback","caller":"serverlessservice/serverlessservice.go:290","msg":"No ready endpoints backing revision"}
{"level":"info","ts":"2026-01-13T16:47:38-08:00","logger":"ServerlessServiceReconciler.reconcile","msg":"reconcile completed","key":"default/kamera-test","reconciler":"knative.dev.serving.pkg.reconciler.serverlessservice.reconciler","requeue":false,"requeueAfter":0}
{"level":"info","ts":"2026-01-13T16:47:38-08:00","logger":"tracecheck","msg":"Taking reconcile step","Depth":40,"# Distinct States":393,"Total States":396,"Resource States":70}
{"level":"info","ts":"2026-01-13T16:47:38-08:00","logger":"tracecheck","msg":"updated pod status","Depth":40,"# Distinct States":393,"Total States":396,"Resource States":70,"phase":"Running","pod":{"name":"kamera-test-deployment-1488584584-0","namespace":"default"}}
{"level":"info","ts":"2026-01-13T16:47:38-08:00","logger":"tracecheck","msg":"Taking reconcile step","Depth":41,"# Distinct States":394,"Total States":397,"Resource States":70}
{"level":"info","ts":"2026-01-13T16:47:38-08:00","logger":"tracecheck","msg":"Taking reconcile step","Depth":14,"# Distinct States":395,"Total States":398,"Resource States":70}
{"level":"info","ts":"2026-01-13T16:47:38-08:00","logger":"RevisionReconciler.seed","msg":"added podscalable to informer","resource":"deployments","namespace":"default","name":"kamera-test-deployment","stage":"podscalable-add","keys":["default/kamera-test-deployment"]}
{"level":"info","ts":"2026-01-13T16:47:38-08:00","logger":"RevisionReconciler.seed","msg":"podscalable visible to lister","resource":"deployments","namespace":"default","name":"kamera-test-deployment","stage":"podscalable-lister","object":{"apiVersion":"autoscaling.internal.knative.dev/v1alpha1","kind":"PodScalable","namespace":"default","name":"kamera-test-deployment"}}
{"level":"error","ts":1768351658.35467,"logger":"fallback","caller":"revision/controller.go:116","msg":"Failed to create resolver transport","error":"open /var/run/secrets/kubernetes.io/serviceaccount/ca.crt: no such file or directory","stacktrace":"knative.dev/serving/pkg/reconciler/revision.newControllerWithOptions\n\t/Users/tgoodwin/tmp/gomodcache/knative.dev/serving@v0.46.5/pkg/reconciler/revision/controller.go:116\nknative.dev/serving/pkg/reconciler/revision.NewController\n\t/Users/tgoodwin/tmp/gomodcache/knative.dev/serving@v0.46.5/pkg/reconciler/revision/controller.go:64\nmain.configureKnativeExplorer.func1.1\n\t/Users/tgoodwin/projects/kamera/examples/knative-serving/scenario.go:91\ngithub.com/tgoodwin/kamera/examples/knative-serving/knative.NewKnativeStrategy.func1\n\t/Users/tgoodwin/projects/kamera/examples/knative-serving/knative/harness.go:555\ngithub.com/tgoodwin/kamera/examples/knative-serving/knative.(*KnativeStrategy).ReconcileAtState\n\t/Users/tgoodwin/projects/kamera/examples/knative-serving/knative/harness.go:895\ngithub.com/tgoodwin/kamera/pkg/tracecheck.(*ReconcilerContainer).doReconcile\n\t/Users/tgoodwin/projects/kamera/pkg/tracecheck/reconciler.go:164\ngithub.com/tgoodwin/kamera/pkg/tracecheck.(*Explorer).reconcileAtState\n\t/Users/tgoodwin/projects/kamera/pkg/tracecheck/explore.go:1313\ngithub.com/tgoodwin/kamera/pkg/tracecheck.(*Explorer).takeReconcileStep\n\t/Users/tgoodwin/projects/kamera/pkg/tracecheck/explore.go:1228\ngithub.com/tgoodwin/kamera/pkg/tracecheck.(*Explorer).explore\n\t/Users/tgoodwin/projects/kamera/pkg/tracecheck/explore.go:790\ngithub.com/tgoodwin/kamera/pkg/tracecheck.(*Explorer).Explore.func1\n\t/Users/tgoodwin/projects/kamera/pkg/tracecheck/explore.go:330"}
{"level":"info","ts":1768351658.355794,"logger":"fallback","caller":"revision/reconcile_resources.go:161","msg":"Reconciling PA: kamera-test"}
{"level":"info","ts":"2026-01-13T16:47:38-08:00","logger":"RevisionReconciler.reconcile","msg":"reconcile completed","key":"default/kamera-test","reconciler":"knative.dev.serving.pkg.reconciler.revision.Reconciler","requeue":false,"requeueAfter":0}
{"level":"info","ts":"2026-01-13T16:47:38-08:00","logger":"tracecheck","msg":"Taking reconcile step","Depth":15,"# Distinct States":396,"Total States":399,"Resource States":70}
{"level":"info","ts":"2026-01-13T16:47:38-08:00","logger":"tracecheck","msg":"Taking reconcile step","Depth":16,"# Distinct States":397,"Total States":400,"Resource States":70}
{"level":"info","ts":"2026-01-13T16:47:38-08:00","logger":"tracecheck","msg":"Creating pods","Depth":16,"# Distinct States":397,"Total States":400,"Resource States":70,"count":1}
{"level":"info","ts":"2026-01-13T16:47:38-08:00","logger":"tracecheck","msg":"Updated ReplicaSet status","Depth":16,"# Distinct States":397,"Total States":400,"Resource States":70,"name":"kamera-test-deployment-1488584584"}
{"level":"info","ts":"2026-01-13T16:47:38-08:00","logger":"tracecheck","msg":"Taking reconcile step","Depth":17,"# Distinct States":398,"Total States":401,"Resource States":70}
{"level":"info","ts":"2026-01-13T16:47:38-08:00","logger":"tracecheck","msg":"Taking reconcile step","Depth":18,"# Distinct States":399,"Total States":402,"Resource States":70}
{"level":"info","ts":"2026-01-13T16:47:38-08:00","logger":"KPAReconciler.seed","msg":"added podscalable to informer","resource":"deployments","namespace":"default","name":"kamera-test-deployment","stage":"podscalable-add","keys":["default/kamera-test-deployment"]}
{"level":"info","ts":"2026-01-13T16:47:38-08:00","logger":"KPAReconciler.seed","msg":"podscalable visible to lister","resource":"deployments","namespace":"default","name":"kamera-test-deployment","stage":"podscalable-lister","object":{"apiVersion":"autoscaling.internal.knative.dev/v1alpha1","kind":"PodScalable","namespace":"default","name":"kamera-test-deployment"}}
{"level":"info","ts":1768351658.475447,"logger":"fallback","caller":"kpa/controller.go:77","msg":"Setting up ConfigMap receivers"}
{"level":"info","ts":1768351658.475637,"logger":"fallback","caller":"kpa/controller.go:91","msg":"Setting up KPA-Class event handlers"}
{"level":"info","ts":"2026-01-13T16:47:38-08:00","logger":"KPAReconciler.reconcile","msg":"reconcile completed","key":"default/kamera-test","reconciler":"knative.dev.serving.pkg.reconciler.autoscaling.kpa.Reconciler","requeue":false,"requeueAfter":0}
{"level":"info","ts":"2026-01-13T16:47:38-08:00","logger":"tracecheck","msg":"Taking reconcile step","Depth":19,"# Distinct States":400,"Total States":403,"Resource States":70}
{"level":"info","ts":"2026-01-13T16:47:38-08:00","logger":"ServerlessServiceReconciler.seed","msg":"added podscalable to informer","resource":"deployments","namespace":"default","name":"kamera-test-deployment","stage":"podscalable-add","keys":["default/kamera-test-deployment"]}
{"level":"info","ts":"2026-01-13T16:47:38-08:00","logger":"ServerlessServiceReconciler.seed","msg":"podscalable visible to lister","resource":"deployments","namespace":"default","name":"kamera-test-deployment","stage":"podscalable-lister","object":{"apiVersion":"autoscaling.internal.knative.dev/v1alpha1","kind":"PodScalable","namespace":"default","name":"kamera-test-deployment"}}
{"level":"info","ts":1768351658.58368,"logger":"fallback","caller":"serverlessservice/controller.go:90","msg":"Doing a global resync due to activator endpoint changes"}
{"level":"info","ts":1768351658.58369,"logger":"fallback","caller":"serverlessservice/serverlessservice.go:316","msg":"SKS has no private service; creating."}
{"level":"info","ts":1768351658.583979,"logger":"fallback","caller":"serverlessservice/serverlessservice.go:323","msg":"Created private K8s service: kamera-test-private"}
{"level":"info","ts":1768351658.5839942,"logger":"fallback","caller":"serverlessservice/serverlessservice.go:97","msg":"K8s public service does not exist; creating."}
{"level":"info","ts":1768351658.584178,"logger":"fallback","caller":"serverlessservice/serverlessservice.go:105","msg":"Created public K8s service: kamera-test"}
{"level":"error","ts":1768351658.584373,"logger":"fallback","caller":"serverlessservice/reconciler.go:303","msg":"Returned an error","targetMethod":"ReconcileKind","error":"failed to get private K8s Service endpoints: endpoints \"kamera-test-private\" not found","stacktrace":"knative.dev/networking/pkg/client/injection/reconciler/networking/v1alpha1/serverlessservice.(*reconcilerImpl).Reconcile\n\t/Users/tgoodwin/tmp/gomodcache/knative.dev/networking@v0.0.0-20250909015233-e3b68fc57bea/pkg/client/injection/reconciler/networking/v1alpha1/serverlessservice/reconciler.go:303\ngithub.com/tgoodwin/kamera/examples/knative-serving/knative.(*KnativeStrategy).ReconcileAtState\n\t/Users/tgoodwin/projects/kamera/examples/knative-serving/knative/harness.go:905\ngithub.com/tgoodwin/kamera/pkg/tracecheck.(*ReconcilerContainer).doReconcile\n\t/Users/tgoodwin/projects/kamera/pkg/tracecheck/reconciler.go:164\ngithub.com/tgoodwin/kamera/pkg/tracecheck.(*Explorer).reconcileAtState\n\t/Users/tgoodwin/projects/kamera/pkg/tracecheck/explore.go:1313\ngithub.com/tgoodwin/kamera/pkg/tracecheck.(*Explorer).takeReconcileStep\n\t/Users/tgoodwin/projects/kamera/pkg/tracecheck/explore.go:1228\ngithub.com/tgoodwin/kamera/pkg/tracecheck.(*Explorer).explore\n\t/Users/tgoodwin/projects/kamera/pkg/tracecheck/explore.go:790\ngithub.com/tgoodwin/kamera/pkg/tracecheck.(*Explorer).Explore.func1\n\t/Users/tgoodwin/projects/kamera/pkg/tracecheck/explore.go:330"}
{"level":"info","ts":"2026-01-13T16:47:38-08:00","logger":"ServerlessServiceReconciler.reconcile","msg":"transient not found; requeueing","key":"default/kamera-test","reconciler":"knative.dev.serving.pkg.reconciler.serverlessservice.reconciler","error":"failed to get private K8s Service endpoints: endpoints \"kamera-test-private\" not found"}
{"level":"info","ts":"2026-01-13T16:47:38-08:00","logger":"tracecheck","msg":"Taking reconcile step","Depth":12,"# Distinct States":402,"Total States":406,"Resource States":70}
{"level":"info","ts":"2026-01-13T16:47:38-08:00","logger":"RevisionReconciler.seed","msg":"added podscalable to informer","resource":"deployments","namespace":"default","name":"kamera-test-deployment","stage":"podscalable-add","keys":["default/kamera-test-deployment"]}
{"level":"info","ts":"2026-01-13T16:47:38-08:00","logger":"RevisionReconciler.seed","msg":"podscalable visible to lister","resource":"deployments","namespace":"default","name":"kamera-test-deployment","stage":"podscalable-lister","object":{"apiVersion":"autoscaling.internal.knative.dev/v1alpha1","kind":"PodScalable","namespace":"default","name":"kamera-test-deployment"}}
{"level":"error","ts":1768351658.69277,"logger":"fallback","caller":"revision/controller.go:116","msg":"Failed to create resolver transport","error":"open /var/run/secrets/kubernetes.io/serviceaccount/ca.crt: no such file or directory","stacktrace":"knative.dev/serving/pkg/reconciler/revision.newControllerWithOptions\n\t/Users/tgoodwin/tmp/gomodcache/knative.dev/serving@v0.46.5/pkg/reconciler/revision/controller.go:116\nknative.dev/serving/pkg/reconciler/revision.NewController\n\t/Users/tgoodwin/tmp/gomodcache/knative.dev/serving@v0.46.5/pkg/reconciler/revision/controller.go:64\nmain.configureKnativeExplorer.func1.1\n\t/Users/tgoodwin/projects/kamera/examples/knative-serving/scenario.go:91\ngithub.com/tgoodwin/kamera/examples/knative-serving/knative.NewKnativeStrategy.func1\n\t/Users/tgoodwin/projects/kamera/examples/knative-serving/knative/harness.go:555\ngithub.com/tgoodwin/kamera/examples/knative-serving/knative.(*KnativeStrategy).ReconcileAtState\n\t/Users/tgoodwin/projects/kamera/examples/knative-serving/knative/harness.go:895\ngithub.com/tgoodwin/kamera/pkg/tracecheck.(*ReconcilerContainer).doReconcile\n\t/Users/tgoodwin/projects/kamera/pkg/tracecheck/reconciler.go:164\ngithub.com/tgoodwin/kamera/pkg/tracecheck.(*Explorer).reconcileAtState\n\t/Users/tgoodwin/projects/kamera/pkg/tracecheck/explore.go:1313\ngithub.com/tgoodwin/kamera/pkg/tracecheck.(*Explorer).takeReconcileStep\n\t/Users/tgoodwin/projects/kamera/pkg/tracecheck/explore.go:1228\ngithub.com/tgoodwin/kamera/pkg/tracecheck.(*Explorer).explore\n\t/Users/tgoodwin/projects/kamera/pkg/tracecheck/explore.go:790\ngithub.com/tgoodwin/kamera/pkg/tracecheck.(*Explorer).Explore.func1\n\t/Users/tgoodwin/projects/kamera/pkg/tracecheck/explore.go:330"}
{"level":"info","ts":1768351658.693532,"logger":"fallback","caller":"revision/reconcile_resources.go:161","msg":"Reconciling PA: kamera-test"}
{"level":"info","ts":"2026-01-13T16:47:38-08:00","logger":"RevisionReconciler.reconcile","msg":"reconcile completed","key":"default/kamera-test","reconciler":"knative.dev.serving.pkg.reconciler.revision.Reconciler","requeue":false,"requeueAfter":0}
{"level":"info","ts":"2026-01-13T16:47:38-08:00","logger":"tracecheck","msg":"Taking reconcile step","Depth":13,"# Distinct States":403,"Total States":407,"Resource States":70}
{"level":"info","ts":"2026-01-13T16:47:38-08:00","logger":"KPAReconciler.seed","msg":"added podscalable to informer","resource":"deployments","namespace":"default","name":"kamera-test-deployment","stage":"podscalable-add","keys":["default/kamera-test-deployment"]}
{"level":"info","ts":"2026-01-13T16:47:38-08:00","logger":"KPAReconciler.seed","msg":"podscalable visible to lister","resource":"deployments","namespace":"default","name":"kamera-test-deployment","stage":"podscalable-lister","object":{"apiVersion":"autoscaling.internal.knative.dev/v1alpha1","kind":"PodScalable","namespace":"default","name":"kamera-test-deployment"}}
{"level":"info","ts":1768351658.8024719,"logger":"fallback","caller":"kpa/controller.go:77","msg":"Setting up ConfigMap receivers"}
{"level":"info","ts":1768351658.8027039,"logger":"fallback","caller":"kpa/controller.go:91","msg":"Setting up KPA-Class event handlers"}
{"level":"info","ts":1768351658.802867,"logger":"fallback","caller":"autoscaling/reconciler.go:56","msg":"SKS does not exist; creating."}
{"level":"info","ts":1768351658.803145,"logger":"fallback","caller":"autoscaling/reconciler.go:61","msg":"Created SKS"}
{"level":"info","ts":"2026-01-13T16:47:38-08:00","logger":"KPAReconciler.reconcile","msg":"reconcile completed","key":"default/kamera-test","reconciler":"knative.dev.serving.pkg.reconciler.autoscaling.kpa.Reconciler","requeue":false,"requeueAfter":0}
{"level":"info","ts":"2026-01-13T16:47:38-08:00","logger":"tracecheck","msg":"Taking reconcile step","Depth":14,"# Distinct States":404,"Total States":408,"Resource States":70}
{"level":"info","ts":"2026-01-13T16:47:38-08:00","logger":"tracecheck","msg":"Taking reconcile step","Depth":15,"# Distinct States":405,"Total States":409,"Resource States":70}
{"level":"info","ts":"2026-01-13T16:47:38-08:00","logger":"tracecheck","msg":"Creating pods","Depth":15,"# Distinct States":405,"Total States":409,"Resource States":70,"count":1}
{"level":"info","ts":"2026-01-13T16:47:38-08:00","logger":"tracecheck","msg":"Updated ReplicaSet status","Depth":15,"# Distinct States":405,"Total States":409,"Resource States":70,"name":"kamera-test-deployment-1488584584"}
{"level":"info","ts":"2026-01-13T16:47:38-08:00","logger":"tracecheck","msg":"Taking reconcile step","Depth":16,"# Distinct States":406,"Total States":410,"Resource States":71}
{"level":"info","ts":"2026-01-13T16:47:38-08:00","logger":"tracecheck","msg":"Taking reconcile step","Depth":17,"# Distinct States":407,"Total States":411,"Resource States":71}
{"level":"info","ts":"2026-01-13T16:47:38-08:00","logger":"KPAReconciler.seed","msg":"added podscalable to informer","resource":"deployments","namespace":"default","name":"kamera-test-deployment","stage":"podscalable-add","keys":["default/kamera-test-deployment"]}
{"level":"info","ts":"2026-01-13T16:47:38-08:00","logger":"KPAReconciler.seed","msg":"podscalable visible to lister","resource":"deployments","namespace":"default","name":"kamera-test-deployment","stage":"podscalable-lister","object":{"apiVersion":"autoscaling.internal.knative.dev/v1alpha1","kind":"PodScalable","namespace":"default","name":"kamera-test-deployment"}}
{"level":"info","ts":1768351658.923152,"logger":"fallback","caller":"kpa/controller.go:77","msg":"Setting up ConfigMap receivers"}
{"level":"info","ts":1768351658.923383,"logger":"fallback","caller":"kpa/controller.go:91","msg":"Setting up KPA-Class event handlers"}
{"level":"info","ts":"2026-01-13T16:47:38-08:00","logger":"KPAReconciler.reconcile","msg":"reconcile completed","key":"default/kamera-test","reconciler":"knative.dev.serving.pkg.reconciler.autoscaling.kpa.Reconciler","requeue":false,"requeueAfter":0}
{"level":"info","ts":"2026-01-13T16:47:38-08:00","logger":"tracecheck","msg":"Taking reconcile step","Depth":18,"# Distinct States":408,"Total States":412,"Resource States":71}
{"level":"info","ts":"2026-01-13T16:47:39-08:00","logger":"RevisionReconciler.seed","msg":"added podscalable to informer","resource":"deployments","namespace":"default","name":"kamera-test-deployment","stage":"podscalable-add","keys":["default/kamera-test-deployment"]}
{"level":"info","ts":"2026-01-13T16:47:39-08:00","logger":"RevisionReconciler.seed","msg":"podscalable visible to lister","resource":"deployments","namespace":"default","name":"kamera-test-deployment","stage":"podscalable-lister","object":{"apiVersion":"autoscaling.internal.knative.dev/v1alpha1","kind":"PodScalable","namespace":"default","name":"kamera-test-deployment"}}
{"level":"error","ts":1768351659.033174,"logger":"fallback","caller":"revision/controller.go:116","msg":"Failed to create resolver transport","error":"open /var/run/secrets/kubernetes.io/serviceaccount/ca.crt: no such file or directory","stacktrace":"knative.dev/serving/pkg/reconciler/revision.newControllerWithOptions\n\t/Users/tgoodwin/tmp/gomodcache/knative.dev/serving@v0.46.5/pkg/reconciler/revision/controller.go:116\nknative.dev/serving/pkg/reconciler/revision.NewController\n\t/Users/tgoodwin/tmp/gomodcache/knative.dev/serving@v0.46.5/pkg/reconciler/revision/controller.go:64\nmain.configureKnativeExplorer.func1.1\n\t/Users/tgoodwin/projects/kamera/examples/knative-serving/scenario.go:91\ngithub.com/tgoodwin/kamera/examples/knative-serving/knative.NewKnativeStrategy.func1\n\t/Users/tgoodwin/projects/kamera/examples/knative-serving/knative/harness.go:555\ngithub.com/tgoodwin/kamera/examples/knative-serving/knative.(*KnativeStrategy).ReconcileAtState\n\t/Users/tgoodwin/projects/kamera/examples/knative-serving/knative/harness.go:895\ngithub.com/tgoodwin/kamera/pkg/tracecheck.(*ReconcilerContainer).doReconcile\n\t/Users/tgoodwin/projects/kamera/pkg/tracecheck/reconciler.go:164\ngithub.com/tgoodwin/kamera/pkg/tracecheck.(*Explorer).reconcileAtState\n\t/Users/tgoodwin/projects/kamera/pkg/tracecheck/explore.go:1313\ngithub.com/tgoodwin/kamera/pkg/tracecheck.(*Explorer).takeReconcileStep\n\t/Users/tgoodwin/projects/kamera/pkg/tracecheck/explore.go:1228\ngithub.com/tgoodwin/kamera/pkg/tracecheck.(*Explorer).explore\n\t/Users/tgoodwin/projects/kamera/pkg/tracecheck/explore.go:790\ngithub.com/tgoodwin/kamera/pkg/tracecheck.(*Explorer).Explore.func1\n\t/Users/tgoodwin/projects/kamera/pkg/tracecheck/explore.go:330"}
{"level":"info","ts":1768351659.034066,"logger":"fallback","caller":"revision/reconcile_resources.go:161","msg":"Reconciling PA: kamera-test"}
{"level":"info","ts":"2026-01-13T16:47:39-08:00","logger":"RevisionReconciler.reconcile","msg":"reconcile completed","key":"default/kamera-test","reconciler":"knative.dev.serving.pkg.reconciler.revision.Reconciler","requeue":false,"requeueAfter":0}
{"level":"info","ts":"2026-01-13T16:47:39-08:00","logger":"tracecheck","msg":"Taking reconcile step","Depth":19,"# Distinct States":409,"Total States":413,"Resource States":71}
{"level":"info","ts":"2026-01-13T16:47:39-08:00","logger":"ServerlessServiceReconciler.seed","msg":"added podscalable to informer","resource":"deployments","namespace":"default","name":"kamera-test-deployment","stage":"podscalable-add","keys":["default/kamera-test-deployment"]}
{"level":"info","ts":"2026-01-13T16:47:39-08:00","logger":"ServerlessServiceReconciler.seed","msg":"podscalable visible to lister","resource":"deployments","namespace":"default","name":"kamera-test-deployment","stage":"podscalable-lister","object":{"apiVersion":"autoscaling.internal.knative.dev/v1alpha1","kind":"PodScalable","namespace":"default","name":"kamera-test-deployment"}}
{"level":"info","ts":1768351659.146589,"logger":"fallback","caller":"serverlessservice/serverlessservice.go:316","msg":"SKS has no private service; creating."}
{"level":"info","ts":1768351659.1469052,"logger":"fallback","caller":"serverlessservice/controller.go:90","msg":"Doing a global resync due to activator endpoint changes"}
{"level":"info","ts":1768351659.147242,"logger":"fallback","caller":"serverlessservice/serverlessservice.go:323","msg":"Created private K8s service: kamera-test-private"}
{"level":"info","ts":1768351659.1473029,"logger":"fallback","caller":"serverlessservice/serverlessservice.go:97","msg":"K8s public service does not exist; creating."}
{"level":"info","ts":1768351659.147645,"logger":"fallback","caller":"serverlessservice/serverlessservice.go:105","msg":"Created public K8s service: kamera-test"}
{"level":"error","ts":1768351659.148031,"logger":"fallback","caller":"serverlessservice/reconciler.go:303","msg":"Returned an error","targetMethod":"ReconcileKind","error":"failed to get private K8s Service endpoints: endpoints \"kamera-test-private\" not found","stacktrace":"knative.dev/networking/pkg/client/injection/reconciler/networking/v1alpha1/serverlessservice.(*reconcilerImpl).Reconcile\n\t/Users/tgoodwin/tmp/gomodcache/knative.dev/networking@v0.0.0-20250909015233-e3b68fc57bea/pkg/client/injection/reconciler/networking/v1alpha1/serverlessservice/reconciler.go:303\ngithub.com/tgoodwin/kamera/examples/knative-serving/knative.(*KnativeStrategy).ReconcileAtState\n\t/Users/tgoodwin/projects/kamera/examples/knative-serving/knative/harness.go:905\ngithub.com/tgoodwin/kamera/pkg/tracecheck.(*ReconcilerContainer).doReconcile\n\t/Users/tgoodwin/projects/kamera/pkg/tracecheck/reconciler.go:164\ngithub.com/tgoodwin/kamera/pkg/tracecheck.(*Explorer).reconcileAtState\n\t/Users/tgoodwin/projects/kamera/pkg/tracecheck/explore.go:1313\ngithub.com/tgoodwin/kamera/pkg/tracecheck.(*Explorer).takeReconcileStep\n\t/Users/tgoodwin/projects/kamera/pkg/tracecheck/explore.go:1228\ngithub.com/tgoodwin/kamera/pkg/tracecheck.(*Explorer).explore\n\t/Users/tgoodwin/projects/kamera/pkg/tracecheck/explore.go:790\ngithub.com/tgoodwin/kamera/pkg/tracecheck.(*Explorer).Explore.func1\n\t/Users/tgoodwin/projects/kamera/pkg/tracecheck/explore.go:330"}
{"level":"info","ts":"2026-01-13T16:47:39-08:00","logger":"ServerlessServiceReconciler.reconcile","msg":"transient not found; requeueing","key":"default/kamera-test","reconciler":"knative.dev.serving.pkg.reconciler.serverlessservice.reconciler","error":"failed to get private K8s Service endpoints: endpoints \"kamera-test-private\" not found"}
{"level":"info","ts":"2026-01-13T16:47:39-08:00","logger":"tracecheck","msg":"Taking reconcile step","Depth":20,"# Distinct States":410,"Total States":414,"Resource States":71}
{"level":"info","ts":"2026-01-13T16:47:39-08:00","logger":"tracecheck","msg":"Taking reconcile step","Depth":21,"# Distinct States":411,"Total States":415,"Resource States":71}
{"level":"info","ts":"2026-01-13T16:47:39-08:00","logger":"tracecheck","msg":"updated pod status","Depth":21,"# Distinct States":411,"Total States":415,"Resource States":71,"phase":"Pending","pod":{"name":"kamera-test-deployment-1488584584-0","namespace":"default"}}
{"level":"info","ts":"2026-01-13T16:47:39-08:00","logger":"tracecheck","msg":"Taking reconcile step","Depth":22,"# Distinct States":412,"Total States":416,"Resource States":71}
{"level":"info","ts":"2026-01-13T16:47:39-08:00","logger":"tracecheck","msg":"Updated ReplicaSet status","Depth":22,"# Distinct States":412,"Total States":416,"Resource States":71,"name":"kamera-test-deployment-1488584584"}
{"level":"info","ts":"2026-01-13T16:47:39-08:00","logger":"tracecheck","msg":"Taking reconcile step","Depth":23,"# Distinct States":413,"Total States":417,"Resource States":71}
{"level":"info","ts":"2026-01-13T16:47:39-08:00","logger":"ConfigurationReconciler.seed","msg":"added podscalable to informer","resource":"deployments","namespace":"default","name":"kamera-test-deployment","stage":"podscalable-add","keys":["default/kamera-test-deployment"]}
{"level":"info","ts":"2026-01-13T16:47:39-08:00","logger":"ConfigurationReconciler.seed","msg":"podscalable visible to lister","resource":"deployments","namespace":"default","name":"kamera-test-deployment","stage":"podscalable-lister","object":{"apiVersion":"autoscaling.internal.knative.dev/v1alpha1","kind":"PodScalable","namespace":"default","name":"kamera-test-deployment"}}
{"level":"info","ts":1768351659.278035,"logger":"fallback","caller":"configuration/configuration.go:103","msg":"Revision \"kamera-test\" of configuration is not ready"}
{"level":"info","ts":"2026-01-13T16:47:39-08:00","logger":"ConfigurationReconciler.reconcile","msg":"reconcile completed","key":"default/demo","reconciler":"knative.dev.serving.pkg.reconciler.configuration.Reconciler","requeue":false,"requeueAfter":0}
{"level":"info","ts":"2026-01-13T16:47:39-08:00","logger":"tracecheck","msg":"Taking reconcile step","Depth":24,"# Distinct States":414,"Total States":418,"Resource States":71}
{"level":"info","ts":"2026-01-13T16:47:39-08:00","logger":"tracecheck","msg":"Taking reconcile step","Depth":25,"# Distinct States":415,"Total States":419,"Resource States":71}
{"level":"info","ts":"2026-01-13T16:47:39-08:00","logger":"RevisionReconciler.seed","msg":"added podscalable to informer","resource":"deployments","namespace":"default","name":"kamera-test-deployment","stage":"podscalable-add","keys":["default/kamera-test-deployment"]}
{"level":"info","ts":"2026-01-13T16:47:39-08:00","logger":"RevisionReconciler.seed","msg":"podscalable visible to lister","resource":"deployments","namespace":"default","name":"kamera-test-deployment","stage":"podscalable-lister","object":{"apiVersion":"autoscaling.internal.knative.dev/v1alpha1","kind":"PodScalable","namespace":"default","name":"kamera-test-deployment"}}
{"level":"error","ts":1768351659.388941,"logger":"fallback","caller":"revision/controller.go:116","msg":"Failed to create resolver transport","error":"open /var/run/secrets/kubernetes.io/serviceaccount/ca.crt: no such file or directory","stacktrace":"knative.dev/serving/pkg/reconciler/revision.newControllerWithOptions\n\t/Users/tgoodwin/tmp/gomodcache/knative.dev/serving@v0.46.5/pkg/reconciler/revision/controller.go:116\nknative.dev/serving/pkg/reconciler/revision.NewController\n\t/Users/tgoodwin/tmp/gomodcache/knative.dev/serving@v0.46.5/pkg/reconciler/revision/controller.go:64\nmain.configureKnativeExplorer.func1.1\n\t/Users/tgoodwin/projects/kamera/examples/knative-serving/scenario.go:91\ngithub.com/tgoodwin/kamera/examples/knative-serving/knative.NewKnativeStrategy.func1\n\t/Users/tgoodwin/projects/kamera/examples/knative-serving/knative/harness.go:555\ngithub.com/tgoodwin/kamera/examples/knative-serving/knative.(*KnativeStrategy).ReconcileAtState\n\t/Users/tgoodwin/projects/kamera/examples/knative-serving/knative/harness.go:895\ngithub.com/tgoodwin/kamera/pkg/tracecheck.(*ReconcilerContainer).doReconcile\n\t/Users/tgoodwin/projects/kamera/pkg/tracecheck/reconciler.go:164\ngithub.com/tgoodwin/kamera/pkg/tracecheck.(*Explorer).reconcileAtState\n\t/Users/tgoodwin/projects/kamera/pkg/tracecheck/explore.go:1313\ngithub.com/tgoodwin/kamera/pkg/tracecheck.(*Explorer).takeReconcileStep\n\t/Users/tgoodwin/projects/kamera/pkg/tracecheck/explore.go:1228\ngithub.com/tgoodwin/kamera/pkg/tracecheck.(*Explorer).explore\n\t/Users/tgoodwin/projects/kamera/pkg/tracecheck/explore.go:790\ngithub.com/tgoodwin/kamera/pkg/tracecheck.(*Explorer).Explore.func1\n\t/Users/tgoodwin/projects/kamera/pkg/tracecheck/explore.go:330"}
{"level":"info","ts":1768351659.389802,"logger":"fallback","caller":"revision/reconcile_resources.go:161","msg":"Reconciling PA: kamera-test"}
{"level":"info","ts":"2026-01-13T16:47:39-08:00","logger":"RevisionReconciler.reconcile","msg":"reconcile completed","key":"default/kamera-test","reconciler":"knative.dev.serving.pkg.reconciler.revision.Reconciler","requeue":false,"requeueAfter":0}
{"level":"info","ts":"2026-01-13T16:47:39-08:00","logger":"tracecheck","msg":"Taking reconcile step","Depth":19,"# Distinct States":416,"Total States":420,"Resource States":71}
{"level":"info","ts":"2026-01-13T16:47:39-08:00","logger":"RevisionReconciler.seed","msg":"added podscalable to informer","resource":"deployments","namespace":"default","name":"kamera-test-deployment","stage":"podscalable-add","keys":["default/kamera-test-deployment"]}
{"level":"info","ts":"2026-01-13T16:47:39-08:00","logger":"RevisionReconciler.seed","msg":"podscalable visible to lister","resource":"deployments","namespace":"default","name":"kamera-test-deployment","stage":"podscalable-lister","object":{"apiVersion":"autoscaling.internal.knative.dev/v1alpha1","kind":"PodScalable","namespace":"default","name":"kamera-test-deployment"}}
{"level":"error","ts":1768351659.500363,"logger":"fallback","caller":"revision/controller.go:116","msg":"Failed to create resolver transport","error":"open /var/run/secrets/kubernetes.io/serviceaccount/ca.crt: no such file or directory","stacktrace":"knative.dev/serving/pkg/reconciler/revision.newControllerWithOptions\n\t/Users/tgoodwin/tmp/gomodcache/knative.dev/serving@v0.46.5/pkg/reconciler/revision/controller.go:116\nknative.dev/serving/pkg/reconciler/revision.NewController\n\t/Users/tgoodwin/tmp/gomodcache/knative.dev/serving@v0.46.5/pkg/reconciler/revision/controller.go:64\nmain.configureKnativeExplorer.func1.1\n\t/Users/tgoodwin/projects/kamera/examples/knative-serving/scenario.go:91\ngithub.com/tgoodwin/kamera/examples/knative-serving/knative.NewKnativeStrategy.func1\n\t/Users/tgoodwin/projects/kamera/examples/knative-serving/knative/harness.go:555\ngithub.com/tgoodwin/kamera/examples/knative-serving/knative.(*KnativeStrategy).ReconcileAtState\n\t/Users/tgoodwin/projects/kamera/examples/knative-serving/knative/harness.go:895\ngithub.com/tgoodwin/kamera/pkg/tracecheck.(*ReconcilerContainer).doReconcile\n\t/Users/tgoodwin/projects/kamera/pkg/tracecheck/reconciler.go:164\ngithub.com/tgoodwin/kamera/pkg/tracecheck.(*Explorer).reconcileAtState\n\t/Users/tgoodwin/projects/kamera/pkg/tracecheck/explore.go:1313\ngithub.com/tgoodwin/kamera/pkg/tracecheck.(*Explorer).takeReconcileStep\n\t/Users/tgoodwin/projects/kamera/pkg/tracecheck/explore.go:1228\ngithub.com/tgoodwin/kamera/pkg/tracecheck.(*Explorer).explore\n\t/Users/tgoodwin/projects/kamera/pkg/tracecheck/explore.go:790\ngithub.com/tgoodwin/kamera/pkg/tracecheck.(*Explorer).Explore.func1\n\t/Users/tgoodwin/projects/kamera/pkg/tracecheck/explore.go:330"}
{"level":"info","ts":1768351659.5011818,"logger":"fallback","caller":"revision/reconcile_resources.go:161","msg":"Reconciling PA: kamera-test"}
{"level":"info","ts":"2026-01-13T16:47:39-08:00","logger":"RevisionReconciler.reconcile","msg":"reconcile completed","key":"default/kamera-test","reconciler":"knative.dev.serving.pkg.reconciler.revision.Reconciler","requeue":false,"requeueAfter":0}
{"level":"info","ts":"2026-01-13T16:47:39-08:00","logger":"tracecheck","msg":"Taking reconcile step","Depth":20,"# Distinct States":417,"Total States":421,"Resource States":71}
{"level":"info","ts":"2026-01-13T16:47:39-08:00","logger":"ServerlessServiceReconciler.seed","msg":"added podscalable to informer","resource":"deployments","namespace":"default","name":"kamera-test-deployment","stage":"podscalable-add","keys":["default/kamera-test-deployment"]}
{"level":"info","ts":"2026-01-13T16:47:39-08:00","logger":"ServerlessServiceReconciler.seed","msg":"podscalable visible to lister","resource":"deployments","namespace":"default","name":"kamera-test-deployment","stage":"podscalable-lister","object":{"apiVersion":"autoscaling.internal.knative.dev/v1alpha1","kind":"PodScalable","namespace":"default","name":"kamera-test-deployment"}}
{"level":"info","ts":1768351659.609847,"logger":"fallback","caller":"serverlessservice/controller.go:90","msg":"Doing a global resync due to activator endpoint changes"}
{"level":"info","ts":1768351659.609889,"logger":"fallback","caller":"serverlessservice/serverlessservice.go:316","msg":"SKS has no private service; creating."}
{"level":"info","ts":1768351659.61025,"logger":"fallback","caller":"serverlessservice/serverlessservice.go:323","msg":"Created private K8s service: kamera-test-private"}
{"level":"info","ts":1768351659.61028,"logger":"fallback","caller":"serverlessservice/serverlessservice.go:97","msg":"K8s public service does not exist; creating."}
{"level":"info","ts":1768351659.610506,"logger":"fallback","caller":"serverlessservice/serverlessservice.go:105","msg":"Created public K8s service: kamera-test"}
{"level":"error","ts":1768351659.610775,"logger":"fallback","caller":"serverlessservice/reconciler.go:303","msg":"Returned an error","targetMethod":"ReconcileKind","error":"failed to get private K8s Service endpoints: endpoints \"kamera-test-private\" not found","stacktrace":"knative.dev/networking/pkg/client/injection/reconciler/networking/v1alpha1/serverlessservice.(*reconcilerImpl).Reconcile\n\t/Users/tgoodwin/tmp/gomodcache/knative.dev/networking@v0.0.0-20250909015233-e3b68fc57bea/pkg/client/injection/reconciler/networking/v1alpha1/serverlessservice/reconciler.go:303\ngithub.com/tgoodwin/kamera/examples/knative-serving/knative.(*KnativeStrategy).ReconcileAtState\n\t/Users/tgoodwin/projects/kamera/examples/knative-serving/knative/harness.go:905\ngithub.com/tgoodwin/kamera/pkg/tracecheck.(*ReconcilerContainer).doReconcile\n\t/Users/tgoodwin/projects/kamera/pkg/tracecheck/reconciler.go:164\ngithub.com/tgoodwin/kamera/pkg/tracecheck.(*Explorer).reconcileAtState\n\t/Users/tgoodwin/projects/kamera/pkg/tracecheck/explore.go:1313\ngithub.com/tgoodwin/kamera/pkg/tracecheck.(*Explorer).takeReconcileStep\n\t/Users/tgoodwin/projects/kamera/pkg/tracecheck/explore.go:1228\ngithub.com/tgoodwin/kamera/pkg/tracecheck.(*Explorer).explore\n\t/Users/tgoodwin/projects/kamera/pkg/tracecheck/explore.go:790\ngithub.com/tgoodwin/kamera/pkg/tracecheck.(*Explorer).Explore.func1\n\t/Users/tgoodwin/projects/kamera/pkg/tracecheck/explore.go:330"}
{"level":"info","ts":"2026-01-13T16:47:39-08:00","logger":"ServerlessServiceReconciler.reconcile","msg":"transient not found; requeueing","key":"default/kamera-test","reconciler":"knative.dev.serving.pkg.reconciler.serverlessservice.reconciler","error":"failed to get private K8s Service endpoints: endpoints \"kamera-test-private\" not found"}
{"level":"info","ts":"2026-01-13T16:47:39-08:00","logger":"tracecheck","msg":"Taking reconcile step","Depth":21,"# Distinct States":418,"Total States":422,"Resource States":71}
{"level":"info","ts":"2026-01-13T16:47:39-08:00","logger":"tracecheck","msg":"Taking reconcile step","Depth":22,"# Distinct States":419,"Total States":423,"Resource States":71}
{"level":"info","ts":"2026-01-13T16:47:39-08:00","logger":"tracecheck","msg":"updated pod status","Depth":22,"# Distinct States":419,"Total States":423,"Resource States":71,"phase":"Pending","pod":{"name":"kamera-test-deployment-1488584584-0","namespace":"default"}}
{"level":"info","ts":"2026-01-13T16:47:39-08:00","logger":"tracecheck","msg":"Taking reconcile step","Depth":23,"# Distinct States":420,"Total States":424,"Resource States":71}
{"level":"info","ts":"2026-01-13T16:47:39-08:00","logger":"tracecheck","msg":"Updated ReplicaSet status","Depth":23,"# Distinct States":420,"Total States":424,"Resource States":71,"name":"kamera-test-deployment-1488584584"}
{"level":"info","ts":"2026-01-13T16:47:39-08:00","logger":"tracecheck","msg":"Taking reconcile step","Depth":24,"# Distinct States":421,"Total States":425,"Resource States":71}
{"level":"info","ts":"2026-01-13T16:47:39-08:00","logger":"ConfigurationReconciler.seed","msg":"added podscalable to informer","resource":"deployments","namespace":"default","name":"kamera-test-deployment","stage":"podscalable-add","keys":["default/kamera-test-deployment"]}
{"level":"info","ts":"2026-01-13T16:47:39-08:00","logger":"ConfigurationReconciler.seed","msg":"podscalable visible to lister","resource":"deployments","namespace":"default","name":"kamera-test-deployment","stage":"podscalable-lister","object":{"apiVersion":"autoscaling.internal.knative.dev/v1alpha1","kind":"PodScalable","namespace":"default","name":"kamera-test-deployment"}}
{"level":"info","ts":1768351659.7336478,"logger":"fallback","caller":"configuration/configuration.go:103","msg":"Revision \"kamera-test\" of configuration is not ready"}
{"level":"info","ts":"2026-01-13T16:47:39-08:00","logger":"ConfigurationReconciler.reconcile","msg":"reconcile completed","key":"default/demo","reconciler":"knative.dev.serving.pkg.reconciler.configuration.Reconciler","requeue":false,"requeueAfter":0}
{"level":"info","ts":"2026-01-13T16:47:39-08:00","logger":"tracecheck","msg":"Taking reconcile step","Depth":7,"# Distinct States":423,"Total States":427,"Resource States":71}
{"level":"info","ts":"2026-01-13T16:47:39-08:00","logger":"RevisionReconciler.seed","msg":"added podscalable to informer","resource":"deployments","namespace":"default","name":"kamera-test-deployment","stage":"podscalable-add","keys":["default/kamera-test-deployment"]}
{"level":"info","ts":"2026-01-13T16:47:39-08:00","logger":"RevisionReconciler.seed","msg":"podscalable visible to lister","resource":"deployments","namespace":"default","name":"kamera-test-deployment","stage":"podscalable-lister","object":{"apiVersion":"autoscaling.internal.knative.dev/v1alpha1","kind":"PodScalable","namespace":"default","name":"kamera-test-deployment"}}
{"level":"error","ts":1768351659.8503869,"logger":"fallback","caller":"revision/controller.go:116","msg":"Failed to create resolver transport","error":"open /var/run/secrets/kubernetes.io/serviceaccount/ca.crt: no such file or directory","stacktrace":"knative.dev/serving/pkg/reconciler/revision.newControllerWithOptions\n\t/Users/tgoodwin/tmp/gomodcache/knative.dev/serving@v0.46.5/pkg/reconciler/revision/controller.go:116\nknative.dev/serving/pkg/reconciler/revision.NewController\n\t/Users/tgoodwin/tmp/gomodcache/knative.dev/serving@v0.46.5/pkg/reconciler/revision/controller.go:64\nmain.configureKnativeExplorer.func1.1\n\t/Users/tgoodwin/projects/kamera/examples/knative-serving/scenario.go:91\ngithub.com/tgoodwin/kamera/examples/knative-serving/knative.NewKnativeStrategy.func1\n\t/Users/tgoodwin/projects/kamera/examples/knative-serving/knative/harness.go:555\ngithub.com/tgoodwin/kamera/examples/knative-serving/knative.(*KnativeStrategy).ReconcileAtState\n\t/Users/tgoodwin/projects/kamera/examples/knative-serving/knative/harness.go:895\ngithub.com/tgoodwin/kamera/pkg/tracecheck.(*ReconcilerContainer).doReconcile\n\t/Users/tgoodwin/projects/kamera/pkg/tracecheck/reconciler.go:164\ngithub.com/tgoodwin/kamera/pkg/tracecheck.(*Explorer).reconcileAtState\n\t/Users/tgoodwin/projects/kamera/pkg/tracecheck/explore.go:1313\ngithub.com/tgoodwin/kamera/pkg/tracecheck.(*Explorer).takeReconcileStep\n\t/Users/tgoodwin/projects/kamera/pkg/tracecheck/explore.go:1228\ngithub.com/tgoodwin/kamera/pkg/tracecheck.(*Explorer).explore\n\t/Users/tgoodwin/projects/kamera/pkg/tracecheck/explore.go:790\ngithub.com/tgoodwin/kamera/pkg/tracecheck.(*Explorer).Explore.func1\n\t/Users/tgoodwin/projects/kamera/pkg/tracecheck/explore.go:330"}
{"level":"info","ts":1768351659.851248,"logger":"fallback","caller":"revision/reconcile_resources.go:161","msg":"Reconciling PA: kamera-test"}
{"level":"info","ts":"2026-01-13T16:47:39-08:00","logger":"RevisionReconciler.reconcile","msg":"reconcile completed","key":"default/kamera-test","reconciler":"knative.dev.serving.pkg.reconciler.revision.Reconciler","requeue":false,"requeueAfter":0}
{"level":"info","ts":"2026-01-13T16:47:39-08:00","logger":"tracecheck","msg":"Taking reconcile step","Depth":8,"# Distinct States":424,"Total States":428,"Resource States":71}
{"level":"info","ts":"2026-01-13T16:47:39-08:00","logger":"RouteReconciler.seed","msg":"added podscalable to informer","resource":"deployments","namespace":"default","name":"kamera-test-deployment","stage":"podscalable-add","keys":["default/kamera-test-deployment"]}
{"level":"info","ts":"2026-01-13T16:47:39-08:00","logger":"RouteReconciler.seed","msg":"podscalable visible to lister","resource":"deployments","namespace":"default","name":"kamera-test-deployment","stage":"podscalable-lister","object":{"apiVersion":"autoscaling.internal.knative.dev/v1alpha1","kind":"PodScalable","namespace":"default","name":"kamera-test-deployment"}}
{"level":"info","ts":1768351659.9611678,"logger":"fallback","caller":"route/route.go:480","msg":"Marking bad traffic target: Configuration \"demo\" not ready, isFailure=false"}
{"level":"info","ts":"2026-01-13T16:47:39-08:00","logger":"RouteReconciler.reconcile","msg":"reconcile completed","key":"default/demo","reconciler":"knative.dev.serving.pkg.reconciler.route.Reconciler","requeue":false,"requeueAfter":0}
{"level":"info","ts":"2026-01-13T16:47:39-08:00","logger":"tracecheck","msg":"Taking reconcile step","Depth":9,"# Distinct States":425,"Total States":429,"Resource States":71}
{"level":"info","ts":"2026-01-13T16:47:40-08:00","logger":"ServiceReconciler.seed","msg":"added podscalable to informer","resource":"deployments","namespace":"default","name":"kamera-test-deployment","stage":"podscalable-add","keys":["default/kamera-test-deployment"]}
{"level":"info","ts":"2026-01-13T16:47:40-08:00","logger":"ServiceReconciler.seed","msg":"podscalable visible to lister","resource":"deployments","namespace":"default","name":"kamera-test-deployment","stage":"podscalable-lister","object":{"apiVersion":"autoscaling.internal.knative.dev/v1alpha1","kind":"PodScalable","namespace":"default","name":"kamera-test-deployment"}}
{"level":"info","ts":1768351660.072648,"logger":"fallback","caller":"service/service.go:171","msg":"Service reconciler fetching Route from lister: name=demo, namespace=default"}
{"level":"info","ts":1768351660.072696,"logger":"fallback","caller":"service/service.go:174","msg":"Service reconciler got Route from lister: name=demo, Generation=1, ObservedGeneration=1, ResourceVersion="}
{"level":"info","ts":1768351660.0727549,"logger":"fallback","caller":"service/service.go:126","msg":"Service reconciler checking Route: name=demo, Generation=1, ObservedGeneration=1, Ready=Unknown (reason=RevisionMissing, message=Configuration \"demo\" is waiting for a Revision to become ready.), generationMatch=true, routeResourceVersion="}
{"level":"info","ts":1768351660.072777,"logger":"fallback","caller":"service/service.go:136","msg":"Service reconciler calling PropagateRouteStatus() because Generation == ObservedGeneration"}
{"level":"info","ts":"2026-01-13T16:47:40-08:00","logger":"ServiceReconciler.reconcile","msg":"reconcile completed","key":"default/demo","reconciler":"knative.dev.serving.pkg.reconciler.service.Reconciler","requeue":false,"requeueAfter":0}
{"level":"info","ts":"2026-01-13T16:47:40-08:00","logger":"tracecheck","msg":"Taking reconcile step","Depth":10,"# Distinct States":426,"Total States":430,"Resource States":71}
{"level":"info","ts":"2026-01-13T16:47:40-08:00","logger":"ConfigurationReconciler.seed","msg":"added podscalable to informer","resource":"deployments","namespace":"default","name":"kamera-test-deployment","stage":"podscalable-add","keys":["default/kamera-test-deployment"]}
{"level":"info","ts":"2026-01-13T16:47:40-08:00","logger":"ConfigurationReconciler.seed","msg":"podscalable visible to lister","resource":"deployments","namespace":"default","name":"kamera-test-deployment","stage":"podscalable-lister","object":{"apiVersion":"autoscaling.internal.knative.dev/v1alpha1","kind":"PodScalable","namespace":"default","name":"kamera-test-deployment"}}
{"level":"info","ts":1768351660.182583,"logger":"fallback","caller":"configuration/configuration.go:103","msg":"Revision \"kamera-test\" of configuration is not ready"}
{"level":"info","ts":"2026-01-13T16:47:40-08:00","logger":"ConfigurationReconciler.reconcile","msg":"reconcile completed","key":"default/demo","reconciler":"knative.dev.serving.pkg.reconciler.configuration.Reconciler","requeue":false,"requeueAfter":0}
{"level":"info","ts":"2026-01-13T16:47:40-08:00","logger":"tracecheck","msg":"Taking reconcile step","Depth":11,"# Distinct States":427,"Total States":431,"Resource States":71}
{"level":"info","ts":"2026-01-13T16:47:40-08:00","logger":"tracecheck","msg":"Taking reconcile step","Depth":12,"# Distinct States":428,"Total States":432,"Resource States":71}
{"level":"info","ts":"2026-01-13T16:47:40-08:00","logger":"tracecheck","msg":"Updated Deployment status","Depth":12,"# Distinct States":428,"Total States":432,"Resource States":71,"name":"kamera-test-deployment"}
{"level":"info","ts":"2026-01-13T16:47:40-08:00","logger":"tracecheck","msg":"Taking reconcile step","Depth":13,"# Distinct States":429,"Total States":433,"Resource States":71}
{"level":"info","ts":"2026-01-13T16:47:40-08:00","logger":"KPAReconciler.seed","msg":"added podscalable to informer","resource":"deployments","namespace":"default","name":"kamera-test-deployment","stage":"podscalable-add","keys":["default/kamera-test-deployment"]}
{"level":"info","ts":"2026-01-13T16:47:40-08:00","logger":"KPAReconciler.seed","msg":"podscalable visible to lister","resource":"deployments","namespace":"default","name":"kamera-test-deployment","stage":"podscalable-lister","object":{"apiVersion":"autoscaling.internal.knative.dev/v1alpha1","kind":"PodScalable","namespace":"default","name":"kamera-test-deployment"}}
{"level":"info","ts":1768351660.298191,"logger":"fallback","caller":"kpa/controller.go:77","msg":"Setting up ConfigMap receivers"}
{"level":"info","ts":1768351660.298408,"logger":"fallback","caller":"kpa/controller.go:91","msg":"Setting up KPA-Class event handlers"}
{"level":"info","ts":1768351660.298581,"logger":"fallback","caller":"autoscaling/reconciler.go:56","msg":"SKS does not exist; creating."}
{"level":"info","ts":1768351660.2988522,"logger":"fallback","caller":"autoscaling/reconciler.go:61","msg":"Created SKS"}
{"level":"info","ts":"2026-01-13T16:47:40-08:00","logger":"KPAReconciler.reconcile","msg":"reconcile completed","key":"default/kamera-test","reconciler":"knative.dev.serving.pkg.reconciler.autoscaling.kpa.Reconciler","requeue":false,"requeueAfter":0}
{"level":"info","ts":"2026-01-13T16:47:40-08:00","logger":"tracecheck","msg":"Taking reconcile step","Depth":14,"# Distinct States":430,"Total States":434,"Resource States":71}
{"level":"info","ts":"2026-01-13T16:47:40-08:00","logger":"tracecheck","msg":"Taking reconcile step","Depth":15,"# Distinct States":431,"Total States":435,"Resource States":71}
{"level":"info","ts":"2026-01-13T16:47:40-08:00","logger":"tracecheck","msg":"Creating pods","Depth":15,"# Distinct States":431,"Total States":435,"Resource States":71,"count":1}
{"level":"info","ts":"2026-01-13T16:47:40-08:00","logger":"tracecheck","msg":"Updated ReplicaSet status","Depth":15,"# Distinct States":431,"Total States":435,"Resource States":71,"name":"kamera-test-deployment-1488584584"}
{"level":"info","ts":"2026-01-13T16:47:40-08:00","logger":"tracecheck","msg":"Taking reconcile step","Depth":16,"# Distinct States":432,"Total States":436,"Resource States":71}
{"level":"info","ts":"2026-01-13T16:47:40-08:00","logger":"tracecheck","msg":"Taking reconcile step","Depth":17,"# Distinct States":433,"Total States":437,"Resource States":71}
{"level":"info","ts":"2026-01-13T16:47:40-08:00","logger":"RevisionReconciler.seed","msg":"added podscalable to informer","resource":"deployments","namespace":"default","name":"kamera-test-deployment","stage":"podscalable-add","keys":["default/kamera-test-deployment"]}
{"level":"info","ts":"2026-01-13T16:47:40-08:00","logger":"RevisionReconciler.seed","msg":"podscalable visible to lister","resource":"deployments","namespace":"default","name":"kamera-test-deployment","stage":"podscalable-lister","object":{"apiVersion":"autoscaling.internal.knative.dev/v1alpha1","kind":"PodScalable","namespace":"default","name":"kamera-test-deployment"}}
{"level":"error","ts":1768351660.41921,"logger":"fallback","caller":"revision/controller.go:116","msg":"Failed to create resolver transport","error":"open /var/run/secrets/kubernetes.io/serviceaccount/ca.crt: no such file or directory","stacktrace":"knative.dev/serving/pkg/reconciler/revision.newControllerWithOptions\n\t/Users/tgoodwin/tmp/gomodcache/knative.dev/serving@v0.46.5/pkg/reconciler/revision/controller.go:116\nknative.dev/serving/pkg/reconciler/revision.NewController\n\t/Users/tgoodwin/tmp/gomodcache/knative.dev/serving@v0.46.5/pkg/reconciler/revision/controller.go:64\nmain.configureKnativeExplorer.func1.1\n\t/Users/tgoodwin/projects/kamera/examples/knative-serving/scenario.go:91\ngithub.com/tgoodwin/kamera/examples/knative-serving/knative.NewKnativeStrategy.func1\n\t/Users/tgoodwin/projects/kamera/examples/knative-serving/knative/harness.go:555\ngithub.com/tgoodwin/kamera/examples/knative-serving/knative.(*KnativeStrategy).ReconcileAtState\n\t/Users/tgoodwin/projects/kamera/examples/knative-serving/knative/harness.go:895\ngithub.com/tgoodwin/kamera/pkg/tracecheck.(*ReconcilerContainer).doReconcile\n\t/Users/tgoodwin/projects/kamera/pkg/tracecheck/reconciler.go:164\ngithub.com/tgoodwin/kamera/pkg/tracecheck.(*Explorer).reconcileAtState\n\t/Users/tgoodwin/projects/kamera/pkg/tracecheck/explore.go:1313\ngithub.com/tgoodwin/kamera/pkg/tracecheck.(*Explorer).takeReconcileStep\n\t/Users/tgoodwin/projects/kamera/pkg/tracecheck/explore.go:1228\ngithub.com/tgoodwin/kamera/pkg/tracecheck.(*Explorer).explore\n\t/Users/tgoodwin/projects/kamera/pkg/tracecheck/explore.go:790\ngithub.com/tgoodwin/kamera/pkg/tracecheck.(*Explorer).Explore.func1\n\t/Users/tgoodwin/projects/kamera/pkg/tracecheck/explore.go:330"}
{"level":"info","ts":1768351660.4199538,"logger":"fallback","caller":"revision/reconcile_resources.go:161","msg":"Reconciling PA: kamera-test"}
{"level":"info","ts":"2026-01-13T16:47:40-08:00","logger":"RevisionReconciler.reconcile","msg":"reconcile completed","key":"default/kamera-test","reconciler":"knative.dev.serving.pkg.reconciler.revision.Reconciler","requeue":false,"requeueAfter":0}
{"level":"info","ts":"2026-01-13T16:47:40-08:00","logger":"tracecheck","msg":"Taking reconcile step","Depth":2,"# Distinct States":435,"Total States":440,"Resource States":71}
{"level":"error","ts":1768351660.426929,"logger":"fallback","caller":"revision/controller.go:116","msg":"Failed to create resolver transport","error":"open /var/run/secrets/kubernetes.io/serviceaccount/ca.crt: no such file or directory","stacktrace":"knative.dev/serving/pkg/reconciler/revision.newControllerWithOptions\n\t/Users/tgoodwin/tmp/gomodcache/knative.dev/serving@v0.46.5/pkg/reconciler/revision/controller.go:116\nknative.dev/serving/pkg/reconciler/revision.NewController\n\t/Users/tgoodwin/tmp/gomodcache/knative.dev/serving@v0.46.5/pkg/reconciler/revision/controller.go:64\nmain.configureKnativeExplorer.func1.1\n\t/Users/tgoodwin/projects/kamera/examples/knative-serving/scenario.go:91\ngithub.com/tgoodwin/kamera/examples/knative-serving/knative.NewKnativeStrategy.func1\n\t/Users/tgoodwin/projects/kamera/examples/knative-serving/knative/harness.go:555\ngithub.com/tgoodwin/kamera/examples/knative-serving/knative.(*KnativeStrategy).ReconcileAtState\n\t/Users/tgoodwin/projects/kamera/examples/knative-serving/knative/harness.go:895\ngithub.com/tgoodwin/kamera/pkg/tracecheck.(*ReconcilerContainer).doReconcile\n\t/Users/tgoodwin/projects/kamera/pkg/tracecheck/reconciler.go:164\ngithub.com/tgoodwin/kamera/pkg/tracecheck.(*Explorer).reconcileAtState\n\t/Users/tgoodwin/projects/kamera/pkg/tracecheck/explore.go:1313\ngithub.com/tgoodwin/kamera/pkg/tracecheck.(*Explorer).takeReconcileStep\n\t/Users/tgoodwin/projects/kamera/pkg/tracecheck/explore.go:1228\ngithub.com/tgoodwin/kamera/pkg/tracecheck.(*Explorer).explore\n\t/Users/tgoodwin/projects/kamera/pkg/tracecheck/explore.go:790\ngithub.com/tgoodwin/kamera/pkg/tracecheck.(*Explorer).Explore.func1\n\t/Users/tgoodwin/projects/kamera/pkg/tracecheck/explore.go:330"}
{"level":"info","ts":1768351660.427762,"logger":"fallback","caller":"revision/reconcile_resources.go:59","msg":"Created deployment \"kamera-test-deployment\"","knative.dev/deployment":"kamera-test-deployment"}
{"level":"info","ts":1768351660.427883,"logger":"fallback","caller":"revision/reconcile_resources.go:142","msg":"Created image cache \"kamera-test-cache-user-container\""}
{"level":"info","ts":1768351660.427892,"logger":"fallback","caller":"revision/reconcile_resources.go:161","msg":"Reconciling PA: kamera-test"}
{"level":"info","ts":1768351660.4280121,"logger":"fallback","caller":"revision/reconcile_resources.go:170","msg":"Created PA: kamera-test"}
{"level":"info","ts":"2026-01-13T16:47:40-08:00","logger":"RevisionReconciler.reconcile","msg":"reconcile completed","key":"default/kamera-test","reconciler":"knative.dev.serving.pkg.reconciler.revision.Reconciler","requeue":false,"requeueAfter":0}
{"level":"info","ts":"2026-01-13T16:47:40-08:00","logger":"tracecheck","msg":"Taking reconcile step","Depth":3,"# Distinct States":436,"Total States":441,"Resource States":72}
{"level":"info","ts":"2026-01-13T16:47:40-08:00","logger":"RouteReconciler.seed","msg":"added podscalable to informer","resource":"deployments","namespace":"default","name":"kamera-test-deployment","stage":"podscalable-add","keys":["default/kamera-test-deployment"]}
{"level":"info","ts":"2026-01-13T16:47:40-08:00","logger":"RouteReconciler.seed","msg":"podscalable visible to lister","resource":"deployments","namespace":"default","name":"kamera-test-deployment","stage":"podscalable-lister","object":{"apiVersion":"autoscaling.internal.knative.dev/v1alpha1","kind":"PodScalable","namespace":"default","name":"kamera-test-deployment"}}
{"level":"info","ts":1768351660.536138,"logger":"fallback","caller":"route/route.go:480","msg":"Marking bad traffic target: Configuration \"demo\" not ready, isFailure=false"}
{"level":"info","ts":"2026-01-13T16:47:40-08:00","logger":"RouteReconciler.reconcile","msg":"reconcile completed","key":"default/demo","reconciler":"knative.dev.serving.pkg.reconciler.route.Reconciler","requeue":false,"requeueAfter":0}
{"level":"info","ts":"2026-01-13T16:47:40-08:00","logger":"tracecheck","msg":"Taking reconcile step","Depth":4,"# Distinct States":437,"Total States":442,"Resource States":73}
{"level":"info","ts":"2026-01-13T16:47:40-08:00","logger":"ServiceReconciler.seed","msg":"added podscalable to informer","resource":"deployments","namespace":"default","name":"kamera-test-deployment","stage":"podscalable-add","keys":["default/kamera-test-deployment"]}
{"level":"info","ts":"2026-01-13T16:47:40-08:00","logger":"ServiceReconciler.seed","msg":"podscalable visible to lister","resource":"deployments","namespace":"default","name":"kamera-test-deployment","stage":"podscalable-lister","object":{"apiVersion":"autoscaling.internal.knative.dev/v1alpha1","kind":"PodScalable","namespace":"default","name":"kamera-test-deployment"}}
{"level":"info","ts":1768351660.644104,"logger":"fallback","caller":"service/service.go:171","msg":"Service reconciler fetching Route from lister: name=demo, namespace=default"}
{"level":"info","ts":1768351660.644141,"logger":"fallback","caller":"service/service.go:174","msg":"Service reconciler got Route from lister: name=demo, Generation=1, ObservedGeneration=1, ResourceVersion="}
{"level":"info","ts":1768351660.644177,"logger":"fallback","caller":"service/service.go:126","msg":"Service reconciler checking Route: name=demo, Generation=1, ObservedGeneration=1, Ready=Unknown (reason=RevisionMissing, message=Configuration \"demo\" is waiting for a Revision to become ready.), generationMatch=true, routeResourceVersion="}
{"level":"info","ts":1768351660.644186,"logger":"fallback","caller":"service/service.go:136","msg":"Service reconciler calling PropagateRouteStatus() because Generation == ObservedGeneration"}
{"level":"info","ts":"2026-01-13T16:47:40-08:00","logger":"ServiceReconciler.reconcile","msg":"reconcile completed","key":"default/demo","reconciler":"knative.dev.serving.pkg.reconciler.service.Reconciler","requeue":false,"requeueAfter":0}
{"level":"info","ts":"2026-01-13T16:47:40-08:00","logger":"tracecheck","msg":"Taking reconcile step","Depth":5,"# Distinct States":438,"Total States":443,"Resource States":73}
{"level":"info","ts":"2026-01-13T16:47:40-08:00","logger":"ConfigurationReconciler.seed","msg":"added podscalable to informer","resource":"deployments","namespace":"default","name":"kamera-test-deployment","stage":"podscalable-add","keys":["default/kamera-test-deployment"]}
{"level":"info","ts":"2026-01-13T16:47:40-08:00","logger":"ConfigurationReconciler.seed","msg":"podscalable visible to lister","resource":"deployments","namespace":"default","name":"kamera-test-deployment","stage":"podscalable-lister","object":{"apiVersion":"autoscaling.internal.knative.dev/v1alpha1","kind":"PodScalable","namespace":"default","name":"kamera-test-deployment"}}
{"level":"info","ts":1768351660.7531378,"logger":"fallback","caller":"configuration/configuration.go:103","msg":"Revision \"kamera-test\" of configuration is not ready"}
{"level":"info","ts":"2026-01-13T16:47:40-08:00","logger":"ConfigurationReconciler.reconcile","msg":"reconcile completed","key":"default/demo","reconciler":"knative.dev.serving.pkg.reconciler.configuration.Reconciler","requeue":false,"requeueAfter":0}
{"level":"info","ts":"2026-01-13T16:47:40-08:00","logger":"tracecheck","msg":"Taking reconcile step","Depth":6,"# Distinct States":439,"Total States":444,"Resource States":73}
{"level":"info","ts":"2026-01-13T16:47:40-08:00","logger":"tracecheck","msg":"Taking reconcile step","Depth":7,"# Distinct States":440,"Total States":445,"Resource States":73}
{"level":"info","ts":"2026-01-13T16:47:40-08:00","logger":"tracecheck","msg":"Updated Deployment status","Depth":7,"# Distinct States":440,"Total States":445,"Resource States":73,"name":"kamera-test-deployment"}
{"level":"info","ts":"2026-01-13T16:47:40-08:00","logger":"tracecheck","msg":"Taking reconcile step","Depth":8,"# Distinct States":441,"Total States":446,"Resource States":73}
{"level":"info","ts":"2026-01-13T16:47:40-08:00","logger":"KPAReconciler.seed","msg":"added podscalable to informer","resource":"deployments","namespace":"default","name":"kamera-test-deployment","stage":"podscalable-add","keys":["default/kamera-test-deployment"]}
{"level":"info","ts":"2026-01-13T16:47:40-08:00","logger":"KPAReconciler.seed","msg":"podscalable visible to lister","resource":"deployments","namespace":"default","name":"kamera-test-deployment","stage":"podscalable-lister","object":{"apiVersion":"autoscaling.internal.knative.dev/v1alpha1","kind":"PodScalable","namespace":"default","name":"kamera-test-deployment"}}
{"level":"info","ts":1768351660.866464,"logger":"fallback","caller":"kpa/controller.go:77","msg":"Setting up ConfigMap receivers"}
{"level":"info","ts":1768351660.866687,"logger":"fallback","caller":"kpa/controller.go:91","msg":"Setting up KPA-Class event handlers"}
{"level":"info","ts":1768351660.866857,"logger":"fallback","caller":"autoscaling/reconciler.go:56","msg":"SKS does not exist; creating."}
{"level":"info","ts":1768351660.8671098,"logger":"fallback","caller":"autoscaling/reconciler.go:61","msg":"Created SKS"}
{"level":"info","ts":"2026-01-13T16:47:40-08:00","logger":"KPAReconciler.reconcile","msg":"reconcile completed","key":"default/kamera-test","reconciler":"knative.dev.serving.pkg.reconciler.autoscaling.kpa.Reconciler","requeue":false,"requeueAfter":0}
{"level":"info","ts":"2026-01-13T16:47:40-08:00","logger":"tracecheck","msg":"Taking reconcile step","Depth":9,"# Distinct States":442,"Total States":447,"Resource States":73}
{"level":"info","ts":"2026-01-13T16:47:40-08:00","logger":"RevisionReconciler.seed","msg":"added podscalable to informer","resource":"deployments","namespace":"default","name":"kamera-test-deployment","stage":"podscalable-add","keys":["default/kamera-test-deployment"]}
{"level":"info","ts":"2026-01-13T16:47:40-08:00","logger":"RevisionReconciler.seed","msg":"podscalable visible to lister","resource":"deployments","namespace":"default","name":"kamera-test-deployment","stage":"podscalable-lister","object":{"apiVersion":"autoscaling.internal.knative.dev/v1alpha1","kind":"PodScalable","namespace":"default","name":"kamera-test-deployment"}}
{"level":"error","ts":1768351660.9785888,"logger":"fallback","caller":"revision/controller.go:116","msg":"Failed to create resolver transport","error":"open /var/run/secrets/kubernetes.io/serviceaccount/ca.crt: no such file or directory","stacktrace":"knative.dev/serving/pkg/reconciler/revision.newControllerWithOptions\n\t/Users/tgoodwin/tmp/gomodcache/knative.dev/serving@v0.46.5/pkg/reconciler/revision/controller.go:116\nknative.dev/serving/pkg/reconciler/revision.NewController\n\t/Users/tgoodwin/tmp/gomodcache/knative.dev/serving@v0.46.5/pkg/reconciler/revision/controller.go:64\nmain.configureKnativeExplorer.func1.1\n\t/Users/tgoodwin/projects/kamera/examples/knative-serving/scenario.go:91\ngithub.com/tgoodwin/kamera/examples/knative-serving/knative.NewKnativeStrategy.func1\n\t/Users/tgoodwin/projects/kamera/examples/knative-serving/knative/harness.go:555\ngithub.com/tgoodwin/kamera/examples/knative-serving/knative.(*KnativeStrategy).ReconcileAtState\n\t/Users/tgoodwin/projects/kamera/examples/knative-serving/knative/harness.go:895\ngithub.com/tgoodwin/kamera/pkg/tracecheck.(*ReconcilerContainer).doReconcile\n\t/Users/tgoodwin/projects/kamera/pkg/tracecheck/reconciler.go:164\ngithub.com/tgoodwin/kamera/pkg/tracecheck.(*Explorer).reconcileAtState\n\t/Users/tgoodwin/projects/kamera/pkg/tracecheck/explore.go:1313\ngithub.com/tgoodwin/kamera/pkg/tracecheck.(*Explorer).takeReconcileStep\n\t/Users/tgoodwin/projects/kamera/pkg/tracecheck/explore.go:1228\ngithub.com/tgoodwin/kamera/pkg/tracecheck.(*Explorer).explore\n\t/Users/tgoodwin/projects/kamera/pkg/tracecheck/explore.go:790\ngithub.com/tgoodwin/kamera/pkg/tracecheck.(*Explorer).Explore.func1\n\t/Users/tgoodwin/projects/kamera/pkg/tracecheck/explore.go:330"}
{"level":"info","ts":1768351660.979608,"logger":"fallback","caller":"revision/reconcile_resources.go:161","msg":"Reconciling PA: kamera-test"}
{"level":"info","ts":"2026-01-13T16:47:40-08:00","logger":"RevisionReconciler.reconcile","msg":"reconcile completed","key":"default/kamera-test","reconciler":"knative.dev.serving.pkg.reconciler.revision.Reconciler","requeue":false,"requeueAfter":0}
{"level":"info","ts":"2026-01-13T16:47:40-08:00","logger":"tracecheck","msg":"Taking reconcile step","Depth":10,"# Distinct States":443,"Total States":448,"Resource States":73}
{"level":"info","ts":"2026-01-13T16:47:41-08:00","logger":"RouteReconciler.seed","msg":"added podscalable to informer","resource":"deployments","namespace":"default","name":"kamera-test-deployment","stage":"podscalable-add","keys":["default/kamera-test-deployment"]}
{"level":"info","ts":"2026-01-13T16:47:41-08:00","logger":"RouteReconciler.seed","msg":"podscalable visible to lister","resource":"deployments","namespace":"default","name":"kamera-test-deployment","stage":"podscalable-lister","object":{"apiVersion":"autoscaling.internal.knative.dev/v1alpha1","kind":"PodScalable","namespace":"default","name":"kamera-test-deployment"}}
{"level":"info","ts":1768351661.0911481,"logger":"fallback","caller":"route/route.go:480","msg":"Marking bad traffic target: Configuration \"demo\" not ready, isFailure=false"}
{"level":"info","ts":"2026-01-13T16:47:41-08:00","logger":"RouteReconciler.reconcile","msg":"reconcile completed","key":"default/demo","reconciler":"knative.dev.serving.pkg.reconciler.route.Reconciler","requeue":false,"requeueAfter":0}
{"level":"info","ts":"2026-01-13T16:47:41-08:00","logger":"tracecheck","msg":"Taking reconcile step","Depth":11,"# Distinct States":444,"Total States":449,"Resource States":73}
{"level":"info","ts":"2026-01-13T16:47:41-08:00","logger":"ServiceReconciler.seed","msg":"added podscalable to informer","resource":"deployments","namespace":"default","name":"kamera-test-deployment","stage":"podscalable-add","keys":["default/kamera-test-deployment"]}
{"level":"info","ts":"2026-01-13T16:47:41-08:00","logger":"ServiceReconciler.seed","msg":"podscalable visible to lister","resource":"deployments","namespace":"default","name":"kamera-test-deployment","stage":"podscalable-lister","object":{"apiVersion":"autoscaling.internal.knative.dev/v1alpha1","kind":"PodScalable","namespace":"default","name":"kamera-test-deployment"}}
{"level":"info","ts":1768351661.201696,"logger":"fallback","caller":"service/service.go:171","msg":"Service reconciler fetching Route from lister: name=demo, namespace=default"}
{"level":"info","ts":1768351661.2017548,"logger":"fallback","caller":"service/service.go:174","msg":"Service reconciler got Route from lister: name=demo, Generation=1, ObservedGeneration=1, ResourceVersion="}
{"level":"info","ts":1768351661.2018461,"logger":"fallback","caller":"service/service.go:126","msg":"Service reconciler checking Route: name=demo, Generation=1, ObservedGeneration=1, Ready=Unknown (reason=RevisionMissing, message=Configuration \"demo\" is waiting for a Revision to become ready.), generationMatch=true, routeResourceVersion="}
{"level":"info","ts":1768351661.201868,"logger":"fallback","caller":"service/service.go:136","msg":"Service reconciler calling PropagateRouteStatus() because Generation == ObservedGeneration"}
{"level":"info","ts":"2026-01-13T16:47:41-08:00","logger":"ServiceReconciler.reconcile","msg":"reconcile completed","key":"default/demo","reconciler":"knative.dev.serving.pkg.reconciler.service.Reconciler","requeue":false,"requeueAfter":0}
{"level":"info","ts":"2026-01-13T16:47:41-08:00","logger":"tracecheck","msg":"Taking reconcile step","Depth":3,"# Distinct States":445,"Total States":451,"Resource States":73}
{"level":"info","ts":"2026-01-13T16:47:41-08:00","logger":"RevisionReconciler.seed","msg":"added podscalable to informer","resource":"deployments","namespace":"default","name":"kamera-test-deployment","stage":"podscalable-add","keys":["default/kamera-test-deployment"]}
{"level":"info","ts":"2026-01-13T16:47:41-08:00","logger":"RevisionReconciler.seed","msg":"podscalable visible to lister","resource":"deployments","namespace":"default","name":"kamera-test-deployment","stage":"podscalable-lister","object":{"apiVersion":"autoscaling.internal.knative.dev/v1alpha1","kind":"PodScalable","namespace":"default","name":"kamera-test-deployment"}}
{"level":"error","ts":1768351661.311977,"logger":"fallback","caller":"revision/controller.go:116","msg":"Failed to create resolver transport","error":"open /var/run/secrets/kubernetes.io/serviceaccount/ca.crt: no such file or directory","stacktrace":"knative.dev/serving/pkg/reconciler/revision.newControllerWithOptions\n\t/Users/tgoodwin/tmp/gomodcache/knative.dev/serving@v0.46.5/pkg/reconciler/revision/controller.go:116\nknative.dev/serving/pkg/reconciler/revision.NewController\n\t/Users/tgoodwin/tmp/gomodcache/knative.dev/serving@v0.46.5/pkg/reconciler/revision/controller.go:64\nmain.configureKnativeExplorer.func1.1\n\t/Users/tgoodwin/projects/kamera/examples/knative-serving/scenario.go:91\ngithub.com/tgoodwin/kamera/examples/knative-serving/knative.NewKnativeStrategy.func1\n\t/Users/tgoodwin/projects/kamera/examples/knative-serving/knative/harness.go:555\ngithub.com/tgoodwin/kamera/examples/knative-serving/knative.(*KnativeStrategy).ReconcileAtState\n\t/Users/tgoodwin/projects/kamera/examples/knative-serving/knative/harness.go:895\ngithub.com/tgoodwin/kamera/pkg/tracecheck.(*ReconcilerContainer).doReconcile\n\t/Users/tgoodwin/projects/kamera/pkg/tracecheck/reconciler.go:164\ngithub.com/tgoodwin/kamera/pkg/tracecheck.(*Explorer).reconcileAtState\n\t/Users/tgoodwin/projects/kamera/pkg/tracecheck/explore.go:1313\ngithub.com/tgoodwin/kamera/pkg/tracecheck.(*Explorer).takeReconcileStep\n\t/Users/tgoodwin/projects/kamera/pkg/tracecheck/explore.go:1228\ngithub.com/tgoodwin/kamera/pkg/tracecheck.(*Explorer).explore\n\t/Users/tgoodwin/projects/kamera/pkg/tracecheck/explore.go:790\ngithub.com/tgoodwin/kamera/pkg/tracecheck.(*Explorer).Explore.func1\n\t/Users/tgoodwin/projects/kamera/pkg/tracecheck/explore.go:330"}
{"level":"info","ts":1768351661.312737,"logger":"fallback","caller":"revision/reconcile_resources.go:161","msg":"Reconciling PA: kamera-test"}
{"level":"info","ts":"2026-01-13T16:47:41-08:00","logger":"RevisionReconciler.reconcile","msg":"reconcile completed","key":"default/kamera-test","reconciler":"knative.dev.serving.pkg.reconciler.revision.Reconciler","requeue":false,"requeueAfter":0}
{"level":"info","ts":"2026-01-13T16:47:41-08:00","logger":"tracecheck","msg":"Taking reconcile step","Depth":4,"# Distinct States":446,"Total States":452,"Resource States":73}
{"level":"info","ts":"2026-01-13T16:47:41-08:00","logger":"RouteReconciler.seed","msg":"added podscalable to informer","resource":"deployments","namespace":"default","name":"kamera-test-deployment","stage":"podscalable-add","keys":["default/kamera-test-deployment"]}
{"level":"info","ts":"2026-01-13T16:47:41-08:00","logger":"RouteReconciler.seed","msg":"podscalable visible to lister","resource":"deployments","namespace":"default","name":"kamera-test-deployment","stage":"podscalable-lister","object":{"apiVersion":"autoscaling.internal.knative.dev/v1alpha1","kind":"PodScalable","namespace":"default","name":"kamera-test-deployment"}}
{"level":"info","ts":1768351661.4215329,"logger":"fallback","caller":"route/route.go:480","msg":"Marking bad traffic target: Configuration \"demo\" not ready, isFailure=false"}
{"level":"info","ts":"2026-01-13T16:47:41-08:00","logger":"RouteReconciler.reconcile","msg":"reconcile completed","key":"default/demo","reconciler":"knative.dev.serving.pkg.reconciler.route.Reconciler","requeue":false,"requeueAfter":0}
{"level":"info","ts":"2026-01-13T16:47:41-08:00","logger":"tracecheck","msg":"Taking reconcile step","Depth":5,"# Distinct States":447,"Total States":453,"Resource States":73}
{"level":"info","ts":"2026-01-13T16:47:41-08:00","logger":"ServiceReconciler.seed","msg":"added podscalable to informer","resource":"deployments","namespace":"default","name":"kamera-test-deployment","stage":"podscalable-add","keys":["default/kamera-test-deployment"]}
{"level":"info","ts":"2026-01-13T16:47:41-08:00","logger":"ServiceReconciler.seed","msg":"podscalable visible to lister","resource":"deployments","namespace":"default","name":"kamera-test-deployment","stage":"podscalable-lister","object":{"apiVersion":"autoscaling.internal.knative.dev/v1alpha1","kind":"PodScalable","namespace":"default","name":"kamera-test-deployment"}}
{"level":"info","ts":1768351661.528469,"logger":"fallback","caller":"service/service.go:171","msg":"Service reconciler fetching Route from lister: name=demo, namespace=default"}
{"level":"info","ts":1768351661.528574,"logger":"fallback","caller":"service/service.go:174","msg":"Service reconciler got Route from lister: name=demo, Generation=1, ObservedGeneration=1, ResourceVersion="}
{"level":"info","ts":1768351661.5286431,"logger":"fallback","caller":"service/service.go:126","msg":"Service reconciler checking Route: name=demo, Generation=1, ObservedGeneration=1, Ready=Unknown (reason=RevisionMissing, message=Configuration \"demo\" is waiting for a Revision to become ready.), generationMatch=true, routeResourceVersion="}
{"level":"info","ts":1768351661.528664,"logger":"fallback","caller":"service/service.go:136","msg":"Service reconciler calling PropagateRouteStatus() because Generation == ObservedGeneration"}
{"level":"info","ts":"2026-01-13T16:47:41-08:00","logger":"ServiceReconciler.reconcile","msg":"reconcile completed","key":"default/demo","reconciler":"knative.dev.serving.pkg.reconciler.service.Reconciler","requeue":false,"requeueAfter":0}
{"level":"info","ts":"2026-01-13T16:47:41-08:00","logger":"tracecheck","msg":"Taking reconcile step","Depth":6,"# Distinct States":448,"Total States":454,"Resource States":73}
{"level":"info","ts":"2026-01-13T16:47:41-08:00","logger":"ConfigurationReconciler.seed","msg":"added podscalable to informer","resource":"deployments","namespace":"default","name":"kamera-test-deployment","stage":"podscalable-add","keys":["default/kamera-test-deployment"]}
{"level":"info","ts":"2026-01-13T16:47:41-08:00","logger":"ConfigurationReconciler.seed","msg":"podscalable visible to lister","resource":"deployments","namespace":"default","name":"kamera-test-deployment","stage":"podscalable-lister","object":{"apiVersion":"autoscaling.internal.knative.dev/v1alpha1","kind":"PodScalable","namespace":"default","name":"kamera-test-deployment"}}
{"level":"info","ts":1768351661.640665,"logger":"fallback","caller":"configuration/configuration.go:103","msg":"Revision \"kamera-test\" of configuration is not ready"}
{"level":"info","ts":"2026-01-13T16:47:41-08:00","logger":"ConfigurationReconciler.reconcile","msg":"reconcile completed","key":"default/demo","reconciler":"knative.dev.serving.pkg.reconciler.configuration.Reconciler","requeue":false,"requeueAfter":0}
{"level":"info","ts":"2026-01-13T16:47:41-08:00","logger":"tracecheck","msg":"Taking reconcile step","Depth":7,"# Distinct States":449,"Total States":455,"Resource States":73}
{"level":"info","ts":"2026-01-13T16:47:41-08:00","logger":"tracecheck","msg":"Taking reconcile step","Depth":8,"# Distinct States":450,"Total States":456,"Resource States":73}
{"level":"info","ts":"2026-01-13T16:47:41-08:00","logger":"tracecheck","msg":"Updated Deployment status","Depth":8,"# Distinct States":450,"Total States":456,"Resource States":73,"name":"kamera-test-deployment"}
{"level":"info","ts":"2026-01-13T16:47:41-08:00","logger":"tracecheck","msg":"Taking reconcile step","Depth":9,"# Distinct States":451,"Total States":457,"Resource States":73}
{"level":"info","ts":"2026-01-13T16:47:41-08:00","logger":"KPAReconciler.seed","msg":"added podscalable to informer","resource":"deployments","namespace":"default","name":"kamera-test-deployment","stage":"podscalable-add","keys":["default/kamera-test-deployment"]}
{"level":"info","ts":"2026-01-13T16:47:41-08:00","logger":"KPAReconciler.seed","msg":"podscalable visible to lister","resource":"deployments","namespace":"default","name":"kamera-test-deployment","stage":"podscalable-lister","object":{"apiVersion":"autoscaling.internal.knative.dev/v1alpha1","kind":"PodScalable","namespace":"default","name":"kamera-test-deployment"}}
{"level":"info","ts":1768351661.7606652,"logger":"fallback","caller":"kpa/controller.go:77","msg":"Setting up ConfigMap receivers"}
{"level":"info","ts":1768351661.7608478,"logger":"fallback","caller":"kpa/controller.go:91","msg":"Setting up KPA-Class event handlers"}
{"level":"info","ts":1768351661.76098,"logger":"fallback","caller":"autoscaling/reconciler.go:56","msg":"SKS does not exist; creating."}
{"level":"info","ts":1768351661.761193,"logger":"fallback","caller":"autoscaling/reconciler.go:61","msg":"Created SKS"}
{"level":"info","ts":"2026-01-13T16:47:41-08:00","logger":"KPAReconciler.reconcile","msg":"reconcile completed","key":"default/kamera-test","reconciler":"knative.dev.serving.pkg.reconciler.autoscaling.kpa.Reconciler","requeue":false,"requeueAfter":0}
{"level":"info","ts":"2026-01-13T16:47:41-08:00","logger":"tracecheck","msg":"Taking reconcile step","Depth":10,"# Distinct States":452,"Total States":458,"Resource States":73}
{"level":"info","ts":"2026-01-13T16:47:41-08:00","logger":"RouteReconciler.seed","msg":"added podscalable to informer","resource":"deployments","namespace":"default","name":"kamera-test-deployment","stage":"podscalable-add","keys":["default/kamera-test-deployment"]}
{"level":"info","ts":"2026-01-13T16:47:41-08:00","logger":"RouteReconciler.seed","msg":"podscalable visible to lister","resource":"deployments","namespace":"default","name":"kamera-test-deployment","stage":"podscalable-lister","object":{"apiVersion":"autoscaling.internal.knative.dev/v1alpha1","kind":"PodScalable","namespace":"default","name":"kamera-test-deployment"}}
{"level":"info","ts":1768351661.873209,"logger":"fallback","caller":"route/route.go:480","msg":"Marking bad traffic target: Configuration \"demo\" not ready, isFailure=false"}
{"level":"info","ts":"2026-01-13T16:47:41-08:00","logger":"RouteReconciler.reconcile","msg":"reconcile completed","key":"default/demo","reconciler":"knative.dev.serving.pkg.reconciler.route.Reconciler","requeue":false,"requeueAfter":0}
{"level":"info","ts":"2026-01-13T16:47:41-08:00","logger":"tracecheck","msg":"Taking reconcile step","Depth":11,"# Distinct States":453,"Total States":459,"Resource States":73}
{"level":"info","ts":"2026-01-13T16:47:41-08:00","logger":"ServiceReconciler.seed","msg":"added podscalable to informer","resource":"deployments","namespace":"default","name":"kamera-test-deployment","stage":"podscalable-add","keys":["default/kamera-test-deployment"]}
{"level":"info","ts":"2026-01-13T16:47:41-08:00","logger":"ServiceReconciler.seed","msg":"podscalable visible to lister","resource":"deployments","namespace":"default","name":"kamera-test-deployment","stage":"podscalable-lister","object":{"apiVersion":"autoscaling.internal.knative.dev/v1alpha1","kind":"PodScalable","namespace":"default","name":"kamera-test-deployment"}}
{"level":"info","ts":1768351661.982999,"logger":"fallback","caller":"service/service.go:171","msg":"Service reconciler fetching Route from lister: name=demo, namespace=default"}
{"level":"info","ts":1768351661.983043,"logger":"fallback","caller":"service/service.go:174","msg":"Service reconciler got Route from lister: name=demo, Generation=1, ObservedGeneration=1, ResourceVersion="}
{"level":"info","ts":1768351661.983076,"logger":"fallback","caller":"service/service.go:126","msg":"Service reconciler checking Route: name=demo, Generation=1, ObservedGeneration=1, Ready=Unknown (reason=RevisionMissing, message=Configuration \"demo\" is waiting for a Revision to become ready.), generationMatch=true, routeResourceVersion="}
{"level":"info","ts":1768351661.9830852,"logger":"fallback","caller":"service/service.go:136","msg":"Service reconciler calling PropagateRouteStatus() because Generation == ObservedGeneration"}
{"level":"info","ts":"2026-01-13T16:47:41-08:00","logger":"ServiceReconciler.reconcile","msg":"reconcile completed","key":"default/demo","reconciler":"knative.dev.serving.pkg.reconciler.service.Reconciler","requeue":false,"requeueAfter":0}
Total time: 25.098709125s
Total node visits: 459
Unique node visits: 453
Unique resource states: 73
Skipped node visits: 6
Skipped paths: 0
Skipped order expansions: 111
Skipped subtrees: 0
Subtree completion skips: 18
Subtree diamond skips: 0
Early convergence: 3
No-op reconciles: 247
Skipped no-op orderings: 8
Cache predicted skips: 17
Aborted paths: 0
Optimization fires:
  orderingPruning branch skips: 111
  orderingPruning no-op skips: 8
  completedPathDedup skips: 0
  cachePrediction skips: 17
  earlyConvergence skips: 3
  subtreeCompletion skips: 18
  subtreeCompletion diamond skips: 0
Reconcile steps: 441
Avg step latency: 56.066508ms
Max step latency: 123.2105ms
Step latency by reconciler:
  Reconciler                Count  Avg          Max          Min         
  IngressStatusStub         16     2.877161ms   4.861875ms   1.742292ms  
  ConfigurationReconciler   34     102.495519ms 112.835542ms 2.980209ms  
  RouteReconciler           32     108.271111ms 121.809708ms 3.593292ms  
  RevisionDigestStub        44     1.823889ms   3.824667ms   393µs       
  DeploymentController      48     5.428151ms   13.09ms      1.088708ms  
  EndpointsController       22     2.057007ms   3.8725ms     550.25µs    
  CleanupReconciler         6      4.874965ms   5.944125ms   3.618625ms  
  ServiceReconciler         33     104.437981ms 123.2105ms   2.842ms     
  RevisionReconciler        61     107.246951ms 119.639833ms 4.20775ms   
  KPA                       52     110.098724ms 120.510375ms 105.178791ms
  ReplicaSetController      43     4.084062ms   7.910083ms   1.687667ms  
  ServerlessServiceReconciler 12     109.149295ms 112.331042ms 106.2895ms  
  PodLifecycleController    23     3.328612ms   7.504917ms   931.042µs   
  ServiceController         15     2.590044ms   11.614041ms  1.46175ms   

Visits by depth:
  Depth Range     Visits     Avg Pending    
  0-9             30         5.67           
  10-19           39         6.03           
  20-29           28         9.89           
  30-39           41         7.15           
  40-49           63         5.59           
  50-59           104        7.37           
  60-69           79         8.48           
  70-79           59         7.64           
  80-87           16         4.25           

Max queue depth: 124
Queue depth samples (every 100 visits): [112 70 93 25]
Converged state 0 - hash: pdu8xy8e, total paths: 1, unique paths: 1
wrote results to /Users/tgoodwin/projects/kamera/analysis/nondeterminism-verification/trials-original-config/trial-3/dump.jsonl
interactive inspector disabled; states available: 1 (converged=1, aborted=0)
