{"level":"info","ts":"2026-01-13T16:46:27-08:00","logger":"tracecheck","msg":"starting!"}
{"level":"info","ts":"2026-01-13T16:46:27-08:00","logger":"tracecheck","msg":"Taking reconcile step","Depth":0,"# Distinct States":1,"Total States":1,"Resource States":1}
{"level":"info","ts":1768351587.5303712,"logger":"fallback","caller":"service/service.go:171","msg":"Service reconciler fetching Route from lister: name=demo, namespace=default"}
{"level":"info","ts":1768351587.530524,"logger":"fallback","caller":"service/service.go:126","msg":"Service reconciler checking Route: name=demo, Generation=0, ObservedGeneration=0, Ready=Unknown (reason=, message=), generationMatch=true, routeResourceVersion="}
{"level":"info","ts":1768351587.53053,"logger":"fallback","caller":"service/service.go:136","msg":"Service reconciler calling PropagateRouteStatus() because Generation == ObservedGeneration"}
{"level":"info","ts":"2026-01-13T16:46:27-08:00","logger":"ServiceReconciler.reconcile","msg":"reconcile completed","key":"default/demo","reconciler":"knative.dev.serving.pkg.reconciler.service.Reconciler","requeue":false,"requeueAfter":0}
{"level":"info","ts":"2026-01-13T16:46:27-08:00","logger":"tracecheck","msg":"Taking reconcile step","Depth":1,"# Distinct States":2,"Total States":2,"Resource States":2}
{"level":"info","ts":1768351587.534292,"logger":"fallback","caller":"configuration/configuration.go:308","msg":"Created Revision: &v1.Revision{TypeMeta:v1.TypeMeta{Kind:\"Revision\", APIVersion:\"serving.knative.dev/v1\"}, ObjectMeta:v1.ObjectMeta{Name:\"kamera-test\", GenerateName:\"\", Namespace:\"default\", SelfLink:\"\", UID:\"\", ResourceVersion:\"\", Generation:0, CreationTimestamp:time.Date(1, time.January, 1, 0, 0, 0, 0, time.UTC), DeletionTimestamp:<nil>, DeletionGracePeriodSeconds:(*int64)(nil), Labels:map[string]string{\"discrete.events/sleeve-object-id\":\"37jmqvjn\", \"serving.knative.dev/configuration\":\"demo\", \"serving.knative.dev/configurationGeneration\":\"1\", \"serving.knative.dev/routingState\":\"active\", \"serving.knative.dev/service\":\"demo\"}, Annotations:map[string]string{\"autoscaling.knative.dev/class\":\"kpa.autoscaling.knative.dev\", \"autoscaling.knative.dev/initial-scale\":\"1\", \"autoscaling.knative.dev/min-scale\":\"0\", \"serving.knative.dev/routes\":\"demo\", \"serving.knative.dev/routingStateModified\":\"1970-01-01T00:00:02Z\"}, OwnerReferences:[]v1.OwnerReference{v1.OwnerReference{APIVersion:\"serving.knative.dev/v1\", Kind:\"Configuration\", Name:\"demo\", UID:\"\", Controller:(*bool)(0x14000618740), BlockOwnerDeletion:(*bool)(0x14000618741)}}, Finalizers:[]string(nil), ManagedFields:[]v1.ManagedFieldsEntry(nil)}, Spec:v1.RevisionSpec{PodSpec:v1.PodSpec{Volumes:[]v1.Volume(nil), InitContainers:[]v1.Container(nil), Containers:[]v1.Container{v1.Container{Name:\"user-container\", Image:\"dev.local/test\", Command:[]string(nil), Args:[]string(nil), WorkingDir:\"\", Ports:[]v1.ContainerPort(nil), EnvFrom:[]v1.EnvFromSource(nil), Env:[]v1.EnvVar(nil), Resources:v1.ResourceRequirements{Limits:v1.ResourceList{}, Requests:v1.ResourceList{}, Claims:[]v1.ResourceClaim(nil)}, ResizePolicy:[]v1.ContainerResizePolicy(nil), RestartPolicy:(*v1.ContainerRestartPolicy)(nil), VolumeMounts:[]v1.VolumeMount(nil), VolumeDevices:[]v1.VolumeDevice(nil), LivenessProbe:(*v1.Probe)(nil), ReadinessProbe:(*v1.Probe)(0x14000ab2bc0), StartupProbe:(*v1.Probe)(nil), Lifecycle:(*v1.Lifecycle)(nil), TerminationMessagePath:\"\", TerminationMessagePolicy:\"\", ImagePullPolicy:\"\", SecurityContext:(*v1.SecurityContext)(nil), Stdin:false, StdinOnce:false, TTY:false}}, EphemeralContainers:[]v1.EphemeralContainer(nil), RestartPolicy:\"\", TerminationGracePeriodSeconds:(*int64)(nil), ActiveDeadlineSeconds:(*int64)(nil), DNSPolicy:\"\", NodeSelector:map[string]string(nil), ServiceAccountName:\"\", DeprecatedServiceAccount:\"\", AutomountServiceAccountToken:(*bool)(nil), NodeName:\"\", HostNetwork:false, HostPID:false, HostIPC:false, ShareProcessNamespace:(*bool)(nil), SecurityContext:(*v1.PodSecurityContext)(nil), ImagePullSecrets:[]v1.LocalObjectReference(nil), Hostname:\"\", Subdomain:\"\", Affinity:(*v1.Affinity)(nil), SchedulerName:\"\", Tolerations:[]v1.Toleration(nil), HostAliases:[]v1.HostAlias(nil), PriorityClassName:\"\", Priority:(*int32)(nil), DNSConfig:(*v1.PodDNSConfig)(nil), ReadinessGates:[]v1.PodReadinessGate(nil), RuntimeClassName:(*string)(nil), EnableServiceLinks:(*bool)(nil), PreemptionPolicy:(*v1.PreemptionPolicy)(nil), Overhead:v1.ResourceList(nil), TopologySpreadConstraints:[]v1.TopologySpreadConstraint(nil), SetHostnameAsFQDN:(*bool)(nil), OS:(*v1.PodOS)(nil), HostUsers:(*bool)(nil), SchedulingGates:[]v1.PodSchedulingGate(nil), ResourceClaims:[]v1.PodResourceClaim(nil), Resources:(*v1.ResourceRequirements)(nil)}, ContainerConcurrency:(*int64)(0x14000618748), TimeoutSeconds:(*int64)(0x14000618750), ResponseStartTimeoutSeconds:(*int64)(nil), IdleTimeoutSeconds:(*int64)(nil)}, Status:v1.RevisionStatus{Status:v1.Status{ObservedGeneration:0, Conditions:v1.Conditions(nil), Annotations:map[string]string(nil)}, LogURL:\"\", ContainerStatuses:[]v1.ContainerStatus(nil), InitContainerStatuses:[]v1.ContainerStatus(nil), ActualReplicas:(*int32)(nil), DesiredReplicas:(*int32)(nil)}}"}
{"level":"info","ts":1768351587.534341,"logger":"fallback","caller":"configuration/configuration.go:103","msg":"Revision \"kamera-test\" of configuration is not ready"}
{"level":"info","ts":"2026-01-13T16:46:27-08:00","logger":"ConfigurationReconciler.reconcile","msg":"reconcile completed","key":"default/demo","reconciler":"knative.dev.serving.pkg.reconciler.configuration.Reconciler","requeue":false,"requeueAfter":0}
{"level":"info","ts":"2026-01-13T16:46:27-08:00","logger":"tracecheck","msg":"Taking reconcile step","Depth":2,"# Distinct States":3,"Total States":3,"Resource States":3}
{"level":"info","ts":1768351587.537826,"logger":"fallback","caller":"route/route.go:480","msg":"Marking bad traffic target: Configuration \"demo\" not ready, isFailure=false"}
{"level":"info","ts":"2026-01-13T16:46:27-08:00","logger":"RouteReconciler.reconcile","msg":"reconcile completed","key":"default/demo","reconciler":"knative.dev.serving.pkg.reconciler.route.Reconciler","requeue":false,"requeueAfter":0}
{"level":"info","ts":"2026-01-13T16:46:27-08:00","logger":"tracecheck","msg":"Taking reconcile step","Depth":3,"# Distinct States":4,"Total States":4,"Resource States":4}
{"level":"info","ts":1768351587.541085,"logger":"fallback","caller":"service/service.go:171","msg":"Service reconciler fetching Route from lister: name=demo, namespace=default"}
{"level":"info","ts":1768351587.5410938,"logger":"fallback","caller":"service/service.go:174","msg":"Service reconciler got Route from lister: name=demo, Generation=1, ObservedGeneration=1, ResourceVersion="}
{"level":"info","ts":1768351587.541124,"logger":"fallback","caller":"service/service.go:126","msg":"Service reconciler checking Route: name=demo, Generation=1, ObservedGeneration=1, Ready=Unknown (reason=RevisionMissing, message=Configuration \"demo\" is waiting for a Revision to become ready.), generationMatch=true, routeResourceVersion="}
{"level":"info","ts":1768351587.5411289,"logger":"fallback","caller":"service/service.go:136","msg":"Service reconciler calling PropagateRouteStatus() because Generation == ObservedGeneration"}
{"level":"info","ts":"2026-01-13T16:46:27-08:00","logger":"ServiceReconciler.reconcile","msg":"reconcile completed","key":"default/demo","reconciler":"knative.dev.serving.pkg.reconciler.service.Reconciler","requeue":false,"requeueAfter":0}
{"level":"info","ts":"2026-01-13T16:46:27-08:00","logger":"tracecheck","msg":"Taking reconcile step","Depth":4,"# Distinct States":5,"Total States":5,"Resource States":5}
{"level":"info","ts":1768351587.544509,"logger":"fallback","caller":"configuration/configuration.go:103","msg":"Revision \"kamera-test\" of configuration is not ready"}
{"level":"info","ts":"2026-01-13T16:46:27-08:00","logger":"ConfigurationReconciler.reconcile","msg":"reconcile completed","key":"default/demo","reconciler":"knative.dev.serving.pkg.reconciler.configuration.Reconciler","requeue":false,"requeueAfter":0}
{"level":"info","ts":"2026-01-13T16:46:27-08:00","logger":"tracecheck","msg":"Taking reconcile step","Depth":5,"# Distinct States":6,"Total States":6,"Resource States":5}
{"level":"info","ts":"2026-01-13T16:46:27-08:00","logger":"tracecheck","msg":"Taking reconcile step","Depth":6,"# Distinct States":7,"Total States":7,"Resource States":6}
{"level":"error","ts":1768351587.548,"logger":"fallback","caller":"revision/controller.go:116","msg":"Failed to create resolver transport","error":"open /var/run/secrets/kubernetes.io/serviceaccount/ca.crt: no such file or directory","stacktrace":"knative.dev/serving/pkg/reconciler/revision.newControllerWithOptions\n\t/Users/tgoodwin/tmp/gomodcache/knative.dev/serving@v0.46.5/pkg/reconciler/revision/controller.go:116\nknative.dev/serving/pkg/reconciler/revision.NewController\n\t/Users/tgoodwin/tmp/gomodcache/knative.dev/serving@v0.46.5/pkg/reconciler/revision/controller.go:64\nmain.configureKnativeExplorer.func1.1\n\t/Users/tgoodwin/projects/kamera/examples/knative-serving/scenario.go:91\ngithub.com/tgoodwin/kamera/examples/knative-serving/knative.NewKnativeStrategy.func1\n\t/Users/tgoodwin/projects/kamera/examples/knative-serving/knative/harness.go:555\ngithub.com/tgoodwin/kamera/examples/knative-serving/knative.(*KnativeStrategy).ReconcileAtState\n\t/Users/tgoodwin/projects/kamera/examples/knative-serving/knative/harness.go:895\ngithub.com/tgoodwin/kamera/pkg/tracecheck.(*ReconcilerContainer).doReconcile\n\t/Users/tgoodwin/projects/kamera/pkg/tracecheck/reconciler.go:164\ngithub.com/tgoodwin/kamera/pkg/tracecheck.(*Explorer).reconcileAtState\n\t/Users/tgoodwin/projects/kamera/pkg/tracecheck/explore.go:1313\ngithub.com/tgoodwin/kamera/pkg/tracecheck.(*Explorer).takeReconcileStep\n\t/Users/tgoodwin/projects/kamera/pkg/tracecheck/explore.go:1228\ngithub.com/tgoodwin/kamera/pkg/tracecheck.(*Explorer).explore\n\t/Users/tgoodwin/projects/kamera/pkg/tracecheck/explore.go:790\ngithub.com/tgoodwin/kamera/pkg/tracecheck.(*Explorer).Explore.func1\n\t/Users/tgoodwin/projects/kamera/pkg/tracecheck/explore.go:330"}
{"level":"info","ts":1768351587.5486479,"logger":"fallback","caller":"revision/reconcile_resources.go:59","msg":"Created deployment \"kamera-test-deployment\"","knative.dev/deployment":"kamera-test-deployment"}
{"level":"info","ts":1768351587.548737,"logger":"fallback","caller":"revision/reconcile_resources.go:142","msg":"Created image cache \"kamera-test-cache-user-container\""}
{"level":"info","ts":1768351587.548755,"logger":"fallback","caller":"revision/reconcile_resources.go:161","msg":"Reconciling PA: kamera-test"}
{"level":"info","ts":1768351587.5488372,"logger":"fallback","caller":"revision/reconcile_resources.go:170","msg":"Created PA: kamera-test"}
{"level":"info","ts":"2026-01-13T16:46:27-08:00","logger":"RevisionReconciler.reconcile","msg":"reconcile completed","key":"default/kamera-test","reconciler":"knative.dev.serving.pkg.reconciler.revision.Reconciler","requeue":false,"requeueAfter":0}
{"level":"info","ts":"2026-01-13T16:46:27-08:00","logger":"tracecheck","msg":"Taking reconcile step","Depth":7,"# Distinct States":8,"Total States":8,"Resource States":7}
{"level":"info","ts":"2026-01-13T16:46:27-08:00","logger":"RouteReconciler.seed","msg":"added podscalable to informer","resource":"deployments","namespace":"default","name":"kamera-test-deployment","stage":"podscalable-add","keys":["default/kamera-test-deployment"]}
{"level":"info","ts":"2026-01-13T16:46:27-08:00","logger":"RouteReconciler.seed","msg":"podscalable visible to lister","resource":"deployments","namespace":"default","name":"kamera-test-deployment","stage":"podscalable-lister","object":{"apiVersion":"autoscaling.internal.knative.dev/v1alpha1","kind":"PodScalable","namespace":"default","name":"kamera-test-deployment"}}
{"level":"info","ts":1768351587.656565,"logger":"fallback","caller":"route/route.go:480","msg":"Marking bad traffic target: Configuration \"demo\" not ready, isFailure=false"}
{"level":"info","ts":"2026-01-13T16:46:27-08:00","logger":"RouteReconciler.reconcile","msg":"reconcile completed","key":"default/demo","reconciler":"knative.dev.serving.pkg.reconciler.route.Reconciler","requeue":false,"requeueAfter":0}
{"level":"info","ts":"2026-01-13T16:46:27-08:00","logger":"tracecheck","msg":"Taking reconcile step","Depth":8,"# Distinct States":9,"Total States":9,"Resource States":7}
{"level":"info","ts":"2026-01-13T16:46:27-08:00","logger":"ServiceReconciler.seed","msg":"added podscalable to informer","resource":"deployments","namespace":"default","name":"kamera-test-deployment","stage":"podscalable-add","keys":["default/kamera-test-deployment"]}
{"level":"info","ts":"2026-01-13T16:46:27-08:00","logger":"ServiceReconciler.seed","msg":"podscalable visible to lister","resource":"deployments","namespace":"default","name":"kamera-test-deployment","stage":"podscalable-lister","object":{"apiVersion":"autoscaling.internal.knative.dev/v1alpha1","kind":"PodScalable","namespace":"default","name":"kamera-test-deployment"}}
{"level":"info","ts":1768351587.761217,"logger":"fallback","caller":"service/service.go:171","msg":"Service reconciler fetching Route from lister: name=demo, namespace=default"}
{"level":"info","ts":1768351587.761228,"logger":"fallback","caller":"service/service.go:174","msg":"Service reconciler got Route from lister: name=demo, Generation=1, ObservedGeneration=1, ResourceVersion="}
{"level":"info","ts":1768351587.7612422,"logger":"fallback","caller":"service/service.go:126","msg":"Service reconciler checking Route: name=demo, Generation=1, ObservedGeneration=1, Ready=Unknown (reason=RevisionMissing, message=Configuration \"demo\" is waiting for a Revision to become ready.), generationMatch=true, routeResourceVersion="}
{"level":"info","ts":1768351587.761245,"logger":"fallback","caller":"service/service.go:136","msg":"Service reconciler calling PropagateRouteStatus() because Generation == ObservedGeneration"}
{"level":"info","ts":"2026-01-13T16:46:27-08:00","logger":"ServiceReconciler.reconcile","msg":"reconcile completed","key":"default/demo","reconciler":"knative.dev.serving.pkg.reconciler.service.Reconciler","requeue":false,"requeueAfter":0}
{"level":"info","ts":"2026-01-13T16:46:27-08:00","logger":"tracecheck","msg":"Taking reconcile step","Depth":9,"# Distinct States":10,"Total States":10,"Resource States":7}
{"level":"info","ts":"2026-01-13T16:46:27-08:00","logger":"ConfigurationReconciler.seed","msg":"added podscalable to informer","resource":"deployments","namespace":"default","name":"kamera-test-deployment","stage":"podscalable-add","keys":["default/kamera-test-deployment"]}
{"level":"info","ts":"2026-01-13T16:46:27-08:00","logger":"ConfigurationReconciler.seed","msg":"podscalable visible to lister","resource":"deployments","namespace":"default","name":"kamera-test-deployment","stage":"podscalable-lister","object":{"apiVersion":"autoscaling.internal.knative.dev/v1alpha1","kind":"PodScalable","namespace":"default","name":"kamera-test-deployment"}}
{"level":"info","ts":1768351587.866672,"logger":"fallback","caller":"configuration/configuration.go:103","msg":"Revision \"kamera-test\" of configuration is not ready"}
{"level":"info","ts":"2026-01-13T16:46:27-08:00","logger":"ConfigurationReconciler.reconcile","msg":"reconcile completed","key":"default/demo","reconciler":"knative.dev.serving.pkg.reconciler.configuration.Reconciler","requeue":false,"requeueAfter":0}
{"level":"info","ts":"2026-01-13T16:46:27-08:00","logger":"tracecheck","msg":"Taking reconcile step","Depth":10,"# Distinct States":11,"Total States":11,"Resource States":7}
{"level":"info","ts":"2026-01-13T16:46:27-08:00","logger":"tracecheck","msg":"Taking reconcile step","Depth":11,"# Distinct States":12,"Total States":12,"Resource States":7}
{"level":"info","ts":"2026-01-13T16:46:27-08:00","logger":"tracecheck","msg":"Updated Deployment status","Depth":11,"# Distinct States":12,"Total States":12,"Resource States":7,"name":"kamera-test-deployment"}
{"level":"info","ts":"2026-01-13T16:46:27-08:00","logger":"tracecheck","msg":"Taking reconcile step","Depth":12,"# Distinct States":13,"Total States":13,"Resource States":8}
{"level":"info","ts":"2026-01-13T16:46:27-08:00","logger":"KPAReconciler.seed","msg":"added podscalable to informer","resource":"deployments","namespace":"default","name":"kamera-test-deployment","stage":"podscalable-add","keys":["default/kamera-test-deployment"]}
{"level":"info","ts":"2026-01-13T16:46:27-08:00","logger":"KPAReconciler.seed","msg":"podscalable visible to lister","resource":"deployments","namespace":"default","name":"kamera-test-deployment","stage":"podscalable-lister","object":{"apiVersion":"autoscaling.internal.knative.dev/v1alpha1","kind":"PodScalable","namespace":"default","name":"kamera-test-deployment"}}
{"level":"info","ts":1768351587.97613,"logger":"fallback","caller":"kpa/controller.go:77","msg":"Setting up ConfigMap receivers"}
{"level":"info","ts":1768351587.976427,"logger":"fallback","caller":"kpa/controller.go:91","msg":"Setting up KPA-Class event handlers"}
{"level":"info","ts":1768351587.976474,"logger":"fallback","caller":"autoscaling/reconciler.go:56","msg":"SKS does not exist; creating."}
{"level":"info","ts":1768351587.9765801,"logger":"fallback","caller":"autoscaling/reconciler.go:61","msg":"Created SKS"}
{"level":"info","ts":"2026-01-13T16:46:27-08:00","logger":"KPAReconciler.reconcile","msg":"reconcile completed","key":"default/kamera-test","reconciler":"knative.dev.serving.pkg.reconciler.autoscaling.kpa.Reconciler","requeue":false,"requeueAfter":0}
{"level":"info","ts":"2026-01-13T16:46:27-08:00","logger":"tracecheck","msg":"Taking reconcile step","Depth":13,"# Distinct States":14,"Total States":14,"Resource States":9}
{"level":"info","ts":"2026-01-13T16:46:28-08:00","logger":"RevisionReconciler.seed","msg":"added podscalable to informer","resource":"deployments","namespace":"default","name":"kamera-test-deployment","stage":"podscalable-add","keys":["default/kamera-test-deployment"]}
{"level":"info","ts":"2026-01-13T16:46:28-08:00","logger":"RevisionReconciler.seed","msg":"podscalable visible to lister","resource":"deployments","namespace":"default","name":"kamera-test-deployment","stage":"podscalable-lister","object":{"apiVersion":"autoscaling.internal.knative.dev/v1alpha1","kind":"PodScalable","namespace":"default","name":"kamera-test-deployment"}}
{"level":"error","ts":1768351588.082148,"logger":"fallback","caller":"revision/controller.go:116","msg":"Failed to create resolver transport","error":"open /var/run/secrets/kubernetes.io/serviceaccount/ca.crt: no such file or directory","stacktrace":"knative.dev/serving/pkg/reconciler/revision.newControllerWithOptions\n\t/Users/tgoodwin/tmp/gomodcache/knative.dev/serving@v0.46.5/pkg/reconciler/revision/controller.go:116\nknative.dev/serving/pkg/reconciler/revision.NewController\n\t/Users/tgoodwin/tmp/gomodcache/knative.dev/serving@v0.46.5/pkg/reconciler/revision/controller.go:64\nmain.configureKnativeExplorer.func1.1\n\t/Users/tgoodwin/projects/kamera/examples/knative-serving/scenario.go:91\ngithub.com/tgoodwin/kamera/examples/knative-serving/knative.NewKnativeStrategy.func1\n\t/Users/tgoodwin/projects/kamera/examples/knative-serving/knative/harness.go:555\ngithub.com/tgoodwin/kamera/examples/knative-serving/knative.(*KnativeStrategy).ReconcileAtState\n\t/Users/tgoodwin/projects/kamera/examples/knative-serving/knative/harness.go:895\ngithub.com/tgoodwin/kamera/pkg/tracecheck.(*ReconcilerContainer).doReconcile\n\t/Users/tgoodwin/projects/kamera/pkg/tracecheck/reconciler.go:164\ngithub.com/tgoodwin/kamera/pkg/tracecheck.(*Explorer).reconcileAtState\n\t/Users/tgoodwin/projects/kamera/pkg/tracecheck/explore.go:1313\ngithub.com/tgoodwin/kamera/pkg/tracecheck.(*Explorer).takeReconcileStep\n\t/Users/tgoodwin/projects/kamera/pkg/tracecheck/explore.go:1228\ngithub.com/tgoodwin/kamera/pkg/tracecheck.(*Explorer).explore\n\t/Users/tgoodwin/projects/kamera/pkg/tracecheck/explore.go:790\ngithub.com/tgoodwin/kamera/pkg/tracecheck.(*Explorer).Explore.func1\n\t/Users/tgoodwin/projects/kamera/pkg/tracecheck/explore.go:330"}
{"level":"info","ts":1768351588.082719,"logger":"fallback","caller":"revision/reconcile_resources.go:161","msg":"Reconciling PA: kamera-test"}
{"level":"info","ts":"2026-01-13T16:46:28-08:00","logger":"RevisionReconciler.reconcile","msg":"reconcile completed","key":"default/kamera-test","reconciler":"knative.dev.serving.pkg.reconciler.revision.Reconciler","requeue":false,"requeueAfter":0}
{"level":"info","ts":"2026-01-13T16:46:28-08:00","logger":"tracecheck","msg":"Taking reconcile step","Depth":14,"# Distinct States":15,"Total States":15,"Resource States":10}
{"level":"info","ts":"2026-01-13T16:46:28-08:00","logger":"tracecheck","msg":"Taking reconcile step","Depth":15,"# Distinct States":16,"Total States":16,"Resource States":10}
{"level":"info","ts":"2026-01-13T16:46:28-08:00","logger":"tracecheck","msg":"Creating pods","Depth":15,"# Distinct States":16,"Total States":16,"Resource States":10,"count":1}
{"level":"info","ts":"2026-01-13T16:46:28-08:00","logger":"tracecheck","msg":"Updated ReplicaSet status","Depth":15,"# Distinct States":16,"Total States":16,"Resource States":10,"name":"kamera-test-deployment-1488584584"}
{"level":"info","ts":"2026-01-13T16:46:28-08:00","logger":"tracecheck","msg":"Taking reconcile step","Depth":16,"# Distinct States":17,"Total States":17,"Resource States":11}
{"level":"info","ts":"2026-01-13T16:46:28-08:00","logger":"tracecheck","msg":"Taking reconcile step","Depth":17,"# Distinct States":18,"Total States":18,"Resource States":11}
{"level":"info","ts":"2026-01-13T16:46:28-08:00","logger":"KPAReconciler.seed","msg":"added podscalable to informer","resource":"deployments","namespace":"default","name":"kamera-test-deployment","stage":"podscalable-add","keys":["default/kamera-test-deployment"]}
{"level":"info","ts":"2026-01-13T16:46:28-08:00","logger":"KPAReconciler.seed","msg":"podscalable visible to lister","resource":"deployments","namespace":"default","name":"kamera-test-deployment","stage":"podscalable-lister","object":{"apiVersion":"autoscaling.internal.knative.dev/v1alpha1","kind":"PodScalable","namespace":"default","name":"kamera-test-deployment"}}
{"level":"info","ts":1768351588.194379,"logger":"fallback","caller":"kpa/controller.go:77","msg":"Setting up ConfigMap receivers"}
{"level":"info","ts":1768351588.194498,"logger":"fallback","caller":"kpa/controller.go:91","msg":"Setting up KPA-Class event handlers"}
{"level":"info","ts":"2026-01-13T16:46:28-08:00","logger":"KPAReconciler.reconcile","msg":"reconcile completed","key":"default/kamera-test","reconciler":"knative.dev.serving.pkg.reconciler.autoscaling.kpa.Reconciler","requeue":false,"requeueAfter":0}
{"level":"info","ts":"2026-01-13T16:46:28-08:00","logger":"tracecheck","msg":"Taking reconcile step","Depth":18,"# Distinct States":19,"Total States":19,"Resource States":11}
{"level":"info","ts":"2026-01-13T16:46:28-08:00","logger":"ServerlessServiceReconciler.seed","msg":"added podscalable to informer","resource":"deployments","namespace":"default","name":"kamera-test-deployment","stage":"podscalable-add","keys":["default/kamera-test-deployment"]}
{"level":"info","ts":"2026-01-13T16:46:28-08:00","logger":"ServerlessServiceReconciler.seed","msg":"podscalable visible to lister","resource":"deployments","namespace":"default","name":"kamera-test-deployment","stage":"podscalable-lister","object":{"apiVersion":"autoscaling.internal.knative.dev/v1alpha1","kind":"PodScalable","namespace":"default","name":"kamera-test-deployment"}}
{"level":"info","ts":1768351588.2997482,"logger":"fallback","caller":"serverlessservice/serverlessservice.go:316","msg":"SKS has no private service; creating."}
{"level":"info","ts":1768351588.299739,"logger":"fallback","caller":"serverlessservice/controller.go:90","msg":"Doing a global resync due to activator endpoint changes"}
{"level":"info","ts":1768351588.299933,"logger":"fallback","caller":"serverlessservice/serverlessservice.go:323","msg":"Created private K8s service: kamera-test-private"}
{"level":"info","ts":1768351588.29994,"logger":"fallback","caller":"serverlessservice/serverlessservice.go:97","msg":"K8s public service does not exist; creating."}
{"level":"info","ts":1768351588.300003,"logger":"fallback","caller":"serverlessservice/serverlessservice.go:105","msg":"Created public K8s service: kamera-test"}
{"level":"error","ts":1768351588.300097,"logger":"fallback","caller":"serverlessservice/reconciler.go:303","msg":"Returned an error","targetMethod":"ReconcileKind","error":"failed to get private K8s Service endpoints: endpoints \"kamera-test-private\" not found","stacktrace":"knative.dev/networking/pkg/client/injection/reconciler/networking/v1alpha1/serverlessservice.(*reconcilerImpl).Reconcile\n\t/Users/tgoodwin/tmp/gomodcache/knative.dev/networking@v0.0.0-20250909015233-e3b68fc57bea/pkg/client/injection/reconciler/networking/v1alpha1/serverlessservice/reconciler.go:303\ngithub.com/tgoodwin/kamera/examples/knative-serving/knative.(*KnativeStrategy).ReconcileAtState\n\t/Users/tgoodwin/projects/kamera/examples/knative-serving/knative/harness.go:905\ngithub.com/tgoodwin/kamera/pkg/tracecheck.(*ReconcilerContainer).doReconcile\n\t/Users/tgoodwin/projects/kamera/pkg/tracecheck/reconciler.go:164\ngithub.com/tgoodwin/kamera/pkg/tracecheck.(*Explorer).reconcileAtState\n\t/Users/tgoodwin/projects/kamera/pkg/tracecheck/explore.go:1313\ngithub.com/tgoodwin/kamera/pkg/tracecheck.(*Explorer).takeReconcileStep\n\t/Users/tgoodwin/projects/kamera/pkg/tracecheck/explore.go:1228\ngithub.com/tgoodwin/kamera/pkg/tracecheck.(*Explorer).explore\n\t/Users/tgoodwin/projects/kamera/pkg/tracecheck/explore.go:790\ngithub.com/tgoodwin/kamera/pkg/tracecheck.(*Explorer).Explore.func1\n\t/Users/tgoodwin/projects/kamera/pkg/tracecheck/explore.go:330"}
{"level":"info","ts":"2026-01-13T16:46:28-08:00","logger":"ServerlessServiceReconciler.reconcile","msg":"transient not found; requeueing","key":"default/kamera-test","reconciler":"knative.dev.serving.pkg.reconciler.serverlessservice.reconciler","error":"failed to get private K8s Service endpoints: endpoints \"kamera-test-private\" not found"}
{"level":"info","ts":"2026-01-13T16:46:28-08:00","logger":"tracecheck","msg":"Taking reconcile step","Depth":19,"# Distinct States":20,"Total States":20,"Resource States":12}
{"level":"info","ts":"2026-01-13T16:46:28-08:00","logger":"ConfigurationReconciler.seed","msg":"added podscalable to informer","resource":"deployments","namespace":"default","name":"kamera-test-deployment","stage":"podscalable-add","keys":["default/kamera-test-deployment"]}
{"level":"info","ts":"2026-01-13T16:46:28-08:00","logger":"ConfigurationReconciler.seed","msg":"podscalable visible to lister","resource":"deployments","namespace":"default","name":"kamera-test-deployment","stage":"podscalable-lister","object":{"apiVersion":"autoscaling.internal.knative.dev/v1alpha1","kind":"PodScalable","namespace":"default","name":"kamera-test-deployment"}}
{"level":"info","ts":1768351588.406241,"logger":"fallback","caller":"configuration/configuration.go:103","msg":"Revision \"kamera-test\" of configuration is not ready"}
{"level":"info","ts":"2026-01-13T16:46:28-08:00","logger":"ConfigurationReconciler.reconcile","msg":"reconcile completed","key":"default/demo","reconciler":"knative.dev.serving.pkg.reconciler.configuration.Reconciler","requeue":false,"requeueAfter":0}
{"level":"info","ts":"2026-01-13T16:46:28-08:00","logger":"tracecheck","msg":"Taking reconcile step","Depth":20,"# Distinct States":21,"Total States":21,"Resource States":12}
{"level":"info","ts":"2026-01-13T16:46:28-08:00","logger":"RevisionReconciler.seed","msg":"added podscalable to informer","resource":"deployments","namespace":"default","name":"kamera-test-deployment","stage":"podscalable-add","keys":["default/kamera-test-deployment"]}
{"level":"info","ts":"2026-01-13T16:46:28-08:00","logger":"RevisionReconciler.seed","msg":"podscalable visible to lister","resource":"deployments","namespace":"default","name":"kamera-test-deployment","stage":"podscalable-lister","object":{"apiVersion":"autoscaling.internal.knative.dev/v1alpha1","kind":"PodScalable","namespace":"default","name":"kamera-test-deployment"}}
{"level":"error","ts":1768351588.511787,"logger":"fallback","caller":"revision/controller.go:116","msg":"Failed to create resolver transport","error":"open /var/run/secrets/kubernetes.io/serviceaccount/ca.crt: no such file or directory","stacktrace":"knative.dev/serving/pkg/reconciler/revision.newControllerWithOptions\n\t/Users/tgoodwin/tmp/gomodcache/knative.dev/serving@v0.46.5/pkg/reconciler/revision/controller.go:116\nknative.dev/serving/pkg/reconciler/revision.NewController\n\t/Users/tgoodwin/tmp/gomodcache/knative.dev/serving@v0.46.5/pkg/reconciler/revision/controller.go:64\nmain.configureKnativeExplorer.func1.1\n\t/Users/tgoodwin/projects/kamera/examples/knative-serving/scenario.go:91\ngithub.com/tgoodwin/kamera/examples/knative-serving/knative.NewKnativeStrategy.func1\n\t/Users/tgoodwin/projects/kamera/examples/knative-serving/knative/harness.go:555\ngithub.com/tgoodwin/kamera/examples/knative-serving/knative.(*KnativeStrategy).ReconcileAtState\n\t/Users/tgoodwin/projects/kamera/examples/knative-serving/knative/harness.go:895\ngithub.com/tgoodwin/kamera/pkg/tracecheck.(*ReconcilerContainer).doReconcile\n\t/Users/tgoodwin/projects/kamera/pkg/tracecheck/reconciler.go:164\ngithub.com/tgoodwin/kamera/pkg/tracecheck.(*Explorer).reconcileAtState\n\t/Users/tgoodwin/projects/kamera/pkg/tracecheck/explore.go:1313\ngithub.com/tgoodwin/kamera/pkg/tracecheck.(*Explorer).takeReconcileStep\n\t/Users/tgoodwin/projects/kamera/pkg/tracecheck/explore.go:1228\ngithub.com/tgoodwin/kamera/pkg/tracecheck.(*Explorer).explore\n\t/Users/tgoodwin/projects/kamera/pkg/tracecheck/explore.go:790\ngithub.com/tgoodwin/kamera/pkg/tracecheck.(*Explorer).Explore.func1\n\t/Users/tgoodwin/projects/kamera/pkg/tracecheck/explore.go:330"}
{"level":"info","ts":1768351588.512334,"logger":"fallback","caller":"revision/reconcile_resources.go:161","msg":"Reconciling PA: kamera-test"}
{"level":"info","ts":"2026-01-13T16:46:28-08:00","logger":"RevisionReconciler.reconcile","msg":"reconcile completed","key":"default/kamera-test","reconciler":"knative.dev.serving.pkg.reconciler.revision.Reconciler","requeue":false,"requeueAfter":0}
{"level":"info","ts":"2026-01-13T16:46:28-08:00","logger":"tracecheck","msg":"Taking reconcile step","Depth":21,"# Distinct States":22,"Total States":22,"Resource States":12}
{"level":"info","ts":"2026-01-13T16:46:28-08:00","logger":"tracecheck","msg":"Taking reconcile step","Depth":22,"# Distinct States":23,"Total States":23,"Resource States":12}
{"level":"info","ts":"2026-01-13T16:46:28-08:00","logger":"tracecheck","msg":"updated pod status","Depth":22,"# Distinct States":23,"Total States":23,"Resource States":12,"phase":"Pending","pod":{"name":"kamera-test-deployment-1488584584-0","namespace":"default"}}
{"level":"info","ts":"2026-01-13T16:46:28-08:00","logger":"tracecheck","msg":"Taking reconcile step","Depth":23,"# Distinct States":24,"Total States":24,"Resource States":13}
{"level":"info","ts":"2026-01-13T16:46:28-08:00","logger":"tracecheck","msg":"Updated ReplicaSet status","Depth":23,"# Distinct States":24,"Total States":24,"Resource States":13,"name":"kamera-test-deployment-1488584584"}
{"level":"info","ts":"2026-01-13T16:46:28-08:00","logger":"tracecheck","msg":"Taking reconcile step","Depth":24,"# Distinct States":25,"Total States":25,"Resource States":14}
{"level":"info","ts":"2026-01-13T16:46:28-08:00","logger":"tracecheck","msg":"Taking reconcile step","Depth":25,"# Distinct States":26,"Total States":26,"Resource States":14}
{"level":"info","ts":"2026-01-13T16:46:28-08:00","logger":"tracecheck","msg":"Taking reconcile step","Depth":26,"# Distinct States":27,"Total States":27,"Resource States":15}
{"level":"info","ts":"2026-01-13T16:46:28-08:00","logger":"KPAReconciler.seed","msg":"added podscalable to informer","resource":"deployments","namespace":"default","name":"kamera-test-deployment","stage":"podscalable-add","keys":["default/kamera-test-deployment"]}
{"level":"info","ts":"2026-01-13T16:46:28-08:00","logger":"KPAReconciler.seed","msg":"podscalable visible to lister","resource":"deployments","namespace":"default","name":"kamera-test-deployment","stage":"podscalable-lister","object":{"apiVersion":"autoscaling.internal.knative.dev/v1alpha1","kind":"PodScalable","namespace":"default","name":"kamera-test-deployment"}}
{"level":"info","ts":1768351588.626407,"logger":"fallback","caller":"kpa/controller.go:77","msg":"Setting up ConfigMap receivers"}
{"level":"info","ts":1768351588.626528,"logger":"fallback","caller":"kpa/controller.go:91","msg":"Setting up KPA-Class event handlers"}
{"level":"info","ts":1768351588.6269598,"logger":"fallback","caller":"kpa/kpa.go:158","msg":"SKS should be in Proxy mode: want = -1, ebc = 0, #act's = 2 PA Inactive? = false"}
{"level":"info","ts":1768351588.6270149,"logger":"fallback","caller":"kpa/kpa.go:178","msg":"PA scale got=0, want=-1, desiredPods=0 ebc=0"}
{"level":"info","ts":1768351588.6270258,"logger":"fallback","caller":"kpa/kpa.go:188","msg":"Observed pod counts=kpa.podCounts{want:-1, ready:0, notReady:1, pending:1, terminating:0}"}
{"level":"info","ts":"2026-01-13T16:46:28-08:00","logger":"KPAReconciler.reconcile","msg":"reconcile completed","key":"default/kamera-test","reconciler":"knative.dev.serving.pkg.reconciler.autoscaling.kpa.Reconciler","requeue":false,"requeueAfter":0}
{"level":"info","ts":"2026-01-13T16:46:28-08:00","logger":"tracecheck","msg":"Taking reconcile step","Depth":27,"# Distinct States":28,"Total States":28,"Resource States":16}
{"level":"info","ts":"2026-01-13T16:46:28-08:00","logger":"ServerlessServiceReconciler.seed","msg":"added podscalable to informer","resource":"deployments","namespace":"default","name":"kamera-test-deployment","stage":"podscalable-add","keys":["default/kamera-test-deployment"]}
{"level":"info","ts":"2026-01-13T16:46:28-08:00","logger":"ServerlessServiceReconciler.seed","msg":"podscalable visible to lister","resource":"deployments","namespace":"default","name":"kamera-test-deployment","stage":"podscalable-lister","object":{"apiVersion":"autoscaling.internal.knative.dev/v1alpha1","kind":"PodScalable","namespace":"default","name":"kamera-test-deployment"}}
{"level":"info","ts":1768351588.733574,"logger":"fallback","caller":"serverlessservice/controller.go:90","msg":"Doing a global resync due to activator endpoint changes"}
{"level":"info","ts":1768351588.733621,"logger":"fallback","caller":"serverlessservice/serverlessservice.go:217","msg":"SKS is in Proxy mode; has 0 endpoints in kamera-test-private; 1 activator endpoints"}
{"level":"info","ts":1768351588.733634,"logger":"fallback","caller":"serverlessservice/serverlessservice.go:245","msg":"Forcing SKS into Proxy mode, insufficient ready endpoints."}
{"level":"info","ts":1768351588.733644,"logger":"fallback","caller":"serverlessservice/serverlessservice.go:265","msg":"Public endpoints object does not exist; creating."}
{"level":"info","ts":1768351588.733823,"logger":"fallback","caller":"serverlessservice/serverlessservice.go:270","msg":"Created K8s Endpoints: kamera-test"}
{"level":"info","ts":1768351588.733834,"logger":"fallback","caller":"serverlessservice/serverlessservice.go:290","msg":"No ready endpoints backing revision"}
{"level":"info","ts":"2026-01-13T16:46:28-08:00","logger":"ServerlessServiceReconciler.reconcile","msg":"reconcile completed","key":"default/kamera-test","reconciler":"knative.dev.serving.pkg.reconciler.serverlessservice.reconciler","requeue":false,"requeueAfter":0}
{"level":"info","ts":"2026-01-13T16:46:28-08:00","logger":"tracecheck","msg":"Taking reconcile step","Depth":28,"# Distinct States":29,"Total States":29,"Resource States":17}
{"level":"info","ts":"2026-01-13T16:46:28-08:00","logger":"tracecheck","msg":"Taking reconcile step","Depth":29,"# Distinct States":30,"Total States":30,"Resource States":17}
{"level":"info","ts":"2026-01-13T16:46:28-08:00","logger":"tracecheck","msg":"Taking reconcile step","Depth":30,"# Distinct States":31,"Total States":31,"Resource States":17}
{"level":"info","ts":"2026-01-13T16:46:28-08:00","logger":"tracecheck","msg":"updated pod status","Depth":30,"# Distinct States":31,"Total States":31,"Resource States":17,"phase":"Running","pod":{"name":"kamera-test-deployment-1488584584-0","namespace":"default"}}
{"level":"info","ts":"2026-01-13T16:46:28-08:00","logger":"tracecheck","msg":"Taking reconcile step","Depth":31,"# Distinct States":32,"Total States":32,"Resource States":18}
{"level":"info","ts":"2026-01-13T16:46:28-08:00","logger":"tracecheck","msg":"Updated Deployment status","Depth":31,"# Distinct States":32,"Total States":32,"Resource States":18,"name":"kamera-test-deployment"}
{"level":"info","ts":"2026-01-13T16:46:28-08:00","logger":"tracecheck","msg":"Taking reconcile step","Depth":32,"# Distinct States":33,"Total States":33,"Resource States":19}
{"level":"info","ts":"2026-01-13T16:46:28-08:00","logger":"tracecheck","msg":"Taking reconcile step","Depth":33,"# Distinct States":34,"Total States":34,"Resource States":19}
{"level":"info","ts":"2026-01-13T16:46:28-08:00","logger":"tracecheck","msg":"Taking reconcile step","Depth":34,"# Distinct States":35,"Total States":35,"Resource States":19}
{"level":"info","ts":"2026-01-13T16:46:28-08:00","logger":"KPAReconciler.seed","msg":"added podscalable to informer","resource":"deployments","namespace":"default","name":"kamera-test-deployment","stage":"podscalable-add","keys":["default/kamera-test-deployment"]}
{"level":"info","ts":"2026-01-13T16:46:28-08:00","logger":"KPAReconciler.seed","msg":"podscalable visible to lister","resource":"deployments","namespace":"default","name":"kamera-test-deployment","stage":"podscalable-lister","object":{"apiVersion":"autoscaling.internal.knative.dev/v1alpha1","kind":"PodScalable","namespace":"default","name":"kamera-test-deployment"}}
{"level":"info","ts":1768351588.8500092,"logger":"fallback","caller":"kpa/controller.go:77","msg":"Setting up ConfigMap receivers"}
{"level":"info","ts":1768351588.850133,"logger":"fallback","caller":"kpa/controller.go:91","msg":"Setting up KPA-Class event handlers"}
{"level":"info","ts":1768351588.8502479,"logger":"fallback","caller":"kpa/kpa.go:158","msg":"SKS should be in Proxy mode: want = -1, ebc = 0, #act's = 2 PA Inactive? = false"}
{"level":"info","ts":1768351588.850271,"logger":"fallback","caller":"kpa/kpa.go:178","msg":"PA scale got=0, want=-1, desiredPods=0 ebc=0"}
{"level":"info","ts":1768351588.850281,"logger":"fallback","caller":"kpa/kpa.go:188","msg":"Observed pod counts=kpa.podCounts{want:-1, ready:0, notReady:1, pending:0, terminating:0}"}
{"level":"info","ts":"2026-01-13T16:46:28-08:00","logger":"KPAReconciler.reconcile","msg":"reconcile completed","key":"default/kamera-test","reconciler":"knative.dev.serving.pkg.reconciler.autoscaling.kpa.Reconciler","requeue":false,"requeueAfter":0}
{"level":"info","ts":"2026-01-13T16:46:28-08:00","logger":"tracecheck","msg":"Taking reconcile step","Depth":35,"# Distinct States":36,"Total States":36,"Resource States":19}
{"level":"info","ts":"2026-01-13T16:46:28-08:00","logger":"tracecheck","msg":"Taking reconcile step","Depth":36,"# Distinct States":37,"Total States":37,"Resource States":19}
{"level":"info","ts":"2026-01-13T16:46:28-08:00","logger":"RevisionReconciler.seed","msg":"added podscalable to informer","resource":"deployments","namespace":"default","name":"kamera-test-deployment","stage":"podscalable-add","keys":["default/kamera-test-deployment"]}
{"level":"info","ts":"2026-01-13T16:46:28-08:00","logger":"RevisionReconciler.seed","msg":"podscalable visible to lister","resource":"deployments","namespace":"default","name":"kamera-test-deployment","stage":"podscalable-lister","object":{"apiVersion":"autoscaling.internal.knative.dev/v1alpha1","kind":"PodScalable","namespace":"default","name":"kamera-test-deployment"}}
{"level":"error","ts":1768351588.959671,"logger":"fallback","caller":"revision/controller.go:116","msg":"Failed to create resolver transport","error":"open /var/run/secrets/kubernetes.io/serviceaccount/ca.crt: no such file or directory","stacktrace":"knative.dev/serving/pkg/reconciler/revision.newControllerWithOptions\n\t/Users/tgoodwin/tmp/gomodcache/knative.dev/serving@v0.46.5/pkg/reconciler/revision/controller.go:116\nknative.dev/serving/pkg/reconciler/revision.NewController\n\t/Users/tgoodwin/tmp/gomodcache/knative.dev/serving@v0.46.5/pkg/reconciler/revision/controller.go:64\nmain.configureKnativeExplorer.func1.1\n\t/Users/tgoodwin/projects/kamera/examples/knative-serving/scenario.go:91\ngithub.com/tgoodwin/kamera/examples/knative-serving/knative.NewKnativeStrategy.func1\n\t/Users/tgoodwin/projects/kamera/examples/knative-serving/knative/harness.go:555\ngithub.com/tgoodwin/kamera/examples/knative-serving/knative.(*KnativeStrategy).ReconcileAtState\n\t/Users/tgoodwin/projects/kamera/examples/knative-serving/knative/harness.go:895\ngithub.com/tgoodwin/kamera/pkg/tracecheck.(*ReconcilerContainer).doReconcile\n\t/Users/tgoodwin/projects/kamera/pkg/tracecheck/reconciler.go:164\ngithub.com/tgoodwin/kamera/pkg/tracecheck.(*Explorer).reconcileAtState\n\t/Users/tgoodwin/projects/kamera/pkg/tracecheck/explore.go:1313\ngithub.com/tgoodwin/kamera/pkg/tracecheck.(*Explorer).takeReconcileStep\n\t/Users/tgoodwin/projects/kamera/pkg/tracecheck/explore.go:1228\ngithub.com/tgoodwin/kamera/pkg/tracecheck.(*Explorer).explore\n\t/Users/tgoodwin/projects/kamera/pkg/tracecheck/explore.go:790\ngithub.com/tgoodwin/kamera/pkg/tracecheck.(*Explorer).Explore.func1\n\t/Users/tgoodwin/projects/kamera/pkg/tracecheck/explore.go:330"}
{"level":"info","ts":1768351588.960128,"logger":"fallback","caller":"revision/reconcile_resources.go:161","msg":"Reconciling PA: kamera-test"}
{"level":"info","ts":"2026-01-13T16:46:28-08:00","logger":"RevisionReconciler.reconcile","msg":"reconcile completed","key":"default/kamera-test","reconciler":"knative.dev.serving.pkg.reconciler.revision.Reconciler","requeue":false,"requeueAfter":0}
{"level":"info","ts":"2026-01-13T16:46:28-08:00","logger":"tracecheck","msg":"Taking reconcile step","Depth":37,"# Distinct States":38,"Total States":38,"Resource States":20}
{"level":"info","ts":"2026-01-13T16:46:29-08:00","logger":"ServerlessServiceReconciler.seed","msg":"added podscalable to informer","resource":"deployments","namespace":"default","name":"kamera-test-deployment","stage":"podscalable-add","keys":["default/kamera-test-deployment"]}
{"level":"info","ts":"2026-01-13T16:46:29-08:00","logger":"ServerlessServiceReconciler.seed","msg":"podscalable visible to lister","resource":"deployments","namespace":"default","name":"kamera-test-deployment","stage":"podscalable-lister","object":{"apiVersion":"autoscaling.internal.knative.dev/v1alpha1","kind":"PodScalable","namespace":"default","name":"kamera-test-deployment"}}
{"level":"info","ts":1768351589.06737,"logger":"fallback","caller":"serverlessservice/controller.go:90","msg":"Doing a global resync due to activator endpoint changes"}
{"level":"info","ts":1768351589.06742,"logger":"fallback","caller":"serverlessservice/serverlessservice.go:217","msg":"SKS is in Proxy mode; has 0 endpoints in kamera-test-private; 1 activator endpoints"}
{"level":"info","ts":1768351589.067435,"logger":"fallback","caller":"serverlessservice/serverlessservice.go:245","msg":"Forcing SKS into Proxy mode, insufficient ready endpoints."}
{"level":"info","ts":1768351589.0674481,"logger":"fallback","caller":"serverlessservice/serverlessservice.go:290","msg":"No ready endpoints backing revision"}
{"level":"info","ts":"2026-01-13T16:46:29-08:00","logger":"ServerlessServiceReconciler.reconcile","msg":"reconcile completed","key":"default/kamera-test","reconciler":"knative.dev.serving.pkg.reconciler.serverlessservice.reconciler","requeue":false,"requeueAfter":0}
{"level":"info","ts":"2026-01-13T16:46:29-08:00","logger":"tracecheck","msg":"Taking reconcile step","Depth":38,"# Distinct States":39,"Total States":39,"Resource States":20}
{"level":"info","ts":"2026-01-13T16:46:29-08:00","logger":"tracecheck","msg":"updated pod status","Depth":38,"# Distinct States":39,"Total States":39,"Resource States":20,"phase":"Running","pod":{"name":"kamera-test-deployment-1488584584-0","namespace":"default"}}
{"level":"info","ts":"2026-01-13T16:46:29-08:00","logger":"tracecheck","msg":"Taking reconcile step","Depth":39,"# Distinct States":40,"Total States":40,"Resource States":21}
{"level":"info","ts":"2026-01-13T16:46:29-08:00","logger":"tracecheck","msg":"Taking reconcile step","Depth":40,"# Distinct States":41,"Total States":41,"Resource States":21}
{"level":"info","ts":"2026-01-13T16:46:29-08:00","logger":"KPAReconciler.seed","msg":"added podscalable to informer","resource":"deployments","namespace":"default","name":"kamera-test-deployment","stage":"podscalable-add","keys":["default/kamera-test-deployment"]}
{"level":"info","ts":"2026-01-13T16:46:29-08:00","logger":"KPAReconciler.seed","msg":"podscalable visible to lister","resource":"deployments","namespace":"default","name":"kamera-test-deployment","stage":"podscalable-lister","object":{"apiVersion":"autoscaling.internal.knative.dev/v1alpha1","kind":"PodScalable","namespace":"default","name":"kamera-test-deployment"}}
{"level":"info","ts":1768351589.1774871,"logger":"fallback","caller":"kpa/controller.go:77","msg":"Setting up ConfigMap receivers"}
{"level":"info","ts":1768351589.177618,"logger":"fallback","caller":"kpa/controller.go:91","msg":"Setting up KPA-Class event handlers"}
{"level":"info","ts":1768351589.177794,"logger":"fallback","caller":"kpa/kpa.go:158","msg":"SKS should be in Proxy mode: want = -1, ebc = 0, #act's = 2 PA Inactive? = false"}
{"level":"info","ts":1768351589.177831,"logger":"fallback","caller":"kpa/kpa.go:178","msg":"PA scale got=1, want=-1, desiredPods=0 ebc=0"}
{"level":"info","ts":1768351589.177844,"logger":"fallback","caller":"kpa/kpa.go:188","msg":"Observed pod counts=kpa.podCounts{want:-1, ready:1, notReady:0, pending:0, terminating:0}"}
{"level":"info","ts":"2026-01-13T16:46:29-08:00","logger":"KPAReconciler.reconcile","msg":"reconcile completed","key":"default/kamera-test","reconciler":"knative.dev.serving.pkg.reconciler.autoscaling.kpa.Reconciler","requeue":false,"requeueAfter":0}
{"level":"info","ts":"2026-01-13T16:46:29-08:00","logger":"tracecheck","msg":"Taking reconcile step","Depth":41,"# Distinct States":42,"Total States":42,"Resource States":22}
{"level":"info","ts":"2026-01-13T16:46:29-08:00","logger":"ConfigurationReconciler.seed","msg":"added podscalable to informer","resource":"deployments","namespace":"default","name":"kamera-test-deployment","stage":"podscalable-add","keys":["default/kamera-test-deployment"]}
{"level":"info","ts":"2026-01-13T16:46:29-08:00","logger":"ConfigurationReconciler.seed","msg":"podscalable visible to lister","resource":"deployments","namespace":"default","name":"kamera-test-deployment","stage":"podscalable-lister","object":{"apiVersion":"autoscaling.internal.knative.dev/v1alpha1","kind":"PodScalable","namespace":"default","name":"kamera-test-deployment"}}
{"level":"info","ts":1768351589.286421,"logger":"fallback","caller":"configuration/configuration.go:103","msg":"Revision \"kamera-test\" of configuration is not ready"}
{"level":"info","ts":"2026-01-13T16:46:29-08:00","logger":"ConfigurationReconciler.reconcile","msg":"reconcile completed","key":"default/demo","reconciler":"knative.dev.serving.pkg.reconciler.configuration.Reconciler","requeue":false,"requeueAfter":0}
{"level":"info","ts":"2026-01-13T16:46:29-08:00","logger":"tracecheck","msg":"Taking reconcile step","Depth":42,"# Distinct States":43,"Total States":43,"Resource States":22}
{"level":"info","ts":"2026-01-13T16:46:29-08:00","logger":"tracecheck","msg":"Taking reconcile step","Depth":43,"# Distinct States":44,"Total States":44,"Resource States":22}
{"level":"info","ts":"2026-01-13T16:46:29-08:00","logger":"RevisionReconciler.seed","msg":"added podscalable to informer","resource":"deployments","namespace":"default","name":"kamera-test-deployment","stage":"podscalable-add","keys":["default/kamera-test-deployment"]}
{"level":"info","ts":"2026-01-13T16:46:29-08:00","logger":"RevisionReconciler.seed","msg":"podscalable visible to lister","resource":"deployments","namespace":"default","name":"kamera-test-deployment","stage":"podscalable-lister","object":{"apiVersion":"autoscaling.internal.knative.dev/v1alpha1","kind":"PodScalable","namespace":"default","name":"kamera-test-deployment"}}
{"level":"error","ts":1768351589.391736,"logger":"fallback","caller":"revision/controller.go:116","msg":"Failed to create resolver transport","error":"open /var/run/secrets/kubernetes.io/serviceaccount/ca.crt: no such file or directory","stacktrace":"knative.dev/serving/pkg/reconciler/revision.newControllerWithOptions\n\t/Users/tgoodwin/tmp/gomodcache/knative.dev/serving@v0.46.5/pkg/reconciler/revision/controller.go:116\nknative.dev/serving/pkg/reconciler/revision.NewController\n\t/Users/tgoodwin/tmp/gomodcache/knative.dev/serving@v0.46.5/pkg/reconciler/revision/controller.go:64\nmain.configureKnativeExplorer.func1.1\n\t/Users/tgoodwin/projects/kamera/examples/knative-serving/scenario.go:91\ngithub.com/tgoodwin/kamera/examples/knative-serving/knative.NewKnativeStrategy.func1\n\t/Users/tgoodwin/projects/kamera/examples/knative-serving/knative/harness.go:555\ngithub.com/tgoodwin/kamera/examples/knative-serving/knative.(*KnativeStrategy).ReconcileAtState\n\t/Users/tgoodwin/projects/kamera/examples/knative-serving/knative/harness.go:895\ngithub.com/tgoodwin/kamera/pkg/tracecheck.(*ReconcilerContainer).doReconcile\n\t/Users/tgoodwin/projects/kamera/pkg/tracecheck/reconciler.go:164\ngithub.com/tgoodwin/kamera/pkg/tracecheck.(*Explorer).reconcileAtState\n\t/Users/tgoodwin/projects/kamera/pkg/tracecheck/explore.go:1313\ngithub.com/tgoodwin/kamera/pkg/tracecheck.(*Explorer).takeReconcileStep\n\t/Users/tgoodwin/projects/kamera/pkg/tracecheck/explore.go:1228\ngithub.com/tgoodwin/kamera/pkg/tracecheck.(*Explorer).explore\n\t/Users/tgoodwin/projects/kamera/pkg/tracecheck/explore.go:790\ngithub.com/tgoodwin/kamera/pkg/tracecheck.(*Explorer).Explore.func1\n\t/Users/tgoodwin/projects/kamera/pkg/tracecheck/explore.go:330"}
{"level":"info","ts":1768351589.391994,"logger":"fallback","caller":"revision/reconcile_resources.go:161","msg":"Reconciling PA: kamera-test"}
{"level":"info","ts":1768351589.3920078,"logger":"fallback","caller":"revision/revision.go:166","msg":"Revision became ready"}
{"level":"info","ts":"2026-01-13T16:46:29-08:00","logger":"RevisionReconciler.reconcile","msg":"reconcile completed","key":"default/kamera-test","reconciler":"knative.dev.serving.pkg.reconciler.revision.Reconciler","requeue":false,"requeueAfter":0}
{"level":"info","ts":"2026-01-13T16:46:29-08:00","logger":"tracecheck","msg":"Taking reconcile step","Depth":44,"# Distinct States":45,"Total States":45,"Resource States":23}
{"level":"info","ts":"2026-01-13T16:46:29-08:00","logger":"tracecheck","msg":"Taking reconcile step","Depth":45,"# Distinct States":46,"Total States":46,"Resource States":23}
{"level":"info","ts":"2026-01-13T16:46:29-08:00","logger":"tracecheck","msg":"Updated ReplicaSet status","Depth":45,"# Distinct States":46,"Total States":46,"Resource States":23,"name":"kamera-test-deployment-1488584584"}
{"level":"info","ts":"2026-01-13T16:46:29-08:00","logger":"tracecheck","msg":"Taking reconcile step","Depth":46,"# Distinct States":47,"Total States":47,"Resource States":24}
{"level":"info","ts":"2026-01-13T16:46:29-08:00","logger":"KPAReconciler.seed","msg":"added podscalable to informer","resource":"deployments","namespace":"default","name":"kamera-test-deployment","stage":"podscalable-add","keys":["default/kamera-test-deployment"]}
{"level":"info","ts":"2026-01-13T16:46:29-08:00","logger":"KPAReconciler.seed","msg":"podscalable visible to lister","resource":"deployments","namespace":"default","name":"kamera-test-deployment","stage":"podscalable-lister","object":{"apiVersion":"autoscaling.internal.knative.dev/v1alpha1","kind":"PodScalable","namespace":"default","name":"kamera-test-deployment"}}
{"level":"info","ts":1768351589.50424,"logger":"fallback","caller":"kpa/controller.go:77","msg":"Setting up ConfigMap receivers"}
{"level":"info","ts":1768351589.504308,"logger":"fallback","caller":"kpa/controller.go:91","msg":"Setting up KPA-Class event handlers"}
{"level":"info","ts":1768351589.50437,"logger":"fallback","caller":"kpa/scaler.go:229","msg":"Can deactivate PA, was active for 12s"}
{"level":"info","ts":1768351589.5043788,"logger":"fallback","caller":"kpa/kpa.go:158","msg":"SKS should be in Proxy mode: want = 0, ebc = 0, #act's = 2 PA Inactive? = false"}
{"level":"info","ts":1768351589.504389,"logger":"fallback","caller":"kpa/kpa.go:178","msg":"PA scale got=1, want=0, desiredPods=0 ebc=0"}
{"level":"info","ts":1768351589.504394,"logger":"fallback","caller":"kpa/kpa.go:188","msg":"Observed pod counts=kpa.podCounts{want:0, ready:1, notReady:0, pending:0, terminating:0}"}
{"level":"info","ts":"2026-01-13T16:46:29-08:00","logger":"KPAReconciler.reconcile","msg":"reconcile completed","key":"default/kamera-test","reconciler":"knative.dev.serving.pkg.reconciler.autoscaling.kpa.Reconciler","requeue":false,"requeueAfter":0}
{"level":"info","ts":"2026-01-13T16:46:29-08:00","logger":"tracecheck","msg":"Taking reconcile step","Depth":47,"# Distinct States":48,"Total States":48,"Resource States":25}
{"level":"info","ts":"2026-01-13T16:46:29-08:00","logger":"ConfigurationReconciler.seed","msg":"added podscalable to informer","resource":"deployments","namespace":"default","name":"kamera-test-deployment","stage":"podscalable-add","keys":["default/kamera-test-deployment"]}
{"level":"info","ts":"2026-01-13T16:46:29-08:00","logger":"ConfigurationReconciler.seed","msg":"podscalable visible to lister","resource":"deployments","namespace":"default","name":"kamera-test-deployment","stage":"podscalable-lister","object":{"apiVersion":"autoscaling.internal.knative.dev/v1alpha1","kind":"PodScalable","namespace":"default","name":"kamera-test-deployment"}}
{"level":"info","ts":1768351589.609615,"logger":"fallback","caller":"configuration/configuration.go:106","msg":"Revision \"kamera-test\" of configuration is ready"}
{"level":"info","ts":"2026-01-13T16:46:29-08:00","logger":"ConfigurationReconciler.reconcile","msg":"reconcile completed","key":"default/demo","reconciler":"knative.dev.serving.pkg.reconciler.configuration.Reconciler","requeue":false,"requeueAfter":0}
{"level":"info","ts":"2026-01-13T16:46:29-08:00","logger":"tracecheck","msg":"Taking reconcile step","Depth":48,"# Distinct States":49,"Total States":49,"Resource States":26}
{"level":"info","ts":"2026-01-13T16:46:29-08:00","logger":"tracecheck","msg":"Taking reconcile step","Depth":49,"# Distinct States":50,"Total States":50,"Resource States":26}
{"level":"info","ts":"2026-01-13T16:46:29-08:00","logger":"RevisionReconciler.seed","msg":"added podscalable to informer","resource":"deployments","namespace":"default","name":"kamera-test-deployment","stage":"podscalable-add","keys":["default/kamera-test-deployment"]}
{"level":"info","ts":"2026-01-13T16:46:29-08:00","logger":"RevisionReconciler.seed","msg":"podscalable visible to lister","resource":"deployments","namespace":"default","name":"kamera-test-deployment","stage":"podscalable-lister","object":{"apiVersion":"autoscaling.internal.knative.dev/v1alpha1","kind":"PodScalable","namespace":"default","name":"kamera-test-deployment"}}
{"level":"error","ts":1768351589.715883,"logger":"fallback","caller":"revision/controller.go:116","msg":"Failed to create resolver transport","error":"open /var/run/secrets/kubernetes.io/serviceaccount/ca.crt: no such file or directory","stacktrace":"knative.dev/serving/pkg/reconciler/revision.newControllerWithOptions\n\t/Users/tgoodwin/tmp/gomodcache/knative.dev/serving@v0.46.5/pkg/reconciler/revision/controller.go:116\nknative.dev/serving/pkg/reconciler/revision.NewController\n\t/Users/tgoodwin/tmp/gomodcache/knative.dev/serving@v0.46.5/pkg/reconciler/revision/controller.go:64\nmain.configureKnativeExplorer.func1.1\n\t/Users/tgoodwin/projects/kamera/examples/knative-serving/scenario.go:91\ngithub.com/tgoodwin/kamera/examples/knative-serving/knative.NewKnativeStrategy.func1\n\t/Users/tgoodwin/projects/kamera/examples/knative-serving/knative/harness.go:555\ngithub.com/tgoodwin/kamera/examples/knative-serving/knative.(*KnativeStrategy).ReconcileAtState\n\t/Users/tgoodwin/projects/kamera/examples/knative-serving/knative/harness.go:895\ngithub.com/tgoodwin/kamera/pkg/tracecheck.(*ReconcilerContainer).doReconcile\n\t/Users/tgoodwin/projects/kamera/pkg/tracecheck/reconciler.go:164\ngithub.com/tgoodwin/kamera/pkg/tracecheck.(*Explorer).reconcileAtState\n\t/Users/tgoodwin/projects/kamera/pkg/tracecheck/explore.go:1313\ngithub.com/tgoodwin/kamera/pkg/tracecheck.(*Explorer).takeReconcileStep\n\t/Users/tgoodwin/projects/kamera/pkg/tracecheck/explore.go:1228\ngithub.com/tgoodwin/kamera/pkg/tracecheck.(*Explorer).explore\n\t/Users/tgoodwin/projects/kamera/pkg/tracecheck/explore.go:790\ngithub.com/tgoodwin/kamera/pkg/tracecheck.(*Explorer).Explore.func1\n\t/Users/tgoodwin/projects/kamera/pkg/tracecheck/explore.go:330"}
{"level":"info","ts":1768351589.7161012,"logger":"fallback","caller":"revision/reconcile_resources.go:161","msg":"Reconciling PA: kamera-test"}
{"level":"info","ts":"2026-01-13T16:46:29-08:00","logger":"RevisionReconciler.reconcile","msg":"reconcile completed","key":"default/kamera-test","reconciler":"knative.dev.serving.pkg.reconciler.revision.Reconciler","requeue":false,"requeueAfter":0}
{"level":"info","ts":"2026-01-13T16:46:29-08:00","logger":"tracecheck","msg":"Taking reconcile step","Depth":50,"# Distinct States":51,"Total States":51,"Resource States":27}
{"level":"info","ts":"2026-01-13T16:46:29-08:00","logger":"tracecheck","msg":"Updated Deployment status","Depth":50,"# Distinct States":51,"Total States":51,"Resource States":27,"name":"kamera-test-deployment"}
{"level":"info","ts":"2026-01-13T16:46:29-08:00","logger":"tracecheck","msg":"Taking reconcile step","Depth":51,"# Distinct States":52,"Total States":52,"Resource States":28}
{"level":"info","ts":"2026-01-13T16:46:29-08:00","logger":"tracecheck","msg":"Taking reconcile step","Depth":52,"# Distinct States":53,"Total States":53,"Resource States":28}
{"level":"info","ts":"2026-01-13T16:46:29-08:00","logger":"KPAReconciler.seed","msg":"added podscalable to informer","resource":"deployments","namespace":"default","name":"kamera-test-deployment","stage":"podscalable-add","keys":["default/kamera-test-deployment"]}
{"level":"info","ts":"2026-01-13T16:46:29-08:00","logger":"KPAReconciler.seed","msg":"podscalable visible to lister","resource":"deployments","namespace":"default","name":"kamera-test-deployment","stage":"podscalable-lister","object":{"apiVersion":"autoscaling.internal.knative.dev/v1alpha1","kind":"PodScalable","namespace":"default","name":"kamera-test-deployment"}}
{"level":"info","ts":1768351589.825635,"logger":"fallback","caller":"kpa/controller.go:77","msg":"Setting up ConfigMap receivers"}
{"level":"info","ts":1768351589.8257,"logger":"fallback","caller":"kpa/controller.go:91","msg":"Setting up KPA-Class event handlers"}
{"level":"info","ts":1768351589.82576,"logger":"fallback","caller":"kpa/scaler.go:379","msg":"Scaling from 1 to 0"}
{"level":"info","ts":1768351589.8267798,"logger":"fallback","caller":"kpa/kpa.go:158","msg":"SKS should be in Proxy mode: want = 0, ebc = 0, #act's = 2 PA Inactive? = true"}
{"level":"info","ts":1768351589.8267908,"logger":"fallback","caller":"kpa/kpa.go:178","msg":"PA scale got=1, want=0, desiredPods=0 ebc=0"}
{"level":"info","ts":1768351589.826797,"logger":"fallback","caller":"kpa/kpa.go:188","msg":"Observed pod counts=kpa.podCounts{want:0, ready:1, notReady:0, pending:0, terminating:0}"}
{"level":"info","ts":"2026-01-13T16:46:29-08:00","logger":"KPAReconciler.reconcile","msg":"reconcile completed","key":"default/kamera-test","reconciler":"knative.dev.serving.pkg.reconciler.autoscaling.kpa.Reconciler","requeue":false,"requeueAfter":0}
{"level":"info","ts":"2026-01-13T16:46:29-08:00","logger":"tracecheck","msg":"Taking reconcile step","Depth":53,"# Distinct States":54,"Total States":54,"Resource States":29}
{"level":"info","ts":"2026-01-13T16:46:29-08:00","logger":"ConfigurationReconciler.seed","msg":"added podscalable to informer","resource":"deployments","namespace":"default","name":"kamera-test-deployment","stage":"podscalable-add","keys":["default/kamera-test-deployment"]}
{"level":"info","ts":"2026-01-13T16:46:29-08:00","logger":"ConfigurationReconciler.seed","msg":"podscalable visible to lister","resource":"deployments","namespace":"default","name":"kamera-test-deployment","stage":"podscalable-lister","object":{"apiVersion":"autoscaling.internal.knative.dev/v1alpha1","kind":"PodScalable","namespace":"default","name":"kamera-test-deployment"}}
{"level":"info","ts":1768351589.93326,"logger":"fallback","caller":"configuration/configuration.go:106","msg":"Revision \"kamera-test\" of configuration is ready"}
{"level":"info","ts":"2026-01-13T16:46:29-08:00","logger":"ConfigurationReconciler.reconcile","msg":"reconcile completed","key":"default/demo","reconciler":"knative.dev.serving.pkg.reconciler.configuration.Reconciler","requeue":false,"requeueAfter":0}
{"level":"info","ts":"2026-01-13T16:46:29-08:00","logger":"tracecheck","msg":"Taking reconcile step","Depth":54,"# Distinct States":55,"Total States":55,"Resource States":29}
{"level":"info","ts":"2026-01-13T16:46:30-08:00","logger":"RouteReconciler.seed","msg":"added podscalable to informer","resource":"deployments","namespace":"default","name":"kamera-test-deployment","stage":"podscalable-add","keys":["default/kamera-test-deployment"]}
{"level":"info","ts":"2026-01-13T16:46:30-08:00","logger":"RouteReconciler.seed","msg":"podscalable visible to lister","resource":"deployments","namespace":"default","name":"kamera-test-deployment","stage":"podscalable-lister","object":{"apiVersion":"autoscaling.internal.knative.dev/v1alpha1","kind":"PodScalable","namespace":"default","name":"kamera-test-deployment"}}
{"level":"info","ts":1768351590.0383308,"logger":"fallback","caller":"route/route.go:465","msg":"Revision default/kamera-test is inactive"}
{"level":"info","ts":1768351590.038358,"logger":"fallback","caller":"route/route.go:487","msg":"All referred targets are routable, marking AllTrafficAssigned with traffic information."}
{"level":"info","ts":1768351590.038375,"logger":"fallback","caller":"route/route.go:140","msg":"Creating placeholder k8s services"}
{"level":"info","ts":1768351590.038514,"logger":"fallback","caller":"route/reconcile_resources.go:179","msg":"Created service demo"}
{"level":"info","ts":1768351590.038937,"logger":"fallback","caller":"route/route.go:176","msg":"Updating placeholder k8s services with ingress information"}
{"level":"warn","ts":1768351590.0389838,"logger":"fallback","caller":"route/reconcile_resources.go:228","msg":"Failed to update k8s service","error":"failed to fetch loadbalancer domain/IP from ingress status"}
{"level":"info","ts":1768351590.039003,"logger":"fallback","caller":"route/route.go:198","msg":"Route successfully synced"}
{"level":"info","ts":"2026-01-13T16:46:30-08:00","logger":"RouteReconciler.reconcile","msg":"reconcile completed","key":"default/demo","reconciler":"knative.dev.serving.pkg.reconciler.route.Reconciler","requeue":false,"requeueAfter":0}
{"level":"info","ts":"2026-01-13T16:46:30-08:00","logger":"tracecheck","msg":"Taking reconcile step","Depth":55,"# Distinct States":56,"Total States":56,"Resource States":30}
{"level":"info","ts":"2026-01-13T16:46:30-08:00","logger":"ServiceReconciler.seed","msg":"added podscalable to informer","resource":"deployments","namespace":"default","name":"kamera-test-deployment","stage":"podscalable-add","keys":["default/kamera-test-deployment"]}
{"level":"info","ts":"2026-01-13T16:46:30-08:00","logger":"ServiceReconciler.seed","msg":"podscalable visible to lister","resource":"deployments","namespace":"default","name":"kamera-test-deployment","stage":"podscalable-lister","object":{"apiVersion":"autoscaling.internal.knative.dev/v1alpha1","kind":"PodScalable","namespace":"default","name":"kamera-test-deployment"}}
{"level":"info","ts":1768351590.150126,"logger":"fallback","caller":"service/service.go:171","msg":"Service reconciler fetching Route from lister: name=demo, namespace=default"}
{"level":"info","ts":1768351590.150152,"logger":"fallback","caller":"service/service.go:174","msg":"Service reconciler got Route from lister: name=demo, Generation=1, ObservedGeneration=1, ResourceVersion="}
{"level":"info","ts":1768351590.150177,"logger":"fallback","caller":"service/service.go:126","msg":"Service reconciler checking Route: name=demo, Generation=1, ObservedGeneration=1, Ready=Unknown (reason=IngressNotConfigured, message=Ingress has not yet been reconciled.), generationMatch=true, routeResourceVersion="}
{"level":"info","ts":1768351590.150186,"logger":"fallback","caller":"service/service.go:136","msg":"Service reconciler calling PropagateRouteStatus() because Generation == ObservedGeneration"}
{"level":"info","ts":"2026-01-13T16:46:30-08:00","logger":"ServiceReconciler.reconcile","msg":"reconcile completed","key":"default/demo","reconciler":"knative.dev.serving.pkg.reconciler.service.Reconciler","requeue":false,"requeueAfter":0}
{"level":"info","ts":"2026-01-13T16:46:30-08:00","logger":"tracecheck","msg":"Taking reconcile step","Depth":56,"# Distinct States":57,"Total States":57,"Resource States":31}
{"level":"info","ts":"2026-01-13T16:46:30-08:00","logger":"tracecheck","msg":"Taking reconcile step","Depth":57,"# Distinct States":58,"Total States":58,"Resource States":31}
{"level":"info","ts":"2026-01-13T16:46:30-08:00","logger":"RevisionReconciler.seed","msg":"added podscalable to informer","resource":"deployments","namespace":"default","name":"kamera-test-deployment","stage":"podscalable-add","keys":["default/kamera-test-deployment"]}
{"level":"info","ts":"2026-01-13T16:46:30-08:00","logger":"RevisionReconciler.seed","msg":"podscalable visible to lister","resource":"deployments","namespace":"default","name":"kamera-test-deployment","stage":"podscalable-lister","object":{"apiVersion":"autoscaling.internal.knative.dev/v1alpha1","kind":"PodScalable","namespace":"default","name":"kamera-test-deployment"}}
{"level":"error","ts":1768351590.2561011,"logger":"fallback","caller":"revision/controller.go:116","msg":"Failed to create resolver transport","error":"open /var/run/secrets/kubernetes.io/serviceaccount/ca.crt: no such file or directory","stacktrace":"knative.dev/serving/pkg/reconciler/revision.newControllerWithOptions\n\t/Users/tgoodwin/tmp/gomodcache/knative.dev/serving@v0.46.5/pkg/reconciler/revision/controller.go:116\nknative.dev/serving/pkg/reconciler/revision.NewController\n\t/Users/tgoodwin/tmp/gomodcache/knative.dev/serving@v0.46.5/pkg/reconciler/revision/controller.go:64\nmain.configureKnativeExplorer.func1.1\n\t/Users/tgoodwin/projects/kamera/examples/knative-serving/scenario.go:91\ngithub.com/tgoodwin/kamera/examples/knative-serving/knative.NewKnativeStrategy.func1\n\t/Users/tgoodwin/projects/kamera/examples/knative-serving/knative/harness.go:555\ngithub.com/tgoodwin/kamera/examples/knative-serving/knative.(*KnativeStrategy).ReconcileAtState\n\t/Users/tgoodwin/projects/kamera/examples/knative-serving/knative/harness.go:895\ngithub.com/tgoodwin/kamera/pkg/tracecheck.(*ReconcilerContainer).doReconcile\n\t/Users/tgoodwin/projects/kamera/pkg/tracecheck/reconciler.go:164\ngithub.com/tgoodwin/kamera/pkg/tracecheck.(*Explorer).reconcileAtState\n\t/Users/tgoodwin/projects/kamera/pkg/tracecheck/explore.go:1313\ngithub.com/tgoodwin/kamera/pkg/tracecheck.(*Explorer).takeReconcileStep\n\t/Users/tgoodwin/projects/kamera/pkg/tracecheck/explore.go:1228\ngithub.com/tgoodwin/kamera/pkg/tracecheck.(*Explorer).explore\n\t/Users/tgoodwin/projects/kamera/pkg/tracecheck/explore.go:790\ngithub.com/tgoodwin/kamera/pkg/tracecheck.(*Explorer).Explore.func1\n\t/Users/tgoodwin/projects/kamera/pkg/tracecheck/explore.go:330"}
{"level":"info","ts":1768351590.256304,"logger":"fallback","caller":"revision/reconcile_resources.go:161","msg":"Reconciling PA: kamera-test"}
{"level":"info","ts":"2026-01-13T16:46:30-08:00","logger":"RevisionReconciler.reconcile","msg":"reconcile completed","key":"default/kamera-test","reconciler":"knative.dev.serving.pkg.reconciler.revision.Reconciler","requeue":false,"requeueAfter":0}
{"level":"info","ts":"2026-01-13T16:46:30-08:00","logger":"tracecheck","msg":"Taking reconcile step","Depth":58,"# Distinct States":59,"Total States":59,"Resource States":31}
{"level":"info","ts":"2026-01-13T16:46:30-08:00","logger":"tracecheck","msg":"Updated Deployment status","Depth":58,"# Distinct States":59,"Total States":59,"Resource States":31,"name":"kamera-test-deployment"}
{"level":"info","ts":"2026-01-13T16:46:30-08:00","logger":"tracecheck","msg":"Taking reconcile step","Depth":59,"# Distinct States":60,"Total States":60,"Resource States":32}
{"level":"info","ts":"2026-01-13T16:46:30-08:00","logger":"KPAReconciler.seed","msg":"added podscalable to informer","resource":"deployments","namespace":"default","name":"kamera-test-deployment","stage":"podscalable-add","keys":["default/kamera-test-deployment"]}
{"level":"info","ts":"2026-01-13T16:46:30-08:00","logger":"KPAReconciler.seed","msg":"podscalable visible to lister","resource":"deployments","namespace":"default","name":"kamera-test-deployment","stage":"podscalable-lister","object":{"apiVersion":"autoscaling.internal.knative.dev/v1alpha1","kind":"PodScalable","namespace":"default","name":"kamera-test-deployment"}}
{"level":"info","ts":1768351590.366615,"logger":"fallback","caller":"kpa/controller.go:77","msg":"Setting up ConfigMap receivers"}
{"level":"info","ts":1768351590.366681,"logger":"fallback","caller":"kpa/controller.go:91","msg":"Setting up KPA-Class event handlers"}
{"level":"info","ts":1768351590.366736,"logger":"fallback","caller":"kpa/kpa.go:158","msg":"SKS should be in Proxy mode: want = 0, ebc = 0, #act's = 2 PA Inactive? = true"}
{"level":"info","ts":1768351590.366747,"logger":"fallback","caller":"kpa/kpa.go:178","msg":"PA scale got=1, want=0, desiredPods=0 ebc=0"}
{"level":"info","ts":1768351590.366752,"logger":"fallback","caller":"kpa/kpa.go:188","msg":"Observed pod counts=kpa.podCounts{want:0, ready:1, notReady:0, pending:0, terminating:0}"}
{"level":"info","ts":"2026-01-13T16:46:30-08:00","logger":"KPAReconciler.reconcile","msg":"reconcile completed","key":"default/kamera-test","reconciler":"knative.dev.serving.pkg.reconciler.autoscaling.kpa.Reconciler","requeue":false,"requeueAfter":0}
{"level":"info","ts":"2026-01-13T16:46:30-08:00","logger":"tracecheck","msg":"Taking reconcile step","Depth":60,"# Distinct States":61,"Total States":61,"Resource States":32}
{"level":"info","ts":"2026-01-13T16:46:30-08:00","logger":"tracecheck","msg":"Taking reconcile step","Depth":61,"# Distinct States":62,"Total States":62,"Resource States":32}
{"level":"info","ts":"2026-01-13T16:46:30-08:00","logger":"tracecheck","msg":"Taking reconcile step","Depth":62,"# Distinct States":63,"Total States":63,"Resource States":33}
{"level":"info","ts":"2026-01-13T16:46:30-08:00","logger":"RouteReconciler.seed","msg":"added podscalable to informer","resource":"deployments","namespace":"default","name":"kamera-test-deployment","stage":"podscalable-add","keys":["default/kamera-test-deployment"]}
{"level":"info","ts":"2026-01-13T16:46:30-08:00","logger":"RouteReconciler.seed","msg":"podscalable visible to lister","resource":"deployments","namespace":"default","name":"kamera-test-deployment","stage":"podscalable-lister","object":{"apiVersion":"autoscaling.internal.knative.dev/v1alpha1","kind":"PodScalable","namespace":"default","name":"kamera-test-deployment"}}
{"level":"info","ts":1768351590.478154,"logger":"fallback","caller":"route/route.go:465","msg":"Revision default/kamera-test is inactive"}
{"level":"info","ts":1768351590.478168,"logger":"fallback","caller":"route/route.go:487","msg":"All referred targets are routable, marking AllTrafficAssigned with traffic information."}
{"level":"info","ts":1768351590.478176,"logger":"fallback","caller":"route/route.go:140","msg":"Creating placeholder k8s services"}
{"level":"info","ts":1768351590.4782238,"logger":"fallback","caller":"route/route.go:176","msg":"Updating placeholder k8s services with ingress information"}
{"level":"info","ts":1768351590.478328,"logger":"fallback","caller":"route/route.go:198","msg":"Route successfully synced"}
{"level":"info","ts":"2026-01-13T16:46:30-08:00","logger":"RouteReconciler.reconcile","msg":"reconcile completed","key":"default/demo","reconciler":"knative.dev.serving.pkg.reconciler.route.Reconciler","requeue":false,"requeueAfter":0}
{"level":"info","ts":"2026-01-13T16:46:30-08:00","logger":"tracecheck","msg":"Taking reconcile step","Depth":63,"# Distinct States":64,"Total States":64,"Resource States":34}
{"level":"info","ts":"2026-01-13T16:46:30-08:00","logger":"tracecheck","msg":"Taking reconcile step","Depth":64,"# Distinct States":65,"Total States":65,"Resource States":34}
{"level":"info","ts":"2026-01-13T16:46:30-08:00","logger":"ServiceReconciler.seed","msg":"added podscalable to informer","resource":"deployments","namespace":"default","name":"kamera-test-deployment","stage":"podscalable-add","keys":["default/kamera-test-deployment"]}
{"level":"info","ts":"2026-01-13T16:46:30-08:00","logger":"ServiceReconciler.seed","msg":"podscalable visible to lister","resource":"deployments","namespace":"default","name":"kamera-test-deployment","stage":"podscalable-lister","object":{"apiVersion":"autoscaling.internal.knative.dev/v1alpha1","kind":"PodScalable","namespace":"default","name":"kamera-test-deployment"}}
{"level":"info","ts":1768351590.585709,"logger":"fallback","caller":"service/service.go:171","msg":"Service reconciler fetching Route from lister: name=demo, namespace=default"}
{"level":"info","ts":1768351590.585719,"logger":"fallback","caller":"service/service.go:174","msg":"Service reconciler got Route from lister: name=demo, Generation=1, ObservedGeneration=1, ResourceVersion="}
{"level":"info","ts":1768351590.5857332,"logger":"fallback","caller":"service/service.go:126","msg":"Service reconciler checking Route: name=demo, Generation=1, ObservedGeneration=1, Ready=True (reason=, message=), generationMatch=true, routeResourceVersion="}
{"level":"info","ts":1768351590.585737,"logger":"fallback","caller":"service/service.go:136","msg":"Service reconciler calling PropagateRouteStatus() because Generation == ObservedGeneration"}
{"level":"info","ts":"2026-01-13T16:46:30-08:00","logger":"ServiceReconciler.reconcile","msg":"reconcile completed","key":"default/demo","reconciler":"knative.dev.serving.pkg.reconciler.service.Reconciler","requeue":false,"requeueAfter":0}
{"level":"info","ts":"2026-01-13T16:46:30-08:00","logger":"tracecheck","msg":"Taking reconcile step","Depth":65,"# Distinct States":66,"Total States":66,"Resource States":35}
{"level":"info","ts":"2026-01-13T16:46:30-08:00","logger":"tracecheck","msg":"Taking reconcile step","Depth":66,"# Distinct States":67,"Total States":67,"Resource States":35}
{"level":"info","ts":"2026-01-13T16:46:30-08:00","logger":"tracecheck","msg":"Deleting pods","Depth":66,"# Distinct States":67,"Total States":67,"Resource States":35,"count":1}
{"level":"info","ts":"2026-01-13T16:46:30-08:00","logger":"tracecheck","msg":"Taking reconcile step","Depth":67,"# Distinct States":68,"Total States":68,"Resource States":36}
{"level":"info","ts":"2026-01-13T16:46:30-08:00","logger":"tracecheck","msg":"Taking reconcile step","Depth":68,"# Distinct States":69,"Total States":69,"Resource States":36}
{"level":"info","ts":"2026-01-13T16:46:30-08:00","logger":"RevisionReconciler.seed","msg":"added podscalable to informer","resource":"deployments","namespace":"default","name":"kamera-test-deployment","stage":"podscalable-add","keys":["default/kamera-test-deployment"]}
{"level":"info","ts":"2026-01-13T16:46:30-08:00","logger":"RevisionReconciler.seed","msg":"podscalable visible to lister","resource":"deployments","namespace":"default","name":"kamera-test-deployment","stage":"podscalable-lister","object":{"apiVersion":"autoscaling.internal.knative.dev/v1alpha1","kind":"PodScalable","namespace":"default","name":"kamera-test-deployment"}}
{"level":"error","ts":1768351590.6963258,"logger":"fallback","caller":"revision/controller.go:116","msg":"Failed to create resolver transport","error":"open /var/run/secrets/kubernetes.io/serviceaccount/ca.crt: no such file or directory","stacktrace":"knative.dev/serving/pkg/reconciler/revision.newControllerWithOptions\n\t/Users/tgoodwin/tmp/gomodcache/knative.dev/serving@v0.46.5/pkg/reconciler/revision/controller.go:116\nknative.dev/serving/pkg/reconciler/revision.NewController\n\t/Users/tgoodwin/tmp/gomodcache/knative.dev/serving@v0.46.5/pkg/reconciler/revision/controller.go:64\nmain.configureKnativeExplorer.func1.1\n\t/Users/tgoodwin/projects/kamera/examples/knative-serving/scenario.go:91\ngithub.com/tgoodwin/kamera/examples/knative-serving/knative.NewKnativeStrategy.func1\n\t/Users/tgoodwin/projects/kamera/examples/knative-serving/knative/harness.go:555\ngithub.com/tgoodwin/kamera/examples/knative-serving/knative.(*KnativeStrategy).ReconcileAtState\n\t/Users/tgoodwin/projects/kamera/examples/knative-serving/knative/harness.go:895\ngithub.com/tgoodwin/kamera/pkg/tracecheck.(*ReconcilerContainer).doReconcile\n\t/Users/tgoodwin/projects/kamera/pkg/tracecheck/reconciler.go:164\ngithub.com/tgoodwin/kamera/pkg/tracecheck.(*Explorer).reconcileAtState\n\t/Users/tgoodwin/projects/kamera/pkg/tracecheck/explore.go:1313\ngithub.com/tgoodwin/kamera/pkg/tracecheck.(*Explorer).takeReconcileStep\n\t/Users/tgoodwin/projects/kamera/pkg/tracecheck/explore.go:1228\ngithub.com/tgoodwin/kamera/pkg/tracecheck.(*Explorer).explore\n\t/Users/tgoodwin/projects/kamera/pkg/tracecheck/explore.go:790\ngithub.com/tgoodwin/kamera/pkg/tracecheck.(*Explorer).Explore.func1\n\t/Users/tgoodwin/projects/kamera/pkg/tracecheck/explore.go:330"}
{"level":"info","ts":1768351590.696882,"logger":"fallback","caller":"revision/reconcile_resources.go:161","msg":"Reconciling PA: kamera-test"}
{"level":"info","ts":"2026-01-13T16:46:30-08:00","logger":"RevisionReconciler.reconcile","msg":"reconcile completed","key":"default/kamera-test","reconciler":"knative.dev.serving.pkg.reconciler.revision.Reconciler","requeue":false,"requeueAfter":0}
{"level":"info","ts":"2026-01-13T16:46:30-08:00","logger":"tracecheck","msg":"Taking reconcile step","Depth":69,"# Distinct States":70,"Total States":70,"Resource States":36}
{"level":"info","ts":"2026-01-13T16:46:30-08:00","logger":"KPAReconciler.seed","msg":"added podscalable to informer","resource":"deployments","namespace":"default","name":"kamera-test-deployment","stage":"podscalable-add","keys":["default/kamera-test-deployment"]}
{"level":"info","ts":"2026-01-13T16:46:30-08:00","logger":"KPAReconciler.seed","msg":"podscalable visible to lister","resource":"deployments","namespace":"default","name":"kamera-test-deployment","stage":"podscalable-lister","object":{"apiVersion":"autoscaling.internal.knative.dev/v1alpha1","kind":"PodScalable","namespace":"default","name":"kamera-test-deployment"}}
{"level":"info","ts":1768351590.80396,"logger":"fallback","caller":"kpa/controller.go:77","msg":"Setting up ConfigMap receivers"}
{"level":"info","ts":1768351590.804086,"logger":"fallback","caller":"kpa/controller.go:91","msg":"Setting up KPA-Class event handlers"}
{"level":"info","ts":1768351590.804217,"logger":"fallback","caller":"kpa/kpa.go:158","msg":"SKS should be in Proxy mode: want = 0, ebc = 0, #act's = 2 PA Inactive? = true"}
{"level":"info","ts":1768351590.804239,"logger":"fallback","caller":"kpa/kpa.go:178","msg":"PA scale got=0, want=0, desiredPods=0 ebc=0"}
{"level":"info","ts":1768351590.80425,"logger":"fallback","caller":"kpa/kpa.go:188","msg":"Observed pod counts=kpa.podCounts{want:0, ready:0, notReady:1, pending:0, terminating:1}"}
{"level":"info","ts":"2026-01-13T16:46:30-08:00","logger":"KPAReconciler.reconcile","msg":"reconcile completed","key":"default/kamera-test","reconciler":"knative.dev.serving.pkg.reconciler.autoscaling.kpa.Reconciler","requeue":false,"requeueAfter":0}
{"level":"info","ts":"2026-01-13T16:46:30-08:00","logger":"tracecheck","msg":"Taking reconcile step","Depth":70,"# Distinct States":71,"Total States":71,"Resource States":37}
{"level":"info","ts":"2026-01-13T16:46:30-08:00","logger":"tracecheck","msg":"Taking reconcile step","Depth":71,"# Distinct States":72,"Total States":72,"Resource States":37}
{"level":"info","ts":"2026-01-13T16:46:30-08:00","logger":"tracecheck","msg":"Taking reconcile step","Depth":72,"# Distinct States":73,"Total States":73,"Resource States":37}
{"level":"info","ts":"2026-01-13T16:46:30-08:00","logger":"RouteReconciler.seed","msg":"added podscalable to informer","resource":"deployments","namespace":"default","name":"kamera-test-deployment","stage":"podscalable-add","keys":["default/kamera-test-deployment"]}
{"level":"info","ts":"2026-01-13T16:46:30-08:00","logger":"RouteReconciler.seed","msg":"podscalable visible to lister","resource":"deployments","namespace":"default","name":"kamera-test-deployment","stage":"podscalable-lister","object":{"apiVersion":"autoscaling.internal.knative.dev/v1alpha1","kind":"PodScalable","namespace":"default","name":"kamera-test-deployment"}}
{"level":"info","ts":1768351590.9167318,"logger":"fallback","caller":"route/route.go:465","msg":"Revision default/kamera-test is inactive"}
{"level":"info","ts":1768351590.9167628,"logger":"fallback","caller":"route/route.go:487","msg":"All referred targets are routable, marking AllTrafficAssigned with traffic information."}
{"level":"info","ts":1768351590.916781,"logger":"fallback","caller":"route/route.go:140","msg":"Creating placeholder k8s services"}
{"level":"info","ts":1768351590.9168918,"logger":"fallback","caller":"route/route.go:176","msg":"Updating placeholder k8s services with ingress information"}
{"level":"info","ts":1768351590.9169438,"logger":"fallback","caller":"route/route.go:198","msg":"Route successfully synced"}
{"level":"info","ts":"2026-01-13T16:46:30-08:00","logger":"RouteReconciler.reconcile","msg":"reconcile completed","key":"default/demo","reconciler":"knative.dev.serving.pkg.reconciler.route.Reconciler","requeue":false,"requeueAfter":0}
{"level":"info","ts":"2026-01-13T16:46:30-08:00","logger":"tracecheck","msg":"Taking reconcile step","Depth":73,"# Distinct States":74,"Total States":74,"Resource States":37}
{"level":"info","ts":"2026-01-13T16:46:31-08:00","logger":"ServiceReconciler.seed","msg":"added podscalable to informer","resource":"deployments","namespace":"default","name":"kamera-test-deployment","stage":"podscalable-add","keys":["default/kamera-test-deployment"]}
{"level":"info","ts":"2026-01-13T16:46:31-08:00","logger":"ServiceReconciler.seed","msg":"podscalable visible to lister","resource":"deployments","namespace":"default","name":"kamera-test-deployment","stage":"podscalable-lister","object":{"apiVersion":"autoscaling.internal.knative.dev/v1alpha1","kind":"PodScalable","namespace":"default","name":"kamera-test-deployment"}}
{"level":"info","ts":1768351591.024571,"logger":"fallback","caller":"service/service.go:171","msg":"Service reconciler fetching Route from lister: name=demo, namespace=default"}
{"level":"info","ts":1768351591.024582,"logger":"fallback","caller":"service/service.go:174","msg":"Service reconciler got Route from lister: name=demo, Generation=1, ObservedGeneration=1, ResourceVersion="}
{"level":"info","ts":1768351591.024595,"logger":"fallback","caller":"service/service.go:126","msg":"Service reconciler checking Route: name=demo, Generation=1, ObservedGeneration=1, Ready=True (reason=, message=), generationMatch=true, routeResourceVersion="}
{"level":"info","ts":1768351591.0245981,"logger":"fallback","caller":"service/service.go:136","msg":"Service reconciler calling PropagateRouteStatus() because Generation == ObservedGeneration"}
{"level":"info","ts":"2026-01-13T16:46:31-08:00","logger":"ServiceReconciler.reconcile","msg":"reconcile completed","key":"default/demo","reconciler":"knative.dev.serving.pkg.reconciler.service.Reconciler","requeue":false,"requeueAfter":0}
{"level":"info","ts":"2026-01-13T16:46:31-08:00","logger":"tracecheck","msg":"Taking reconcile step","Depth":74,"# Distinct States":75,"Total States":75,"Resource States":37}
{"level":"error","ts":"2026-01-13T16:46:31-08:00","logger":"tracegen","msg":"setting root context","Kind":"/v1, Kind=Pod","Name":"kamera-test-deployment-1488584584-0","NewRootID":"","labels":{"app":"kamera-test","discrete.events/sleeve-object-id":"37jmqvjn","pod-template-hash":"1488584584","serving.knative.dev/configuration":"demo","serving.knative.dev/configurationGeneration":"1","serving.knative.dev/revision":"kamera-test","serving.knative.dev/revisionUID":"","serving.knative.dev/service":"demo"},"error":"no root ID set on object - is this namespace handled by the sleeve webhook?","stacktrace":"github.com/tgoodwin/kamera/pkg/tracegen.(*ContextTracker).setRootContextFromObservation\n\t/Users/tgoodwin/projects/kamera/pkg/tracegen/context.go:153\ngithub.com/tgoodwin/kamera/pkg/tracegen.(*ContextTracker).TrackOperation\n\t/Users/tgoodwin/projects/kamera/pkg/tracegen/context.go:197\ngithub.com/tgoodwin/kamera/pkg/tracegen.(*Client).Get\n\t/Users/tgoodwin/projects/kamera/pkg/tracegen/client.go:177\ngithub.com/tgoodwin/kamera/sleevectrl/pkg/controller.(*FinalizerReconciler).Reconcile\n\t/Users/tgoodwin/projects/kamera/sleevectrl/pkg/controller/sleeve_finalizer_controller.go:41\ngithub.com/tgoodwin/kamera/pkg/tracecheck.(*ControllerRuntimeStrategy).ReconcileAtState\n\t/Users/tgoodwin/projects/kamera/pkg/tracecheck/reconciler.go:82\ngithub.com/tgoodwin/kamera/pkg/tracecheck.(*ReconcilerContainer).doReconcile\n\t/Users/tgoodwin/projects/kamera/pkg/tracecheck/reconciler.go:164\ngithub.com/tgoodwin/kamera/pkg/tracecheck.(*Explorer).reconcileAtState\n\t/Users/tgoodwin/projects/kamera/pkg/tracecheck/explore.go:1313\ngithub.com/tgoodwin/kamera/pkg/tracecheck.(*Explorer).takeReconcileStep\n\t/Users/tgoodwin/projects/kamera/pkg/tracecheck/explore.go:1228\ngithub.com/tgoodwin/kamera/pkg/tracecheck.(*Explorer).explore\n\t/Users/tgoodwin/projects/kamera/pkg/tracecheck/explore.go:790\ngithub.com/tgoodwin/kamera/pkg/tracecheck.(*Explorer).Explore.func1\n\t/Users/tgoodwin/projects/kamera/pkg/tracecheck/explore.go:330"}
{"level":"error","ts":"2026-01-13T16:46:31-08:00","logger":"tracegen","msg":"rootID is empty","Kind":"/v1, Kind=Pod","Name":"kamera-test-deployment-1488584584-0","NewRootID":"","stacktrace":"github.com/tgoodwin/kamera/pkg/tracegen.(*ContextTracker).setRootContextFromObservation\n\t/Users/tgoodwin/projects/kamera/pkg/tracegen/context.go:157\ngithub.com/tgoodwin/kamera/pkg/tracegen.(*ContextTracker).TrackOperation\n\t/Users/tgoodwin/projects/kamera/pkg/tracegen/context.go:197\ngithub.com/tgoodwin/kamera/pkg/tracegen.(*Client).Get\n\t/Users/tgoodwin/projects/kamera/pkg/tracegen/client.go:177\ngithub.com/tgoodwin/kamera/sleevectrl/pkg/controller.(*FinalizerReconciler).Reconcile\n\t/Users/tgoodwin/projects/kamera/sleevectrl/pkg/controller/sleeve_finalizer_controller.go:41\ngithub.com/tgoodwin/kamera/pkg/tracecheck.(*ControllerRuntimeStrategy).ReconcileAtState\n\t/Users/tgoodwin/projects/kamera/pkg/tracecheck/reconciler.go:82\ngithub.com/tgoodwin/kamera/pkg/tracecheck.(*ReconcilerContainer).doReconcile\n\t/Users/tgoodwin/projects/kamera/pkg/tracecheck/reconciler.go:164\ngithub.com/tgoodwin/kamera/pkg/tracecheck.(*Explorer).reconcileAtState\n\t/Users/tgoodwin/projects/kamera/pkg/tracecheck/explore.go:1313\ngithub.com/tgoodwin/kamera/pkg/tracecheck.(*Explorer).takeReconcileStep\n\t/Users/tgoodwin/projects/kamera/pkg/tracecheck/explore.go:1228\ngithub.com/tgoodwin/kamera/pkg/tracecheck.(*Explorer).explore\n\t/Users/tgoodwin/projects/kamera/pkg/tracecheck/explore.go:790\ngithub.com/tgoodwin/kamera/pkg/tracecheck.(*Explorer).Explore.func1\n\t/Users/tgoodwin/projects/kamera/pkg/tracecheck/explore.go:330"}
{"level":"error","ts":"2026-01-13T16:46:31-08:00","logger":"tracegen","msg":"creating event","error":"failed to get change ID: Event does not have a change ID","stacktrace":"github.com/tgoodwin/kamera/pkg/tracegen.(*Client).LogOperation\n\t/Users/tgoodwin/projects/kamera/pkg/tracegen/client.go:106\ngithub.com/tgoodwin/kamera/pkg/tracegen.(*Client).Get\n\t/Users/tgoodwin/projects/kamera/pkg/tracegen/client.go:178\ngithub.com/tgoodwin/kamera/sleevectrl/pkg/controller.(*FinalizerReconciler).Reconcile\n\t/Users/tgoodwin/projects/kamera/sleevectrl/pkg/controller/sleeve_finalizer_controller.go:41\ngithub.com/tgoodwin/kamera/pkg/tracecheck.(*ControllerRuntimeStrategy).ReconcileAtState\n\t/Users/tgoodwin/projects/kamera/pkg/tracecheck/reconciler.go:82\ngithub.com/tgoodwin/kamera/pkg/tracecheck.(*ReconcilerContainer).doReconcile\n\t/Users/tgoodwin/projects/kamera/pkg/tracecheck/reconciler.go:164\ngithub.com/tgoodwin/kamera/pkg/tracecheck.(*Explorer).reconcileAtState\n\t/Users/tgoodwin/projects/kamera/pkg/tracecheck/explore.go:1313\ngithub.com/tgoodwin/kamera/pkg/tracecheck.(*Explorer).takeReconcileStep\n\t/Users/tgoodwin/projects/kamera/pkg/tracecheck/explore.go:1228\ngithub.com/tgoodwin/kamera/pkg/tracecheck.(*Explorer).explore\n\t/Users/tgoodwin/projects/kamera/pkg/tracecheck/explore.go:790\ngithub.com/tgoodwin/kamera/pkg/tracecheck.(*Explorer).Explore.func1\n\t/Users/tgoodwin/projects/kamera/pkg/tracecheck/explore.go:330"}
{"level":"error","ts":"2026-01-13T16:46:31-08:00","logger":"tracegen","msg":"creating event","error":"failed to get change ID: Event does not have a change ID","stacktrace":"github.com/tgoodwin/kamera/pkg/tracegen.(*Client).LogOperation\n\t/Users/tgoodwin/projects/kamera/pkg/tracegen/client.go:106\ngithub.com/tgoodwin/kamera/sleevectrl/pkg/controller.(*FinalizerReconciler).Reconcile\n\t/Users/tgoodwin/projects/kamera/sleevectrl/pkg/controller/sleeve_finalizer_controller.go:69\ngithub.com/tgoodwin/kamera/pkg/tracecheck.(*ControllerRuntimeStrategy).ReconcileAtState\n\t/Users/tgoodwin/projects/kamera/pkg/tracecheck/reconciler.go:82\ngithub.com/tgoodwin/kamera/pkg/tracecheck.(*ReconcilerContainer).doReconcile\n\t/Users/tgoodwin/projects/kamera/pkg/tracecheck/reconciler.go:164\ngithub.com/tgoodwin/kamera/pkg/tracecheck.(*Explorer).reconcileAtState\n\t/Users/tgoodwin/projects/kamera/pkg/tracecheck/explore.go:1313\ngithub.com/tgoodwin/kamera/pkg/tracecheck.(*Explorer).takeReconcileStep\n\t/Users/tgoodwin/projects/kamera/pkg/tracecheck/explore.go:1228\ngithub.com/tgoodwin/kamera/pkg/tracecheck.(*Explorer).explore\n\t/Users/tgoodwin/projects/kamera/pkg/tracecheck/explore.go:790\ngithub.com/tgoodwin/kamera/pkg/tracecheck.(*Explorer).Explore.func1\n\t/Users/tgoodwin/projects/kamera/pkg/tracecheck/explore.go:330"}
{"level":"info","ts":"2026-01-13T16:46:31-08:00","logger":"tracecheck","msg":"Taking reconcile step","Depth":75,"# Distinct States":76,"Total States":76,"Resource States":38}
{"level":"info","ts":"2026-01-13T16:46:31-08:00","logger":"tracecheck","msg":"Taking reconcile step","Depth":76,"# Distinct States":77,"Total States":77,"Resource States":38}
{"level":"info","ts":"2026-01-13T16:46:31-08:00","logger":"tracecheck","msg":"Updated ReplicaSet status","Depth":76,"# Distinct States":77,"Total States":77,"Resource States":38,"name":"kamera-test-deployment-1488584584"}
{"level":"info","ts":"2026-01-13T16:46:31-08:00","logger":"tracecheck","msg":"Taking reconcile step","Depth":77,"# Distinct States":78,"Total States":78,"Resource States":39}
{"level":"info","ts":"2026-01-13T16:46:31-08:00","logger":"KPAReconciler.seed","msg":"added podscalable to informer","resource":"deployments","namespace":"default","name":"kamera-test-deployment","stage":"podscalable-add","keys":["default/kamera-test-deployment"]}
{"level":"info","ts":"2026-01-13T16:46:31-08:00","logger":"KPAReconciler.seed","msg":"podscalable visible to lister","resource":"deployments","namespace":"default","name":"kamera-test-deployment","stage":"podscalable-lister","object":{"apiVersion":"autoscaling.internal.knative.dev/v1alpha1","kind":"PodScalable","namespace":"default","name":"kamera-test-deployment"}}
{"level":"info","ts":1768351591.138284,"logger":"fallback","caller":"kpa/controller.go:77","msg":"Setting up ConfigMap receivers"}
{"level":"info","ts":1768351591.138453,"logger":"fallback","caller":"kpa/controller.go:91","msg":"Setting up KPA-Class event handlers"}
{"level":"info","ts":1768351591.138602,"logger":"fallback","caller":"kpa/kpa.go:158","msg":"SKS should be in Proxy mode: want = 0, ebc = 0, #act's = 2 PA Inactive? = true"}
{"level":"info","ts":1768351591.1386318,"logger":"fallback","caller":"kpa/kpa.go:178","msg":"PA scale got=0, want=0, desiredPods=0 ebc=0"}
{"level":"info","ts":1768351591.138645,"logger":"fallback","caller":"kpa/kpa.go:188","msg":"Observed pod counts=kpa.podCounts{want:0, ready:0, notReady:0, pending:0, terminating:0}"}
{"level":"info","ts":"2026-01-13T16:46:31-08:00","logger":"KPAReconciler.reconcile","msg":"reconcile completed","key":"default/kamera-test","reconciler":"knative.dev.serving.pkg.reconciler.autoscaling.kpa.Reconciler","requeue":false,"requeueAfter":0}
{"level":"info","ts":"2026-01-13T16:46:31-08:00","logger":"tracecheck","msg":"Taking reconcile step","Depth":78,"# Distinct States":79,"Total States":79,"Resource States":39}
{"level":"info","ts":"2026-01-13T16:46:31-08:00","logger":"tracecheck","msg":"Taking reconcile step","Depth":79,"# Distinct States":80,"Total States":80,"Resource States":39}
{"level":"info","ts":"2026-01-13T16:46:31-08:00","logger":"RevisionReconciler.seed","msg":"added podscalable to informer","resource":"deployments","namespace":"default","name":"kamera-test-deployment","stage":"podscalable-add","keys":["default/kamera-test-deployment"]}
{"level":"info","ts":"2026-01-13T16:46:31-08:00","logger":"RevisionReconciler.seed","msg":"podscalable visible to lister","resource":"deployments","namespace":"default","name":"kamera-test-deployment","stage":"podscalable-lister","object":{"apiVersion":"autoscaling.internal.knative.dev/v1alpha1","kind":"PodScalable","namespace":"default","name":"kamera-test-deployment"}}
{"level":"error","ts":1768351591.247177,"logger":"fallback","caller":"revision/controller.go:116","msg":"Failed to create resolver transport","error":"open /var/run/secrets/kubernetes.io/serviceaccount/ca.crt: no such file or directory","stacktrace":"knative.dev/serving/pkg/reconciler/revision.newControllerWithOptions\n\t/Users/tgoodwin/tmp/gomodcache/knative.dev/serving@v0.46.5/pkg/reconciler/revision/controller.go:116\nknative.dev/serving/pkg/reconciler/revision.NewController\n\t/Users/tgoodwin/tmp/gomodcache/knative.dev/serving@v0.46.5/pkg/reconciler/revision/controller.go:64\nmain.configureKnativeExplorer.func1.1\n\t/Users/tgoodwin/projects/kamera/examples/knative-serving/scenario.go:91\ngithub.com/tgoodwin/kamera/examples/knative-serving/knative.NewKnativeStrategy.func1\n\t/Users/tgoodwin/projects/kamera/examples/knative-serving/knative/harness.go:555\ngithub.com/tgoodwin/kamera/examples/knative-serving/knative.(*KnativeStrategy).ReconcileAtState\n\t/Users/tgoodwin/projects/kamera/examples/knative-serving/knative/harness.go:895\ngithub.com/tgoodwin/kamera/pkg/tracecheck.(*ReconcilerContainer).doReconcile\n\t/Users/tgoodwin/projects/kamera/pkg/tracecheck/reconciler.go:164\ngithub.com/tgoodwin/kamera/pkg/tracecheck.(*Explorer).reconcileAtState\n\t/Users/tgoodwin/projects/kamera/pkg/tracecheck/explore.go:1313\ngithub.com/tgoodwin/kamera/pkg/tracecheck.(*Explorer).takeReconcileStep\n\t/Users/tgoodwin/projects/kamera/pkg/tracecheck/explore.go:1228\ngithub.com/tgoodwin/kamera/pkg/tracecheck.(*Explorer).explore\n\t/Users/tgoodwin/projects/kamera/pkg/tracecheck/explore.go:790\ngithub.com/tgoodwin/kamera/pkg/tracecheck.(*Explorer).Explore.func1\n\t/Users/tgoodwin/projects/kamera/pkg/tracecheck/explore.go:330"}
{"level":"info","ts":1768351591.247367,"logger":"fallback","caller":"revision/reconcile_resources.go:161","msg":"Reconciling PA: kamera-test"}
{"level":"info","ts":"2026-01-13T16:46:31-08:00","logger":"RevisionReconciler.reconcile","msg":"reconcile completed","key":"default/kamera-test","reconciler":"knative.dev.serving.pkg.reconciler.revision.Reconciler","requeue":false,"requeueAfter":0}
{"level":"info","ts":"2026-01-13T16:46:31-08:00","logger":"tracecheck","msg":"Taking reconcile step","Depth":80,"# Distinct States":81,"Total States":81,"Resource States":40}
{"level":"info","ts":"2026-01-13T16:46:31-08:00","logger":"tracecheck","msg":"Updated Deployment status","Depth":80,"# Distinct States":81,"Total States":81,"Resource States":40,"name":"kamera-test-deployment"}
{"level":"info","ts":"2026-01-13T16:46:31-08:00","logger":"tracecheck","msg":"Taking reconcile step","Depth":81,"# Distinct States":82,"Total States":82,"Resource States":41}
{"level":"info","ts":"2026-01-13T16:46:31-08:00","logger":"tracecheck","msg":"Taking reconcile step","Depth":82,"# Distinct States":83,"Total States":83,"Resource States":41}
{"level":"info","ts":"2026-01-13T16:46:31-08:00","logger":"KPAReconciler.seed","msg":"added podscalable to informer","resource":"deployments","namespace":"default","name":"kamera-test-deployment","stage":"podscalable-add","keys":["default/kamera-test-deployment"]}
{"level":"info","ts":"2026-01-13T16:46:31-08:00","logger":"KPAReconciler.seed","msg":"podscalable visible to lister","resource":"deployments","namespace":"default","name":"kamera-test-deployment","stage":"podscalable-lister","object":{"apiVersion":"autoscaling.internal.knative.dev/v1alpha1","kind":"PodScalable","namespace":"default","name":"kamera-test-deployment"}}
{"level":"info","ts":1768351591.360804,"logger":"fallback","caller":"kpa/controller.go:77","msg":"Setting up ConfigMap receivers"}
{"level":"info","ts":1768351591.360878,"logger":"fallback","caller":"kpa/controller.go:91","msg":"Setting up KPA-Class event handlers"}
{"level":"info","ts":1768351591.36095,"logger":"fallback","caller":"kpa/kpa.go:158","msg":"SKS should be in Proxy mode: want = 0, ebc = 0, #act's = 2 PA Inactive? = true"}
{"level":"info","ts":1768351591.36096,"logger":"fallback","caller":"kpa/kpa.go:178","msg":"PA scale got=0, want=0, desiredPods=0 ebc=0"}
{"level":"info","ts":1768351591.360965,"logger":"fallback","caller":"kpa/kpa.go:188","msg":"Observed pod counts=kpa.podCounts{want:0, ready:0, notReady:0, pending:0, terminating:0}"}
{"level":"info","ts":"2026-01-13T16:46:31-08:00","logger":"KPAReconciler.reconcile","msg":"reconcile completed","key":"default/kamera-test","reconciler":"knative.dev.serving.pkg.reconciler.autoscaling.kpa.Reconciler","requeue":false,"requeueAfter":0}
{"level":"info","ts":"2026-01-13T16:46:31-08:00","logger":"tracecheck","msg":"Taking reconcile step","Depth":83,"# Distinct States":84,"Total States":84,"Resource States":41}
{"level":"info","ts":"2026-01-13T16:46:31-08:00","logger":"ConfigurationReconciler.seed","msg":"added podscalable to informer","resource":"deployments","namespace":"default","name":"kamera-test-deployment","stage":"podscalable-add","keys":["default/kamera-test-deployment"]}
{"level":"info","ts":"2026-01-13T16:46:31-08:00","logger":"ConfigurationReconciler.seed","msg":"podscalable visible to lister","resource":"deployments","namespace":"default","name":"kamera-test-deployment","stage":"podscalable-lister","object":{"apiVersion":"autoscaling.internal.knative.dev/v1alpha1","kind":"PodScalable","namespace":"default","name":"kamera-test-deployment"}}
{"level":"info","ts":1768351591.468195,"logger":"fallback","caller":"configuration/configuration.go:106","msg":"Revision \"kamera-test\" of configuration is ready"}
{"level":"info","ts":"2026-01-13T16:46:31-08:00","logger":"ConfigurationReconciler.reconcile","msg":"reconcile completed","key":"default/demo","reconciler":"knative.dev.serving.pkg.reconciler.configuration.Reconciler","requeue":false,"requeueAfter":0}
{"level":"info","ts":"2026-01-13T16:46:31-08:00","logger":"tracecheck","msg":"Taking reconcile step","Depth":84,"# Distinct States":85,"Total States":85,"Resource States":41}
{"level":"info","ts":"2026-01-13T16:46:31-08:00","logger":"tracecheck","msg":"Taking reconcile step","Depth":85,"# Distinct States":86,"Total States":86,"Resource States":41}
{"level":"info","ts":"2026-01-13T16:46:31-08:00","logger":"RevisionReconciler.seed","msg":"added podscalable to informer","resource":"deployments","namespace":"default","name":"kamera-test-deployment","stage":"podscalable-add","keys":["default/kamera-test-deployment"]}
{"level":"info","ts":"2026-01-13T16:46:31-08:00","logger":"RevisionReconciler.seed","msg":"podscalable visible to lister","resource":"deployments","namespace":"default","name":"kamera-test-deployment","stage":"podscalable-lister","object":{"apiVersion":"autoscaling.internal.knative.dev/v1alpha1","kind":"PodScalable","namespace":"default","name":"kamera-test-deployment"}}
{"level":"error","ts":1768351591.57727,"logger":"fallback","caller":"revision/controller.go:116","msg":"Failed to create resolver transport","error":"open /var/run/secrets/kubernetes.io/serviceaccount/ca.crt: no such file or directory","stacktrace":"knative.dev/serving/pkg/reconciler/revision.newControllerWithOptions\n\t/Users/tgoodwin/tmp/gomodcache/knative.dev/serving@v0.46.5/pkg/reconciler/revision/controller.go:116\nknative.dev/serving/pkg/reconciler/revision.NewController\n\t/Users/tgoodwin/tmp/gomodcache/knative.dev/serving@v0.46.5/pkg/reconciler/revision/controller.go:64\nmain.configureKnativeExplorer.func1.1\n\t/Users/tgoodwin/projects/kamera/examples/knative-serving/scenario.go:91\ngithub.com/tgoodwin/kamera/examples/knative-serving/knative.NewKnativeStrategy.func1\n\t/Users/tgoodwin/projects/kamera/examples/knative-serving/knative/harness.go:555\ngithub.com/tgoodwin/kamera/examples/knative-serving/knative.(*KnativeStrategy).ReconcileAtState\n\t/Users/tgoodwin/projects/kamera/examples/knative-serving/knative/harness.go:895\ngithub.com/tgoodwin/kamera/pkg/tracecheck.(*ReconcilerContainer).doReconcile\n\t/Users/tgoodwin/projects/kamera/pkg/tracecheck/reconciler.go:164\ngithub.com/tgoodwin/kamera/pkg/tracecheck.(*Explorer).reconcileAtState\n\t/Users/tgoodwin/projects/kamera/pkg/tracecheck/explore.go:1313\ngithub.com/tgoodwin/kamera/pkg/tracecheck.(*Explorer).takeReconcileStep\n\t/Users/tgoodwin/projects/kamera/pkg/tracecheck/explore.go:1228\ngithub.com/tgoodwin/kamera/pkg/tracecheck.(*Explorer).explore\n\t/Users/tgoodwin/projects/kamera/pkg/tracecheck/explore.go:790\ngithub.com/tgoodwin/kamera/pkg/tracecheck.(*Explorer).Explore.func1\n\t/Users/tgoodwin/projects/kamera/pkg/tracecheck/explore.go:330"}
{"level":"info","ts":1768351591.577636,"logger":"fallback","caller":"revision/reconcile_resources.go:161","msg":"Reconciling PA: kamera-test"}
{"level":"info","ts":"2026-01-13T16:46:31-08:00","logger":"RevisionReconciler.reconcile","msg":"reconcile completed","key":"default/kamera-test","reconciler":"knative.dev.serving.pkg.reconciler.revision.Reconciler","requeue":false,"requeueAfter":0}
{"level":"info","ts":"2026-01-13T16:46:31-08:00","logger":"tracecheck","msg":"Taking reconcile step","Depth":86,"# Distinct States":87,"Total States":87,"Resource States":41}
{"level":"info","ts":"2026-01-13T16:46:31-08:00","logger":"tracecheck","msg":"Taking reconcile step","Depth":80,"# Distinct States":89,"Total States":89,"Resource States":41}
{"level":"info","ts":"2026-01-13T16:46:31-08:00","logger":"RevisionReconciler.seed","msg":"added podscalable to informer","resource":"deployments","namespace":"default","name":"kamera-test-deployment","stage":"podscalable-add","keys":["default/kamera-test-deployment"]}
{"level":"info","ts":"2026-01-13T16:46:31-08:00","logger":"RevisionReconciler.seed","msg":"podscalable visible to lister","resource":"deployments","namespace":"default","name":"kamera-test-deployment","stage":"podscalable-lister","object":{"apiVersion":"autoscaling.internal.knative.dev/v1alpha1","kind":"PodScalable","namespace":"default","name":"kamera-test-deployment"}}
{"level":"error","ts":1768351591.686155,"logger":"fallback","caller":"revision/controller.go:116","msg":"Failed to create resolver transport","error":"open /var/run/secrets/kubernetes.io/serviceaccount/ca.crt: no such file or directory","stacktrace":"knative.dev/serving/pkg/reconciler/revision.newControllerWithOptions\n\t/Users/tgoodwin/tmp/gomodcache/knative.dev/serving@v0.46.5/pkg/reconciler/revision/controller.go:116\nknative.dev/serving/pkg/reconciler/revision.NewController\n\t/Users/tgoodwin/tmp/gomodcache/knative.dev/serving@v0.46.5/pkg/reconciler/revision/controller.go:64\nmain.configureKnativeExplorer.func1.1\n\t/Users/tgoodwin/projects/kamera/examples/knative-serving/scenario.go:91\ngithub.com/tgoodwin/kamera/examples/knative-serving/knative.NewKnativeStrategy.func1\n\t/Users/tgoodwin/projects/kamera/examples/knative-serving/knative/harness.go:555\ngithub.com/tgoodwin/kamera/examples/knative-serving/knative.(*KnativeStrategy).ReconcileAtState\n\t/Users/tgoodwin/projects/kamera/examples/knative-serving/knative/harness.go:895\ngithub.com/tgoodwin/kamera/pkg/tracecheck.(*ReconcilerContainer).doReconcile\n\t/Users/tgoodwin/projects/kamera/pkg/tracecheck/reconciler.go:164\ngithub.com/tgoodwin/kamera/pkg/tracecheck.(*Explorer).reconcileAtState\n\t/Users/tgoodwin/projects/kamera/pkg/tracecheck/explore.go:1313\ngithub.com/tgoodwin/kamera/pkg/tracecheck.(*Explorer).takeReconcileStep\n\t/Users/tgoodwin/projects/kamera/pkg/tracecheck/explore.go:1228\ngithub.com/tgoodwin/kamera/pkg/tracecheck.(*Explorer).explore\n\t/Users/tgoodwin/projects/kamera/pkg/tracecheck/explore.go:790\ngithub.com/tgoodwin/kamera/pkg/tracecheck.(*Explorer).Explore.func1\n\t/Users/tgoodwin/projects/kamera/pkg/tracecheck/explore.go:330"}
{"level":"info","ts":1768351591.6865332,"logger":"fallback","caller":"revision/reconcile_resources.go:161","msg":"Reconciling PA: kamera-test"}
{"level":"info","ts":"2026-01-13T16:46:31-08:00","logger":"RevisionReconciler.reconcile","msg":"reconcile completed","key":"default/kamera-test","reconciler":"knative.dev.serving.pkg.reconciler.revision.Reconciler","requeue":false,"requeueAfter":0}
{"level":"info","ts":"2026-01-13T16:46:31-08:00","logger":"tracecheck","msg":"Taking reconcile step","Depth":81,"# Distinct States":90,"Total States":90,"Resource States":41}
{"level":"info","ts":"2026-01-13T16:46:31-08:00","logger":"tracecheck","msg":"Updated Deployment status","Depth":81,"# Distinct States":90,"Total States":90,"Resource States":41,"name":"kamera-test-deployment"}
{"level":"info","ts":"2026-01-13T16:46:31-08:00","logger":"tracecheck","msg":"Taking reconcile step","Depth":70,"# Distinct States":91,"Total States":91,"Resource States":41}
{"level":"info","ts":"2026-01-13T16:46:31-08:00","logger":"RevisionReconciler.seed","msg":"added podscalable to informer","resource":"deployments","namespace":"default","name":"kamera-test-deployment","stage":"podscalable-add","keys":["default/kamera-test-deployment"]}
{"level":"info","ts":"2026-01-13T16:46:31-08:00","logger":"RevisionReconciler.seed","msg":"podscalable visible to lister","resource":"deployments","namespace":"default","name":"kamera-test-deployment","stage":"podscalable-lister","object":{"apiVersion":"autoscaling.internal.knative.dev/v1alpha1","kind":"PodScalable","namespace":"default","name":"kamera-test-deployment"}}
{"level":"error","ts":1768351591.794327,"logger":"fallback","caller":"revision/controller.go:116","msg":"Failed to create resolver transport","error":"open /var/run/secrets/kubernetes.io/serviceaccount/ca.crt: no such file or directory","stacktrace":"knative.dev/serving/pkg/reconciler/revision.newControllerWithOptions\n\t/Users/tgoodwin/tmp/gomodcache/knative.dev/serving@v0.46.5/pkg/reconciler/revision/controller.go:116\nknative.dev/serving/pkg/reconciler/revision.NewController\n\t/Users/tgoodwin/tmp/gomodcache/knative.dev/serving@v0.46.5/pkg/reconciler/revision/controller.go:64\nmain.configureKnativeExplorer.func1.1\n\t/Users/tgoodwin/projects/kamera/examples/knative-serving/scenario.go:91\ngithub.com/tgoodwin/kamera/examples/knative-serving/knative.NewKnativeStrategy.func1\n\t/Users/tgoodwin/projects/kamera/examples/knative-serving/knative/harness.go:555\ngithub.com/tgoodwin/kamera/examples/knative-serving/knative.(*KnativeStrategy).ReconcileAtState\n\t/Users/tgoodwin/projects/kamera/examples/knative-serving/knative/harness.go:895\ngithub.com/tgoodwin/kamera/pkg/tracecheck.(*ReconcilerContainer).doReconcile\n\t/Users/tgoodwin/projects/kamera/pkg/tracecheck/reconciler.go:164\ngithub.com/tgoodwin/kamera/pkg/tracecheck.(*Explorer).reconcileAtState\n\t/Users/tgoodwin/projects/kamera/pkg/tracecheck/explore.go:1313\ngithub.com/tgoodwin/kamera/pkg/tracecheck.(*Explorer).takeReconcileStep\n\t/Users/tgoodwin/projects/kamera/pkg/tracecheck/explore.go:1228\ngithub.com/tgoodwin/kamera/pkg/tracecheck.(*Explorer).explore\n\t/Users/tgoodwin/projects/kamera/pkg/tracecheck/explore.go:790\ngithub.com/tgoodwin/kamera/pkg/tracecheck.(*Explorer).Explore.func1\n\t/Users/tgoodwin/projects/kamera/pkg/tracecheck/explore.go:330"}
{"level":"info","ts":1768351591.79472,"logger":"fallback","caller":"revision/reconcile_resources.go:161","msg":"Reconciling PA: kamera-test"}
{"level":"info","ts":"2026-01-13T16:46:31-08:00","logger":"RevisionReconciler.reconcile","msg":"reconcile completed","key":"default/kamera-test","reconciler":"knative.dev.serving.pkg.reconciler.revision.Reconciler","requeue":false,"requeueAfter":0}
{"level":"info","ts":"2026-01-13T16:46:31-08:00","logger":"tracecheck","msg":"Taking reconcile step","Depth":71,"# Distinct States":92,"Total States":92,"Resource States":42}
{"level":"info","ts":"2026-01-13T16:46:31-08:00","logger":"tracecheck","msg":"Taking reconcile step","Depth":72,"# Distinct States":93,"Total States":93,"Resource States":42}
{"level":"info","ts":"2026-01-13T16:46:31-08:00","logger":"tracecheck","msg":"Taking reconcile step","Depth":73,"# Distinct States":94,"Total States":94,"Resource States":42}
{"level":"info","ts":"2026-01-13T16:46:31-08:00","logger":"RouteReconciler.seed","msg":"added podscalable to informer","resource":"deployments","namespace":"default","name":"kamera-test-deployment","stage":"podscalable-add","keys":["default/kamera-test-deployment"]}
{"level":"info","ts":"2026-01-13T16:46:31-08:00","logger":"RouteReconciler.seed","msg":"podscalable visible to lister","resource":"deployments","namespace":"default","name":"kamera-test-deployment","stage":"podscalable-lister","object":{"apiVersion":"autoscaling.internal.knative.dev/v1alpha1","kind":"PodScalable","namespace":"default","name":"kamera-test-deployment"}}
{"level":"info","ts":1768351591.905111,"logger":"fallback","caller":"route/route.go:465","msg":"Revision default/kamera-test is inactive"}
{"level":"info","ts":1768351591.9051452,"logger":"fallback","caller":"route/route.go:487","msg":"All referred targets are routable, marking AllTrafficAssigned with traffic information."}
{"level":"info","ts":1768351591.905163,"logger":"fallback","caller":"route/route.go:140","msg":"Creating placeholder k8s services"}
{"level":"info","ts":1768351591.90527,"logger":"fallback","caller":"route/route.go:176","msg":"Updating placeholder k8s services with ingress information"}
{"level":"info","ts":1768351591.905321,"logger":"fallback","caller":"route/route.go:198","msg":"Route successfully synced"}
{"level":"info","ts":"2026-01-13T16:46:31-08:00","logger":"RouteReconciler.reconcile","msg":"reconcile completed","key":"default/demo","reconciler":"knative.dev.serving.pkg.reconciler.route.Reconciler","requeue":false,"requeueAfter":0}
{"level":"info","ts":"2026-01-13T16:46:31-08:00","logger":"tracecheck","msg":"Taking reconcile step","Depth":74,"# Distinct States":95,"Total States":95,"Resource States":42}
{"level":"info","ts":"2026-01-13T16:46:32-08:00","logger":"ServiceReconciler.seed","msg":"added podscalable to informer","resource":"deployments","namespace":"default","name":"kamera-test-deployment","stage":"podscalable-add","keys":["default/kamera-test-deployment"]}
{"level":"info","ts":"2026-01-13T16:46:32-08:00","logger":"ServiceReconciler.seed","msg":"podscalable visible to lister","resource":"deployments","namespace":"default","name":"kamera-test-deployment","stage":"podscalable-lister","object":{"apiVersion":"autoscaling.internal.knative.dev/v1alpha1","kind":"PodScalable","namespace":"default","name":"kamera-test-deployment"}}
{"level":"info","ts":1768351592.0132601,"logger":"fallback","caller":"service/service.go:171","msg":"Service reconciler fetching Route from lister: name=demo, namespace=default"}
{"level":"info","ts":1768351592.013281,"logger":"fallback","caller":"service/service.go:174","msg":"Service reconciler got Route from lister: name=demo, Generation=1, ObservedGeneration=1, ResourceVersion="}
{"level":"info","ts":1768351592.013311,"logger":"fallback","caller":"service/service.go:126","msg":"Service reconciler checking Route: name=demo, Generation=1, ObservedGeneration=1, Ready=True (reason=, message=), generationMatch=true, routeResourceVersion="}
{"level":"info","ts":1768351592.013323,"logger":"fallback","caller":"service/service.go:136","msg":"Service reconciler calling PropagateRouteStatus() because Generation == ObservedGeneration"}
{"level":"info","ts":"2026-01-13T16:46:32-08:00","logger":"ServiceReconciler.reconcile","msg":"reconcile completed","key":"default/demo","reconciler":"knative.dev.serving.pkg.reconciler.service.Reconciler","requeue":false,"requeueAfter":0}
{"level":"info","ts":"2026-01-13T16:46:32-08:00","logger":"tracecheck","msg":"Taking reconcile step","Depth":75,"# Distinct States":96,"Total States":96,"Resource States":42}
{"level":"error","ts":"2026-01-13T16:46:32-08:00","logger":"tracegen","msg":"setting root context","Kind":"/v1, Kind=Pod","Name":"kamera-test-deployment-1488584584-0","NewRootID":"","labels":{"app":"kamera-test","discrete.events/sleeve-object-id":"37jmqvjn","pod-template-hash":"1488584584","serving.knative.dev/configuration":"demo","serving.knative.dev/configurationGeneration":"1","serving.knative.dev/revision":"kamera-test","serving.knative.dev/revisionUID":"","serving.knative.dev/service":"demo"},"error":"no root ID set on object - is this namespace handled by the sleeve webhook?","stacktrace":"github.com/tgoodwin/kamera/pkg/tracegen.(*ContextTracker).setRootContextFromObservation\n\t/Users/tgoodwin/projects/kamera/pkg/tracegen/context.go:153\ngithub.com/tgoodwin/kamera/pkg/tracegen.(*ContextTracker).TrackOperation\n\t/Users/tgoodwin/projects/kamera/pkg/tracegen/context.go:197\ngithub.com/tgoodwin/kamera/pkg/tracegen.(*Client).Get\n\t/Users/tgoodwin/projects/kamera/pkg/tracegen/client.go:177\ngithub.com/tgoodwin/kamera/sleevectrl/pkg/controller.(*FinalizerReconciler).Reconcile\n\t/Users/tgoodwin/projects/kamera/sleevectrl/pkg/controller/sleeve_finalizer_controller.go:41\ngithub.com/tgoodwin/kamera/pkg/tracecheck.(*ControllerRuntimeStrategy).ReconcileAtState\n\t/Users/tgoodwin/projects/kamera/pkg/tracecheck/reconciler.go:82\ngithub.com/tgoodwin/kamera/pkg/tracecheck.(*ReconcilerContainer).doReconcile\n\t/Users/tgoodwin/projects/kamera/pkg/tracecheck/reconciler.go:164\ngithub.com/tgoodwin/kamera/pkg/tracecheck.(*Explorer).reconcileAtState\n\t/Users/tgoodwin/projects/kamera/pkg/tracecheck/explore.go:1313\ngithub.com/tgoodwin/kamera/pkg/tracecheck.(*Explorer).takeReconcileStep\n\t/Users/tgoodwin/projects/kamera/pkg/tracecheck/explore.go:1228\ngithub.com/tgoodwin/kamera/pkg/tracecheck.(*Explorer).explore\n\t/Users/tgoodwin/projects/kamera/pkg/tracecheck/explore.go:790\ngithub.com/tgoodwin/kamera/pkg/tracecheck.(*Explorer).Explore.func1\n\t/Users/tgoodwin/projects/kamera/pkg/tracecheck/explore.go:330"}
{"level":"error","ts":"2026-01-13T16:46:32-08:00","logger":"tracegen","msg":"rootID is empty","Kind":"/v1, Kind=Pod","Name":"kamera-test-deployment-1488584584-0","NewRootID":"","stacktrace":"github.com/tgoodwin/kamera/pkg/tracegen.(*ContextTracker).setRootContextFromObservation\n\t/Users/tgoodwin/projects/kamera/pkg/tracegen/context.go:157\ngithub.com/tgoodwin/kamera/pkg/tracegen.(*ContextTracker).TrackOperation\n\t/Users/tgoodwin/projects/kamera/pkg/tracegen/context.go:197\ngithub.com/tgoodwin/kamera/pkg/tracegen.(*Client).Get\n\t/Users/tgoodwin/projects/kamera/pkg/tracegen/client.go:177\ngithub.com/tgoodwin/kamera/sleevectrl/pkg/controller.(*FinalizerReconciler).Reconcile\n\t/Users/tgoodwin/projects/kamera/sleevectrl/pkg/controller/sleeve_finalizer_controller.go:41\ngithub.com/tgoodwin/kamera/pkg/tracecheck.(*ControllerRuntimeStrategy).ReconcileAtState\n\t/Users/tgoodwin/projects/kamera/pkg/tracecheck/reconciler.go:82\ngithub.com/tgoodwin/kamera/pkg/tracecheck.(*ReconcilerContainer).doReconcile\n\t/Users/tgoodwin/projects/kamera/pkg/tracecheck/reconciler.go:164\ngithub.com/tgoodwin/kamera/pkg/tracecheck.(*Explorer).reconcileAtState\n\t/Users/tgoodwin/projects/kamera/pkg/tracecheck/explore.go:1313\ngithub.com/tgoodwin/kamera/pkg/tracecheck.(*Explorer).takeReconcileStep\n\t/Users/tgoodwin/projects/kamera/pkg/tracecheck/explore.go:1228\ngithub.com/tgoodwin/kamera/pkg/tracecheck.(*Explorer).explore\n\t/Users/tgoodwin/projects/kamera/pkg/tracecheck/explore.go:790\ngithub.com/tgoodwin/kamera/pkg/tracecheck.(*Explorer).Explore.func1\n\t/Users/tgoodwin/projects/kamera/pkg/tracecheck/explore.go:330"}
{"level":"error","ts":"2026-01-13T16:46:32-08:00","logger":"tracegen","msg":"creating event","error":"failed to get change ID: Event does not have a change ID","stacktrace":"github.com/tgoodwin/kamera/pkg/tracegen.(*Client).LogOperation\n\t/Users/tgoodwin/projects/kamera/pkg/tracegen/client.go:106\ngithub.com/tgoodwin/kamera/pkg/tracegen.(*Client).Get\n\t/Users/tgoodwin/projects/kamera/pkg/tracegen/client.go:178\ngithub.com/tgoodwin/kamera/sleevectrl/pkg/controller.(*FinalizerReconciler).Reconcile\n\t/Users/tgoodwin/projects/kamera/sleevectrl/pkg/controller/sleeve_finalizer_controller.go:41\ngithub.com/tgoodwin/kamera/pkg/tracecheck.(*ControllerRuntimeStrategy).ReconcileAtState\n\t/Users/tgoodwin/projects/kamera/pkg/tracecheck/reconciler.go:82\ngithub.com/tgoodwin/kamera/pkg/tracecheck.(*ReconcilerContainer).doReconcile\n\t/Users/tgoodwin/projects/kamera/pkg/tracecheck/reconciler.go:164\ngithub.com/tgoodwin/kamera/pkg/tracecheck.(*Explorer).reconcileAtState\n\t/Users/tgoodwin/projects/kamera/pkg/tracecheck/explore.go:1313\ngithub.com/tgoodwin/kamera/pkg/tracecheck.(*Explorer).takeReconcileStep\n\t/Users/tgoodwin/projects/kamera/pkg/tracecheck/explore.go:1228\ngithub.com/tgoodwin/kamera/pkg/tracecheck.(*Explorer).explore\n\t/Users/tgoodwin/projects/kamera/pkg/tracecheck/explore.go:790\ngithub.com/tgoodwin/kamera/pkg/tracecheck.(*Explorer).Explore.func1\n\t/Users/tgoodwin/projects/kamera/pkg/tracecheck/explore.go:330"}
{"level":"error","ts":"2026-01-13T16:46:32-08:00","logger":"tracegen","msg":"creating event","error":"failed to get change ID: Event does not have a change ID","stacktrace":"github.com/tgoodwin/kamera/pkg/tracegen.(*Client).LogOperation\n\t/Users/tgoodwin/projects/kamera/pkg/tracegen/client.go:106\ngithub.com/tgoodwin/kamera/sleevectrl/pkg/controller.(*FinalizerReconciler).Reconcile\n\t/Users/tgoodwin/projects/kamera/sleevectrl/pkg/controller/sleeve_finalizer_controller.go:69\ngithub.com/tgoodwin/kamera/pkg/tracecheck.(*ControllerRuntimeStrategy).ReconcileAtState\n\t/Users/tgoodwin/projects/kamera/pkg/tracecheck/reconciler.go:82\ngithub.com/tgoodwin/kamera/pkg/tracecheck.(*ReconcilerContainer).doReconcile\n\t/Users/tgoodwin/projects/kamera/pkg/tracecheck/reconciler.go:164\ngithub.com/tgoodwin/kamera/pkg/tracecheck.(*Explorer).reconcileAtState\n\t/Users/tgoodwin/projects/kamera/pkg/tracecheck/explore.go:1313\ngithub.com/tgoodwin/kamera/pkg/tracecheck.(*Explorer).takeReconcileStep\n\t/Users/tgoodwin/projects/kamera/pkg/tracecheck/explore.go:1228\ngithub.com/tgoodwin/kamera/pkg/tracecheck.(*Explorer).explore\n\t/Users/tgoodwin/projects/kamera/pkg/tracecheck/explore.go:790\ngithub.com/tgoodwin/kamera/pkg/tracecheck.(*Explorer).Explore.func1\n\t/Users/tgoodwin/projects/kamera/pkg/tracecheck/explore.go:330"}
{"level":"info","ts":"2026-01-13T16:46:32-08:00","logger":"tracecheck","msg":"Taking reconcile step","Depth":76,"# Distinct States":97,"Total States":97,"Resource States":43}
{"level":"info","ts":"2026-01-13T16:46:32-08:00","logger":"tracecheck","msg":"Taking reconcile step","Depth":77,"# Distinct States":98,"Total States":98,"Resource States":43}
{"level":"info","ts":"2026-01-13T16:46:32-08:00","logger":"tracecheck","msg":"Updated ReplicaSet status","Depth":77,"# Distinct States":98,"Total States":98,"Resource States":43,"name":"kamera-test-deployment-1488584584"}
{"level":"info","ts":"2026-01-13T16:46:32-08:00","logger":"tracecheck","msg":"Taking reconcile step","Depth":78,"# Distinct States":99,"Total States":99,"Resource States":43}
{"level":"info","ts":"2026-01-13T16:46:32-08:00","logger":"KPAReconciler.seed","msg":"added podscalable to informer","resource":"deployments","namespace":"default","name":"kamera-test-deployment","stage":"podscalable-add","keys":["default/kamera-test-deployment"]}
{"level":"info","ts":"2026-01-13T16:46:32-08:00","logger":"KPAReconciler.seed","msg":"podscalable visible to lister","resource":"deployments","namespace":"default","name":"kamera-test-deployment","stage":"podscalable-lister","object":{"apiVersion":"autoscaling.internal.knative.dev/v1alpha1","kind":"PodScalable","namespace":"default","name":"kamera-test-deployment"}}
{"level":"info","ts":1768351592.129718,"logger":"fallback","caller":"kpa/controller.go:77","msg":"Setting up ConfigMap receivers"}
{"level":"info","ts":1768351592.1298718,"logger":"fallback","caller":"kpa/controller.go:91","msg":"Setting up KPA-Class event handlers"}
{"level":"info","ts":1768351592.1300101,"logger":"fallback","caller":"kpa/kpa.go:158","msg":"SKS should be in Proxy mode: want = 0, ebc = 0, #act's = 2 PA Inactive? = true"}
{"level":"info","ts":1768351592.130035,"logger":"fallback","caller":"kpa/kpa.go:178","msg":"PA scale got=0, want=0, desiredPods=0 ebc=0"}
{"level":"info","ts":1768351592.130048,"logger":"fallback","caller":"kpa/kpa.go:188","msg":"Observed pod counts=kpa.podCounts{want:0, ready:0, notReady:0, pending:0, terminating:0}"}
{"level":"info","ts":"2026-01-13T16:46:32-08:00","logger":"KPAReconciler.reconcile","msg":"reconcile completed","key":"default/kamera-test","reconciler":"knative.dev.serving.pkg.reconciler.autoscaling.kpa.Reconciler","requeue":false,"requeueAfter":0}
{"level":"info","ts":"2026-01-13T16:46:32-08:00","logger":"tracecheck","msg":"Taking reconcile step","Depth":79,"# Distinct States":100,"Total States":100,"Resource States":43}
{"level":"info","ts":"2026-01-13T16:46:32-08:00","logger":"tracecheck","msg":"Taking reconcile step","Depth":80,"# Distinct States":101,"Total States":101,"Resource States":43}
{"level":"info","ts":"2026-01-13T16:46:32-08:00","logger":"ConfigurationReconciler.seed","msg":"added podscalable to informer","resource":"deployments","namespace":"default","name":"kamera-test-deployment","stage":"podscalable-add","keys":["default/kamera-test-deployment"]}
{"level":"info","ts":"2026-01-13T16:46:32-08:00","logger":"ConfigurationReconciler.seed","msg":"podscalable visible to lister","resource":"deployments","namespace":"default","name":"kamera-test-deployment","stage":"podscalable-lister","object":{"apiVersion":"autoscaling.internal.knative.dev/v1alpha1","kind":"PodScalable","namespace":"default","name":"kamera-test-deployment"}}
{"level":"info","ts":1768351592.240366,"logger":"fallback","caller":"configuration/configuration.go:106","msg":"Revision \"kamera-test\" of configuration is ready"}
{"level":"info","ts":"2026-01-13T16:46:32-08:00","logger":"ConfigurationReconciler.reconcile","msg":"reconcile completed","key":"default/demo","reconciler":"knative.dev.serving.pkg.reconciler.configuration.Reconciler","requeue":false,"requeueAfter":0}
{"level":"info","ts":"2026-01-13T16:46:32-08:00","logger":"tracecheck","msg":"Taking reconcile step","Depth":81,"# Distinct States":102,"Total States":102,"Resource States":43}
{"level":"info","ts":"2026-01-13T16:46:32-08:00","logger":"RevisionReconciler.seed","msg":"added podscalable to informer","resource":"deployments","namespace":"default","name":"kamera-test-deployment","stage":"podscalable-add","keys":["default/kamera-test-deployment"]}
{"level":"info","ts":"2026-01-13T16:46:32-08:00","logger":"RevisionReconciler.seed","msg":"podscalable visible to lister","resource":"deployments","namespace":"default","name":"kamera-test-deployment","stage":"podscalable-lister","object":{"apiVersion":"autoscaling.internal.knative.dev/v1alpha1","kind":"PodScalable","namespace":"default","name":"kamera-test-deployment"}}
{"level":"error","ts":1768351592.346459,"logger":"fallback","caller":"revision/controller.go:116","msg":"Failed to create resolver transport","error":"open /var/run/secrets/kubernetes.io/serviceaccount/ca.crt: no such file or directory","stacktrace":"knative.dev/serving/pkg/reconciler/revision.newControllerWithOptions\n\t/Users/tgoodwin/tmp/gomodcache/knative.dev/serving@v0.46.5/pkg/reconciler/revision/controller.go:116\nknative.dev/serving/pkg/reconciler/revision.NewController\n\t/Users/tgoodwin/tmp/gomodcache/knative.dev/serving@v0.46.5/pkg/reconciler/revision/controller.go:64\nmain.configureKnativeExplorer.func1.1\n\t/Users/tgoodwin/projects/kamera/examples/knative-serving/scenario.go:91\ngithub.com/tgoodwin/kamera/examples/knative-serving/knative.NewKnativeStrategy.func1\n\t/Users/tgoodwin/projects/kamera/examples/knative-serving/knative/harness.go:555\ngithub.com/tgoodwin/kamera/examples/knative-serving/knative.(*KnativeStrategy).ReconcileAtState\n\t/Users/tgoodwin/projects/kamera/examples/knative-serving/knative/harness.go:895\ngithub.com/tgoodwin/kamera/pkg/tracecheck.(*ReconcilerContainer).doReconcile\n\t/Users/tgoodwin/projects/kamera/pkg/tracecheck/reconciler.go:164\ngithub.com/tgoodwin/kamera/pkg/tracecheck.(*Explorer).reconcileAtState\n\t/Users/tgoodwin/projects/kamera/pkg/tracecheck/explore.go:1313\ngithub.com/tgoodwin/kamera/pkg/tracecheck.(*Explorer).takeReconcileStep\n\t/Users/tgoodwin/projects/kamera/pkg/tracecheck/explore.go:1228\ngithub.com/tgoodwin/kamera/pkg/tracecheck.(*Explorer).explore\n\t/Users/tgoodwin/projects/kamera/pkg/tracecheck/explore.go:790\ngithub.com/tgoodwin/kamera/pkg/tracecheck.(*Explorer).Explore.func1\n\t/Users/tgoodwin/projects/kamera/pkg/tracecheck/explore.go:330"}
{"level":"info","ts":1768351592.346675,"logger":"fallback","caller":"revision/reconcile_resources.go:161","msg":"Reconciling PA: kamera-test"}
{"level":"info","ts":"2026-01-13T16:46:32-08:00","logger":"RevisionReconciler.reconcile","msg":"reconcile completed","key":"default/kamera-test","reconciler":"knative.dev.serving.pkg.reconciler.revision.Reconciler","requeue":false,"requeueAfter":0}
{"level":"info","ts":"2026-01-13T16:46:32-08:00","logger":"tracecheck","msg":"Taking reconcile step","Depth":82,"# Distinct States":103,"Total States":103,"Resource States":43}
{"level":"info","ts":"2026-01-13T16:46:32-08:00","logger":"tracecheck","msg":"Updated Deployment status","Depth":82,"# Distinct States":103,"Total States":103,"Resource States":43,"name":"kamera-test-deployment"}
{"level":"info","ts":"2026-01-13T16:46:32-08:00","logger":"tracecheck","msg":"Taking reconcile step","Depth":71,"# Distinct States":104,"Total States":104,"Resource States":43}
{"level":"info","ts":"2026-01-13T16:46:32-08:00","logger":"RevisionReconciler.seed","msg":"added podscalable to informer","resource":"deployments","namespace":"default","name":"kamera-test-deployment","stage":"podscalable-add","keys":["default/kamera-test-deployment"]}
{"level":"info","ts":"2026-01-13T16:46:32-08:00","logger":"RevisionReconciler.seed","msg":"podscalable visible to lister","resource":"deployments","namespace":"default","name":"kamera-test-deployment","stage":"podscalable-lister","object":{"apiVersion":"autoscaling.internal.knative.dev/v1alpha1","kind":"PodScalable","namespace":"default","name":"kamera-test-deployment"}}
{"level":"error","ts":1768351592.4568598,"logger":"fallback","caller":"revision/controller.go:116","msg":"Failed to create resolver transport","error":"open /var/run/secrets/kubernetes.io/serviceaccount/ca.crt: no such file or directory","stacktrace":"knative.dev/serving/pkg/reconciler/revision.newControllerWithOptions\n\t/Users/tgoodwin/tmp/gomodcache/knative.dev/serving@v0.46.5/pkg/reconciler/revision/controller.go:116\nknative.dev/serving/pkg/reconciler/revision.NewController\n\t/Users/tgoodwin/tmp/gomodcache/knative.dev/serving@v0.46.5/pkg/reconciler/revision/controller.go:64\nmain.configureKnativeExplorer.func1.1\n\t/Users/tgoodwin/projects/kamera/examples/knative-serving/scenario.go:91\ngithub.com/tgoodwin/kamera/examples/knative-serving/knative.NewKnativeStrategy.func1\n\t/Users/tgoodwin/projects/kamera/examples/knative-serving/knative/harness.go:555\ngithub.com/tgoodwin/kamera/examples/knative-serving/knative.(*KnativeStrategy).ReconcileAtState\n\t/Users/tgoodwin/projects/kamera/examples/knative-serving/knative/harness.go:895\ngithub.com/tgoodwin/kamera/pkg/tracecheck.(*ReconcilerContainer).doReconcile\n\t/Users/tgoodwin/projects/kamera/pkg/tracecheck/reconciler.go:164\ngithub.com/tgoodwin/kamera/pkg/tracecheck.(*Explorer).reconcileAtState\n\t/Users/tgoodwin/projects/kamera/pkg/tracecheck/explore.go:1313\ngithub.com/tgoodwin/kamera/pkg/tracecheck.(*Explorer).takeReconcileStep\n\t/Users/tgoodwin/projects/kamera/pkg/tracecheck/explore.go:1228\ngithub.com/tgoodwin/kamera/pkg/tracecheck.(*Explorer).explore\n\t/Users/tgoodwin/projects/kamera/pkg/tracecheck/explore.go:790\ngithub.com/tgoodwin/kamera/pkg/tracecheck.(*Explorer).Explore.func1\n\t/Users/tgoodwin/projects/kamera/pkg/tracecheck/explore.go:330"}
{"level":"info","ts":1768351592.4571111,"logger":"fallback","caller":"revision/reconcile_resources.go:161","msg":"Reconciling PA: kamera-test"}
{"level":"info","ts":"2026-01-13T16:46:32-08:00","logger":"RevisionReconciler.reconcile","msg":"reconcile completed","key":"default/kamera-test","reconciler":"knative.dev.serving.pkg.reconciler.revision.Reconciler","requeue":false,"requeueAfter":0}
{"level":"info","ts":"2026-01-13T16:46:32-08:00","logger":"tracecheck","msg":"Taking reconcile step","Depth":72,"# Distinct States":105,"Total States":105,"Resource States":43}
{"level":"info","ts":"2026-01-13T16:46:32-08:00","logger":"tracecheck","msg":"Taking reconcile step","Depth":73,"# Distinct States":106,"Total States":106,"Resource States":43}
{"level":"info","ts":"2026-01-13T16:46:32-08:00","logger":"tracecheck","msg":"Taking reconcile step","Depth":74,"# Distinct States":107,"Total States":107,"Resource States":43}
{"level":"info","ts":"2026-01-13T16:46:32-08:00","logger":"RouteReconciler.seed","msg":"added podscalable to informer","resource":"deployments","namespace":"default","name":"kamera-test-deployment","stage":"podscalable-add","keys":["default/kamera-test-deployment"]}
{"level":"info","ts":"2026-01-13T16:46:32-08:00","logger":"RouteReconciler.seed","msg":"podscalable visible to lister","resource":"deployments","namespace":"default","name":"kamera-test-deployment","stage":"podscalable-lister","object":{"apiVersion":"autoscaling.internal.knative.dev/v1alpha1","kind":"PodScalable","namespace":"default","name":"kamera-test-deployment"}}
{"level":"info","ts":1768351592.566729,"logger":"fallback","caller":"route/route.go:465","msg":"Revision default/kamera-test is inactive"}
{"level":"info","ts":1768351592.566748,"logger":"fallback","caller":"route/route.go:487","msg":"All referred targets are routable, marking AllTrafficAssigned with traffic information."}
{"level":"info","ts":1768351592.566764,"logger":"fallback","caller":"route/route.go:140","msg":"Creating placeholder k8s services"}
{"level":"info","ts":1768351592.566848,"logger":"fallback","caller":"route/route.go:176","msg":"Updating placeholder k8s services with ingress information"}
{"level":"info","ts":1768351592.566897,"logger":"fallback","caller":"route/route.go:198","msg":"Route successfully synced"}
{"level":"info","ts":"2026-01-13T16:46:32-08:00","logger":"RouteReconciler.reconcile","msg":"reconcile completed","key":"default/demo","reconciler":"knative.dev.serving.pkg.reconciler.route.Reconciler","requeue":false,"requeueAfter":0}
{"level":"info","ts":"2026-01-13T16:46:32-08:00","logger":"tracecheck","msg":"Taking reconcile step","Depth":75,"# Distinct States":108,"Total States":108,"Resource States":43}
{"level":"info","ts":"2026-01-13T16:46:32-08:00","logger":"ServiceReconciler.seed","msg":"added podscalable to informer","resource":"deployments","namespace":"default","name":"kamera-test-deployment","stage":"podscalable-add","keys":["default/kamera-test-deployment"]}
{"level":"info","ts":"2026-01-13T16:46:32-08:00","logger":"ServiceReconciler.seed","msg":"podscalable visible to lister","resource":"deployments","namespace":"default","name":"kamera-test-deployment","stage":"podscalable-lister","object":{"apiVersion":"autoscaling.internal.knative.dev/v1alpha1","kind":"PodScalable","namespace":"default","name":"kamera-test-deployment"}}
{"level":"info","ts":1768351592.675709,"logger":"fallback","caller":"service/service.go:171","msg":"Service reconciler fetching Route from lister: name=demo, namespace=default"}
{"level":"info","ts":1768351592.675731,"logger":"fallback","caller":"service/service.go:174","msg":"Service reconciler got Route from lister: name=demo, Generation=1, ObservedGeneration=1, ResourceVersion="}
{"level":"info","ts":1768351592.675756,"logger":"fallback","caller":"service/service.go:126","msg":"Service reconciler checking Route: name=demo, Generation=1, ObservedGeneration=1, Ready=True (reason=, message=), generationMatch=true, routeResourceVersion="}
{"level":"info","ts":1768351592.675764,"logger":"fallback","caller":"service/service.go:136","msg":"Service reconciler calling PropagateRouteStatus() because Generation == ObservedGeneration"}
{"level":"info","ts":"2026-01-13T16:46:32-08:00","logger":"ServiceReconciler.reconcile","msg":"reconcile completed","key":"default/demo","reconciler":"knative.dev.serving.pkg.reconciler.service.Reconciler","requeue":false,"requeueAfter":0}
{"level":"info","ts":"2026-01-13T16:46:32-08:00","logger":"tracecheck","msg":"Taking reconcile step","Depth":76,"# Distinct States":109,"Total States":109,"Resource States":43}
{"level":"error","ts":"2026-01-13T16:46:32-08:00","logger":"tracegen","msg":"setting root context","Kind":"/v1, Kind=Pod","Name":"kamera-test-deployment-1488584584-0","NewRootID":"","labels":{"app":"kamera-test","discrete.events/sleeve-object-id":"37jmqvjn","pod-template-hash":"1488584584","serving.knative.dev/configuration":"demo","serving.knative.dev/configurationGeneration":"1","serving.knative.dev/revision":"kamera-test","serving.knative.dev/revisionUID":"","serving.knative.dev/service":"demo"},"error":"no root ID set on object - is this namespace handled by the sleeve webhook?","stacktrace":"github.com/tgoodwin/kamera/pkg/tracegen.(*ContextTracker).setRootContextFromObservation\n\t/Users/tgoodwin/projects/kamera/pkg/tracegen/context.go:153\ngithub.com/tgoodwin/kamera/pkg/tracegen.(*ContextTracker).TrackOperation\n\t/Users/tgoodwin/projects/kamera/pkg/tracegen/context.go:197\ngithub.com/tgoodwin/kamera/pkg/tracegen.(*Client).Get\n\t/Users/tgoodwin/projects/kamera/pkg/tracegen/client.go:177\ngithub.com/tgoodwin/kamera/sleevectrl/pkg/controller.(*FinalizerReconciler).Reconcile\n\t/Users/tgoodwin/projects/kamera/sleevectrl/pkg/controller/sleeve_finalizer_controller.go:41\ngithub.com/tgoodwin/kamera/pkg/tracecheck.(*ControllerRuntimeStrategy).ReconcileAtState\n\t/Users/tgoodwin/projects/kamera/pkg/tracecheck/reconciler.go:82\ngithub.com/tgoodwin/kamera/pkg/tracecheck.(*ReconcilerContainer).doReconcile\n\t/Users/tgoodwin/projects/kamera/pkg/tracecheck/reconciler.go:164\ngithub.com/tgoodwin/kamera/pkg/tracecheck.(*Explorer).reconcileAtState\n\t/Users/tgoodwin/projects/kamera/pkg/tracecheck/explore.go:1313\ngithub.com/tgoodwin/kamera/pkg/tracecheck.(*Explorer).takeReconcileStep\n\t/Users/tgoodwin/projects/kamera/pkg/tracecheck/explore.go:1228\ngithub.com/tgoodwin/kamera/pkg/tracecheck.(*Explorer).explore\n\t/Users/tgoodwin/projects/kamera/pkg/tracecheck/explore.go:790\ngithub.com/tgoodwin/kamera/pkg/tracecheck.(*Explorer).Explore.func1\n\t/Users/tgoodwin/projects/kamera/pkg/tracecheck/explore.go:330"}
{"level":"error","ts":"2026-01-13T16:46:32-08:00","logger":"tracegen","msg":"rootID is empty","Kind":"/v1, Kind=Pod","Name":"kamera-test-deployment-1488584584-0","NewRootID":"","stacktrace":"github.com/tgoodwin/kamera/pkg/tracegen.(*ContextTracker).setRootContextFromObservation\n\t/Users/tgoodwin/projects/kamera/pkg/tracegen/context.go:157\ngithub.com/tgoodwin/kamera/pkg/tracegen.(*ContextTracker).TrackOperation\n\t/Users/tgoodwin/projects/kamera/pkg/tracegen/context.go:197\ngithub.com/tgoodwin/kamera/pkg/tracegen.(*Client).Get\n\t/Users/tgoodwin/projects/kamera/pkg/tracegen/client.go:177\ngithub.com/tgoodwin/kamera/sleevectrl/pkg/controller.(*FinalizerReconciler).Reconcile\n\t/Users/tgoodwin/projects/kamera/sleevectrl/pkg/controller/sleeve_finalizer_controller.go:41\ngithub.com/tgoodwin/kamera/pkg/tracecheck.(*ControllerRuntimeStrategy).ReconcileAtState\n\t/Users/tgoodwin/projects/kamera/pkg/tracecheck/reconciler.go:82\ngithub.com/tgoodwin/kamera/pkg/tracecheck.(*ReconcilerContainer).doReconcile\n\t/Users/tgoodwin/projects/kamera/pkg/tracecheck/reconciler.go:164\ngithub.com/tgoodwin/kamera/pkg/tracecheck.(*Explorer).reconcileAtState\n\t/Users/tgoodwin/projects/kamera/pkg/tracecheck/explore.go:1313\ngithub.com/tgoodwin/kamera/pkg/tracecheck.(*Explorer).takeReconcileStep\n\t/Users/tgoodwin/projects/kamera/pkg/tracecheck/explore.go:1228\ngithub.com/tgoodwin/kamera/pkg/tracecheck.(*Explorer).explore\n\t/Users/tgoodwin/projects/kamera/pkg/tracecheck/explore.go:790\ngithub.com/tgoodwin/kamera/pkg/tracecheck.(*Explorer).Explore.func1\n\t/Users/tgoodwin/projects/kamera/pkg/tracecheck/explore.go:330"}
{"level":"error","ts":"2026-01-13T16:46:32-08:00","logger":"tracegen","msg":"creating event","error":"failed to get change ID: Event does not have a change ID","stacktrace":"github.com/tgoodwin/kamera/pkg/tracegen.(*Client).LogOperation\n\t/Users/tgoodwin/projects/kamera/pkg/tracegen/client.go:106\ngithub.com/tgoodwin/kamera/pkg/tracegen.(*Client).Get\n\t/Users/tgoodwin/projects/kamera/pkg/tracegen/client.go:178\ngithub.com/tgoodwin/kamera/sleevectrl/pkg/controller.(*FinalizerReconciler).Reconcile\n\t/Users/tgoodwin/projects/kamera/sleevectrl/pkg/controller/sleeve_finalizer_controller.go:41\ngithub.com/tgoodwin/kamera/pkg/tracecheck.(*ControllerRuntimeStrategy).ReconcileAtState\n\t/Users/tgoodwin/projects/kamera/pkg/tracecheck/reconciler.go:82\ngithub.com/tgoodwin/kamera/pkg/tracecheck.(*ReconcilerContainer).doReconcile\n\t/Users/tgoodwin/projects/kamera/pkg/tracecheck/reconciler.go:164\ngithub.com/tgoodwin/kamera/pkg/tracecheck.(*Explorer).reconcileAtState\n\t/Users/tgoodwin/projects/kamera/pkg/tracecheck/explore.go:1313\ngithub.com/tgoodwin/kamera/pkg/tracecheck.(*Explorer).takeReconcileStep\n\t/Users/tgoodwin/projects/kamera/pkg/tracecheck/explore.go:1228\ngithub.com/tgoodwin/kamera/pkg/tracecheck.(*Explorer).explore\n\t/Users/tgoodwin/projects/kamera/pkg/tracecheck/explore.go:790\ngithub.com/tgoodwin/kamera/pkg/tracecheck.(*Explorer).Explore.func1\n\t/Users/tgoodwin/projects/kamera/pkg/tracecheck/explore.go:330"}
{"level":"error","ts":"2026-01-13T16:46:32-08:00","logger":"tracegen","msg":"creating event","error":"failed to get change ID: Event does not have a change ID","stacktrace":"github.com/tgoodwin/kamera/pkg/tracegen.(*Client).LogOperation\n\t/Users/tgoodwin/projects/kamera/pkg/tracegen/client.go:106\ngithub.com/tgoodwin/kamera/sleevectrl/pkg/controller.(*FinalizerReconciler).Reconcile\n\t/Users/tgoodwin/projects/kamera/sleevectrl/pkg/controller/sleeve_finalizer_controller.go:69\ngithub.com/tgoodwin/kamera/pkg/tracecheck.(*ControllerRuntimeStrategy).ReconcileAtState\n\t/Users/tgoodwin/projects/kamera/pkg/tracecheck/reconciler.go:82\ngithub.com/tgoodwin/kamera/pkg/tracecheck.(*ReconcilerContainer).doReconcile\n\t/Users/tgoodwin/projects/kamera/pkg/tracecheck/reconciler.go:164\ngithub.com/tgoodwin/kamera/pkg/tracecheck.(*Explorer).reconcileAtState\n\t/Users/tgoodwin/projects/kamera/pkg/tracecheck/explore.go:1313\ngithub.com/tgoodwin/kamera/pkg/tracecheck.(*Explorer).takeReconcileStep\n\t/Users/tgoodwin/projects/kamera/pkg/tracecheck/explore.go:1228\ngithub.com/tgoodwin/kamera/pkg/tracecheck.(*Explorer).explore\n\t/Users/tgoodwin/projects/kamera/pkg/tracecheck/explore.go:790\ngithub.com/tgoodwin/kamera/pkg/tracecheck.(*Explorer).Explore.func1\n\t/Users/tgoodwin/projects/kamera/pkg/tracecheck/explore.go:330"}
{"level":"info","ts":"2026-01-13T16:46:32-08:00","logger":"tracecheck","msg":"Taking reconcile step","Depth":77,"# Distinct States":110,"Total States":110,"Resource States":43}
{"level":"info","ts":"2026-01-13T16:46:32-08:00","logger":"tracecheck","msg":"Taking reconcile step","Depth":78,"# Distinct States":111,"Total States":111,"Resource States":43}
{"level":"info","ts":"2026-01-13T16:46:32-08:00","logger":"tracecheck","msg":"Updated ReplicaSet status","Depth":78,"# Distinct States":111,"Total States":111,"Resource States":43,"name":"kamera-test-deployment-1488584584"}
{"level":"info","ts":"2026-01-13T16:46:32-08:00","logger":"tracecheck","msg":"Taking reconcile step","Depth":79,"# Distinct States":112,"Total States":112,"Resource States":43}
{"level":"info","ts":"2026-01-13T16:46:32-08:00","logger":"KPAReconciler.seed","msg":"added podscalable to informer","resource":"deployments","namespace":"default","name":"kamera-test-deployment","stage":"podscalable-add","keys":["default/kamera-test-deployment"]}
{"level":"info","ts":"2026-01-13T16:46:32-08:00","logger":"KPAReconciler.seed","msg":"podscalable visible to lister","resource":"deployments","namespace":"default","name":"kamera-test-deployment","stage":"podscalable-lister","object":{"apiVersion":"autoscaling.internal.knative.dev/v1alpha1","kind":"PodScalable","namespace":"default","name":"kamera-test-deployment"}}
{"level":"info","ts":1768351592.7914948,"logger":"fallback","caller":"kpa/controller.go:77","msg":"Setting up ConfigMap receivers"}
{"level":"info","ts":1768351592.791589,"logger":"fallback","caller":"kpa/controller.go:91","msg":"Setting up KPA-Class event handlers"}
{"level":"info","ts":1768351592.791695,"logger":"fallback","caller":"kpa/kpa.go:158","msg":"SKS should be in Proxy mode: want = 0, ebc = 0, #act's = 2 PA Inactive? = true"}
{"level":"info","ts":1768351592.791714,"logger":"fallback","caller":"kpa/kpa.go:178","msg":"PA scale got=0, want=0, desiredPods=0 ebc=0"}
{"level":"info","ts":1768351592.791723,"logger":"fallback","caller":"kpa/kpa.go:188","msg":"Observed pod counts=kpa.podCounts{want:0, ready:0, notReady:0, pending:0, terminating:0}"}
{"level":"info","ts":"2026-01-13T16:46:32-08:00","logger":"KPAReconciler.reconcile","msg":"reconcile completed","key":"default/kamera-test","reconciler":"knative.dev.serving.pkg.reconciler.autoscaling.kpa.Reconciler","requeue":false,"requeueAfter":0}
{"level":"info","ts":"2026-01-13T16:46:32-08:00","logger":"tracecheck","msg":"Taking reconcile step","Depth":80,"# Distinct States":113,"Total States":113,"Resource States":43}
{"level":"info","ts":"2026-01-13T16:46:32-08:00","logger":"tracecheck","msg":"Taking reconcile step","Depth":59,"# Distinct States":115,"Total States":115,"Resource States":43}
{"level":"info","ts":"2026-01-13T16:46:32-08:00","logger":"RevisionReconciler.seed","msg":"added podscalable to informer","resource":"deployments","namespace":"default","name":"kamera-test-deployment","stage":"podscalable-add","keys":["default/kamera-test-deployment"]}
{"level":"info","ts":"2026-01-13T16:46:32-08:00","logger":"RevisionReconciler.seed","msg":"podscalable visible to lister","resource":"deployments","namespace":"default","name":"kamera-test-deployment","stage":"podscalable-lister","object":{"apiVersion":"autoscaling.internal.knative.dev/v1alpha1","kind":"PodScalable","namespace":"default","name":"kamera-test-deployment"}}
{"level":"error","ts":1768351592.8999171,"logger":"fallback","caller":"revision/controller.go:116","msg":"Failed to create resolver transport","error":"open /var/run/secrets/kubernetes.io/serviceaccount/ca.crt: no such file or directory","stacktrace":"knative.dev/serving/pkg/reconciler/revision.newControllerWithOptions\n\t/Users/tgoodwin/tmp/gomodcache/knative.dev/serving@v0.46.5/pkg/reconciler/revision/controller.go:116\nknative.dev/serving/pkg/reconciler/revision.NewController\n\t/Users/tgoodwin/tmp/gomodcache/knative.dev/serving@v0.46.5/pkg/reconciler/revision/controller.go:64\nmain.configureKnativeExplorer.func1.1\n\t/Users/tgoodwin/projects/kamera/examples/knative-serving/scenario.go:91\ngithub.com/tgoodwin/kamera/examples/knative-serving/knative.NewKnativeStrategy.func1\n\t/Users/tgoodwin/projects/kamera/examples/knative-serving/knative/harness.go:555\ngithub.com/tgoodwin/kamera/examples/knative-serving/knative.(*KnativeStrategy).ReconcileAtState\n\t/Users/tgoodwin/projects/kamera/examples/knative-serving/knative/harness.go:895\ngithub.com/tgoodwin/kamera/pkg/tracecheck.(*ReconcilerContainer).doReconcile\n\t/Users/tgoodwin/projects/kamera/pkg/tracecheck/reconciler.go:164\ngithub.com/tgoodwin/kamera/pkg/tracecheck.(*Explorer).reconcileAtState\n\t/Users/tgoodwin/projects/kamera/pkg/tracecheck/explore.go:1313\ngithub.com/tgoodwin/kamera/pkg/tracecheck.(*Explorer).takeReconcileStep\n\t/Users/tgoodwin/projects/kamera/pkg/tracecheck/explore.go:1228\ngithub.com/tgoodwin/kamera/pkg/tracecheck.(*Explorer).explore\n\t/Users/tgoodwin/projects/kamera/pkg/tracecheck/explore.go:790\ngithub.com/tgoodwin/kamera/pkg/tracecheck.(*Explorer).Explore.func1\n\t/Users/tgoodwin/projects/kamera/pkg/tracecheck/explore.go:330"}
{"level":"info","ts":1768351592.900257,"logger":"fallback","caller":"revision/reconcile_resources.go:161","msg":"Reconciling PA: kamera-test"}
{"level":"info","ts":"2026-01-13T16:46:32-08:00","logger":"RevisionReconciler.reconcile","msg":"reconcile completed","key":"default/kamera-test","reconciler":"knative.dev.serving.pkg.reconciler.revision.Reconciler","requeue":false,"requeueAfter":0}
{"level":"info","ts":"2026-01-13T16:46:32-08:00","logger":"tracecheck","msg":"Taking reconcile step","Depth":60,"# Distinct States":116,"Total States":116,"Resource States":43}
{"level":"info","ts":"2026-01-13T16:46:33-08:00","logger":"KPAReconciler.seed","msg":"added podscalable to informer","resource":"deployments","namespace":"default","name":"kamera-test-deployment","stage":"podscalable-add","keys":["default/kamera-test-deployment"]}
{"level":"info","ts":"2026-01-13T16:46:33-08:00","logger":"KPAReconciler.seed","msg":"podscalable visible to lister","resource":"deployments","namespace":"default","name":"kamera-test-deployment","stage":"podscalable-lister","object":{"apiVersion":"autoscaling.internal.knative.dev/v1alpha1","kind":"PodScalable","namespace":"default","name":"kamera-test-deployment"}}
{"level":"info","ts":1768351593.007651,"logger":"fallback","caller":"kpa/controller.go:77","msg":"Setting up ConfigMap receivers"}
{"level":"info","ts":1768351593.007786,"logger":"fallback","caller":"kpa/controller.go:91","msg":"Setting up KPA-Class event handlers"}
{"level":"info","ts":1768351593.0079172,"logger":"fallback","caller":"kpa/kpa.go:158","msg":"SKS should be in Proxy mode: want = 0, ebc = 0, #act's = 2 PA Inactive? = true"}
{"level":"info","ts":1768351593.007937,"logger":"fallback","caller":"kpa/kpa.go:178","msg":"PA scale got=1, want=0, desiredPods=0 ebc=0"}
{"level":"info","ts":1768351593.007946,"logger":"fallback","caller":"kpa/kpa.go:188","msg":"Observed pod counts=kpa.podCounts{want:0, ready:1, notReady:0, pending:0, terminating:0}"}
{"level":"info","ts":"2026-01-13T16:46:33-08:00","logger":"KPAReconciler.reconcile","msg":"reconcile completed","key":"default/kamera-test","reconciler":"knative.dev.serving.pkg.reconciler.autoscaling.kpa.Reconciler","requeue":false,"requeueAfter":0}
{"level":"info","ts":"2026-01-13T16:46:33-08:00","logger":"tracecheck","msg":"Taking reconcile step","Depth":61,"# Distinct States":117,"Total States":117,"Resource States":43}
{"level":"info","ts":"2026-01-13T16:46:33-08:00","logger":"tracecheck","msg":"Taking reconcile step","Depth":62,"# Distinct States":118,"Total States":118,"Resource States":43}
{"level":"info","ts":"2026-01-13T16:46:33-08:00","logger":"tracecheck","msg":"Taking reconcile step","Depth":63,"# Distinct States":119,"Total States":119,"Resource States":43}
{"level":"info","ts":"2026-01-13T16:46:33-08:00","logger":"RouteReconciler.seed","msg":"added podscalable to informer","resource":"deployments","namespace":"default","name":"kamera-test-deployment","stage":"podscalable-add","keys":["default/kamera-test-deployment"]}
{"level":"info","ts":"2026-01-13T16:46:33-08:00","logger":"RouteReconciler.seed","msg":"podscalable visible to lister","resource":"deployments","namespace":"default","name":"kamera-test-deployment","stage":"podscalable-lister","object":{"apiVersion":"autoscaling.internal.knative.dev/v1alpha1","kind":"PodScalable","namespace":"default","name":"kamera-test-deployment"}}
{"level":"info","ts":1768351593.1208398,"logger":"fallback","caller":"route/route.go:465","msg":"Revision default/kamera-test is inactive"}
{"level":"info","ts":1768351593.120862,"logger":"fallback","caller":"route/route.go:487","msg":"All referred targets are routable, marking AllTrafficAssigned with traffic information."}
{"level":"info","ts":1768351593.120876,"logger":"fallback","caller":"route/route.go:140","msg":"Creating placeholder k8s services"}
{"level":"info","ts":1768351593.120959,"logger":"fallback","caller":"route/route.go:176","msg":"Updating placeholder k8s services with ingress information"}
{"level":"info","ts":1768351593.1211379,"logger":"fallback","caller":"route/route.go:198","msg":"Route successfully synced"}
{"level":"info","ts":"2026-01-13T16:46:33-08:00","logger":"RouteReconciler.reconcile","msg":"reconcile completed","key":"default/demo","reconciler":"knative.dev.serving.pkg.reconciler.route.Reconciler","requeue":false,"requeueAfter":0}
{"level":"info","ts":"2026-01-13T16:46:33-08:00","logger":"tracecheck","msg":"Taking reconcile step","Depth":64,"# Distinct States":120,"Total States":120,"Resource States":43}
{"level":"info","ts":"2026-01-13T16:46:33-08:00","logger":"tracecheck","msg":"Taking reconcile step","Depth":65,"# Distinct States":121,"Total States":121,"Resource States":43}
{"level":"info","ts":"2026-01-13T16:46:33-08:00","logger":"ServiceReconciler.seed","msg":"added podscalable to informer","resource":"deployments","namespace":"default","name":"kamera-test-deployment","stage":"podscalable-add","keys":["default/kamera-test-deployment"]}
{"level":"info","ts":"2026-01-13T16:46:33-08:00","logger":"ServiceReconciler.seed","msg":"podscalable visible to lister","resource":"deployments","namespace":"default","name":"kamera-test-deployment","stage":"podscalable-lister","object":{"apiVersion":"autoscaling.internal.knative.dev/v1alpha1","kind":"PodScalable","namespace":"default","name":"kamera-test-deployment"}}
{"level":"info","ts":1768351593.230293,"logger":"fallback","caller":"service/service.go:171","msg":"Service reconciler fetching Route from lister: name=demo, namespace=default"}
{"level":"info","ts":1768351593.230313,"logger":"fallback","caller":"service/service.go:174","msg":"Service reconciler got Route from lister: name=demo, Generation=1, ObservedGeneration=1, ResourceVersion="}
{"level":"info","ts":1768351593.23034,"logger":"fallback","caller":"service/service.go:126","msg":"Service reconciler checking Route: name=demo, Generation=1, ObservedGeneration=1, Ready=True (reason=, message=), generationMatch=true, routeResourceVersion="}
{"level":"info","ts":1768351593.230346,"logger":"fallback","caller":"service/service.go:136","msg":"Service reconciler calling PropagateRouteStatus() because Generation == ObservedGeneration"}
{"level":"info","ts":"2026-01-13T16:46:33-08:00","logger":"ServiceReconciler.reconcile","msg":"reconcile completed","key":"default/demo","reconciler":"knative.dev.serving.pkg.reconciler.service.Reconciler","requeue":false,"requeueAfter":0}
{"level":"info","ts":"2026-01-13T16:46:33-08:00","logger":"tracecheck","msg":"Taking reconcile step","Depth":66,"# Distinct States":122,"Total States":122,"Resource States":43}
{"level":"info","ts":"2026-01-13T16:46:33-08:00","logger":"tracecheck","msg":"Taking reconcile step","Depth":67,"# Distinct States":123,"Total States":123,"Resource States":43}
{"level":"info","ts":"2026-01-13T16:46:33-08:00","logger":"tracecheck","msg":"Deleting pods","Depth":67,"# Distinct States":123,"Total States":123,"Resource States":43,"count":1}
{"level":"info","ts":"2026-01-13T16:46:33-08:00","logger":"tracecheck","msg":"Taking reconcile step","Depth":53,"# Distinct States":125,"Total States":125,"Resource States":43}
{"level":"info","ts":"2026-01-13T16:46:33-08:00","logger":"RevisionReconciler.seed","msg":"added podscalable to informer","resource":"deployments","namespace":"default","name":"kamera-test-deployment","stage":"podscalable-add","keys":["default/kamera-test-deployment"]}
{"level":"info","ts":"2026-01-13T16:46:33-08:00","logger":"RevisionReconciler.seed","msg":"podscalable visible to lister","resource":"deployments","namespace":"default","name":"kamera-test-deployment","stage":"podscalable-lister","object":{"apiVersion":"autoscaling.internal.knative.dev/v1alpha1","kind":"PodScalable","namespace":"default","name":"kamera-test-deployment"}}
{"level":"error","ts":1768351593.343609,"logger":"fallback","caller":"revision/controller.go:116","msg":"Failed to create resolver transport","error":"open /var/run/secrets/kubernetes.io/serviceaccount/ca.crt: no such file or directory","stacktrace":"knative.dev/serving/pkg/reconciler/revision.newControllerWithOptions\n\t/Users/tgoodwin/tmp/gomodcache/knative.dev/serving@v0.46.5/pkg/reconciler/revision/controller.go:116\nknative.dev/serving/pkg/reconciler/revision.NewController\n\t/Users/tgoodwin/tmp/gomodcache/knative.dev/serving@v0.46.5/pkg/reconciler/revision/controller.go:64\nmain.configureKnativeExplorer.func1.1\n\t/Users/tgoodwin/projects/kamera/examples/knative-serving/scenario.go:91\ngithub.com/tgoodwin/kamera/examples/knative-serving/knative.NewKnativeStrategy.func1\n\t/Users/tgoodwin/projects/kamera/examples/knative-serving/knative/harness.go:555\ngithub.com/tgoodwin/kamera/examples/knative-serving/knative.(*KnativeStrategy).ReconcileAtState\n\t/Users/tgoodwin/projects/kamera/examples/knative-serving/knative/harness.go:895\ngithub.com/tgoodwin/kamera/pkg/tracecheck.(*ReconcilerContainer).doReconcile\n\t/Users/tgoodwin/projects/kamera/pkg/tracecheck/reconciler.go:164\ngithub.com/tgoodwin/kamera/pkg/tracecheck.(*Explorer).reconcileAtState\n\t/Users/tgoodwin/projects/kamera/pkg/tracecheck/explore.go:1313\ngithub.com/tgoodwin/kamera/pkg/tracecheck.(*Explorer).takeReconcileStep\n\t/Users/tgoodwin/projects/kamera/pkg/tracecheck/explore.go:1228\ngithub.com/tgoodwin/kamera/pkg/tracecheck.(*Explorer).explore\n\t/Users/tgoodwin/projects/kamera/pkg/tracecheck/explore.go:790\ngithub.com/tgoodwin/kamera/pkg/tracecheck.(*Explorer).Explore.func1\n\t/Users/tgoodwin/projects/kamera/pkg/tracecheck/explore.go:330"}
{"level":"info","ts":1768351593.343918,"logger":"fallback","caller":"revision/reconcile_resources.go:161","msg":"Reconciling PA: kamera-test"}
{"level":"info","ts":"2026-01-13T16:46:33-08:00","logger":"RevisionReconciler.reconcile","msg":"reconcile completed","key":"default/kamera-test","reconciler":"knative.dev.serving.pkg.reconciler.revision.Reconciler","requeue":false,"requeueAfter":0}
{"level":"info","ts":"2026-01-13T16:46:33-08:00","logger":"tracecheck","msg":"Taking reconcile step","Depth":54,"# Distinct States":126,"Total States":126,"Resource States":43}
{"level":"info","ts":"2026-01-13T16:46:33-08:00","logger":"ConfigurationReconciler.seed","msg":"added podscalable to informer","resource":"deployments","namespace":"default","name":"kamera-test-deployment","stage":"podscalable-add","keys":["default/kamera-test-deployment"]}
{"level":"info","ts":"2026-01-13T16:46:33-08:00","logger":"ConfigurationReconciler.seed","msg":"podscalable visible to lister","resource":"deployments","namespace":"default","name":"kamera-test-deployment","stage":"podscalable-lister","object":{"apiVersion":"autoscaling.internal.knative.dev/v1alpha1","kind":"PodScalable","namespace":"default","name":"kamera-test-deployment"}}
{"level":"info","ts":1768351593.44984,"logger":"fallback","caller":"configuration/configuration.go:106","msg":"Revision \"kamera-test\" of configuration is ready"}
{"level":"info","ts":"2026-01-13T16:46:33-08:00","logger":"ConfigurationReconciler.reconcile","msg":"reconcile completed","key":"default/demo","reconciler":"knative.dev.serving.pkg.reconciler.configuration.Reconciler","requeue":false,"requeueAfter":0}
{"level":"info","ts":"2026-01-13T16:46:33-08:00","logger":"tracecheck","msg":"Taking reconcile step","Depth":55,"# Distinct States":127,"Total States":127,"Resource States":43}
{"level":"info","ts":"2026-01-13T16:46:33-08:00","logger":"RouteReconciler.seed","msg":"added podscalable to informer","resource":"deployments","namespace":"default","name":"kamera-test-deployment","stage":"podscalable-add","keys":["default/kamera-test-deployment"]}
{"level":"info","ts":"2026-01-13T16:46:33-08:00","logger":"RouteReconciler.seed","msg":"podscalable visible to lister","resource":"deployments","namespace":"default","name":"kamera-test-deployment","stage":"podscalable-lister","object":{"apiVersion":"autoscaling.internal.knative.dev/v1alpha1","kind":"PodScalable","namespace":"default","name":"kamera-test-deployment"}}
{"level":"info","ts":1768351593.5556989,"logger":"fallback","caller":"route/route.go:465","msg":"Revision default/kamera-test is inactive"}
{"level":"info","ts":1768351593.5557241,"logger":"fallback","caller":"route/route.go:487","msg":"All referred targets are routable, marking AllTrafficAssigned with traffic information."}
{"level":"info","ts":1768351593.555737,"logger":"fallback","caller":"route/route.go:140","msg":"Creating placeholder k8s services"}
{"level":"info","ts":1768351593.5558589,"logger":"fallback","caller":"route/reconcile_resources.go:179","msg":"Created service demo"}
{"level":"info","ts":1768351593.556064,"logger":"fallback","caller":"route/route.go:176","msg":"Updating placeholder k8s services with ingress information"}
{"level":"warn","ts":1768351593.55608,"logger":"fallback","caller":"route/reconcile_resources.go:228","msg":"Failed to update k8s service","error":"failed to fetch loadbalancer domain/IP from ingress status"}
{"level":"info","ts":1768351593.556087,"logger":"fallback","caller":"route/route.go:198","msg":"Route successfully synced"}
{"level":"info","ts":"2026-01-13T16:46:33-08:00","logger":"RouteReconciler.reconcile","msg":"reconcile completed","key":"default/demo","reconciler":"knative.dev.serving.pkg.reconciler.route.Reconciler","requeue":false,"requeueAfter":0}
{"level":"info","ts":"2026-01-13T16:46:33-08:00","logger":"tracecheck","msg":"Taking reconcile step","Depth":56,"# Distinct States":128,"Total States":128,"Resource States":43}
{"level":"info","ts":"2026-01-13T16:46:33-08:00","logger":"ServiceReconciler.seed","msg":"added podscalable to informer","resource":"deployments","namespace":"default","name":"kamera-test-deployment","stage":"podscalable-add","keys":["default/kamera-test-deployment"]}
{"level":"info","ts":"2026-01-13T16:46:33-08:00","logger":"ServiceReconciler.seed","msg":"podscalable visible to lister","resource":"deployments","namespace":"default","name":"kamera-test-deployment","stage":"podscalable-lister","object":{"apiVersion":"autoscaling.internal.knative.dev/v1alpha1","kind":"PodScalable","namespace":"default","name":"kamera-test-deployment"}}
{"level":"info","ts":1768351593.663358,"logger":"fallback","caller":"service/service.go:171","msg":"Service reconciler fetching Route from lister: name=demo, namespace=default"}
{"level":"info","ts":1768351593.6633742,"logger":"fallback","caller":"service/service.go:174","msg":"Service reconciler got Route from lister: name=demo, Generation=1, ObservedGeneration=1, ResourceVersion="}
{"level":"info","ts":1768351593.6633978,"logger":"fallback","caller":"service/service.go:126","msg":"Service reconciler checking Route: name=demo, Generation=1, ObservedGeneration=1, Ready=Unknown (reason=IngressNotConfigured, message=Ingress has not yet been reconciled.), generationMatch=true, routeResourceVersion="}
{"level":"info","ts":1768351593.6634061,"logger":"fallback","caller":"service/service.go:136","msg":"Service reconciler calling PropagateRouteStatus() because Generation == ObservedGeneration"}
{"level":"info","ts":"2026-01-13T16:46:33-08:00","logger":"ServiceReconciler.reconcile","msg":"reconcile completed","key":"default/demo","reconciler":"knative.dev.serving.pkg.reconciler.service.Reconciler","requeue":false,"requeueAfter":0}
{"level":"info","ts":"2026-01-13T16:46:33-08:00","logger":"tracecheck","msg":"Taking reconcile step","Depth":51,"# Distinct States":130,"Total States":130,"Resource States":43}
{"level":"info","ts":"2026-01-13T16:46:33-08:00","logger":"RevisionReconciler.seed","msg":"added podscalable to informer","resource":"deployments","namespace":"default","name":"kamera-test-deployment","stage":"podscalable-add","keys":["default/kamera-test-deployment"]}
{"level":"info","ts":"2026-01-13T16:46:33-08:00","logger":"RevisionReconciler.seed","msg":"podscalable visible to lister","resource":"deployments","namespace":"default","name":"kamera-test-deployment","stage":"podscalable-lister","object":{"apiVersion":"autoscaling.internal.knative.dev/v1alpha1","kind":"PodScalable","namespace":"default","name":"kamera-test-deployment"}}
{"level":"error","ts":1768351593.770973,"logger":"fallback","caller":"revision/controller.go:116","msg":"Failed to create resolver transport","error":"open /var/run/secrets/kubernetes.io/serviceaccount/ca.crt: no such file or directory","stacktrace":"knative.dev/serving/pkg/reconciler/revision.newControllerWithOptions\n\t/Users/tgoodwin/tmp/gomodcache/knative.dev/serving@v0.46.5/pkg/reconciler/revision/controller.go:116\nknative.dev/serving/pkg/reconciler/revision.NewController\n\t/Users/tgoodwin/tmp/gomodcache/knative.dev/serving@v0.46.5/pkg/reconciler/revision/controller.go:64\nmain.configureKnativeExplorer.func1.1\n\t/Users/tgoodwin/projects/kamera/examples/knative-serving/scenario.go:91\ngithub.com/tgoodwin/kamera/examples/knative-serving/knative.NewKnativeStrategy.func1\n\t/Users/tgoodwin/projects/kamera/examples/knative-serving/knative/harness.go:555\ngithub.com/tgoodwin/kamera/examples/knative-serving/knative.(*KnativeStrategy).ReconcileAtState\n\t/Users/tgoodwin/projects/kamera/examples/knative-serving/knative/harness.go:895\ngithub.com/tgoodwin/kamera/pkg/tracecheck.(*ReconcilerContainer).doReconcile\n\t/Users/tgoodwin/projects/kamera/pkg/tracecheck/reconciler.go:164\ngithub.com/tgoodwin/kamera/pkg/tracecheck.(*Explorer).reconcileAtState\n\t/Users/tgoodwin/projects/kamera/pkg/tracecheck/explore.go:1313\ngithub.com/tgoodwin/kamera/pkg/tracecheck.(*Explorer).takeReconcileStep\n\t/Users/tgoodwin/projects/kamera/pkg/tracecheck/explore.go:1228\ngithub.com/tgoodwin/kamera/pkg/tracecheck.(*Explorer).explore\n\t/Users/tgoodwin/projects/kamera/pkg/tracecheck/explore.go:790\ngithub.com/tgoodwin/kamera/pkg/tracecheck.(*Explorer).Explore.func1\n\t/Users/tgoodwin/projects/kamera/pkg/tracecheck/explore.go:330"}
{"level":"info","ts":1768351593.771211,"logger":"fallback","caller":"revision/reconcile_resources.go:161","msg":"Reconciling PA: kamera-test"}
{"level":"info","ts":"2026-01-13T16:46:33-08:00","logger":"RevisionReconciler.reconcile","msg":"reconcile completed","key":"default/kamera-test","reconciler":"knative.dev.serving.pkg.reconciler.revision.Reconciler","requeue":false,"requeueAfter":0}
{"level":"info","ts":"2026-01-13T16:46:33-08:00","logger":"tracecheck","msg":"Taking reconcile step","Depth":52,"# Distinct States":131,"Total States":131,"Resource States":43}
{"level":"info","ts":"2026-01-13T16:46:33-08:00","logger":"tracecheck","msg":"Taking reconcile step","Depth":53,"# Distinct States":132,"Total States":132,"Resource States":43}
{"level":"info","ts":"2026-01-13T16:46:33-08:00","logger":"KPAReconciler.seed","msg":"added podscalable to informer","resource":"deployments","namespace":"default","name":"kamera-test-deployment","stage":"podscalable-add","keys":["default/kamera-test-deployment"]}
{"level":"info","ts":"2026-01-13T16:46:33-08:00","logger":"KPAReconciler.seed","msg":"podscalable visible to lister","resource":"deployments","namespace":"default","name":"kamera-test-deployment","stage":"podscalable-lister","object":{"apiVersion":"autoscaling.internal.knative.dev/v1alpha1","kind":"PodScalable","namespace":"default","name":"kamera-test-deployment"}}
{"level":"info","ts":1768351593.8797,"logger":"fallback","caller":"kpa/controller.go:77","msg":"Setting up ConfigMap receivers"}
{"level":"info","ts":1768351593.87981,"logger":"fallback","caller":"kpa/controller.go:91","msg":"Setting up KPA-Class event handlers"}
{"level":"info","ts":1768351593.879928,"logger":"fallback","caller":"kpa/scaler.go:379","msg":"Scaling from 1 to 0"}
{"level":"info","ts":1768351593.8819342,"logger":"fallback","caller":"kpa/kpa.go:158","msg":"SKS should be in Proxy mode: want = 0, ebc = 0, #act's = 2 PA Inactive? = true"}
{"level":"info","ts":1768351593.88196,"logger":"fallback","caller":"kpa/kpa.go:178","msg":"PA scale got=1, want=0, desiredPods=0 ebc=0"}
{"level":"info","ts":1768351593.881968,"logger":"fallback","caller":"kpa/kpa.go:188","msg":"Observed pod counts=kpa.podCounts{want:0, ready:1, notReady:0, pending:0, terminating:0}"}
{"level":"info","ts":"2026-01-13T16:46:33-08:00","logger":"KPAReconciler.reconcile","msg":"reconcile completed","key":"default/kamera-test","reconciler":"knative.dev.serving.pkg.reconciler.autoscaling.kpa.Reconciler","requeue":false,"requeueAfter":0}
{"level":"info","ts":"2026-01-13T16:46:33-08:00","logger":"tracecheck","msg":"Taking reconcile step","Depth":54,"# Distinct States":133,"Total States":133,"Resource States":43}
{"level":"info","ts":"2026-01-13T16:46:33-08:00","logger":"ConfigurationReconciler.seed","msg":"added podscalable to informer","resource":"deployments","namespace":"default","name":"kamera-test-deployment","stage":"podscalable-add","keys":["default/kamera-test-deployment"]}
{"level":"info","ts":"2026-01-13T16:46:33-08:00","logger":"ConfigurationReconciler.seed","msg":"podscalable visible to lister","resource":"deployments","namespace":"default","name":"kamera-test-deployment","stage":"podscalable-lister","object":{"apiVersion":"autoscaling.internal.knative.dev/v1alpha1","kind":"PodScalable","namespace":"default","name":"kamera-test-deployment"}}
{"level":"info","ts":1768351593.993,"logger":"fallback","caller":"configuration/configuration.go:106","msg":"Revision \"kamera-test\" of configuration is ready"}
{"level":"info","ts":"2026-01-13T16:46:33-08:00","logger":"ConfigurationReconciler.reconcile","msg":"reconcile completed","key":"default/demo","reconciler":"knative.dev.serving.pkg.reconciler.configuration.Reconciler","requeue":false,"requeueAfter":0}
{"level":"info","ts":"2026-01-13T16:46:33-08:00","logger":"tracecheck","msg":"Taking reconcile step","Depth":55,"# Distinct States":134,"Total States":134,"Resource States":43}
{"level":"info","ts":"2026-01-13T16:46:34-08:00","logger":"RouteReconciler.seed","msg":"added podscalable to informer","resource":"deployments","namespace":"default","name":"kamera-test-deployment","stage":"podscalable-add","keys":["default/kamera-test-deployment"]}
{"level":"info","ts":"2026-01-13T16:46:34-08:00","logger":"RouteReconciler.seed","msg":"podscalable visible to lister","resource":"deployments","namespace":"default","name":"kamera-test-deployment","stage":"podscalable-lister","object":{"apiVersion":"autoscaling.internal.knative.dev/v1alpha1","kind":"PodScalable","namespace":"default","name":"kamera-test-deployment"}}
{"level":"info","ts":1768351594.099732,"logger":"fallback","caller":"route/route.go:465","msg":"Revision default/kamera-test is inactive"}
{"level":"info","ts":1768351594.099754,"logger":"fallback","caller":"route/route.go:487","msg":"All referred targets are routable, marking AllTrafficAssigned with traffic information."}
{"level":"info","ts":1768351594.0997682,"logger":"fallback","caller":"route/route.go:140","msg":"Creating placeholder k8s services"}
{"level":"info","ts":1768351594.099913,"logger":"fallback","caller":"route/reconcile_resources.go:179","msg":"Created service demo"}
{"level":"info","ts":1768351594.100139,"logger":"fallback","caller":"route/route.go:176","msg":"Updating placeholder k8s services with ingress information"}
{"level":"warn","ts":1768351594.1001558,"logger":"fallback","caller":"route/reconcile_resources.go:228","msg":"Failed to update k8s service","error":"failed to fetch loadbalancer domain/IP from ingress status"}
{"level":"info","ts":1768351594.1001658,"logger":"fallback","caller":"route/route.go:198","msg":"Route successfully synced"}
{"level":"info","ts":"2026-01-13T16:46:34-08:00","logger":"RouteReconciler.reconcile","msg":"reconcile completed","key":"default/demo","reconciler":"knative.dev.serving.pkg.reconciler.route.Reconciler","requeue":false,"requeueAfter":0}
{"level":"info","ts":"2026-01-13T16:46:34-08:00","logger":"tracecheck","msg":"Taking reconcile step","Depth":56,"# Distinct States":135,"Total States":135,"Resource States":43}
{"level":"info","ts":"2026-01-13T16:46:34-08:00","logger":"ServiceReconciler.seed","msg":"added podscalable to informer","resource":"deployments","namespace":"default","name":"kamera-test-deployment","stage":"podscalable-add","keys":["default/kamera-test-deployment"]}
{"level":"info","ts":"2026-01-13T16:46:34-08:00","logger":"ServiceReconciler.seed","msg":"podscalable visible to lister","resource":"deployments","namespace":"default","name":"kamera-test-deployment","stage":"podscalable-lister","object":{"apiVersion":"autoscaling.internal.knative.dev/v1alpha1","kind":"PodScalable","namespace":"default","name":"kamera-test-deployment"}}
{"level":"info","ts":1768351594.208004,"logger":"fallback","caller":"service/service.go:171","msg":"Service reconciler fetching Route from lister: name=demo, namespace=default"}
{"level":"info","ts":1768351594.208022,"logger":"fallback","caller":"service/service.go:174","msg":"Service reconciler got Route from lister: name=demo, Generation=1, ObservedGeneration=1, ResourceVersion="}
{"level":"info","ts":1768351594.2080488,"logger":"fallback","caller":"service/service.go:126","msg":"Service reconciler checking Route: name=demo, Generation=1, ObservedGeneration=1, Ready=Unknown (reason=IngressNotConfigured, message=Ingress has not yet been reconciled.), generationMatch=true, routeResourceVersion="}
{"level":"info","ts":1768351594.2080572,"logger":"fallback","caller":"service/service.go:136","msg":"Service reconciler calling PropagateRouteStatus() because Generation == ObservedGeneration"}
{"level":"info","ts":"2026-01-13T16:46:34-08:00","logger":"ServiceReconciler.reconcile","msg":"reconcile completed","key":"default/demo","reconciler":"knative.dev.serving.pkg.reconciler.service.Reconciler","requeue":false,"requeueAfter":0}
{"level":"info","ts":"2026-01-13T16:46:34-08:00","logger":"tracecheck","msg":"Taking reconcile step","Depth":57,"# Distinct States":136,"Total States":136,"Resource States":43}
{"level":"info","ts":"2026-01-13T16:46:34-08:00","logger":"tracecheck","msg":"Taking reconcile step","Depth":58,"# Distinct States":137,"Total States":137,"Resource States":43}
{"level":"info","ts":"2026-01-13T16:46:34-08:00","logger":"tracecheck","msg":"Updated Deployment status","Depth":58,"# Distinct States":137,"Total States":137,"Resource States":43,"name":"kamera-test-deployment"}
{"level":"info","ts":"2026-01-13T16:46:34-08:00","logger":"tracecheck","msg":"Taking reconcile step","Depth":50,"# Distinct States":138,"Total States":138,"Resource States":43}
{"level":"info","ts":"2026-01-13T16:46:34-08:00","logger":"RevisionReconciler.seed","msg":"added podscalable to informer","resource":"deployments","namespace":"default","name":"kamera-test-deployment","stage":"podscalable-add","keys":["default/kamera-test-deployment"]}
{"level":"info","ts":"2026-01-13T16:46:34-08:00","logger":"RevisionReconciler.seed","msg":"podscalable visible to lister","resource":"deployments","namespace":"default","name":"kamera-test-deployment","stage":"podscalable-lister","object":{"apiVersion":"autoscaling.internal.knative.dev/v1alpha1","kind":"PodScalable","namespace":"default","name":"kamera-test-deployment"}}
{"level":"error","ts":1768351594.325661,"logger":"fallback","caller":"revision/controller.go:116","msg":"Failed to create resolver transport","error":"open /var/run/secrets/kubernetes.io/serviceaccount/ca.crt: no such file or directory","stacktrace":"knative.dev/serving/pkg/reconciler/revision.newControllerWithOptions\n\t/Users/tgoodwin/tmp/gomodcache/knative.dev/serving@v0.46.5/pkg/reconciler/revision/controller.go:116\nknative.dev/serving/pkg/reconciler/revision.NewController\n\t/Users/tgoodwin/tmp/gomodcache/knative.dev/serving@v0.46.5/pkg/reconciler/revision/controller.go:64\nmain.configureKnativeExplorer.func1.1\n\t/Users/tgoodwin/projects/kamera/examples/knative-serving/scenario.go:91\ngithub.com/tgoodwin/kamera/examples/knative-serving/knative.NewKnativeStrategy.func1\n\t/Users/tgoodwin/projects/kamera/examples/knative-serving/knative/harness.go:555\ngithub.com/tgoodwin/kamera/examples/knative-serving/knative.(*KnativeStrategy).ReconcileAtState\n\t/Users/tgoodwin/projects/kamera/examples/knative-serving/knative/harness.go:895\ngithub.com/tgoodwin/kamera/pkg/tracecheck.(*ReconcilerContainer).doReconcile\n\t/Users/tgoodwin/projects/kamera/pkg/tracecheck/reconciler.go:164\ngithub.com/tgoodwin/kamera/pkg/tracecheck.(*Explorer).reconcileAtState\n\t/Users/tgoodwin/projects/kamera/pkg/tracecheck/explore.go:1313\ngithub.com/tgoodwin/kamera/pkg/tracecheck.(*Explorer).takeReconcileStep\n\t/Users/tgoodwin/projects/kamera/pkg/tracecheck/explore.go:1228\ngithub.com/tgoodwin/kamera/pkg/tracecheck.(*Explorer).explore\n\t/Users/tgoodwin/projects/kamera/pkg/tracecheck/explore.go:790\ngithub.com/tgoodwin/kamera/pkg/tracecheck.(*Explorer).Explore.func1\n\t/Users/tgoodwin/projects/kamera/pkg/tracecheck/explore.go:330"}
{"level":"info","ts":1768351594.326116,"logger":"fallback","caller":"revision/reconcile_resources.go:161","msg":"Reconciling PA: kamera-test"}
{"level":"info","ts":"2026-01-13T16:46:34-08:00","logger":"RevisionReconciler.reconcile","msg":"reconcile completed","key":"default/kamera-test","reconciler":"knative.dev.serving.pkg.reconciler.revision.Reconciler","requeue":false,"requeueAfter":0}
{"level":"info","ts":"2026-01-13T16:46:34-08:00","logger":"tracecheck","msg":"Taking reconcile step","Depth":51,"# Distinct States":139,"Total States":139,"Resource States":43}
{"level":"info","ts":"2026-01-13T16:46:34-08:00","logger":"tracecheck","msg":"Updated Deployment status","Depth":51,"# Distinct States":139,"Total States":139,"Resource States":43,"name":"kamera-test-deployment"}
{"level":"info","ts":"2026-01-13T16:46:34-08:00","logger":"tracecheck","msg":"Taking reconcile step","Depth":52,"# Distinct States":140,"Total States":140,"Resource States":43}
{"level":"info","ts":"2026-01-13T16:46:34-08:00","logger":"tracecheck","msg":"Taking reconcile step","Depth":53,"# Distinct States":141,"Total States":141,"Resource States":43}
{"level":"info","ts":"2026-01-13T16:46:34-08:00","logger":"KPAReconciler.seed","msg":"added podscalable to informer","resource":"deployments","namespace":"default","name":"kamera-test-deployment","stage":"podscalable-add","keys":["default/kamera-test-deployment"]}
{"level":"info","ts":"2026-01-13T16:46:34-08:00","logger":"KPAReconciler.seed","msg":"podscalable visible to lister","resource":"deployments","namespace":"default","name":"kamera-test-deployment","stage":"podscalable-lister","object":{"apiVersion":"autoscaling.internal.knative.dev/v1alpha1","kind":"PodScalable","namespace":"default","name":"kamera-test-deployment"}}
{"level":"info","ts":1768351594.4380438,"logger":"fallback","caller":"kpa/controller.go:77","msg":"Setting up ConfigMap receivers"}
{"level":"info","ts":1768351594.438133,"logger":"fallback","caller":"kpa/controller.go:91","msg":"Setting up KPA-Class event handlers"}
{"level":"info","ts":1768351594.4382238,"logger":"fallback","caller":"kpa/scaler.go:379","msg":"Scaling from 1 to 0"}
{"level":"info","ts":1768351594.4398148,"logger":"fallback","caller":"kpa/kpa.go:158","msg":"SKS should be in Proxy mode: want = 0, ebc = 0, #act's = 2 PA Inactive? = true"}
{"level":"info","ts":1768351594.439832,"logger":"fallback","caller":"kpa/kpa.go:178","msg":"PA scale got=1, want=0, desiredPods=0 ebc=0"}
{"level":"info","ts":1768351594.439839,"logger":"fallback","caller":"kpa/kpa.go:188","msg":"Observed pod counts=kpa.podCounts{want:0, ready:1, notReady:0, pending:0, terminating:0}"}
{"level":"info","ts":"2026-01-13T16:46:34-08:00","logger":"KPAReconciler.reconcile","msg":"reconcile completed","key":"default/kamera-test","reconciler":"knative.dev.serving.pkg.reconciler.autoscaling.kpa.Reconciler","requeue":false,"requeueAfter":0}
{"level":"info","ts":"2026-01-13T16:46:34-08:00","logger":"tracecheck","msg":"Taking reconcile step","Depth":47,"# Distinct States":142,"Total States":142,"Resource States":43}
{"level":"info","ts":"2026-01-13T16:46:34-08:00","logger":"RevisionReconciler.seed","msg":"added podscalable to informer","resource":"deployments","namespace":"default","name":"kamera-test-deployment","stage":"podscalable-add","keys":["default/kamera-test-deployment"]}
{"level":"info","ts":"2026-01-13T16:46:34-08:00","logger":"RevisionReconciler.seed","msg":"podscalable visible to lister","resource":"deployments","namespace":"default","name":"kamera-test-deployment","stage":"podscalable-lister","object":{"apiVersion":"autoscaling.internal.knative.dev/v1alpha1","kind":"PodScalable","namespace":"default","name":"kamera-test-deployment"}}
{"level":"error","ts":1768351594.5479271,"logger":"fallback","caller":"revision/controller.go:116","msg":"Failed to create resolver transport","error":"open /var/run/secrets/kubernetes.io/serviceaccount/ca.crt: no such file or directory","stacktrace":"knative.dev/serving/pkg/reconciler/revision.newControllerWithOptions\n\t/Users/tgoodwin/tmp/gomodcache/knative.dev/serving@v0.46.5/pkg/reconciler/revision/controller.go:116\nknative.dev/serving/pkg/reconciler/revision.NewController\n\t/Users/tgoodwin/tmp/gomodcache/knative.dev/serving@v0.46.5/pkg/reconciler/revision/controller.go:64\nmain.configureKnativeExplorer.func1.1\n\t/Users/tgoodwin/projects/kamera/examples/knative-serving/scenario.go:91\ngithub.com/tgoodwin/kamera/examples/knative-serving/knative.NewKnativeStrategy.func1\n\t/Users/tgoodwin/projects/kamera/examples/knative-serving/knative/harness.go:555\ngithub.com/tgoodwin/kamera/examples/knative-serving/knative.(*KnativeStrategy).ReconcileAtState\n\t/Users/tgoodwin/projects/kamera/examples/knative-serving/knative/harness.go:895\ngithub.com/tgoodwin/kamera/pkg/tracecheck.(*ReconcilerContainer).doReconcile\n\t/Users/tgoodwin/projects/kamera/pkg/tracecheck/reconciler.go:164\ngithub.com/tgoodwin/kamera/pkg/tracecheck.(*Explorer).reconcileAtState\n\t/Users/tgoodwin/projects/kamera/pkg/tracecheck/explore.go:1313\ngithub.com/tgoodwin/kamera/pkg/tracecheck.(*Explorer).takeReconcileStep\n\t/Users/tgoodwin/projects/kamera/pkg/tracecheck/explore.go:1228\ngithub.com/tgoodwin/kamera/pkg/tracecheck.(*Explorer).explore\n\t/Users/tgoodwin/projects/kamera/pkg/tracecheck/explore.go:790\ngithub.com/tgoodwin/kamera/pkg/tracecheck.(*Explorer).Explore.func1\n\t/Users/tgoodwin/projects/kamera/pkg/tracecheck/explore.go:330"}
{"level":"info","ts":1768351594.548276,"logger":"fallback","caller":"revision/reconcile_resources.go:161","msg":"Reconciling PA: kamera-test"}
{"level":"info","ts":"2026-01-13T16:46:34-08:00","logger":"RevisionReconciler.reconcile","msg":"reconcile completed","key":"default/kamera-test","reconciler":"knative.dev.serving.pkg.reconciler.revision.Reconciler","requeue":false,"requeueAfter":0}
{"level":"info","ts":"2026-01-13T16:46:34-08:00","logger":"tracecheck","msg":"Taking reconcile step","Depth":48,"# Distinct States":143,"Total States":143,"Resource States":44}
{"level":"info","ts":"2026-01-13T16:46:34-08:00","logger":"ConfigurationReconciler.seed","msg":"added podscalable to informer","resource":"deployments","namespace":"default","name":"kamera-test-deployment","stage":"podscalable-add","keys":["default/kamera-test-deployment"]}
{"level":"info","ts":"2026-01-13T16:46:34-08:00","logger":"ConfigurationReconciler.seed","msg":"podscalable visible to lister","resource":"deployments","namespace":"default","name":"kamera-test-deployment","stage":"podscalable-lister","object":{"apiVersion":"autoscaling.internal.knative.dev/v1alpha1","kind":"PodScalable","namespace":"default","name":"kamera-test-deployment"}}
{"level":"info","ts":1768351594.655669,"logger":"fallback","caller":"configuration/configuration.go:106","msg":"Revision \"kamera-test\" of configuration is ready"}
{"level":"info","ts":"2026-01-13T16:46:34-08:00","logger":"ConfigurationReconciler.reconcile","msg":"reconcile completed","key":"default/demo","reconciler":"knative.dev.serving.pkg.reconciler.configuration.Reconciler","requeue":false,"requeueAfter":0}
{"level":"info","ts":"2026-01-13T16:46:34-08:00","logger":"tracecheck","msg":"Taking reconcile step","Depth":49,"# Distinct States":144,"Total States":144,"Resource States":44}
{"level":"info","ts":"2026-01-13T16:46:34-08:00","logger":"tracecheck","msg":"Taking reconcile step","Depth":50,"# Distinct States":145,"Total States":145,"Resource States":44}
{"level":"info","ts":"2026-01-13T16:46:34-08:00","logger":"tracecheck","msg":"Updated Deployment status","Depth":50,"# Distinct States":145,"Total States":145,"Resource States":44,"name":"kamera-test-deployment"}
{"level":"info","ts":"2026-01-13T16:46:34-08:00","logger":"tracecheck","msg":"Taking reconcile step","Depth":51,"# Distinct States":146,"Total States":146,"Resource States":44}
{"level":"info","ts":"2026-01-13T16:46:34-08:00","logger":"tracecheck","msg":"Taking reconcile step","Depth":52,"# Distinct States":147,"Total States":147,"Resource States":44}
{"level":"info","ts":"2026-01-13T16:46:34-08:00","logger":"KPAReconciler.seed","msg":"added podscalable to informer","resource":"deployments","namespace":"default","name":"kamera-test-deployment","stage":"podscalable-add","keys":["default/kamera-test-deployment"]}
{"level":"info","ts":"2026-01-13T16:46:34-08:00","logger":"KPAReconciler.seed","msg":"podscalable visible to lister","resource":"deployments","namespace":"default","name":"kamera-test-deployment","stage":"podscalable-lister","object":{"apiVersion":"autoscaling.internal.knative.dev/v1alpha1","kind":"PodScalable","namespace":"default","name":"kamera-test-deployment"}}
{"level":"info","ts":1768351594.770462,"logger":"fallback","caller":"kpa/controller.go:77","msg":"Setting up ConfigMap receivers"}
{"level":"info","ts":1768351594.770565,"logger":"fallback","caller":"kpa/controller.go:91","msg":"Setting up KPA-Class event handlers"}
{"level":"info","ts":1768351594.770656,"logger":"fallback","caller":"kpa/scaler.go:379","msg":"Scaling from 1 to 0"}
{"level":"info","ts":1768351594.772498,"logger":"fallback","caller":"kpa/kpa.go:158","msg":"SKS should be in Proxy mode: want = 0, ebc = 0, #act's = 2 PA Inactive? = true"}
{"level":"info","ts":1768351594.772518,"logger":"fallback","caller":"kpa/kpa.go:178","msg":"PA scale got=1, want=0, desiredPods=0 ebc=0"}
{"level":"info","ts":1768351594.772526,"logger":"fallback","caller":"kpa/kpa.go:188","msg":"Observed pod counts=kpa.podCounts{want:0, ready:1, notReady:0, pending:0, terminating:0}"}
{"level":"info","ts":"2026-01-13T16:46:34-08:00","logger":"KPAReconciler.reconcile","msg":"reconcile completed","key":"default/kamera-test","reconciler":"knative.dev.serving.pkg.reconciler.autoscaling.kpa.Reconciler","requeue":false,"requeueAfter":0}
{"level":"info","ts":"2026-01-13T16:46:34-08:00","logger":"tracecheck","msg":"Taking reconcile step","Depth":53,"# Distinct States":148,"Total States":148,"Resource States":44}
{"level":"info","ts":"2026-01-13T16:46:34-08:00","logger":"RevisionReconciler.seed","msg":"added podscalable to informer","resource":"deployments","namespace":"default","name":"kamera-test-deployment","stage":"podscalable-add","keys":["default/kamera-test-deployment"]}
{"level":"info","ts":"2026-01-13T16:46:34-08:00","logger":"RevisionReconciler.seed","msg":"podscalable visible to lister","resource":"deployments","namespace":"default","name":"kamera-test-deployment","stage":"podscalable-lister","object":{"apiVersion":"autoscaling.internal.knative.dev/v1alpha1","kind":"PodScalable","namespace":"default","name":"kamera-test-deployment"}}
{"level":"error","ts":1768351594.881027,"logger":"fallback","caller":"revision/controller.go:116","msg":"Failed to create resolver transport","error":"open /var/run/secrets/kubernetes.io/serviceaccount/ca.crt: no such file or directory","stacktrace":"knative.dev/serving/pkg/reconciler/revision.newControllerWithOptions\n\t/Users/tgoodwin/tmp/gomodcache/knative.dev/serving@v0.46.5/pkg/reconciler/revision/controller.go:116\nknative.dev/serving/pkg/reconciler/revision.NewController\n\t/Users/tgoodwin/tmp/gomodcache/knative.dev/serving@v0.46.5/pkg/reconciler/revision/controller.go:64\nmain.configureKnativeExplorer.func1.1\n\t/Users/tgoodwin/projects/kamera/examples/knative-serving/scenario.go:91\ngithub.com/tgoodwin/kamera/examples/knative-serving/knative.NewKnativeStrategy.func1\n\t/Users/tgoodwin/projects/kamera/examples/knative-serving/knative/harness.go:555\ngithub.com/tgoodwin/kamera/examples/knative-serving/knative.(*KnativeStrategy).ReconcileAtState\n\t/Users/tgoodwin/projects/kamera/examples/knative-serving/knative/harness.go:895\ngithub.com/tgoodwin/kamera/pkg/tracecheck.(*ReconcilerContainer).doReconcile\n\t/Users/tgoodwin/projects/kamera/pkg/tracecheck/reconciler.go:164\ngithub.com/tgoodwin/kamera/pkg/tracecheck.(*Explorer).reconcileAtState\n\t/Users/tgoodwin/projects/kamera/pkg/tracecheck/explore.go:1313\ngithub.com/tgoodwin/kamera/pkg/tracecheck.(*Explorer).takeReconcileStep\n\t/Users/tgoodwin/projects/kamera/pkg/tracecheck/explore.go:1228\ngithub.com/tgoodwin/kamera/pkg/tracecheck.(*Explorer).explore\n\t/Users/tgoodwin/projects/kamera/pkg/tracecheck/explore.go:790\ngithub.com/tgoodwin/kamera/pkg/tracecheck.(*Explorer).Explore.func1\n\t/Users/tgoodwin/projects/kamera/pkg/tracecheck/explore.go:330"}
{"level":"info","ts":1768351594.881357,"logger":"fallback","caller":"revision/reconcile_resources.go:161","msg":"Reconciling PA: kamera-test"}
{"level":"info","ts":"2026-01-13T16:46:34-08:00","logger":"RevisionReconciler.reconcile","msg":"reconcile completed","key":"default/kamera-test","reconciler":"knative.dev.serving.pkg.reconciler.revision.Reconciler","requeue":false,"requeueAfter":0}
{"level":"info","ts":"2026-01-13T16:46:34-08:00","logger":"tracecheck","msg":"Taking reconcile step","Depth":54,"# Distinct States":149,"Total States":149,"Resource States":44}
{"level":"info","ts":"2026-01-13T16:46:34-08:00","logger":"ConfigurationReconciler.seed","msg":"added podscalable to informer","resource":"deployments","namespace":"default","name":"kamera-test-deployment","stage":"podscalable-add","keys":["default/kamera-test-deployment"]}
{"level":"info","ts":"2026-01-13T16:46:34-08:00","logger":"ConfigurationReconciler.seed","msg":"podscalable visible to lister","resource":"deployments","namespace":"default","name":"kamera-test-deployment","stage":"podscalable-lister","object":{"apiVersion":"autoscaling.internal.knative.dev/v1alpha1","kind":"PodScalable","namespace":"default","name":"kamera-test-deployment"}}
{"level":"info","ts":1768351594.987506,"logger":"fallback","caller":"configuration/configuration.go:106","msg":"Revision \"kamera-test\" of configuration is ready"}
{"level":"info","ts":"2026-01-13T16:46:34-08:00","logger":"ConfigurationReconciler.reconcile","msg":"reconcile completed","key":"default/demo","reconciler":"knative.dev.serving.pkg.reconciler.configuration.Reconciler","requeue":false,"requeueAfter":0}
{"level":"info","ts":"2026-01-13T16:46:34-08:00","logger":"tracecheck","msg":"Taking reconcile step","Depth":55,"# Distinct States":150,"Total States":150,"Resource States":44}
{"level":"info","ts":"2026-01-13T16:46:35-08:00","logger":"RouteReconciler.seed","msg":"added podscalable to informer","resource":"deployments","namespace":"default","name":"kamera-test-deployment","stage":"podscalable-add","keys":["default/kamera-test-deployment"]}
{"level":"info","ts":"2026-01-13T16:46:35-08:00","logger":"RouteReconciler.seed","msg":"podscalable visible to lister","resource":"deployments","namespace":"default","name":"kamera-test-deployment","stage":"podscalable-lister","object":{"apiVersion":"autoscaling.internal.knative.dev/v1alpha1","kind":"PodScalable","namespace":"default","name":"kamera-test-deployment"}}
{"level":"info","ts":1768351595.0945642,"logger":"fallback","caller":"route/route.go:465","msg":"Revision default/kamera-test is inactive"}
{"level":"info","ts":1768351595.0945868,"logger":"fallback","caller":"route/route.go:487","msg":"All referred targets are routable, marking AllTrafficAssigned with traffic information."}
{"level":"info","ts":1768351595.094603,"logger":"fallback","caller":"route/route.go:140","msg":"Creating placeholder k8s services"}
{"level":"info","ts":1768351595.094757,"logger":"fallback","caller":"route/reconcile_resources.go:179","msg":"Created service demo"}
{"level":"info","ts":1768351595.0950022,"logger":"fallback","caller":"route/route.go:176","msg":"Updating placeholder k8s services with ingress information"}
{"level":"warn","ts":1768351595.09502,"logger":"fallback","caller":"route/reconcile_resources.go:228","msg":"Failed to update k8s service","error":"failed to fetch loadbalancer domain/IP from ingress status"}
{"level":"info","ts":1768351595.095032,"logger":"fallback","caller":"route/route.go:198","msg":"Route successfully synced"}
{"level":"info","ts":"2026-01-13T16:46:35-08:00","logger":"RouteReconciler.reconcile","msg":"reconcile completed","key":"default/demo","reconciler":"knative.dev.serving.pkg.reconciler.route.Reconciler","requeue":false,"requeueAfter":0}
{"level":"info","ts":"2026-01-13T16:46:35-08:00","logger":"tracecheck","msg":"Taking reconcile step","Depth":56,"# Distinct States":151,"Total States":151,"Resource States":44}
{"level":"info","ts":"2026-01-13T16:46:35-08:00","logger":"ServiceReconciler.seed","msg":"added podscalable to informer","resource":"deployments","namespace":"default","name":"kamera-test-deployment","stage":"podscalable-add","keys":["default/kamera-test-deployment"]}
{"level":"info","ts":"2026-01-13T16:46:35-08:00","logger":"ServiceReconciler.seed","msg":"podscalable visible to lister","resource":"deployments","namespace":"default","name":"kamera-test-deployment","stage":"podscalable-lister","object":{"apiVersion":"autoscaling.internal.knative.dev/v1alpha1","kind":"PodScalable","namespace":"default","name":"kamera-test-deployment"}}
{"level":"info","ts":1768351595.2030861,"logger":"fallback","caller":"service/service.go:171","msg":"Service reconciler fetching Route from lister: name=demo, namespace=default"}
{"level":"info","ts":1768351595.2031062,"logger":"fallback","caller":"service/service.go:174","msg":"Service reconciler got Route from lister: name=demo, Generation=1, ObservedGeneration=1, ResourceVersion="}
{"level":"info","ts":1768351595.203129,"logger":"fallback","caller":"service/service.go:126","msg":"Service reconciler checking Route: name=demo, Generation=1, ObservedGeneration=1, Ready=Unknown (reason=IngressNotConfigured, message=Ingress has not yet been reconciled.), generationMatch=true, routeResourceVersion="}
{"level":"info","ts":1768351595.203136,"logger":"fallback","caller":"service/service.go:136","msg":"Service reconciler calling PropagateRouteStatus() because Generation == ObservedGeneration"}
{"level":"info","ts":"2026-01-13T16:46:35-08:00","logger":"ServiceReconciler.reconcile","msg":"reconcile completed","key":"default/demo","reconciler":"knative.dev.serving.pkg.reconciler.service.Reconciler","requeue":false,"requeueAfter":0}
{"level":"info","ts":"2026-01-13T16:46:35-08:00","logger":"tracecheck","msg":"Taking reconcile step","Depth":57,"# Distinct States":152,"Total States":152,"Resource States":44}
{"level":"info","ts":"2026-01-13T16:46:35-08:00","logger":"tracecheck","msg":"Updated Deployment status","Depth":57,"# Distinct States":152,"Total States":152,"Resource States":44,"name":"kamera-test-deployment"}
{"level":"info","ts":"2026-01-13T16:46:35-08:00","logger":"tracecheck","msg":"Taking reconcile step","Depth":58,"# Distinct States":153,"Total States":153,"Resource States":44}
{"level":"info","ts":"2026-01-13T16:46:35-08:00","logger":"tracecheck","msg":"Taking reconcile step","Depth":59,"# Distinct States":154,"Total States":154,"Resource States":44}
{"level":"info","ts":"2026-01-13T16:46:35-08:00","logger":"KPAReconciler.seed","msg":"added podscalable to informer","resource":"deployments","namespace":"default","name":"kamera-test-deployment","stage":"podscalable-add","keys":["default/kamera-test-deployment"]}
{"level":"info","ts":"2026-01-13T16:46:35-08:00","logger":"KPAReconciler.seed","msg":"podscalable visible to lister","resource":"deployments","namespace":"default","name":"kamera-test-deployment","stage":"podscalable-lister","object":{"apiVersion":"autoscaling.internal.knative.dev/v1alpha1","kind":"PodScalable","namespace":"default","name":"kamera-test-deployment"}}
{"level":"info","ts":1768351595.32077,"logger":"fallback","caller":"kpa/controller.go:77","msg":"Setting up ConfigMap receivers"}
{"level":"info","ts":1768351595.320844,"logger":"fallback","caller":"kpa/controller.go:91","msg":"Setting up KPA-Class event handlers"}
{"level":"info","ts":1768351595.3209212,"logger":"fallback","caller":"kpa/kpa.go:158","msg":"SKS should be in Proxy mode: want = 0, ebc = 0, #act's = 2 PA Inactive? = true"}
{"level":"info","ts":1768351595.320935,"logger":"fallback","caller":"kpa/kpa.go:178","msg":"PA scale got=1, want=0, desiredPods=0 ebc=0"}
{"level":"info","ts":1768351595.320943,"logger":"fallback","caller":"kpa/kpa.go:188","msg":"Observed pod counts=kpa.podCounts{want:0, ready:1, notReady:0, pending:0, terminating:0}"}
{"level":"info","ts":"2026-01-13T16:46:35-08:00","logger":"KPAReconciler.reconcile","msg":"reconcile completed","key":"default/kamera-test","reconciler":"knative.dev.serving.pkg.reconciler.autoscaling.kpa.Reconciler","requeue":false,"requeueAfter":0}
{"level":"info","ts":"2026-01-13T16:46:35-08:00","logger":"tracecheck","msg":"Taking reconcile step","Depth":60,"# Distinct States":155,"Total States":155,"Resource States":44}
{"level":"info","ts":"2026-01-13T16:46:35-08:00","logger":"tracecheck","msg":"Taking reconcile step","Depth":61,"# Distinct States":156,"Total States":156,"Resource States":44}
{"level":"info","ts":"2026-01-13T16:46:35-08:00","logger":"tracecheck","msg":"Taking reconcile step","Depth":62,"# Distinct States":157,"Total States":157,"Resource States":44}
{"level":"info","ts":"2026-01-13T16:46:35-08:00","logger":"RouteReconciler.seed","msg":"added podscalable to informer","resource":"deployments","namespace":"default","name":"kamera-test-deployment","stage":"podscalable-add","keys":["default/kamera-test-deployment"]}
{"level":"info","ts":"2026-01-13T16:46:35-08:00","logger":"RouteReconciler.seed","msg":"podscalable visible to lister","resource":"deployments","namespace":"default","name":"kamera-test-deployment","stage":"podscalable-lister","object":{"apiVersion":"autoscaling.internal.knative.dev/v1alpha1","kind":"PodScalable","namespace":"default","name":"kamera-test-deployment"}}
{"level":"info","ts":1768351595.429109,"logger":"fallback","caller":"route/route.go:465","msg":"Revision default/kamera-test is inactive"}
{"level":"info","ts":1768351595.429142,"logger":"fallback","caller":"route/route.go:487","msg":"All referred targets are routable, marking AllTrafficAssigned with traffic information."}
{"level":"info","ts":1768351595.429156,"logger":"fallback","caller":"route/route.go:140","msg":"Creating placeholder k8s services"}
{"level":"info","ts":1768351595.42923,"logger":"fallback","caller":"route/route.go:176","msg":"Updating placeholder k8s services with ingress information"}
{"level":"info","ts":1768351595.429394,"logger":"fallback","caller":"route/route.go:198","msg":"Route successfully synced"}
{"level":"info","ts":"2026-01-13T16:46:35-08:00","logger":"RouteReconciler.reconcile","msg":"reconcile completed","key":"default/demo","reconciler":"knative.dev.serving.pkg.reconciler.route.Reconciler","requeue":false,"requeueAfter":0}
{"level":"info","ts":"2026-01-13T16:46:35-08:00","logger":"tracecheck","msg":"Taking reconcile step","Depth":63,"# Distinct States":158,"Total States":158,"Resource States":44}
{"level":"info","ts":"2026-01-13T16:46:35-08:00","logger":"tracecheck","msg":"Taking reconcile step","Depth":64,"# Distinct States":159,"Total States":159,"Resource States":44}
{"level":"info","ts":"2026-01-13T16:46:35-08:00","logger":"ServiceReconciler.seed","msg":"added podscalable to informer","resource":"deployments","namespace":"default","name":"kamera-test-deployment","stage":"podscalable-add","keys":["default/kamera-test-deployment"]}
{"level":"info","ts":"2026-01-13T16:46:35-08:00","logger":"ServiceReconciler.seed","msg":"podscalable visible to lister","resource":"deployments","namespace":"default","name":"kamera-test-deployment","stage":"podscalable-lister","object":{"apiVersion":"autoscaling.internal.knative.dev/v1alpha1","kind":"PodScalable","namespace":"default","name":"kamera-test-deployment"}}
{"level":"info","ts":1768351595.538111,"logger":"fallback","caller":"service/service.go:171","msg":"Service reconciler fetching Route from lister: name=demo, namespace=default"}
{"level":"info","ts":1768351595.538128,"logger":"fallback","caller":"service/service.go:174","msg":"Service reconciler got Route from lister: name=demo, Generation=1, ObservedGeneration=1, ResourceVersion="}
{"level":"info","ts":1768351595.5381498,"logger":"fallback","caller":"service/service.go:126","msg":"Service reconciler checking Route: name=demo, Generation=1, ObservedGeneration=1, Ready=True (reason=, message=), generationMatch=true, routeResourceVersion="}
{"level":"info","ts":1768351595.538157,"logger":"fallback","caller":"service/service.go:136","msg":"Service reconciler calling PropagateRouteStatus() because Generation == ObservedGeneration"}
{"level":"info","ts":"2026-01-13T16:46:35-08:00","logger":"ServiceReconciler.reconcile","msg":"reconcile completed","key":"default/demo","reconciler":"knative.dev.serving.pkg.reconciler.service.Reconciler","requeue":false,"requeueAfter":0}
{"level":"info","ts":"2026-01-13T16:46:35-08:00","logger":"tracecheck","msg":"Taking reconcile step","Depth":65,"# Distinct States":160,"Total States":160,"Resource States":44}
{"level":"info","ts":"2026-01-13T16:46:35-08:00","logger":"tracecheck","msg":"Taking reconcile step","Depth":66,"# Distinct States":161,"Total States":161,"Resource States":44}
{"level":"info","ts":"2026-01-13T16:46:35-08:00","logger":"tracecheck","msg":"Deleting pods","Depth":66,"# Distinct States":161,"Total States":161,"Resource States":44,"count":1}
{"level":"info","ts":"2026-01-13T16:46:35-08:00","logger":"tracecheck","msg":"Taking reconcile step","Depth":48,"# Distinct States":162,"Total States":162,"Resource States":44}
{"level":"info","ts":"2026-01-13T16:46:35-08:00","logger":"RevisionReconciler.seed","msg":"added podscalable to informer","resource":"deployments","namespace":"default","name":"kamera-test-deployment","stage":"podscalable-add","keys":["default/kamera-test-deployment"]}
{"level":"info","ts":"2026-01-13T16:46:35-08:00","logger":"RevisionReconciler.seed","msg":"podscalable visible to lister","resource":"deployments","namespace":"default","name":"kamera-test-deployment","stage":"podscalable-lister","object":{"apiVersion":"autoscaling.internal.knative.dev/v1alpha1","kind":"PodScalable","namespace":"default","name":"kamera-test-deployment"}}
{"level":"error","ts":1768351595.653595,"logger":"fallback","caller":"revision/controller.go:116","msg":"Failed to create resolver transport","error":"open /var/run/secrets/kubernetes.io/serviceaccount/ca.crt: no such file or directory","stacktrace":"knative.dev/serving/pkg/reconciler/revision.newControllerWithOptions\n\t/Users/tgoodwin/tmp/gomodcache/knative.dev/serving@v0.46.5/pkg/reconciler/revision/controller.go:116\nknative.dev/serving/pkg/reconciler/revision.NewController\n\t/Users/tgoodwin/tmp/gomodcache/knative.dev/serving@v0.46.5/pkg/reconciler/revision/controller.go:64\nmain.configureKnativeExplorer.func1.1\n\t/Users/tgoodwin/projects/kamera/examples/knative-serving/scenario.go:91\ngithub.com/tgoodwin/kamera/examples/knative-serving/knative.NewKnativeStrategy.func1\n\t/Users/tgoodwin/projects/kamera/examples/knative-serving/knative/harness.go:555\ngithub.com/tgoodwin/kamera/examples/knative-serving/knative.(*KnativeStrategy).ReconcileAtState\n\t/Users/tgoodwin/projects/kamera/examples/knative-serving/knative/harness.go:895\ngithub.com/tgoodwin/kamera/pkg/tracecheck.(*ReconcilerContainer).doReconcile\n\t/Users/tgoodwin/projects/kamera/pkg/tracecheck/reconciler.go:164\ngithub.com/tgoodwin/kamera/pkg/tracecheck.(*Explorer).reconcileAtState\n\t/Users/tgoodwin/projects/kamera/pkg/tracecheck/explore.go:1313\ngithub.com/tgoodwin/kamera/pkg/tracecheck.(*Explorer).takeReconcileStep\n\t/Users/tgoodwin/projects/kamera/pkg/tracecheck/explore.go:1228\ngithub.com/tgoodwin/kamera/pkg/tracecheck.(*Explorer).explore\n\t/Users/tgoodwin/projects/kamera/pkg/tracecheck/explore.go:790\ngithub.com/tgoodwin/kamera/pkg/tracecheck.(*Explorer).Explore.func1\n\t/Users/tgoodwin/projects/kamera/pkg/tracecheck/explore.go:330"}
{"level":"info","ts":1768351595.6540108,"logger":"fallback","caller":"revision/reconcile_resources.go:161","msg":"Reconciling PA: kamera-test"}
{"level":"info","ts":"2026-01-13T16:46:35-08:00","logger":"RevisionReconciler.reconcile","msg":"reconcile completed","key":"default/kamera-test","reconciler":"knative.dev.serving.pkg.reconciler.revision.Reconciler","requeue":false,"requeueAfter":0}
{"level":"info","ts":"2026-01-13T16:46:35-08:00","logger":"tracecheck","msg":"Taking reconcile step","Depth":49,"# Distinct States":163,"Total States":163,"Resource States":44}
{"level":"info","ts":"2026-01-13T16:46:35-08:00","logger":"ConfigurationReconciler.seed","msg":"added podscalable to informer","resource":"deployments","namespace":"default","name":"kamera-test-deployment","stage":"podscalable-add","keys":["default/kamera-test-deployment"]}
{"level":"info","ts":"2026-01-13T16:46:35-08:00","logger":"ConfigurationReconciler.seed","msg":"podscalable visible to lister","resource":"deployments","namespace":"default","name":"kamera-test-deployment","stage":"podscalable-lister","object":{"apiVersion":"autoscaling.internal.knative.dev/v1alpha1","kind":"PodScalable","namespace":"default","name":"kamera-test-deployment"}}
{"level":"info","ts":1768351595.7596319,"logger":"fallback","caller":"configuration/configuration.go:106","msg":"Revision \"kamera-test\" of configuration is ready"}
{"level":"info","ts":"2026-01-13T16:46:35-08:00","logger":"ConfigurationReconciler.reconcile","msg":"reconcile completed","key":"default/demo","reconciler":"knative.dev.serving.pkg.reconciler.configuration.Reconciler","requeue":false,"requeueAfter":0}
{"level":"info","ts":"2026-01-13T16:46:35-08:00","logger":"tracecheck","msg":"Taking reconcile step","Depth":50,"# Distinct States":164,"Total States":164,"Resource States":44}
{"level":"info","ts":"2026-01-13T16:46:35-08:00","logger":"tracecheck","msg":"Taking reconcile step","Depth":51,"# Distinct States":165,"Total States":165,"Resource States":44}
{"level":"info","ts":"2026-01-13T16:46:35-08:00","logger":"tracecheck","msg":"Updated Deployment status","Depth":51,"# Distinct States":165,"Total States":165,"Resource States":44,"name":"kamera-test-deployment"}
{"level":"info","ts":"2026-01-13T16:46:35-08:00","logger":"tracecheck","msg":"Taking reconcile step","Depth":52,"# Distinct States":166,"Total States":166,"Resource States":44}
{"level":"info","ts":"2026-01-13T16:46:35-08:00","logger":"tracecheck","msg":"Taking reconcile step","Depth":53,"# Distinct States":167,"Total States":167,"Resource States":44}
{"level":"info","ts":"2026-01-13T16:46:35-08:00","logger":"KPAReconciler.seed","msg":"added podscalable to informer","resource":"deployments","namespace":"default","name":"kamera-test-deployment","stage":"podscalable-add","keys":["default/kamera-test-deployment"]}
{"level":"info","ts":"2026-01-13T16:46:35-08:00","logger":"KPAReconciler.seed","msg":"podscalable visible to lister","resource":"deployments","namespace":"default","name":"kamera-test-deployment","stage":"podscalable-lister","object":{"apiVersion":"autoscaling.internal.knative.dev/v1alpha1","kind":"PodScalable","namespace":"default","name":"kamera-test-deployment"}}
{"level":"info","ts":1768351595.874453,"logger":"fallback","caller":"kpa/controller.go:77","msg":"Setting up ConfigMap receivers"}
{"level":"info","ts":1768351595.8745642,"logger":"fallback","caller":"kpa/controller.go:91","msg":"Setting up KPA-Class event handlers"}
{"level":"info","ts":1768351595.874657,"logger":"fallback","caller":"kpa/scaler.go:379","msg":"Scaling from 1 to 0"}
{"level":"info","ts":1768351595.87653,"logger":"fallback","caller":"kpa/kpa.go:158","msg":"SKS should be in Proxy mode: want = 0, ebc = 0, #act's = 2 PA Inactive? = true"}
{"level":"info","ts":1768351595.876547,"logger":"fallback","caller":"kpa/kpa.go:178","msg":"PA scale got=1, want=0, desiredPods=0 ebc=0"}
{"level":"info","ts":1768351595.876556,"logger":"fallback","caller":"kpa/kpa.go:188","msg":"Observed pod counts=kpa.podCounts{want:0, ready:1, notReady:0, pending:0, terminating:0}"}
{"level":"info","ts":"2026-01-13T16:46:35-08:00","logger":"KPAReconciler.reconcile","msg":"reconcile completed","key":"default/kamera-test","reconciler":"knative.dev.serving.pkg.reconciler.autoscaling.kpa.Reconciler","requeue":false,"requeueAfter":0}
{"level":"info","ts":"2026-01-13T16:46:35-08:00","logger":"tracecheck","msg":"Taking reconcile step","Depth":54,"# Distinct States":168,"Total States":168,"Resource States":44}
{"level":"info","ts":"2026-01-13T16:46:35-08:00","logger":"ConfigurationReconciler.seed","msg":"added podscalable to informer","resource":"deployments","namespace":"default","name":"kamera-test-deployment","stage":"podscalable-add","keys":["default/kamera-test-deployment"]}
{"level":"info","ts":"2026-01-13T16:46:35-08:00","logger":"ConfigurationReconciler.seed","msg":"podscalable visible to lister","resource":"deployments","namespace":"default","name":"kamera-test-deployment","stage":"podscalable-lister","object":{"apiVersion":"autoscaling.internal.knative.dev/v1alpha1","kind":"PodScalable","namespace":"default","name":"kamera-test-deployment"}}
{"level":"info","ts":1768351595.9872699,"logger":"fallback","caller":"configuration/configuration.go:106","msg":"Revision \"kamera-test\" of configuration is ready"}
{"level":"info","ts":"2026-01-13T16:46:35-08:00","logger":"ConfigurationReconciler.reconcile","msg":"reconcile completed","key":"default/demo","reconciler":"knative.dev.serving.pkg.reconciler.configuration.Reconciler","requeue":false,"requeueAfter":0}
{"level":"info","ts":"2026-01-13T16:46:35-08:00","logger":"tracecheck","msg":"Taking reconcile step","Depth":55,"# Distinct States":169,"Total States":169,"Resource States":44}
{"level":"info","ts":"2026-01-13T16:46:36-08:00","logger":"RouteReconciler.seed","msg":"added podscalable to informer","resource":"deployments","namespace":"default","name":"kamera-test-deployment","stage":"podscalable-add","keys":["default/kamera-test-deployment"]}
{"level":"info","ts":"2026-01-13T16:46:36-08:00","logger":"RouteReconciler.seed","msg":"podscalable visible to lister","resource":"deployments","namespace":"default","name":"kamera-test-deployment","stage":"podscalable-lister","object":{"apiVersion":"autoscaling.internal.knative.dev/v1alpha1","kind":"PodScalable","namespace":"default","name":"kamera-test-deployment"}}
{"level":"info","ts":1768351596.094553,"logger":"fallback","caller":"route/route.go:465","msg":"Revision default/kamera-test is inactive"}
{"level":"info","ts":1768351596.0945768,"logger":"fallback","caller":"route/route.go:487","msg":"All referred targets are routable, marking AllTrafficAssigned with traffic information."}
{"level":"info","ts":1768351596.0945961,"logger":"fallback","caller":"route/route.go:140","msg":"Creating placeholder k8s services"}
{"level":"info","ts":1768351596.094775,"logger":"fallback","caller":"route/reconcile_resources.go:179","msg":"Created service demo"}
{"level":"info","ts":1768351596.095076,"logger":"fallback","caller":"route/route.go:176","msg":"Updating placeholder k8s services with ingress information"}
{"level":"warn","ts":1768351596.095097,"logger":"fallback","caller":"route/reconcile_resources.go:228","msg":"Failed to update k8s service","error":"failed to fetch loadbalancer domain/IP from ingress status"}
{"level":"info","ts":1768351596.095107,"logger":"fallback","caller":"route/route.go:198","msg":"Route successfully synced"}
{"level":"info","ts":"2026-01-13T16:46:36-08:00","logger":"RouteReconciler.reconcile","msg":"reconcile completed","key":"default/demo","reconciler":"knative.dev.serving.pkg.reconciler.route.Reconciler","requeue":false,"requeueAfter":0}
{"level":"info","ts":"2026-01-13T16:46:36-08:00","logger":"tracecheck","msg":"Taking reconcile step","Depth":56,"# Distinct States":170,"Total States":170,"Resource States":44}
{"level":"info","ts":"2026-01-13T16:46:36-08:00","logger":"ServiceReconciler.seed","msg":"added podscalable to informer","resource":"deployments","namespace":"default","name":"kamera-test-deployment","stage":"podscalable-add","keys":["default/kamera-test-deployment"]}
{"level":"info","ts":"2026-01-13T16:46:36-08:00","logger":"ServiceReconciler.seed","msg":"podscalable visible to lister","resource":"deployments","namespace":"default","name":"kamera-test-deployment","stage":"podscalable-lister","object":{"apiVersion":"autoscaling.internal.knative.dev/v1alpha1","kind":"PodScalable","namespace":"default","name":"kamera-test-deployment"}}
{"level":"info","ts":1768351596.2039192,"logger":"fallback","caller":"service/service.go:171","msg":"Service reconciler fetching Route from lister: name=demo, namespace=default"}
{"level":"info","ts":1768351596.203936,"logger":"fallback","caller":"service/service.go:174","msg":"Service reconciler got Route from lister: name=demo, Generation=1, ObservedGeneration=1, ResourceVersion="}
{"level":"info","ts":1768351596.2039628,"logger":"fallback","caller":"service/service.go:126","msg":"Service reconciler checking Route: name=demo, Generation=1, ObservedGeneration=1, Ready=Unknown (reason=IngressNotConfigured, message=Ingress has not yet been reconciled.), generationMatch=true, routeResourceVersion="}
{"level":"info","ts":1768351596.2039711,"logger":"fallback","caller":"service/service.go:136","msg":"Service reconciler calling PropagateRouteStatus() because Generation == ObservedGeneration"}
{"level":"info","ts":"2026-01-13T16:46:36-08:00","logger":"ServiceReconciler.reconcile","msg":"reconcile completed","key":"default/demo","reconciler":"knative.dev.serving.pkg.reconciler.service.Reconciler","requeue":false,"requeueAfter":0}
{"level":"info","ts":"2026-01-13T16:46:36-08:00","logger":"tracecheck","msg":"Taking reconcile step","Depth":57,"# Distinct States":171,"Total States":171,"Resource States":44}
{"level":"info","ts":"2026-01-13T16:46:36-08:00","logger":"tracecheck","msg":"Updated Deployment status","Depth":57,"# Distinct States":171,"Total States":171,"Resource States":44,"name":"kamera-test-deployment"}
{"level":"info","ts":"2026-01-13T16:46:36-08:00","logger":"tracecheck","msg":"Taking reconcile step","Depth":58,"# Distinct States":172,"Total States":172,"Resource States":44}
{"level":"info","ts":"2026-01-13T16:46:36-08:00","logger":"tracecheck","msg":"Taking reconcile step","Depth":59,"# Distinct States":173,"Total States":173,"Resource States":44}
{"level":"info","ts":"2026-01-13T16:46:36-08:00","logger":"RevisionReconciler.seed","msg":"added podscalable to informer","resource":"deployments","namespace":"default","name":"kamera-test-deployment","stage":"podscalable-add","keys":["default/kamera-test-deployment"]}
{"level":"info","ts":"2026-01-13T16:46:36-08:00","logger":"RevisionReconciler.seed","msg":"podscalable visible to lister","resource":"deployments","namespace":"default","name":"kamera-test-deployment","stage":"podscalable-lister","object":{"apiVersion":"autoscaling.internal.knative.dev/v1alpha1","kind":"PodScalable","namespace":"default","name":"kamera-test-deployment"}}
{"level":"error","ts":1768351596.321341,"logger":"fallback","caller":"revision/controller.go:116","msg":"Failed to create resolver transport","error":"open /var/run/secrets/kubernetes.io/serviceaccount/ca.crt: no such file or directory","stacktrace":"knative.dev/serving/pkg/reconciler/revision.newControllerWithOptions\n\t/Users/tgoodwin/tmp/gomodcache/knative.dev/serving@v0.46.5/pkg/reconciler/revision/controller.go:116\nknative.dev/serving/pkg/reconciler/revision.NewController\n\t/Users/tgoodwin/tmp/gomodcache/knative.dev/serving@v0.46.5/pkg/reconciler/revision/controller.go:64\nmain.configureKnativeExplorer.func1.1\n\t/Users/tgoodwin/projects/kamera/examples/knative-serving/scenario.go:91\ngithub.com/tgoodwin/kamera/examples/knative-serving/knative.NewKnativeStrategy.func1\n\t/Users/tgoodwin/projects/kamera/examples/knative-serving/knative/harness.go:555\ngithub.com/tgoodwin/kamera/examples/knative-serving/knative.(*KnativeStrategy).ReconcileAtState\n\t/Users/tgoodwin/projects/kamera/examples/knative-serving/knative/harness.go:895\ngithub.com/tgoodwin/kamera/pkg/tracecheck.(*ReconcilerContainer).doReconcile\n\t/Users/tgoodwin/projects/kamera/pkg/tracecheck/reconciler.go:164\ngithub.com/tgoodwin/kamera/pkg/tracecheck.(*Explorer).reconcileAtState\n\t/Users/tgoodwin/projects/kamera/pkg/tracecheck/explore.go:1313\ngithub.com/tgoodwin/kamera/pkg/tracecheck.(*Explorer).takeReconcileStep\n\t/Users/tgoodwin/projects/kamera/pkg/tracecheck/explore.go:1228\ngithub.com/tgoodwin/kamera/pkg/tracecheck.(*Explorer).explore\n\t/Users/tgoodwin/projects/kamera/pkg/tracecheck/explore.go:790\ngithub.com/tgoodwin/kamera/pkg/tracecheck.(*Explorer).Explore.func1\n\t/Users/tgoodwin/projects/kamera/pkg/tracecheck/explore.go:330"}
{"level":"info","ts":1768351596.321559,"logger":"fallback","caller":"revision/reconcile_resources.go:161","msg":"Reconciling PA: kamera-test"}
{"level":"info","ts":"2026-01-13T16:46:36-08:00","logger":"RevisionReconciler.reconcile","msg":"reconcile completed","key":"default/kamera-test","reconciler":"knative.dev.serving.pkg.reconciler.revision.Reconciler","requeue":false,"requeueAfter":0}
{"level":"info","ts":"2026-01-13T16:46:36-08:00","logger":"tracecheck","msg":"Taking reconcile step","Depth":60,"# Distinct States":174,"Total States":174,"Resource States":44}
{"level":"info","ts":"2026-01-13T16:46:36-08:00","logger":"KPAReconciler.seed","msg":"added podscalable to informer","resource":"deployments","namespace":"default","name":"kamera-test-deployment","stage":"podscalable-add","keys":["default/kamera-test-deployment"]}
{"level":"info","ts":"2026-01-13T16:46:36-08:00","logger":"KPAReconciler.seed","msg":"podscalable visible to lister","resource":"deployments","namespace":"default","name":"kamera-test-deployment","stage":"podscalable-lister","object":{"apiVersion":"autoscaling.internal.knative.dev/v1alpha1","kind":"PodScalable","namespace":"default","name":"kamera-test-deployment"}}
{"level":"info","ts":1768351596.4269881,"logger":"fallback","caller":"kpa/controller.go:77","msg":"Setting up ConfigMap receivers"}
{"level":"info","ts":1768351596.4283059,"logger":"fallback","caller":"kpa/controller.go:91","msg":"Setting up KPA-Class event handlers"}
{"level":"info","ts":1768351596.42845,"logger":"fallback","caller":"kpa/kpa.go:158","msg":"SKS should be in Proxy mode: want = 0, ebc = 0, #act's = 2 PA Inactive? = true"}
{"level":"info","ts":1768351596.428469,"logger":"fallback","caller":"kpa/kpa.go:178","msg":"PA scale got=1, want=0, desiredPods=0 ebc=0"}
{"level":"info","ts":1768351596.4284768,"logger":"fallback","caller":"kpa/kpa.go:188","msg":"Observed pod counts=kpa.podCounts{want:0, ready:1, notReady:0, pending:0, terminating:0}"}
{"level":"info","ts":"2026-01-13T16:46:36-08:00","logger":"KPAReconciler.reconcile","msg":"reconcile completed","key":"default/kamera-test","reconciler":"knative.dev.serving.pkg.reconciler.autoscaling.kpa.Reconciler","requeue":false,"requeueAfter":0}
{"level":"info","ts":"2026-01-13T16:46:36-08:00","logger":"tracecheck","msg":"Taking reconcile step","Depth":61,"# Distinct States":175,"Total States":175,"Resource States":44}
{"level":"info","ts":"2026-01-13T16:46:36-08:00","logger":"tracecheck","msg":"Taking reconcile step","Depth":62,"# Distinct States":176,"Total States":176,"Resource States":44}
{"level":"info","ts":"2026-01-13T16:46:36-08:00","logger":"tracecheck","msg":"Taking reconcile step","Depth":63,"# Distinct States":177,"Total States":177,"Resource States":44}
{"level":"info","ts":"2026-01-13T16:46:36-08:00","logger":"RouteReconciler.seed","msg":"added podscalable to informer","resource":"deployments","namespace":"default","name":"kamera-test-deployment","stage":"podscalable-add","keys":["default/kamera-test-deployment"]}
{"level":"info","ts":"2026-01-13T16:46:36-08:00","logger":"RouteReconciler.seed","msg":"podscalable visible to lister","resource":"deployments","namespace":"default","name":"kamera-test-deployment","stage":"podscalable-lister","object":{"apiVersion":"autoscaling.internal.knative.dev/v1alpha1","kind":"PodScalable","namespace":"default","name":"kamera-test-deployment"}}
{"level":"info","ts":1768351596.538256,"logger":"fallback","caller":"route/route.go:465","msg":"Revision default/kamera-test is inactive"}
{"level":"info","ts":1768351596.5382771,"logger":"fallback","caller":"route/route.go:487","msg":"All referred targets are routable, marking AllTrafficAssigned with traffic information."}
{"level":"info","ts":1768351596.5382888,"logger":"fallback","caller":"route/route.go:140","msg":"Creating placeholder k8s services"}
{"level":"info","ts":1768351596.538357,"logger":"fallback","caller":"route/route.go:176","msg":"Updating placeholder k8s services with ingress information"}
{"level":"info","ts":1768351596.538505,"logger":"fallback","caller":"route/route.go:198","msg":"Route successfully synced"}
{"level":"info","ts":"2026-01-13T16:46:36-08:00","logger":"RouteReconciler.reconcile","msg":"reconcile completed","key":"default/demo","reconciler":"knative.dev.serving.pkg.reconciler.route.Reconciler","requeue":false,"requeueAfter":0}
{"level":"info","ts":"2026-01-13T16:46:36-08:00","logger":"tracecheck","msg":"Taking reconcile step","Depth":64,"# Distinct States":178,"Total States":178,"Resource States":44}
{"level":"info","ts":"2026-01-13T16:46:36-08:00","logger":"tracecheck","msg":"Taking reconcile step","Depth":65,"# Distinct States":179,"Total States":179,"Resource States":44}
{"level":"info","ts":"2026-01-13T16:46:36-08:00","logger":"ServiceReconciler.seed","msg":"added podscalable to informer","resource":"deployments","namespace":"default","name":"kamera-test-deployment","stage":"podscalable-add","keys":["default/kamera-test-deployment"]}
{"level":"info","ts":"2026-01-13T16:46:36-08:00","logger":"ServiceReconciler.seed","msg":"podscalable visible to lister","resource":"deployments","namespace":"default","name":"kamera-test-deployment","stage":"podscalable-lister","object":{"apiVersion":"autoscaling.internal.knative.dev/v1alpha1","kind":"PodScalable","namespace":"default","name":"kamera-test-deployment"}}
{"level":"info","ts":1768351596.647189,"logger":"fallback","caller":"service/service.go:171","msg":"Service reconciler fetching Route from lister: name=demo, namespace=default"}
{"level":"info","ts":1768351596.6472058,"logger":"fallback","caller":"service/service.go:174","msg":"Service reconciler got Route from lister: name=demo, Generation=1, ObservedGeneration=1, ResourceVersion="}
{"level":"info","ts":1768351596.6472309,"logger":"fallback","caller":"service/service.go:126","msg":"Service reconciler checking Route: name=demo, Generation=1, ObservedGeneration=1, Ready=True (reason=, message=), generationMatch=true, routeResourceVersion="}
{"level":"info","ts":1768351596.647239,"logger":"fallback","caller":"service/service.go:136","msg":"Service reconciler calling PropagateRouteStatus() because Generation == ObservedGeneration"}
{"level":"info","ts":"2026-01-13T16:46:36-08:00","logger":"ServiceReconciler.reconcile","msg":"reconcile completed","key":"default/demo","reconciler":"knative.dev.serving.pkg.reconciler.service.Reconciler","requeue":false,"requeueAfter":0}
{"level":"info","ts":"2026-01-13T16:46:36-08:00","logger":"tracecheck","msg":"Taking reconcile step","Depth":66,"# Distinct States":180,"Total States":180,"Resource States":44}
{"level":"info","ts":"2026-01-13T16:46:36-08:00","logger":"tracecheck","msg":"Taking reconcile step","Depth":67,"# Distinct States":181,"Total States":181,"Resource States":44}
{"level":"info","ts":"2026-01-13T16:46:36-08:00","logger":"tracecheck","msg":"Deleting pods","Depth":67,"# Distinct States":181,"Total States":181,"Resource States":44,"count":1}
{"level":"info","ts":"2026-01-13T16:46:36-08:00","logger":"tracecheck","msg":"Taking reconcile step","Depth":44,"# Distinct States":182,"Total States":182,"Resource States":44}
{"level":"info","ts":"2026-01-13T16:46:36-08:00","logger":"RevisionReconciler.seed","msg":"added podscalable to informer","resource":"deployments","namespace":"default","name":"kamera-test-deployment","stage":"podscalable-add","keys":["default/kamera-test-deployment"]}
{"level":"info","ts":"2026-01-13T16:46:36-08:00","logger":"RevisionReconciler.seed","msg":"podscalable visible to lister","resource":"deployments","namespace":"default","name":"kamera-test-deployment","stage":"podscalable-lister","object":{"apiVersion":"autoscaling.internal.knative.dev/v1alpha1","kind":"PodScalable","namespace":"default","name":"kamera-test-deployment"}}
{"level":"error","ts":1768351596.760104,"logger":"fallback","caller":"revision/controller.go:116","msg":"Failed to create resolver transport","error":"open /var/run/secrets/kubernetes.io/serviceaccount/ca.crt: no such file or directory","stacktrace":"knative.dev/serving/pkg/reconciler/revision.newControllerWithOptions\n\t/Users/tgoodwin/tmp/gomodcache/knative.dev/serving@v0.46.5/pkg/reconciler/revision/controller.go:116\nknative.dev/serving/pkg/reconciler/revision.NewController\n\t/Users/tgoodwin/tmp/gomodcache/knative.dev/serving@v0.46.5/pkg/reconciler/revision/controller.go:64\nmain.configureKnativeExplorer.func1.1\n\t/Users/tgoodwin/projects/kamera/examples/knative-serving/scenario.go:91\ngithub.com/tgoodwin/kamera/examples/knative-serving/knative.NewKnativeStrategy.func1\n\t/Users/tgoodwin/projects/kamera/examples/knative-serving/knative/harness.go:555\ngithub.com/tgoodwin/kamera/examples/knative-serving/knative.(*KnativeStrategy).ReconcileAtState\n\t/Users/tgoodwin/projects/kamera/examples/knative-serving/knative/harness.go:895\ngithub.com/tgoodwin/kamera/pkg/tracecheck.(*ReconcilerContainer).doReconcile\n\t/Users/tgoodwin/projects/kamera/pkg/tracecheck/reconciler.go:164\ngithub.com/tgoodwin/kamera/pkg/tracecheck.(*Explorer).reconcileAtState\n\t/Users/tgoodwin/projects/kamera/pkg/tracecheck/explore.go:1313\ngithub.com/tgoodwin/kamera/pkg/tracecheck.(*Explorer).takeReconcileStep\n\t/Users/tgoodwin/projects/kamera/pkg/tracecheck/explore.go:1228\ngithub.com/tgoodwin/kamera/pkg/tracecheck.(*Explorer).explore\n\t/Users/tgoodwin/projects/kamera/pkg/tracecheck/explore.go:790\ngithub.com/tgoodwin/kamera/pkg/tracecheck.(*Explorer).Explore.func1\n\t/Users/tgoodwin/projects/kamera/pkg/tracecheck/explore.go:330"}
{"level":"info","ts":1768351596.760468,"logger":"fallback","caller":"revision/reconcile_resources.go:161","msg":"Reconciling PA: kamera-test"}
{"level":"info","ts":"2026-01-13T16:46:36-08:00","logger":"RevisionReconciler.reconcile","msg":"reconcile completed","key":"default/kamera-test","reconciler":"knative.dev.serving.pkg.reconciler.revision.Reconciler","requeue":false,"requeueAfter":0}
{"level":"info","ts":"2026-01-13T16:46:36-08:00","logger":"tracecheck","msg":"Taking reconcile step","Depth":45,"# Distinct States":183,"Total States":183,"Resource States":44}
{"level":"info","ts":"2026-01-13T16:46:36-08:00","logger":"tracecheck","msg":"Taking reconcile step","Depth":46,"# Distinct States":184,"Total States":184,"Resource States":44}
{"level":"info","ts":"2026-01-13T16:46:36-08:00","logger":"tracecheck","msg":"Updated ReplicaSet status","Depth":46,"# Distinct States":184,"Total States":184,"Resource States":44,"name":"kamera-test-deployment-1488584584"}
{"level":"info","ts":"2026-01-13T16:46:36-08:00","logger":"tracecheck","msg":"Taking reconcile step","Depth":47,"# Distinct States":185,"Total States":185,"Resource States":44}
{"level":"info","ts":"2026-01-13T16:46:36-08:00","logger":"KPAReconciler.seed","msg":"added podscalable to informer","resource":"deployments","namespace":"default","name":"kamera-test-deployment","stage":"podscalable-add","keys":["default/kamera-test-deployment"]}
{"level":"info","ts":"2026-01-13T16:46:36-08:00","logger":"KPAReconciler.seed","msg":"podscalable visible to lister","resource":"deployments","namespace":"default","name":"kamera-test-deployment","stage":"podscalable-lister","object":{"apiVersion":"autoscaling.internal.knative.dev/v1alpha1","kind":"PodScalable","namespace":"default","name":"kamera-test-deployment"}}
{"level":"info","ts":1768351596.875056,"logger":"fallback","caller":"kpa/controller.go:77","msg":"Setting up ConfigMap receivers"}
{"level":"info","ts":1768351596.8751519,"logger":"fallback","caller":"kpa/controller.go:91","msg":"Setting up KPA-Class event handlers"}
{"level":"info","ts":1768351596.8752441,"logger":"fallback","caller":"kpa/scaler.go:229","msg":"Can deactivate PA, was active for 14s"}
{"level":"info","ts":1768351596.8752608,"logger":"fallback","caller":"kpa/kpa.go:158","msg":"SKS should be in Proxy mode: want = 0, ebc = 0, #act's = 2 PA Inactive? = false"}
{"level":"info","ts":1768351596.875277,"logger":"fallback","caller":"kpa/kpa.go:178","msg":"PA scale got=1, want=0, desiredPods=0 ebc=0"}
{"level":"info","ts":1768351596.875284,"logger":"fallback","caller":"kpa/kpa.go:188","msg":"Observed pod counts=kpa.podCounts{want:0, ready:1, notReady:0, pending:0, terminating:0}"}
{"level":"info","ts":"2026-01-13T16:46:36-08:00","logger":"KPAReconciler.reconcile","msg":"reconcile completed","key":"default/kamera-test","reconciler":"knative.dev.serving.pkg.reconciler.autoscaling.kpa.Reconciler","requeue":false,"requeueAfter":0}
{"level":"info","ts":"2026-01-13T16:46:36-08:00","logger":"tracecheck","msg":"Taking reconcile step","Depth":48,"# Distinct States":186,"Total States":186,"Resource States":44}
{"level":"info","ts":"2026-01-13T16:46:36-08:00","logger":"ConfigurationReconciler.seed","msg":"added podscalable to informer","resource":"deployments","namespace":"default","name":"kamera-test-deployment","stage":"podscalable-add","keys":["default/kamera-test-deployment"]}
{"level":"info","ts":"2026-01-13T16:46:36-08:00","logger":"ConfigurationReconciler.seed","msg":"podscalable visible to lister","resource":"deployments","namespace":"default","name":"kamera-test-deployment","stage":"podscalable-lister","object":{"apiVersion":"autoscaling.internal.knative.dev/v1alpha1","kind":"PodScalable","namespace":"default","name":"kamera-test-deployment"}}
{"level":"info","ts":1768351596.9820852,"logger":"fallback","caller":"configuration/configuration.go:106","msg":"Revision \"kamera-test\" of configuration is ready"}
{"level":"info","ts":"2026-01-13T16:46:36-08:00","logger":"ConfigurationReconciler.reconcile","msg":"reconcile completed","key":"default/demo","reconciler":"knative.dev.serving.pkg.reconciler.configuration.Reconciler","requeue":false,"requeueAfter":0}
{"level":"info","ts":"2026-01-13T16:46:36-08:00","logger":"tracecheck","msg":"Taking reconcile step","Depth":49,"# Distinct States":187,"Total States":187,"Resource States":44}
{"level":"info","ts":"2026-01-13T16:46:36-08:00","logger":"tracecheck","msg":"Taking reconcile step","Depth":50,"# Distinct States":188,"Total States":188,"Resource States":44}
{"level":"info","ts":"2026-01-13T16:46:36-08:00","logger":"tracecheck","msg":"Updated Deployment status","Depth":50,"# Distinct States":188,"Total States":188,"Resource States":44,"name":"kamera-test-deployment"}
{"level":"info","ts":"2026-01-13T16:46:36-08:00","logger":"tracecheck","msg":"Taking reconcile step","Depth":51,"# Distinct States":189,"Total States":189,"Resource States":45}
{"level":"info","ts":"2026-01-13T16:46:36-08:00","logger":"tracecheck","msg":"Taking reconcile step","Depth":52,"# Distinct States":190,"Total States":190,"Resource States":45}
{"level":"info","ts":"2026-01-13T16:46:37-08:00","logger":"KPAReconciler.seed","msg":"added podscalable to informer","resource":"deployments","namespace":"default","name":"kamera-test-deployment","stage":"podscalable-add","keys":["default/kamera-test-deployment"]}
{"level":"info","ts":"2026-01-13T16:46:37-08:00","logger":"KPAReconciler.seed","msg":"podscalable visible to lister","resource":"deployments","namespace":"default","name":"kamera-test-deployment","stage":"podscalable-lister","object":{"apiVersion":"autoscaling.internal.knative.dev/v1alpha1","kind":"PodScalable","namespace":"default","name":"kamera-test-deployment"}}
{"level":"info","ts":1768351597.096889,"logger":"fallback","caller":"kpa/controller.go:77","msg":"Setting up ConfigMap receivers"}
{"level":"info","ts":1768351597.096972,"logger":"fallback","caller":"kpa/controller.go:91","msg":"Setting up KPA-Class event handlers"}
{"level":"info","ts":1768351597.097058,"logger":"fallback","caller":"kpa/scaler.go:379","msg":"Scaling from 1 to 0"}
{"level":"info","ts":1768351597.098745,"logger":"fallback","caller":"kpa/kpa.go:158","msg":"SKS should be in Proxy mode: want = 0, ebc = 0, #act's = 2 PA Inactive? = true"}
{"level":"info","ts":1768351597.0987651,"logger":"fallback","caller":"kpa/kpa.go:178","msg":"PA scale got=1, want=0, desiredPods=0 ebc=0"}
{"level":"info","ts":1768351597.098782,"logger":"fallback","caller":"kpa/kpa.go:188","msg":"Observed pod counts=kpa.podCounts{want:0, ready:1, notReady:0, pending:0, terminating:0}"}
{"level":"info","ts":"2026-01-13T16:46:37-08:00","logger":"KPAReconciler.reconcile","msg":"reconcile completed","key":"default/kamera-test","reconciler":"knative.dev.serving.pkg.reconciler.autoscaling.kpa.Reconciler","requeue":false,"requeueAfter":0}
{"level":"info","ts":"2026-01-13T16:46:37-08:00","logger":"tracecheck","msg":"Taking reconcile step","Depth":53,"# Distinct States":191,"Total States":191,"Resource States":46}
{"level":"info","ts":"2026-01-13T16:46:37-08:00","logger":"RevisionReconciler.seed","msg":"added podscalable to informer","resource":"deployments","namespace":"default","name":"kamera-test-deployment","stage":"podscalable-add","keys":["default/kamera-test-deployment"]}
{"level":"info","ts":"2026-01-13T16:46:37-08:00","logger":"RevisionReconciler.seed","msg":"podscalable visible to lister","resource":"deployments","namespace":"default","name":"kamera-test-deployment","stage":"podscalable-lister","object":{"apiVersion":"autoscaling.internal.knative.dev/v1alpha1","kind":"PodScalable","namespace":"default","name":"kamera-test-deployment"}}
{"level":"error","ts":1768351597.206927,"logger":"fallback","caller":"revision/controller.go:116","msg":"Failed to create resolver transport","error":"open /var/run/secrets/kubernetes.io/serviceaccount/ca.crt: no such file or directory","stacktrace":"knative.dev/serving/pkg/reconciler/revision.newControllerWithOptions\n\t/Users/tgoodwin/tmp/gomodcache/knative.dev/serving@v0.46.5/pkg/reconciler/revision/controller.go:116\nknative.dev/serving/pkg/reconciler/revision.NewController\n\t/Users/tgoodwin/tmp/gomodcache/knative.dev/serving@v0.46.5/pkg/reconciler/revision/controller.go:64\nmain.configureKnativeExplorer.func1.1\n\t/Users/tgoodwin/projects/kamera/examples/knative-serving/scenario.go:91\ngithub.com/tgoodwin/kamera/examples/knative-serving/knative.NewKnativeStrategy.func1\n\t/Users/tgoodwin/projects/kamera/examples/knative-serving/knative/harness.go:555\ngithub.com/tgoodwin/kamera/examples/knative-serving/knative.(*KnativeStrategy).ReconcileAtState\n\t/Users/tgoodwin/projects/kamera/examples/knative-serving/knative/harness.go:895\ngithub.com/tgoodwin/kamera/pkg/tracecheck.(*ReconcilerContainer).doReconcile\n\t/Users/tgoodwin/projects/kamera/pkg/tracecheck/reconciler.go:164\ngithub.com/tgoodwin/kamera/pkg/tracecheck.(*Explorer).reconcileAtState\n\t/Users/tgoodwin/projects/kamera/pkg/tracecheck/explore.go:1313\ngithub.com/tgoodwin/kamera/pkg/tracecheck.(*Explorer).takeReconcileStep\n\t/Users/tgoodwin/projects/kamera/pkg/tracecheck/explore.go:1228\ngithub.com/tgoodwin/kamera/pkg/tracecheck.(*Explorer).explore\n\t/Users/tgoodwin/projects/kamera/pkg/tracecheck/explore.go:790\ngithub.com/tgoodwin/kamera/pkg/tracecheck.(*Explorer).Explore.func1\n\t/Users/tgoodwin/projects/kamera/pkg/tracecheck/explore.go:330"}
{"level":"info","ts":1768351597.207242,"logger":"fallback","caller":"revision/reconcile_resources.go:161","msg":"Reconciling PA: kamera-test"}
{"level":"info","ts":"2026-01-13T16:46:37-08:00","logger":"RevisionReconciler.reconcile","msg":"reconcile completed","key":"default/kamera-test","reconciler":"knative.dev.serving.pkg.reconciler.revision.Reconciler","requeue":false,"requeueAfter":0}
{"level":"info","ts":"2026-01-13T16:46:37-08:00","logger":"tracecheck","msg":"Taking reconcile step","Depth":54,"# Distinct States":192,"Total States":192,"Resource States":46}
{"level":"info","ts":"2026-01-13T16:46:37-08:00","logger":"ConfigurationReconciler.seed","msg":"added podscalable to informer","resource":"deployments","namespace":"default","name":"kamera-test-deployment","stage":"podscalable-add","keys":["default/kamera-test-deployment"]}
{"level":"info","ts":"2026-01-13T16:46:37-08:00","logger":"ConfigurationReconciler.seed","msg":"podscalable visible to lister","resource":"deployments","namespace":"default","name":"kamera-test-deployment","stage":"podscalable-lister","object":{"apiVersion":"autoscaling.internal.knative.dev/v1alpha1","kind":"PodScalable","namespace":"default","name":"kamera-test-deployment"}}
{"level":"info","ts":1768351597.317463,"logger":"fallback","caller":"configuration/configuration.go:106","msg":"Revision \"kamera-test\" of configuration is ready"}
{"level":"info","ts":"2026-01-13T16:46:37-08:00","logger":"ConfigurationReconciler.reconcile","msg":"reconcile completed","key":"default/demo","reconciler":"knative.dev.serving.pkg.reconciler.configuration.Reconciler","requeue":false,"requeueAfter":0}
{"level":"info","ts":"2026-01-13T16:46:37-08:00","logger":"tracecheck","msg":"Taking reconcile step","Depth":55,"# Distinct States":193,"Total States":193,"Resource States":46}
{"level":"info","ts":"2026-01-13T16:46:37-08:00","logger":"RouteReconciler.seed","msg":"added podscalable to informer","resource":"deployments","namespace":"default","name":"kamera-test-deployment","stage":"podscalable-add","keys":["default/kamera-test-deployment"]}
{"level":"info","ts":"2026-01-13T16:46:37-08:00","logger":"RouteReconciler.seed","msg":"podscalable visible to lister","resource":"deployments","namespace":"default","name":"kamera-test-deployment","stage":"podscalable-lister","object":{"apiVersion":"autoscaling.internal.knative.dev/v1alpha1","kind":"PodScalable","namespace":"default","name":"kamera-test-deployment"}}
{"level":"info","ts":1768351597.422463,"logger":"fallback","caller":"route/route.go:465","msg":"Revision default/kamera-test is inactive"}
{"level":"info","ts":1768351597.4224849,"logger":"fallback","caller":"route/route.go:487","msg":"All referred targets are routable, marking AllTrafficAssigned with traffic information."}
{"level":"info","ts":1768351597.422496,"logger":"fallback","caller":"route/route.go:140","msg":"Creating placeholder k8s services"}
{"level":"info","ts":1768351597.422608,"logger":"fallback","caller":"route/reconcile_resources.go:179","msg":"Created service demo"}
{"level":"info","ts":1768351597.422789,"logger":"fallback","caller":"route/route.go:176","msg":"Updating placeholder k8s services with ingress information"}
{"level":"warn","ts":1768351597.422802,"logger":"fallback","caller":"route/reconcile_resources.go:228","msg":"Failed to update k8s service","error":"failed to fetch loadbalancer domain/IP from ingress status"}
{"level":"info","ts":1768351597.4228091,"logger":"fallback","caller":"route/route.go:198","msg":"Route successfully synced"}
{"level":"info","ts":"2026-01-13T16:46:37-08:00","logger":"RouteReconciler.reconcile","msg":"reconcile completed","key":"default/demo","reconciler":"knative.dev.serving.pkg.reconciler.route.Reconciler","requeue":false,"requeueAfter":0}
{"level":"info","ts":"2026-01-13T16:46:37-08:00","logger":"tracecheck","msg":"Taking reconcile step","Depth":56,"# Distinct States":194,"Total States":194,"Resource States":46}
{"level":"info","ts":"2026-01-13T16:46:37-08:00","logger":"ServiceReconciler.seed","msg":"added podscalable to informer","resource":"deployments","namespace":"default","name":"kamera-test-deployment","stage":"podscalable-add","keys":["default/kamera-test-deployment"]}
{"level":"info","ts":"2026-01-13T16:46:37-08:00","logger":"ServiceReconciler.seed","msg":"podscalable visible to lister","resource":"deployments","namespace":"default","name":"kamera-test-deployment","stage":"podscalable-lister","object":{"apiVersion":"autoscaling.internal.knative.dev/v1alpha1","kind":"PodScalable","namespace":"default","name":"kamera-test-deployment"}}
{"level":"info","ts":1768351597.529239,"logger":"fallback","caller":"service/service.go:171","msg":"Service reconciler fetching Route from lister: name=demo, namespace=default"}
{"level":"info","ts":1768351597.529262,"logger":"fallback","caller":"service/service.go:174","msg":"Service reconciler got Route from lister: name=demo, Generation=1, ObservedGeneration=1, ResourceVersion="}
{"level":"info","ts":1768351597.52929,"logger":"fallback","caller":"service/service.go:126","msg":"Service reconciler checking Route: name=demo, Generation=1, ObservedGeneration=1, Ready=Unknown (reason=IngressNotConfigured, message=Ingress has not yet been reconciled.), generationMatch=true, routeResourceVersion="}
{"level":"info","ts":1768351597.5292978,"logger":"fallback","caller":"service/service.go:136","msg":"Service reconciler calling PropagateRouteStatus() because Generation == ObservedGeneration"}
{"level":"info","ts":"2026-01-13T16:46:37-08:00","logger":"ServiceReconciler.reconcile","msg":"reconcile completed","key":"default/demo","reconciler":"knative.dev.serving.pkg.reconciler.service.Reconciler","requeue":false,"requeueAfter":0}
{"level":"info","ts":"2026-01-13T16:46:37-08:00","logger":"tracecheck","msg":"Taking reconcile step","Depth":57,"# Distinct States":195,"Total States":195,"Resource States":46}
{"level":"info","ts":"2026-01-13T16:46:37-08:00","logger":"tracecheck","msg":"Updated Deployment status","Depth":57,"# Distinct States":195,"Total States":195,"Resource States":46,"name":"kamera-test-deployment"}
{"level":"info","ts":"2026-01-13T16:46:37-08:00","logger":"tracecheck","msg":"Taking reconcile step","Depth":58,"# Distinct States":196,"Total States":196,"Resource States":46}
{"level":"info","ts":"2026-01-13T16:46:37-08:00","logger":"tracecheck","msg":"Taking reconcile step","Depth":59,"# Distinct States":197,"Total States":197,"Resource States":46}
{"level":"info","ts":"2026-01-13T16:46:37-08:00","logger":"KPAReconciler.seed","msg":"added podscalable to informer","resource":"deployments","namespace":"default","name":"kamera-test-deployment","stage":"podscalable-add","keys":["default/kamera-test-deployment"]}
{"level":"info","ts":"2026-01-13T16:46:37-08:00","logger":"KPAReconciler.seed","msg":"podscalable visible to lister","resource":"deployments","namespace":"default","name":"kamera-test-deployment","stage":"podscalable-lister","object":{"apiVersion":"autoscaling.internal.knative.dev/v1alpha1","kind":"PodScalable","namespace":"default","name":"kamera-test-deployment"}}
{"level":"info","ts":1768351597.6466072,"logger":"fallback","caller":"kpa/controller.go:77","msg":"Setting up ConfigMap receivers"}
{"level":"info","ts":1768351597.646719,"logger":"fallback","caller":"kpa/controller.go:91","msg":"Setting up KPA-Class event handlers"}
{"level":"info","ts":1768351597.64683,"logger":"fallback","caller":"kpa/kpa.go:158","msg":"SKS should be in Proxy mode: want = 0, ebc = 0, #act's = 2 PA Inactive? = true"}
{"level":"info","ts":1768351597.646849,"logger":"fallback","caller":"kpa/kpa.go:178","msg":"PA scale got=1, want=0, desiredPods=0 ebc=0"}
{"level":"info","ts":1768351597.646859,"logger":"fallback","caller":"kpa/kpa.go:188","msg":"Observed pod counts=kpa.podCounts{want:0, ready:1, notReady:0, pending:0, terminating:0}"}
{"level":"info","ts":"2026-01-13T16:46:37-08:00","logger":"KPAReconciler.reconcile","msg":"reconcile completed","key":"default/kamera-test","reconciler":"knative.dev.serving.pkg.reconciler.autoscaling.kpa.Reconciler","requeue":false,"requeueAfter":0}
{"level":"info","ts":"2026-01-13T16:46:37-08:00","logger":"tracecheck","msg":"Taking reconcile step","Depth":60,"# Distinct States":198,"Total States":198,"Resource States":46}
{"level":"info","ts":"2026-01-13T16:46:37-08:00","logger":"RevisionReconciler.seed","msg":"added podscalable to informer","resource":"deployments","namespace":"default","name":"kamera-test-deployment","stage":"podscalable-add","keys":["default/kamera-test-deployment"]}
{"level":"info","ts":"2026-01-13T16:46:37-08:00","logger":"RevisionReconciler.seed","msg":"podscalable visible to lister","resource":"deployments","namespace":"default","name":"kamera-test-deployment","stage":"podscalable-lister","object":{"apiVersion":"autoscaling.internal.knative.dev/v1alpha1","kind":"PodScalable","namespace":"default","name":"kamera-test-deployment"}}
{"level":"error","ts":1768351597.753042,"logger":"fallback","caller":"revision/controller.go:116","msg":"Failed to create resolver transport","error":"open /var/run/secrets/kubernetes.io/serviceaccount/ca.crt: no such file or directory","stacktrace":"knative.dev/serving/pkg/reconciler/revision.newControllerWithOptions\n\t/Users/tgoodwin/tmp/gomodcache/knative.dev/serving@v0.46.5/pkg/reconciler/revision/controller.go:116\nknative.dev/serving/pkg/reconciler/revision.NewController\n\t/Users/tgoodwin/tmp/gomodcache/knative.dev/serving@v0.46.5/pkg/reconciler/revision/controller.go:64\nmain.configureKnativeExplorer.func1.1\n\t/Users/tgoodwin/projects/kamera/examples/knative-serving/scenario.go:91\ngithub.com/tgoodwin/kamera/examples/knative-serving/knative.NewKnativeStrategy.func1\n\t/Users/tgoodwin/projects/kamera/examples/knative-serving/knative/harness.go:555\ngithub.com/tgoodwin/kamera/examples/knative-serving/knative.(*KnativeStrategy).ReconcileAtState\n\t/Users/tgoodwin/projects/kamera/examples/knative-serving/knative/harness.go:895\ngithub.com/tgoodwin/kamera/pkg/tracecheck.(*ReconcilerContainer).doReconcile\n\t/Users/tgoodwin/projects/kamera/pkg/tracecheck/reconciler.go:164\ngithub.com/tgoodwin/kamera/pkg/tracecheck.(*Explorer).reconcileAtState\n\t/Users/tgoodwin/projects/kamera/pkg/tracecheck/explore.go:1313\ngithub.com/tgoodwin/kamera/pkg/tracecheck.(*Explorer).takeReconcileStep\n\t/Users/tgoodwin/projects/kamera/pkg/tracecheck/explore.go:1228\ngithub.com/tgoodwin/kamera/pkg/tracecheck.(*Explorer).explore\n\t/Users/tgoodwin/projects/kamera/pkg/tracecheck/explore.go:790\ngithub.com/tgoodwin/kamera/pkg/tracecheck.(*Explorer).Explore.func1\n\t/Users/tgoodwin/projects/kamera/pkg/tracecheck/explore.go:330"}
{"level":"info","ts":1768351597.7534301,"logger":"fallback","caller":"revision/reconcile_resources.go:161","msg":"Reconciling PA: kamera-test"}
{"level":"info","ts":"2026-01-13T16:46:37-08:00","logger":"RevisionReconciler.reconcile","msg":"reconcile completed","key":"default/kamera-test","reconciler":"knative.dev.serving.pkg.reconciler.revision.Reconciler","requeue":false,"requeueAfter":0}
{"level":"info","ts":"2026-01-13T16:46:37-08:00","logger":"tracecheck","msg":"Taking reconcile step","Depth":51,"# Distinct States":199,"Total States":200,"Resource States":46}
{"level":"info","ts":"2026-01-13T16:46:37-08:00","logger":"RevisionReconciler.seed","msg":"added podscalable to informer","resource":"deployments","namespace":"default","name":"kamera-test-deployment","stage":"podscalable-add","keys":["default/kamera-test-deployment"]}
{"level":"info","ts":"2026-01-13T16:46:37-08:00","logger":"RevisionReconciler.seed","msg":"podscalable visible to lister","resource":"deployments","namespace":"default","name":"kamera-test-deployment","stage":"podscalable-lister","object":{"apiVersion":"autoscaling.internal.knative.dev/v1alpha1","kind":"PodScalable","namespace":"default","name":"kamera-test-deployment"}}
{"level":"error","ts":1768351597.860835,"logger":"fallback","caller":"revision/controller.go:116","msg":"Failed to create resolver transport","error":"open /var/run/secrets/kubernetes.io/serviceaccount/ca.crt: no such file or directory","stacktrace":"knative.dev/serving/pkg/reconciler/revision.newControllerWithOptions\n\t/Users/tgoodwin/tmp/gomodcache/knative.dev/serving@v0.46.5/pkg/reconciler/revision/controller.go:116\nknative.dev/serving/pkg/reconciler/revision.NewController\n\t/Users/tgoodwin/tmp/gomodcache/knative.dev/serving@v0.46.5/pkg/reconciler/revision/controller.go:64\nmain.configureKnativeExplorer.func1.1\n\t/Users/tgoodwin/projects/kamera/examples/knative-serving/scenario.go:91\ngithub.com/tgoodwin/kamera/examples/knative-serving/knative.NewKnativeStrategy.func1\n\t/Users/tgoodwin/projects/kamera/examples/knative-serving/knative/harness.go:555\ngithub.com/tgoodwin/kamera/examples/knative-serving/knative.(*KnativeStrategy).ReconcileAtState\n\t/Users/tgoodwin/projects/kamera/examples/knative-serving/knative/harness.go:895\ngithub.com/tgoodwin/kamera/pkg/tracecheck.(*ReconcilerContainer).doReconcile\n\t/Users/tgoodwin/projects/kamera/pkg/tracecheck/reconciler.go:164\ngithub.com/tgoodwin/kamera/pkg/tracecheck.(*Explorer).reconcileAtState\n\t/Users/tgoodwin/projects/kamera/pkg/tracecheck/explore.go:1313\ngithub.com/tgoodwin/kamera/pkg/tracecheck.(*Explorer).takeReconcileStep\n\t/Users/tgoodwin/projects/kamera/pkg/tracecheck/explore.go:1228\ngithub.com/tgoodwin/kamera/pkg/tracecheck.(*Explorer).explore\n\t/Users/tgoodwin/projects/kamera/pkg/tracecheck/explore.go:790\ngithub.com/tgoodwin/kamera/pkg/tracecheck.(*Explorer).Explore.func1\n\t/Users/tgoodwin/projects/kamera/pkg/tracecheck/explore.go:330"}
{"level":"info","ts":1768351597.861218,"logger":"fallback","caller":"revision/reconcile_resources.go:161","msg":"Reconciling PA: kamera-test"}
{"level":"info","ts":"2026-01-13T16:46:37-08:00","logger":"RevisionReconciler.reconcile","msg":"reconcile completed","key":"default/kamera-test","reconciler":"knative.dev.serving.pkg.reconciler.revision.Reconciler","requeue":false,"requeueAfter":0}
{"level":"info","ts":"2026-01-13T16:46:37-08:00","logger":"tracecheck","msg":"Taking reconcile step","Depth":41,"# Distinct States":200,"Total States":201,"Resource States":46}
{"level":"info","ts":"2026-01-13T16:46:37-08:00","logger":"RevisionReconciler.seed","msg":"added podscalable to informer","resource":"deployments","namespace":"default","name":"kamera-test-deployment","stage":"podscalable-add","keys":["default/kamera-test-deployment"]}
{"level":"info","ts":"2026-01-13T16:46:37-08:00","logger":"RevisionReconciler.seed","msg":"podscalable visible to lister","resource":"deployments","namespace":"default","name":"kamera-test-deployment","stage":"podscalable-lister","object":{"apiVersion":"autoscaling.internal.knative.dev/v1alpha1","kind":"PodScalable","namespace":"default","name":"kamera-test-deployment"}}
{"level":"error","ts":1768351597.971769,"logger":"fallback","caller":"revision/controller.go:116","msg":"Failed to create resolver transport","error":"open /var/run/secrets/kubernetes.io/serviceaccount/ca.crt: no such file or directory","stacktrace":"knative.dev/serving/pkg/reconciler/revision.newControllerWithOptions\n\t/Users/tgoodwin/tmp/gomodcache/knative.dev/serving@v0.46.5/pkg/reconciler/revision/controller.go:116\nknative.dev/serving/pkg/reconciler/revision.NewController\n\t/Users/tgoodwin/tmp/gomodcache/knative.dev/serving@v0.46.5/pkg/reconciler/revision/controller.go:64\nmain.configureKnativeExplorer.func1.1\n\t/Users/tgoodwin/projects/kamera/examples/knative-serving/scenario.go:91\ngithub.com/tgoodwin/kamera/examples/knative-serving/knative.NewKnativeStrategy.func1\n\t/Users/tgoodwin/projects/kamera/examples/knative-serving/knative/harness.go:555\ngithub.com/tgoodwin/kamera/examples/knative-serving/knative.(*KnativeStrategy).ReconcileAtState\n\t/Users/tgoodwin/projects/kamera/examples/knative-serving/knative/harness.go:895\ngithub.com/tgoodwin/kamera/pkg/tracecheck.(*ReconcilerContainer).doReconcile\n\t/Users/tgoodwin/projects/kamera/pkg/tracecheck/reconciler.go:164\ngithub.com/tgoodwin/kamera/pkg/tracecheck.(*Explorer).reconcileAtState\n\t/Users/tgoodwin/projects/kamera/pkg/tracecheck/explore.go:1313\ngithub.com/tgoodwin/kamera/pkg/tracecheck.(*Explorer).takeReconcileStep\n\t/Users/tgoodwin/projects/kamera/pkg/tracecheck/explore.go:1228\ngithub.com/tgoodwin/kamera/pkg/tracecheck.(*Explorer).explore\n\t/Users/tgoodwin/projects/kamera/pkg/tracecheck/explore.go:790\ngithub.com/tgoodwin/kamera/pkg/tracecheck.(*Explorer).Explore.func1\n\t/Users/tgoodwin/projects/kamera/pkg/tracecheck/explore.go:330"}
{"level":"info","ts":1768351597.972488,"logger":"fallback","caller":"revision/reconcile_resources.go:161","msg":"Reconciling PA: kamera-test"}
{"level":"info","ts":1768351597.972539,"logger":"fallback","caller":"revision/revision.go:166","msg":"Revision became ready"}
{"level":"info","ts":"2026-01-13T16:46:37-08:00","logger":"RevisionReconciler.reconcile","msg":"reconcile completed","key":"default/kamera-test","reconciler":"knative.dev.serving.pkg.reconciler.revision.Reconciler","requeue":false,"requeueAfter":0}
{"level":"info","ts":"2026-01-13T16:46:37-08:00","logger":"tracecheck","msg":"Taking reconcile step","Depth":42,"# Distinct States":201,"Total States":202,"Resource States":46}
{"level":"info","ts":"2026-01-13T16:46:38-08:00","logger":"ConfigurationReconciler.seed","msg":"added podscalable to informer","resource":"deployments","namespace":"default","name":"kamera-test-deployment","stage":"podscalable-add","keys":["default/kamera-test-deployment"]}
{"level":"info","ts":"2026-01-13T16:46:38-08:00","logger":"ConfigurationReconciler.seed","msg":"podscalable visible to lister","resource":"deployments","namespace":"default","name":"kamera-test-deployment","stage":"podscalable-lister","object":{"apiVersion":"autoscaling.internal.knative.dev/v1alpha1","kind":"PodScalable","namespace":"default","name":"kamera-test-deployment"}}
{"level":"info","ts":1768351598.081664,"logger":"fallback","caller":"configuration/configuration.go:106","msg":"Revision \"kamera-test\" of configuration is ready"}
{"level":"info","ts":"2026-01-13T16:46:38-08:00","logger":"ConfigurationReconciler.reconcile","msg":"reconcile completed","key":"default/demo","reconciler":"knative.dev.serving.pkg.reconciler.configuration.Reconciler","requeue":false,"requeueAfter":0}
{"level":"info","ts":"2026-01-13T16:46:38-08:00","logger":"tracecheck","msg":"Taking reconcile step","Depth":43,"# Distinct States":202,"Total States":203,"Resource States":47}
{"level":"info","ts":"2026-01-13T16:46:38-08:00","logger":"tracecheck","msg":"Taking reconcile step","Depth":44,"# Distinct States":203,"Total States":204,"Resource States":47}
{"level":"info","ts":"2026-01-13T16:46:38-08:00","logger":"tracecheck","msg":"Taking reconcile step","Depth":45,"# Distinct States":204,"Total States":205,"Resource States":47}
{"level":"info","ts":"2026-01-13T16:46:38-08:00","logger":"tracecheck","msg":"Updated ReplicaSet status","Depth":45,"# Distinct States":204,"Total States":205,"Resource States":47,"name":"kamera-test-deployment-1488584584"}
{"level":"info","ts":"2026-01-13T16:46:38-08:00","logger":"tracecheck","msg":"Taking reconcile step","Depth":46,"# Distinct States":205,"Total States":206,"Resource States":48}
{"level":"info","ts":"2026-01-13T16:46:38-08:00","logger":"KPAReconciler.seed","msg":"added podscalable to informer","resource":"deployments","namespace":"default","name":"kamera-test-deployment","stage":"podscalable-add","keys":["default/kamera-test-deployment"]}
{"level":"info","ts":"2026-01-13T16:46:38-08:00","logger":"KPAReconciler.seed","msg":"podscalable visible to lister","resource":"deployments","namespace":"default","name":"kamera-test-deployment","stage":"podscalable-lister","object":{"apiVersion":"autoscaling.internal.knative.dev/v1alpha1","kind":"PodScalable","namespace":"default","name":"kamera-test-deployment"}}
{"level":"info","ts":1768351598.209517,"logger":"fallback","caller":"kpa/controller.go:77","msg":"Setting up ConfigMap receivers"}
{"level":"info","ts":1768351598.2096288,"logger":"fallback","caller":"kpa/controller.go:91","msg":"Setting up KPA-Class event handlers"}
{"level":"info","ts":1768351598.209891,"logger":"fallback","caller":"kpa/scaler.go:229","msg":"Can deactivate PA, was active for 12s"}
{"level":"info","ts":1768351598.2099142,"logger":"fallback","caller":"kpa/kpa.go:158","msg":"SKS should be in Proxy mode: want = 0, ebc = 0, #act's = 2 PA Inactive? = false"}
{"level":"info","ts":1768351598.209936,"logger":"fallback","caller":"kpa/kpa.go:178","msg":"PA scale got=1, want=0, desiredPods=0 ebc=0"}
{"level":"info","ts":1768351598.2099452,"logger":"fallback","caller":"kpa/kpa.go:188","msg":"Observed pod counts=kpa.podCounts{want:0, ready:1, notReady:0, pending:0, terminating:0}"}
{"level":"info","ts":"2026-01-13T16:46:38-08:00","logger":"KPAReconciler.reconcile","msg":"reconcile completed","key":"default/kamera-test","reconciler":"knative.dev.serving.pkg.reconciler.autoscaling.kpa.Reconciler","requeue":false,"requeueAfter":0}
{"level":"info","ts":"2026-01-13T16:46:38-08:00","logger":"tracecheck","msg":"Taking reconcile step","Depth":47,"# Distinct States":206,"Total States":207,"Resource States":48}
{"level":"info","ts":"2026-01-13T16:46:38-08:00","logger":"RevisionReconciler.seed","msg":"added podscalable to informer","resource":"deployments","namespace":"default","name":"kamera-test-deployment","stage":"podscalable-add","keys":["default/kamera-test-deployment"]}
{"level":"info","ts":"2026-01-13T16:46:38-08:00","logger":"RevisionReconciler.seed","msg":"podscalable visible to lister","resource":"deployments","namespace":"default","name":"kamera-test-deployment","stage":"podscalable-lister","object":{"apiVersion":"autoscaling.internal.knative.dev/v1alpha1","kind":"PodScalable","namespace":"default","name":"kamera-test-deployment"}}
{"level":"error","ts":1768351598.31733,"logger":"fallback","caller":"revision/controller.go:116","msg":"Failed to create resolver transport","error":"open /var/run/secrets/kubernetes.io/serviceaccount/ca.crt: no such file or directory","stacktrace":"knative.dev/serving/pkg/reconciler/revision.newControllerWithOptions\n\t/Users/tgoodwin/tmp/gomodcache/knative.dev/serving@v0.46.5/pkg/reconciler/revision/controller.go:116\nknative.dev/serving/pkg/reconciler/revision.NewController\n\t/Users/tgoodwin/tmp/gomodcache/knative.dev/serving@v0.46.5/pkg/reconciler/revision/controller.go:64\nmain.configureKnativeExplorer.func1.1\n\t/Users/tgoodwin/projects/kamera/examples/knative-serving/scenario.go:91\ngithub.com/tgoodwin/kamera/examples/knative-serving/knative.NewKnativeStrategy.func1\n\t/Users/tgoodwin/projects/kamera/examples/knative-serving/knative/harness.go:555\ngithub.com/tgoodwin/kamera/examples/knative-serving/knative.(*KnativeStrategy).ReconcileAtState\n\t/Users/tgoodwin/projects/kamera/examples/knative-serving/knative/harness.go:895\ngithub.com/tgoodwin/kamera/pkg/tracecheck.(*ReconcilerContainer).doReconcile\n\t/Users/tgoodwin/projects/kamera/pkg/tracecheck/reconciler.go:164\ngithub.com/tgoodwin/kamera/pkg/tracecheck.(*Explorer).reconcileAtState\n\t/Users/tgoodwin/projects/kamera/pkg/tracecheck/explore.go:1313\ngithub.com/tgoodwin/kamera/pkg/tracecheck.(*Explorer).takeReconcileStep\n\t/Users/tgoodwin/projects/kamera/pkg/tracecheck/explore.go:1228\ngithub.com/tgoodwin/kamera/pkg/tracecheck.(*Explorer).explore\n\t/Users/tgoodwin/projects/kamera/pkg/tracecheck/explore.go:790\ngithub.com/tgoodwin/kamera/pkg/tracecheck.(*Explorer).Explore.func1\n\t/Users/tgoodwin/projects/kamera/pkg/tracecheck/explore.go:330"}
{"level":"info","ts":1768351598.317653,"logger":"fallback","caller":"revision/reconcile_resources.go:161","msg":"Reconciling PA: kamera-test"}
{"level":"info","ts":"2026-01-13T16:46:38-08:00","logger":"RevisionReconciler.reconcile","msg":"reconcile completed","key":"default/kamera-test","reconciler":"knative.dev.serving.pkg.reconciler.revision.Reconciler","requeue":false,"requeueAfter":0}
{"level":"info","ts":"2026-01-13T16:46:38-08:00","logger":"tracecheck","msg":"Taking reconcile step","Depth":48,"# Distinct States":207,"Total States":208,"Resource States":48}
{"level":"info","ts":"2026-01-13T16:46:38-08:00","logger":"ConfigurationReconciler.seed","msg":"added podscalable to informer","resource":"deployments","namespace":"default","name":"kamera-test-deployment","stage":"podscalable-add","keys":["default/kamera-test-deployment"]}
{"level":"info","ts":"2026-01-13T16:46:38-08:00","logger":"ConfigurationReconciler.seed","msg":"podscalable visible to lister","resource":"deployments","namespace":"default","name":"kamera-test-deployment","stage":"podscalable-lister","object":{"apiVersion":"autoscaling.internal.knative.dev/v1alpha1","kind":"PodScalable","namespace":"default","name":"kamera-test-deployment"}}
{"level":"info","ts":1768351598.424299,"logger":"fallback","caller":"configuration/configuration.go:106","msg":"Revision \"kamera-test\" of configuration is ready"}
{"level":"info","ts":"2026-01-13T16:46:38-08:00","logger":"ConfigurationReconciler.reconcile","msg":"reconcile completed","key":"default/demo","reconciler":"knative.dev.serving.pkg.reconciler.configuration.Reconciler","requeue":false,"requeueAfter":0}
{"level":"info","ts":"2026-01-13T16:46:38-08:00","logger":"tracecheck","msg":"Taking reconcile step","Depth":49,"# Distinct States":208,"Total States":209,"Resource States":48}
{"level":"info","ts":"2026-01-13T16:46:38-08:00","logger":"RouteReconciler.seed","msg":"added podscalable to informer","resource":"deployments","namespace":"default","name":"kamera-test-deployment","stage":"podscalable-add","keys":["default/kamera-test-deployment"]}
{"level":"info","ts":"2026-01-13T16:46:38-08:00","logger":"RouteReconciler.seed","msg":"podscalable visible to lister","resource":"deployments","namespace":"default","name":"kamera-test-deployment","stage":"podscalable-lister","object":{"apiVersion":"autoscaling.internal.knative.dev/v1alpha1","kind":"PodScalable","namespace":"default","name":"kamera-test-deployment"}}
{"level":"info","ts":1768351598.530773,"logger":"fallback","caller":"route/route.go:465","msg":"Revision default/kamera-test is inactive"}
{"level":"info","ts":1768351598.5307992,"logger":"fallback","caller":"route/route.go:487","msg":"All referred targets are routable, marking AllTrafficAssigned with traffic information."}
{"level":"info","ts":1768351598.530817,"logger":"fallback","caller":"route/route.go:140","msg":"Creating placeholder k8s services"}
{"level":"info","ts":1768351598.530993,"logger":"fallback","caller":"route/reconcile_resources.go:179","msg":"Created service demo"}
{"level":"info","ts":1768351598.531258,"logger":"fallback","caller":"route/route.go:176","msg":"Updating placeholder k8s services with ingress information"}
{"level":"warn","ts":1768351598.531279,"logger":"fallback","caller":"route/reconcile_resources.go:228","msg":"Failed to update k8s service","error":"failed to fetch loadbalancer domain/IP from ingress status"}
{"level":"info","ts":1768351598.53129,"logger":"fallback","caller":"route/route.go:198","msg":"Route successfully synced"}
{"level":"info","ts":"2026-01-13T16:46:38-08:00","logger":"RouteReconciler.reconcile","msg":"reconcile completed","key":"default/demo","reconciler":"knative.dev.serving.pkg.reconciler.route.Reconciler","requeue":false,"requeueAfter":0}
{"level":"info","ts":"2026-01-13T16:46:38-08:00","logger":"tracecheck","msg":"Taking reconcile step","Depth":50,"# Distinct States":209,"Total States":210,"Resource States":49}
{"level":"info","ts":"2026-01-13T16:46:38-08:00","logger":"ServiceReconciler.seed","msg":"added podscalable to informer","resource":"deployments","namespace":"default","name":"kamera-test-deployment","stage":"podscalable-add","keys":["default/kamera-test-deployment"]}
{"level":"info","ts":"2026-01-13T16:46:38-08:00","logger":"ServiceReconciler.seed","msg":"podscalable visible to lister","resource":"deployments","namespace":"default","name":"kamera-test-deployment","stage":"podscalable-lister","object":{"apiVersion":"autoscaling.internal.knative.dev/v1alpha1","kind":"PodScalable","namespace":"default","name":"kamera-test-deployment"}}
{"level":"info","ts":1768351598.6408188,"logger":"fallback","caller":"service/service.go:171","msg":"Service reconciler fetching Route from lister: name=demo, namespace=default"}
{"level":"info","ts":1768351598.640855,"logger":"fallback","caller":"service/service.go:174","msg":"Service reconciler got Route from lister: name=demo, Generation=1, ObservedGeneration=1, ResourceVersion="}
{"level":"info","ts":1768351598.640893,"logger":"fallback","caller":"service/service.go:126","msg":"Service reconciler checking Route: name=demo, Generation=1, ObservedGeneration=1, Ready=Unknown (reason=IngressNotConfigured, message=Ingress has not yet been reconciled.), generationMatch=true, routeResourceVersion="}
{"level":"info","ts":1768351598.640905,"logger":"fallback","caller":"service/service.go:136","msg":"Service reconciler calling PropagateRouteStatus() because Generation == ObservedGeneration"}
{"level":"info","ts":"2026-01-13T16:46:38-08:00","logger":"ServiceReconciler.reconcile","msg":"reconcile completed","key":"default/demo","reconciler":"knative.dev.serving.pkg.reconciler.service.Reconciler","requeue":false,"requeueAfter":0}
{"level":"info","ts":"2026-01-13T16:46:38-08:00","logger":"tracecheck","msg":"Taking reconcile step","Depth":51,"# Distinct States":210,"Total States":211,"Resource States":50}
{"level":"info","ts":"2026-01-13T16:46:38-08:00","logger":"tracecheck","msg":"Updated Deployment status","Depth":51,"# Distinct States":210,"Total States":211,"Resource States":50,"name":"kamera-test-deployment"}
{"level":"info","ts":"2026-01-13T16:46:38-08:00","logger":"tracecheck","msg":"Taking reconcile step","Depth":52,"# Distinct States":211,"Total States":212,"Resource States":51}
{"level":"info","ts":"2026-01-13T16:46:38-08:00","logger":"tracecheck","msg":"Taking reconcile step","Depth":53,"# Distinct States":212,"Total States":213,"Resource States":51}
{"level":"info","ts":"2026-01-13T16:46:38-08:00","logger":"KPAReconciler.seed","msg":"added podscalable to informer","resource":"deployments","namespace":"default","name":"kamera-test-deployment","stage":"podscalable-add","keys":["default/kamera-test-deployment"]}
{"level":"info","ts":"2026-01-13T16:46:38-08:00","logger":"KPAReconciler.seed","msg":"podscalable visible to lister","resource":"deployments","namespace":"default","name":"kamera-test-deployment","stage":"podscalable-lister","object":{"apiVersion":"autoscaling.internal.knative.dev/v1alpha1","kind":"PodScalable","namespace":"default","name":"kamera-test-deployment"}}
{"level":"info","ts":1768351598.760911,"logger":"fallback","caller":"kpa/controller.go:77","msg":"Setting up ConfigMap receivers"}
{"level":"info","ts":1768351598.761044,"logger":"fallback","caller":"kpa/controller.go:91","msg":"Setting up KPA-Class event handlers"}
{"level":"info","ts":1768351598.7611551,"logger":"fallback","caller":"kpa/scaler.go:379","msg":"Scaling from 1 to 0"}
{"level":"info","ts":1768351598.7631512,"logger":"fallback","caller":"kpa/kpa.go:158","msg":"SKS should be in Proxy mode: want = 0, ebc = 0, #act's = 2 PA Inactive? = true"}
{"level":"info","ts":1768351598.763173,"logger":"fallback","caller":"kpa/kpa.go:178","msg":"PA scale got=1, want=0, desiredPods=0 ebc=0"}
{"level":"info","ts":1768351598.763181,"logger":"fallback","caller":"kpa/kpa.go:188","msg":"Observed pod counts=kpa.podCounts{want:0, ready:1, notReady:0, pending:0, terminating:0}"}
{"level":"info","ts":"2026-01-13T16:46:38-08:00","logger":"KPAReconciler.reconcile","msg":"reconcile completed","key":"default/kamera-test","reconciler":"knative.dev.serving.pkg.reconciler.autoscaling.kpa.Reconciler","requeue":false,"requeueAfter":0}
{"level":"info","ts":"2026-01-13T16:46:38-08:00","logger":"tracecheck","msg":"Taking reconcile step","Depth":54,"# Distinct States":213,"Total States":214,"Resource States":51}
{"level":"info","ts":"2026-01-13T16:46:38-08:00","logger":"tracecheck","msg":"Taking reconcile step","Depth":55,"# Distinct States":214,"Total States":215,"Resource States":51}
{"level":"info","ts":"2026-01-13T16:46:38-08:00","logger":"RevisionReconciler.seed","msg":"added podscalable to informer","resource":"deployments","namespace":"default","name":"kamera-test-deployment","stage":"podscalable-add","keys":["default/kamera-test-deployment"]}
{"level":"info","ts":"2026-01-13T16:46:38-08:00","logger":"RevisionReconciler.seed","msg":"podscalable visible to lister","resource":"deployments","namespace":"default","name":"kamera-test-deployment","stage":"podscalable-lister","object":{"apiVersion":"autoscaling.internal.knative.dev/v1alpha1","kind":"PodScalable","namespace":"default","name":"kamera-test-deployment"}}
{"level":"error","ts":1768351598.8755069,"logger":"fallback","caller":"revision/controller.go:116","msg":"Failed to create resolver transport","error":"open /var/run/secrets/kubernetes.io/serviceaccount/ca.crt: no such file or directory","stacktrace":"knative.dev/serving/pkg/reconciler/revision.newControllerWithOptions\n\t/Users/tgoodwin/tmp/gomodcache/knative.dev/serving@v0.46.5/pkg/reconciler/revision/controller.go:116\nknative.dev/serving/pkg/reconciler/revision.NewController\n\t/Users/tgoodwin/tmp/gomodcache/knative.dev/serving@v0.46.5/pkg/reconciler/revision/controller.go:64\nmain.configureKnativeExplorer.func1.1\n\t/Users/tgoodwin/projects/kamera/examples/knative-serving/scenario.go:91\ngithub.com/tgoodwin/kamera/examples/knative-serving/knative.NewKnativeStrategy.func1\n\t/Users/tgoodwin/projects/kamera/examples/knative-serving/knative/harness.go:555\ngithub.com/tgoodwin/kamera/examples/knative-serving/knative.(*KnativeStrategy).ReconcileAtState\n\t/Users/tgoodwin/projects/kamera/examples/knative-serving/knative/harness.go:895\ngithub.com/tgoodwin/kamera/pkg/tracecheck.(*ReconcilerContainer).doReconcile\n\t/Users/tgoodwin/projects/kamera/pkg/tracecheck/reconciler.go:164\ngithub.com/tgoodwin/kamera/pkg/tracecheck.(*Explorer).reconcileAtState\n\t/Users/tgoodwin/projects/kamera/pkg/tracecheck/explore.go:1313\ngithub.com/tgoodwin/kamera/pkg/tracecheck.(*Explorer).takeReconcileStep\n\t/Users/tgoodwin/projects/kamera/pkg/tracecheck/explore.go:1228\ngithub.com/tgoodwin/kamera/pkg/tracecheck.(*Explorer).explore\n\t/Users/tgoodwin/projects/kamera/pkg/tracecheck/explore.go:790\ngithub.com/tgoodwin/kamera/pkg/tracecheck.(*Explorer).Explore.func1\n\t/Users/tgoodwin/projects/kamera/pkg/tracecheck/explore.go:330"}
{"level":"info","ts":1768351598.87599,"logger":"fallback","caller":"revision/reconcile_resources.go:161","msg":"Reconciling PA: kamera-test"}
{"level":"info","ts":"2026-01-13T16:46:38-08:00","logger":"RevisionReconciler.reconcile","msg":"reconcile completed","key":"default/kamera-test","reconciler":"knative.dev.serving.pkg.reconciler.revision.Reconciler","requeue":false,"requeueAfter":0}
{"level":"info","ts":"2026-01-13T16:46:38-08:00","logger":"tracecheck","msg":"Taking reconcile step","Depth":56,"# Distinct States":215,"Total States":216,"Resource States":51}
{"level":"info","ts":"2026-01-13T16:46:38-08:00","logger":"tracecheck","msg":"Taking reconcile step","Depth":57,"# Distinct States":216,"Total States":217,"Resource States":51}
{"level":"info","ts":"2026-01-13T16:46:38-08:00","logger":"tracecheck","msg":"Taking reconcile step","Depth":58,"# Distinct States":217,"Total States":218,"Resource States":52}
{"level":"info","ts":"2026-01-13T16:46:38-08:00","logger":"RouteReconciler.seed","msg":"added podscalable to informer","resource":"deployments","namespace":"default","name":"kamera-test-deployment","stage":"podscalable-add","keys":["default/kamera-test-deployment"]}
{"level":"info","ts":"2026-01-13T16:46:38-08:00","logger":"RouteReconciler.seed","msg":"podscalable visible to lister","resource":"deployments","namespace":"default","name":"kamera-test-deployment","stage":"podscalable-lister","object":{"apiVersion":"autoscaling.internal.knative.dev/v1alpha1","kind":"PodScalable","namespace":"default","name":"kamera-test-deployment"}}
{"level":"info","ts":1768351598.9886909,"logger":"fallback","caller":"route/route.go:465","msg":"Revision default/kamera-test is inactive"}
{"level":"info","ts":1768351598.9887161,"logger":"fallback","caller":"route/route.go:487","msg":"All referred targets are routable, marking AllTrafficAssigned with traffic information."}
{"level":"info","ts":1768351598.988755,"logger":"fallback","caller":"route/route.go:140","msg":"Creating placeholder k8s services"}
{"level":"info","ts":1768351598.988852,"logger":"fallback","caller":"route/route.go:176","msg":"Updating placeholder k8s services with ingress information"}
{"level":"info","ts":1768351598.989069,"logger":"fallback","caller":"route/route.go:198","msg":"Route successfully synced"}
{"level":"info","ts":"2026-01-13T16:46:38-08:00","logger":"RouteReconciler.reconcile","msg":"reconcile completed","key":"default/demo","reconciler":"knative.dev.serving.pkg.reconciler.route.Reconciler","requeue":false,"requeueAfter":0}
{"level":"info","ts":"2026-01-13T16:46:38-08:00","logger":"tracecheck","msg":"Taking reconcile step","Depth":59,"# Distinct States":218,"Total States":219,"Resource States":53}
{"level":"info","ts":"2026-01-13T16:46:38-08:00","logger":"tracecheck","msg":"Taking reconcile step","Depth":60,"# Distinct States":219,"Total States":220,"Resource States":53}
{"level":"info","ts":"2026-01-13T16:46:39-08:00","logger":"ServiceReconciler.seed","msg":"added podscalable to informer","resource":"deployments","namespace":"default","name":"kamera-test-deployment","stage":"podscalable-add","keys":["default/kamera-test-deployment"]}
{"level":"info","ts":"2026-01-13T16:46:39-08:00","logger":"ServiceReconciler.seed","msg":"podscalable visible to lister","resource":"deployments","namespace":"default","name":"kamera-test-deployment","stage":"podscalable-lister","object":{"apiVersion":"autoscaling.internal.knative.dev/v1alpha1","kind":"PodScalable","namespace":"default","name":"kamera-test-deployment"}}
{"level":"info","ts":1768351599.099582,"logger":"fallback","caller":"service/service.go:171","msg":"Service reconciler fetching Route from lister: name=demo, namespace=default"}
{"level":"info","ts":1768351599.099602,"logger":"fallback","caller":"service/service.go:174","msg":"Service reconciler got Route from lister: name=demo, Generation=1, ObservedGeneration=1, ResourceVersion="}
{"level":"info","ts":1768351599.0996292,"logger":"fallback","caller":"service/service.go:126","msg":"Service reconciler checking Route: name=demo, Generation=1, ObservedGeneration=1, Ready=True (reason=, message=), generationMatch=true, routeResourceVersion="}
{"level":"info","ts":1768351599.099638,"logger":"fallback","caller":"service/service.go:136","msg":"Service reconciler calling PropagateRouteStatus() because Generation == ObservedGeneration"}
{"level":"info","ts":"2026-01-13T16:46:39-08:00","logger":"ServiceReconciler.reconcile","msg":"reconcile completed","key":"default/demo","reconciler":"knative.dev.serving.pkg.reconciler.service.Reconciler","requeue":false,"requeueAfter":0}
{"level":"info","ts":"2026-01-13T16:46:39-08:00","logger":"tracecheck","msg":"Taking reconcile step","Depth":61,"# Distinct States":220,"Total States":221,"Resource States":54}
{"level":"info","ts":"2026-01-13T16:46:39-08:00","logger":"tracecheck","msg":"Updated Deployment status","Depth":61,"# Distinct States":220,"Total States":221,"Resource States":54,"name":"kamera-test-deployment"}
{"level":"info","ts":"2026-01-13T16:46:39-08:00","logger":"tracecheck","msg":"Taking reconcile step","Depth":62,"# Distinct States":221,"Total States":222,"Resource States":54}
{"level":"info","ts":"2026-01-13T16:46:39-08:00","logger":"KPAReconciler.seed","msg":"added podscalable to informer","resource":"deployments","namespace":"default","name":"kamera-test-deployment","stage":"podscalable-add","keys":["default/kamera-test-deployment"]}
{"level":"info","ts":"2026-01-13T16:46:39-08:00","logger":"KPAReconciler.seed","msg":"podscalable visible to lister","resource":"deployments","namespace":"default","name":"kamera-test-deployment","stage":"podscalable-lister","object":{"apiVersion":"autoscaling.internal.knative.dev/v1alpha1","kind":"PodScalable","namespace":"default","name":"kamera-test-deployment"}}
{"level":"info","ts":1768351599.21854,"logger":"fallback","caller":"kpa/controller.go:77","msg":"Setting up ConfigMap receivers"}
{"level":"info","ts":1768351599.21865,"logger":"fallback","caller":"kpa/controller.go:91","msg":"Setting up KPA-Class event handlers"}
{"level":"info","ts":1768351599.218771,"logger":"fallback","caller":"kpa/kpa.go:158","msg":"SKS should be in Proxy mode: want = 0, ebc = 0, #act's = 2 PA Inactive? = true"}
{"level":"info","ts":1768351599.218793,"logger":"fallback","caller":"kpa/kpa.go:178","msg":"PA scale got=1, want=0, desiredPods=0 ebc=0"}
{"level":"info","ts":1768351599.218802,"logger":"fallback","caller":"kpa/kpa.go:188","msg":"Observed pod counts=kpa.podCounts{want:0, ready:1, notReady:0, pending:0, terminating:0}"}
{"level":"info","ts":"2026-01-13T16:46:39-08:00","logger":"KPAReconciler.reconcile","msg":"reconcile completed","key":"default/kamera-test","reconciler":"knative.dev.serving.pkg.reconciler.autoscaling.kpa.Reconciler","requeue":false,"requeueAfter":0}
{"level":"info","ts":"2026-01-13T16:46:39-08:00","logger":"tracecheck","msg":"Taking reconcile step","Depth":63,"# Distinct States":222,"Total States":223,"Resource States":54}
{"level":"info","ts":"2026-01-13T16:46:39-08:00","logger":"tracecheck","msg":"Taking reconcile step","Depth":64,"# Distinct States":223,"Total States":224,"Resource States":54}
{"level":"info","ts":"2026-01-13T16:46:39-08:00","logger":"tracecheck","msg":"Taking reconcile step","Depth":65,"# Distinct States":224,"Total States":225,"Resource States":54}
{"level":"info","ts":"2026-01-13T16:46:39-08:00","logger":"RouteReconciler.seed","msg":"added podscalable to informer","resource":"deployments","namespace":"default","name":"kamera-test-deployment","stage":"podscalable-add","keys":["default/kamera-test-deployment"]}
{"level":"info","ts":"2026-01-13T16:46:39-08:00","logger":"RouteReconciler.seed","msg":"podscalable visible to lister","resource":"deployments","namespace":"default","name":"kamera-test-deployment","stage":"podscalable-lister","object":{"apiVersion":"autoscaling.internal.knative.dev/v1alpha1","kind":"PodScalable","namespace":"default","name":"kamera-test-deployment"}}
{"level":"info","ts":1768351599.3288991,"logger":"fallback","caller":"route/route.go:465","msg":"Revision default/kamera-test is inactive"}
{"level":"info","ts":1768351599.328924,"logger":"fallback","caller":"route/route.go:487","msg":"All referred targets are routable, marking AllTrafficAssigned with traffic information."}
{"level":"info","ts":1768351599.328938,"logger":"fallback","caller":"route/route.go:140","msg":"Creating placeholder k8s services"}
{"level":"info","ts":1768351599.329024,"logger":"fallback","caller":"route/route.go:176","msg":"Updating placeholder k8s services with ingress information"}
{"level":"info","ts":1768351599.329068,"logger":"fallback","caller":"route/route.go:198","msg":"Route successfully synced"}
{"level":"info","ts":"2026-01-13T16:46:39-08:00","logger":"RouteReconciler.reconcile","msg":"reconcile completed","key":"default/demo","reconciler":"knative.dev.serving.pkg.reconciler.route.Reconciler","requeue":false,"requeueAfter":0}
{"level":"info","ts":"2026-01-13T16:46:39-08:00","logger":"tracecheck","msg":"Taking reconcile step","Depth":66,"# Distinct States":225,"Total States":226,"Resource States":54}
{"level":"info","ts":"2026-01-13T16:46:39-08:00","logger":"ServiceReconciler.seed","msg":"added podscalable to informer","resource":"deployments","namespace":"default","name":"kamera-test-deployment","stage":"podscalable-add","keys":["default/kamera-test-deployment"]}
{"level":"info","ts":"2026-01-13T16:46:39-08:00","logger":"ServiceReconciler.seed","msg":"podscalable visible to lister","resource":"deployments","namespace":"default","name":"kamera-test-deployment","stage":"podscalable-lister","object":{"apiVersion":"autoscaling.internal.knative.dev/v1alpha1","kind":"PodScalable","namespace":"default","name":"kamera-test-deployment"}}
{"level":"info","ts":1768351599.436406,"logger":"fallback","caller":"service/service.go:171","msg":"Service reconciler fetching Route from lister: name=demo, namespace=default"}
{"level":"info","ts":1768351599.4364312,"logger":"fallback","caller":"service/service.go:174","msg":"Service reconciler got Route from lister: name=demo, Generation=1, ObservedGeneration=1, ResourceVersion="}
{"level":"info","ts":1768351599.436459,"logger":"fallback","caller":"service/service.go:126","msg":"Service reconciler checking Route: name=demo, Generation=1, ObservedGeneration=1, Ready=True (reason=, message=), generationMatch=true, routeResourceVersion="}
{"level":"info","ts":1768351599.436468,"logger":"fallback","caller":"service/service.go:136","msg":"Service reconciler calling PropagateRouteStatus() because Generation == ObservedGeneration"}
{"level":"info","ts":"2026-01-13T16:46:39-08:00","logger":"ServiceReconciler.reconcile","msg":"reconcile completed","key":"default/demo","reconciler":"knative.dev.serving.pkg.reconciler.service.Reconciler","requeue":false,"requeueAfter":0}
{"level":"info","ts":"2026-01-13T16:46:39-08:00","logger":"tracecheck","msg":"Taking reconcile step","Depth":67,"# Distinct States":226,"Total States":227,"Resource States":54}
{"level":"info","ts":"2026-01-13T16:46:39-08:00","logger":"tracecheck","msg":"Taking reconcile step","Depth":68,"# Distinct States":227,"Total States":228,"Resource States":54}
{"level":"info","ts":"2026-01-13T16:46:39-08:00","logger":"tracecheck","msg":"Deleting pods","Depth":68,"# Distinct States":227,"Total States":228,"Resource States":54,"count":1}
{"level":"info","ts":"2026-01-13T16:46:39-08:00","logger":"tracecheck","msg":"Taking reconcile step","Depth":69,"# Distinct States":228,"Total States":229,"Resource States":54}
{"level":"info","ts":"2026-01-13T16:46:39-08:00","logger":"tracecheck","msg":"Taking reconcile step","Depth":70,"# Distinct States":229,"Total States":230,"Resource States":54}
{"level":"info","ts":"2026-01-13T16:46:39-08:00","logger":"RevisionReconciler.seed","msg":"added podscalable to informer","resource":"deployments","namespace":"default","name":"kamera-test-deployment","stage":"podscalable-add","keys":["default/kamera-test-deployment"]}
{"level":"info","ts":"2026-01-13T16:46:39-08:00","logger":"RevisionReconciler.seed","msg":"podscalable visible to lister","resource":"deployments","namespace":"default","name":"kamera-test-deployment","stage":"podscalable-lister","object":{"apiVersion":"autoscaling.internal.knative.dev/v1alpha1","kind":"PodScalable","namespace":"default","name":"kamera-test-deployment"}}
{"level":"error","ts":1768351599.552376,"logger":"fallback","caller":"revision/controller.go:116","msg":"Failed to create resolver transport","error":"open /var/run/secrets/kubernetes.io/serviceaccount/ca.crt: no such file or directory","stacktrace":"knative.dev/serving/pkg/reconciler/revision.newControllerWithOptions\n\t/Users/tgoodwin/tmp/gomodcache/knative.dev/serving@v0.46.5/pkg/reconciler/revision/controller.go:116\nknative.dev/serving/pkg/reconciler/revision.NewController\n\t/Users/tgoodwin/tmp/gomodcache/knative.dev/serving@v0.46.5/pkg/reconciler/revision/controller.go:64\nmain.configureKnativeExplorer.func1.1\n\t/Users/tgoodwin/projects/kamera/examples/knative-serving/scenario.go:91\ngithub.com/tgoodwin/kamera/examples/knative-serving/knative.NewKnativeStrategy.func1\n\t/Users/tgoodwin/projects/kamera/examples/knative-serving/knative/harness.go:555\ngithub.com/tgoodwin/kamera/examples/knative-serving/knative.(*KnativeStrategy).ReconcileAtState\n\t/Users/tgoodwin/projects/kamera/examples/knative-serving/knative/harness.go:895\ngithub.com/tgoodwin/kamera/pkg/tracecheck.(*ReconcilerContainer).doReconcile\n\t/Users/tgoodwin/projects/kamera/pkg/tracecheck/reconciler.go:164\ngithub.com/tgoodwin/kamera/pkg/tracecheck.(*Explorer).reconcileAtState\n\t/Users/tgoodwin/projects/kamera/pkg/tracecheck/explore.go:1313\ngithub.com/tgoodwin/kamera/pkg/tracecheck.(*Explorer).takeReconcileStep\n\t/Users/tgoodwin/projects/kamera/pkg/tracecheck/explore.go:1228\ngithub.com/tgoodwin/kamera/pkg/tracecheck.(*Explorer).explore\n\t/Users/tgoodwin/projects/kamera/pkg/tracecheck/explore.go:790\ngithub.com/tgoodwin/kamera/pkg/tracecheck.(*Explorer).Explore.func1\n\t/Users/tgoodwin/projects/kamera/pkg/tracecheck/explore.go:330"}
{"level":"info","ts":1768351599.552694,"logger":"fallback","caller":"revision/reconcile_resources.go:161","msg":"Reconciling PA: kamera-test"}
{"level":"info","ts":"2026-01-13T16:46:39-08:00","logger":"RevisionReconciler.reconcile","msg":"reconcile completed","key":"default/kamera-test","reconciler":"knative.dev.serving.pkg.reconciler.revision.Reconciler","requeue":false,"requeueAfter":0}
{"level":"info","ts":"2026-01-13T16:46:39-08:00","logger":"tracecheck","msg":"Taking reconcile step","Depth":71,"# Distinct States":230,"Total States":231,"Resource States":54}
{"level":"info","ts":"2026-01-13T16:46:39-08:00","logger":"KPAReconciler.seed","msg":"added podscalable to informer","resource":"deployments","namespace":"default","name":"kamera-test-deployment","stage":"podscalable-add","keys":["default/kamera-test-deployment"]}
{"level":"info","ts":"2026-01-13T16:46:39-08:00","logger":"KPAReconciler.seed","msg":"podscalable visible to lister","resource":"deployments","namespace":"default","name":"kamera-test-deployment","stage":"podscalable-lister","object":{"apiVersion":"autoscaling.internal.knative.dev/v1alpha1","kind":"PodScalable","namespace":"default","name":"kamera-test-deployment"}}
{"level":"info","ts":1768351599.659265,"logger":"fallback","caller":"kpa/controller.go:77","msg":"Setting up ConfigMap receivers"}
{"level":"info","ts":1768351599.65936,"logger":"fallback","caller":"kpa/controller.go:91","msg":"Setting up KPA-Class event handlers"}
{"level":"info","ts":1768351599.659484,"logger":"fallback","caller":"kpa/kpa.go:158","msg":"SKS should be in Proxy mode: want = 0, ebc = 0, #act's = 2 PA Inactive? = true"}
{"level":"info","ts":1768351599.6595058,"logger":"fallback","caller":"kpa/kpa.go:178","msg":"PA scale got=0, want=0, desiredPods=0 ebc=0"}
{"level":"info","ts":1768351599.659518,"logger":"fallback","caller":"kpa/kpa.go:188","msg":"Observed pod counts=kpa.podCounts{want:0, ready:0, notReady:1, pending:0, terminating:1}"}
{"level":"info","ts":"2026-01-13T16:46:39-08:00","logger":"KPAReconciler.reconcile","msg":"reconcile completed","key":"default/kamera-test","reconciler":"knative.dev.serving.pkg.reconciler.autoscaling.kpa.Reconciler","requeue":false,"requeueAfter":0}
{"level":"info","ts":"2026-01-13T16:46:39-08:00","logger":"tracecheck","msg":"Taking reconcile step","Depth":72,"# Distinct States":231,"Total States":232,"Resource States":54}
{"level":"info","ts":"2026-01-13T16:46:39-08:00","logger":"RevisionReconciler.seed","msg":"added podscalable to informer","resource":"deployments","namespace":"default","name":"kamera-test-deployment","stage":"podscalable-add","keys":["default/kamera-test-deployment"]}
{"level":"info","ts":"2026-01-13T16:46:39-08:00","logger":"RevisionReconciler.seed","msg":"podscalable visible to lister","resource":"deployments","namespace":"default","name":"kamera-test-deployment","stage":"podscalable-lister","object":{"apiVersion":"autoscaling.internal.knative.dev/v1alpha1","kind":"PodScalable","namespace":"default","name":"kamera-test-deployment"}}
{"level":"error","ts":1768351599.7680519,"logger":"fallback","caller":"revision/controller.go:116","msg":"Failed to create resolver transport","error":"open /var/run/secrets/kubernetes.io/serviceaccount/ca.crt: no such file or directory","stacktrace":"knative.dev/serving/pkg/reconciler/revision.newControllerWithOptions\n\t/Users/tgoodwin/tmp/gomodcache/knative.dev/serving@v0.46.5/pkg/reconciler/revision/controller.go:116\nknative.dev/serving/pkg/reconciler/revision.NewController\n\t/Users/tgoodwin/tmp/gomodcache/knative.dev/serving@v0.46.5/pkg/reconciler/revision/controller.go:64\nmain.configureKnativeExplorer.func1.1\n\t/Users/tgoodwin/projects/kamera/examples/knative-serving/scenario.go:91\ngithub.com/tgoodwin/kamera/examples/knative-serving/knative.NewKnativeStrategy.func1\n\t/Users/tgoodwin/projects/kamera/examples/knative-serving/knative/harness.go:555\ngithub.com/tgoodwin/kamera/examples/knative-serving/knative.(*KnativeStrategy).ReconcileAtState\n\t/Users/tgoodwin/projects/kamera/examples/knative-serving/knative/harness.go:895\ngithub.com/tgoodwin/kamera/pkg/tracecheck.(*ReconcilerContainer).doReconcile\n\t/Users/tgoodwin/projects/kamera/pkg/tracecheck/reconciler.go:164\ngithub.com/tgoodwin/kamera/pkg/tracecheck.(*Explorer).reconcileAtState\n\t/Users/tgoodwin/projects/kamera/pkg/tracecheck/explore.go:1313\ngithub.com/tgoodwin/kamera/pkg/tracecheck.(*Explorer).takeReconcileStep\n\t/Users/tgoodwin/projects/kamera/pkg/tracecheck/explore.go:1228\ngithub.com/tgoodwin/kamera/pkg/tracecheck.(*Explorer).explore\n\t/Users/tgoodwin/projects/kamera/pkg/tracecheck/explore.go:790\ngithub.com/tgoodwin/kamera/pkg/tracecheck.(*Explorer).Explore.func1\n\t/Users/tgoodwin/projects/kamera/pkg/tracecheck/explore.go:330"}
{"level":"info","ts":1768351599.768466,"logger":"fallback","caller":"revision/reconcile_resources.go:161","msg":"Reconciling PA: kamera-test"}
{"level":"info","ts":"2026-01-13T16:46:39-08:00","logger":"RevisionReconciler.reconcile","msg":"reconcile completed","key":"default/kamera-test","reconciler":"knative.dev.serving.pkg.reconciler.revision.Reconciler","requeue":false,"requeueAfter":0}
{"level":"info","ts":"2026-01-13T16:46:39-08:00","logger":"tracecheck","msg":"Taking reconcile step","Depth":62,"# Distinct States":232,"Total States":233,"Resource States":54}
{"level":"info","ts":"2026-01-13T16:46:39-08:00","logger":"RevisionReconciler.seed","msg":"added podscalable to informer","resource":"deployments","namespace":"default","name":"kamera-test-deployment","stage":"podscalable-add","keys":["default/kamera-test-deployment"]}
{"level":"info","ts":"2026-01-13T16:46:39-08:00","logger":"RevisionReconciler.seed","msg":"podscalable visible to lister","resource":"deployments","namespace":"default","name":"kamera-test-deployment","stage":"podscalable-lister","object":{"apiVersion":"autoscaling.internal.knative.dev/v1alpha1","kind":"PodScalable","namespace":"default","name":"kamera-test-deployment"}}
{"level":"error","ts":1768351599.8782458,"logger":"fallback","caller":"revision/controller.go:116","msg":"Failed to create resolver transport","error":"open /var/run/secrets/kubernetes.io/serviceaccount/ca.crt: no such file or directory","stacktrace":"knative.dev/serving/pkg/reconciler/revision.newControllerWithOptions\n\t/Users/tgoodwin/tmp/gomodcache/knative.dev/serving@v0.46.5/pkg/reconciler/revision/controller.go:116\nknative.dev/serving/pkg/reconciler/revision.NewController\n\t/Users/tgoodwin/tmp/gomodcache/knative.dev/serving@v0.46.5/pkg/reconciler/revision/controller.go:64\nmain.configureKnativeExplorer.func1.1\n\t/Users/tgoodwin/projects/kamera/examples/knative-serving/scenario.go:91\ngithub.com/tgoodwin/kamera/examples/knative-serving/knative.NewKnativeStrategy.func1\n\t/Users/tgoodwin/projects/kamera/examples/knative-serving/knative/harness.go:555\ngithub.com/tgoodwin/kamera/examples/knative-serving/knative.(*KnativeStrategy).ReconcileAtState\n\t/Users/tgoodwin/projects/kamera/examples/knative-serving/knative/harness.go:895\ngithub.com/tgoodwin/kamera/pkg/tracecheck.(*ReconcilerContainer).doReconcile\n\t/Users/tgoodwin/projects/kamera/pkg/tracecheck/reconciler.go:164\ngithub.com/tgoodwin/kamera/pkg/tracecheck.(*Explorer).reconcileAtState\n\t/Users/tgoodwin/projects/kamera/pkg/tracecheck/explore.go:1313\ngithub.com/tgoodwin/kamera/pkg/tracecheck.(*Explorer).takeReconcileStep\n\t/Users/tgoodwin/projects/kamera/pkg/tracecheck/explore.go:1228\ngithub.com/tgoodwin/kamera/pkg/tracecheck.(*Explorer).explore\n\t/Users/tgoodwin/projects/kamera/pkg/tracecheck/explore.go:790\ngithub.com/tgoodwin/kamera/pkg/tracecheck.(*Explorer).Explore.func1\n\t/Users/tgoodwin/projects/kamera/pkg/tracecheck/explore.go:330"}
{"level":"info","ts":1768351599.878539,"logger":"fallback","caller":"revision/reconcile_resources.go:161","msg":"Reconciling PA: kamera-test"}
{"level":"info","ts":"2026-01-13T16:46:39-08:00","logger":"RevisionReconciler.reconcile","msg":"reconcile completed","key":"default/kamera-test","reconciler":"knative.dev.serving.pkg.reconciler.revision.Reconciler","requeue":false,"requeueAfter":0}
{"level":"info","ts":"2026-01-13T16:46:39-08:00","logger":"tracecheck","msg":"Taking reconcile step","Depth":63,"# Distinct States":233,"Total States":234,"Resource States":54}
{"level":"info","ts":"2026-01-13T16:46:39-08:00","logger":"KPAReconciler.seed","msg":"added podscalable to informer","resource":"deployments","namespace":"default","name":"kamera-test-deployment","stage":"podscalable-add","keys":["default/kamera-test-deployment"]}
{"level":"info","ts":"2026-01-13T16:46:39-08:00","logger":"KPAReconciler.seed","msg":"podscalable visible to lister","resource":"deployments","namespace":"default","name":"kamera-test-deployment","stage":"podscalable-lister","object":{"apiVersion":"autoscaling.internal.knative.dev/v1alpha1","kind":"PodScalable","namespace":"default","name":"kamera-test-deployment"}}
{"level":"info","ts":1768351599.984975,"logger":"fallback","caller":"kpa/controller.go:77","msg":"Setting up ConfigMap receivers"}
{"level":"info","ts":1768351599.9850821,"logger":"fallback","caller":"kpa/controller.go:91","msg":"Setting up KPA-Class event handlers"}
{"level":"info","ts":1768351599.9852002,"logger":"fallback","caller":"kpa/kpa.go:158","msg":"SKS should be in Proxy mode: want = 0, ebc = 0, #act's = 2 PA Inactive? = true"}
{"level":"info","ts":1768351599.9852202,"logger":"fallback","caller":"kpa/kpa.go:178","msg":"PA scale got=1, want=0, desiredPods=0 ebc=0"}
{"level":"info","ts":1768351599.985229,"logger":"fallback","caller":"kpa/kpa.go:188","msg":"Observed pod counts=kpa.podCounts{want:0, ready:1, notReady:0, pending:0, terminating:0}"}
{"level":"info","ts":"2026-01-13T16:46:39-08:00","logger":"KPAReconciler.reconcile","msg":"reconcile completed","key":"default/kamera-test","reconciler":"knative.dev.serving.pkg.reconciler.autoscaling.kpa.Reconciler","requeue":false,"requeueAfter":0}
{"level":"info","ts":"2026-01-13T16:46:39-08:00","logger":"tracecheck","msg":"Taking reconcile step","Depth":64,"# Distinct States":234,"Total States":235,"Resource States":54}
{"level":"info","ts":"2026-01-13T16:46:39-08:00","logger":"tracecheck","msg":"Taking reconcile step","Depth":65,"# Distinct States":235,"Total States":236,"Resource States":54}
{"level":"info","ts":"2026-01-13T16:46:39-08:00","logger":"tracecheck","msg":"Taking reconcile step","Depth":66,"# Distinct States":236,"Total States":237,"Resource States":54}
{"level":"info","ts":"2026-01-13T16:46:40-08:00","logger":"RouteReconciler.seed","msg":"added podscalable to informer","resource":"deployments","namespace":"default","name":"kamera-test-deployment","stage":"podscalable-add","keys":["default/kamera-test-deployment"]}
{"level":"info","ts":"2026-01-13T16:46:40-08:00","logger":"RouteReconciler.seed","msg":"podscalable visible to lister","resource":"deployments","namespace":"default","name":"kamera-test-deployment","stage":"podscalable-lister","object":{"apiVersion":"autoscaling.internal.knative.dev/v1alpha1","kind":"PodScalable","namespace":"default","name":"kamera-test-deployment"}}
{"level":"info","ts":1768351600.095783,"logger":"fallback","caller":"route/route.go:465","msg":"Revision default/kamera-test is inactive"}
{"level":"info","ts":1768351600.095807,"logger":"fallback","caller":"route/route.go:487","msg":"All referred targets are routable, marking AllTrafficAssigned with traffic information."}
{"level":"info","ts":1768351600.095822,"logger":"fallback","caller":"route/route.go:140","msg":"Creating placeholder k8s services"}
{"level":"info","ts":1768351600.0959208,"logger":"fallback","caller":"route/route.go:176","msg":"Updating placeholder k8s services with ingress information"}
{"level":"info","ts":1768351600.095967,"logger":"fallback","caller":"route/route.go:198","msg":"Route successfully synced"}
{"level":"info","ts":"2026-01-13T16:46:40-08:00","logger":"RouteReconciler.reconcile","msg":"reconcile completed","key":"default/demo","reconciler":"knative.dev.serving.pkg.reconciler.route.Reconciler","requeue":false,"requeueAfter":0}
{"level":"info","ts":"2026-01-13T16:46:40-08:00","logger":"tracecheck","msg":"Taking reconcile step","Depth":67,"# Distinct States":237,"Total States":238,"Resource States":54}
{"level":"info","ts":"2026-01-13T16:46:40-08:00","logger":"ServiceReconciler.seed","msg":"added podscalable to informer","resource":"deployments","namespace":"default","name":"kamera-test-deployment","stage":"podscalable-add","keys":["default/kamera-test-deployment"]}
{"level":"info","ts":"2026-01-13T16:46:40-08:00","logger":"ServiceReconciler.seed","msg":"podscalable visible to lister","resource":"deployments","namespace":"default","name":"kamera-test-deployment","stage":"podscalable-lister","object":{"apiVersion":"autoscaling.internal.knative.dev/v1alpha1","kind":"PodScalable","namespace":"default","name":"kamera-test-deployment"}}
{"level":"info","ts":1768351600.203147,"logger":"fallback","caller":"service/service.go:171","msg":"Service reconciler fetching Route from lister: name=demo, namespace=default"}
{"level":"info","ts":1768351600.203166,"logger":"fallback","caller":"service/service.go:174","msg":"Service reconciler got Route from lister: name=demo, Generation=1, ObservedGeneration=1, ResourceVersion="}
{"level":"info","ts":1768351600.203187,"logger":"fallback","caller":"service/service.go:126","msg":"Service reconciler checking Route: name=demo, Generation=1, ObservedGeneration=1, Ready=True (reason=, message=), generationMatch=true, routeResourceVersion="}
{"level":"info","ts":1768351600.2031941,"logger":"fallback","caller":"service/service.go:136","msg":"Service reconciler calling PropagateRouteStatus() because Generation == ObservedGeneration"}
{"level":"info","ts":"2026-01-13T16:46:40-08:00","logger":"ServiceReconciler.reconcile","msg":"reconcile completed","key":"default/demo","reconciler":"knative.dev.serving.pkg.reconciler.service.Reconciler","requeue":false,"requeueAfter":0}
{"level":"info","ts":"2026-01-13T16:46:40-08:00","logger":"tracecheck","msg":"Taking reconcile step","Depth":68,"# Distinct States":238,"Total States":239,"Resource States":54}
{"level":"info","ts":"2026-01-13T16:46:40-08:00","logger":"tracecheck","msg":"Taking reconcile step","Depth":69,"# Distinct States":239,"Total States":240,"Resource States":54}
{"level":"info","ts":"2026-01-13T16:46:40-08:00","logger":"tracecheck","msg":"Deleting pods","Depth":69,"# Distinct States":239,"Total States":240,"Resource States":54,"count":1}
{"level":"info","ts":"2026-01-13T16:46:40-08:00","logger":"tracecheck","msg":"Taking reconcile step","Depth":52,"# Distinct States":241,"Total States":242,"Resource States":54}
{"level":"info","ts":"2026-01-13T16:46:40-08:00","logger":"RevisionReconciler.seed","msg":"added podscalable to informer","resource":"deployments","namespace":"default","name":"kamera-test-deployment","stage":"podscalable-add","keys":["default/kamera-test-deployment"]}
{"level":"info","ts":"2026-01-13T16:46:40-08:00","logger":"RevisionReconciler.seed","msg":"podscalable visible to lister","resource":"deployments","namespace":"default","name":"kamera-test-deployment","stage":"podscalable-lister","object":{"apiVersion":"autoscaling.internal.knative.dev/v1alpha1","kind":"PodScalable","namespace":"default","name":"kamera-test-deployment"}}
{"level":"error","ts":1768351600.314355,"logger":"fallback","caller":"revision/controller.go:116","msg":"Failed to create resolver transport","error":"open /var/run/secrets/kubernetes.io/serviceaccount/ca.crt: no such file or directory","stacktrace":"knative.dev/serving/pkg/reconciler/revision.newControllerWithOptions\n\t/Users/tgoodwin/tmp/gomodcache/knative.dev/serving@v0.46.5/pkg/reconciler/revision/controller.go:116\nknative.dev/serving/pkg/reconciler/revision.NewController\n\t/Users/tgoodwin/tmp/gomodcache/knative.dev/serving@v0.46.5/pkg/reconciler/revision/controller.go:64\nmain.configureKnativeExplorer.func1.1\n\t/Users/tgoodwin/projects/kamera/examples/knative-serving/scenario.go:91\ngithub.com/tgoodwin/kamera/examples/knative-serving/knative.NewKnativeStrategy.func1\n\t/Users/tgoodwin/projects/kamera/examples/knative-serving/knative/harness.go:555\ngithub.com/tgoodwin/kamera/examples/knative-serving/knative.(*KnativeStrategy).ReconcileAtState\n\t/Users/tgoodwin/projects/kamera/examples/knative-serving/knative/harness.go:895\ngithub.com/tgoodwin/kamera/pkg/tracecheck.(*ReconcilerContainer).doReconcile\n\t/Users/tgoodwin/projects/kamera/pkg/tracecheck/reconciler.go:164\ngithub.com/tgoodwin/kamera/pkg/tracecheck.(*Explorer).reconcileAtState\n\t/Users/tgoodwin/projects/kamera/pkg/tracecheck/explore.go:1313\ngithub.com/tgoodwin/kamera/pkg/tracecheck.(*Explorer).takeReconcileStep\n\t/Users/tgoodwin/projects/kamera/pkg/tracecheck/explore.go:1228\ngithub.com/tgoodwin/kamera/pkg/tracecheck.(*Explorer).explore\n\t/Users/tgoodwin/projects/kamera/pkg/tracecheck/explore.go:790\ngithub.com/tgoodwin/kamera/pkg/tracecheck.(*Explorer).Explore.func1\n\t/Users/tgoodwin/projects/kamera/pkg/tracecheck/explore.go:330"}
{"level":"info","ts":1768351600.314652,"logger":"fallback","caller":"revision/reconcile_resources.go:161","msg":"Reconciling PA: kamera-test"}
{"level":"info","ts":"2026-01-13T16:46:40-08:00","logger":"RevisionReconciler.reconcile","msg":"reconcile completed","key":"default/kamera-test","reconciler":"knative.dev.serving.pkg.reconciler.revision.Reconciler","requeue":false,"requeueAfter":0}
{"level":"info","ts":"2026-01-13T16:46:40-08:00","logger":"tracecheck","msg":"Taking reconcile step","Depth":53,"# Distinct States":242,"Total States":243,"Resource States":54}
{"level":"info","ts":"2026-01-13T16:46:40-08:00","logger":"tracecheck","msg":"Taking reconcile step","Depth":54,"# Distinct States":243,"Total States":244,"Resource States":54}
{"level":"info","ts":"2026-01-13T16:46:40-08:00","logger":"KPAReconciler.seed","msg":"added podscalable to informer","resource":"deployments","namespace":"default","name":"kamera-test-deployment","stage":"podscalable-add","keys":["default/kamera-test-deployment"]}
{"level":"info","ts":"2026-01-13T16:46:40-08:00","logger":"KPAReconciler.seed","msg":"podscalable visible to lister","resource":"deployments","namespace":"default","name":"kamera-test-deployment","stage":"podscalable-lister","object":{"apiVersion":"autoscaling.internal.knative.dev/v1alpha1","kind":"PodScalable","namespace":"default","name":"kamera-test-deployment"}}
{"level":"info","ts":1768351600.4223292,"logger":"fallback","caller":"kpa/controller.go:77","msg":"Setting up ConfigMap receivers"}
{"level":"info","ts":1768351600.422457,"logger":"fallback","caller":"kpa/controller.go:91","msg":"Setting up KPA-Class event handlers"}
{"level":"info","ts":1768351600.4225762,"logger":"fallback","caller":"kpa/scaler.go:379","msg":"Scaling from 1 to 0"}
{"level":"info","ts":1768351600.424532,"logger":"fallback","caller":"kpa/kpa.go:158","msg":"SKS should be in Proxy mode: want = 0, ebc = 0, #act's = 2 PA Inactive? = true"}
{"level":"info","ts":1768351600.424555,"logger":"fallback","caller":"kpa/kpa.go:178","msg":"PA scale got=1, want=0, desiredPods=0 ebc=0"}
{"level":"info","ts":1768351600.424567,"logger":"fallback","caller":"kpa/kpa.go:188","msg":"Observed pod counts=kpa.podCounts{want:0, ready:1, notReady:0, pending:0, terminating:0}"}
{"level":"info","ts":"2026-01-13T16:46:40-08:00","logger":"KPAReconciler.reconcile","msg":"reconcile completed","key":"default/kamera-test","reconciler":"knative.dev.serving.pkg.reconciler.autoscaling.kpa.Reconciler","requeue":false,"requeueAfter":0}
{"level":"info","ts":"2026-01-13T16:46:40-08:00","logger":"tracecheck","msg":"Taking reconcile step","Depth":55,"# Distinct States":244,"Total States":245,"Resource States":54}
{"level":"info","ts":"2026-01-13T16:46:40-08:00","logger":"tracecheck","msg":"Taking reconcile step","Depth":56,"# Distinct States":245,"Total States":246,"Resource States":54}
{"level":"info","ts":"2026-01-13T16:46:40-08:00","logger":"tracecheck","msg":"Taking reconcile step","Depth":57,"# Distinct States":246,"Total States":247,"Resource States":54}
{"level":"info","ts":"2026-01-13T16:46:40-08:00","logger":"tracecheck","msg":"Taking reconcile step","Depth":58,"# Distinct States":247,"Total States":248,"Resource States":54}
{"level":"info","ts":"2026-01-13T16:46:40-08:00","logger":"RouteReconciler.seed","msg":"added podscalable to informer","resource":"deployments","namespace":"default","name":"kamera-test-deployment","stage":"podscalable-add","keys":["default/kamera-test-deployment"]}
{"level":"info","ts":"2026-01-13T16:46:40-08:00","logger":"RouteReconciler.seed","msg":"podscalable visible to lister","resource":"deployments","namespace":"default","name":"kamera-test-deployment","stage":"podscalable-lister","object":{"apiVersion":"autoscaling.internal.knative.dev/v1alpha1","kind":"PodScalable","namespace":"default","name":"kamera-test-deployment"}}
{"level":"info","ts":1768351600.5410812,"logger":"fallback","caller":"route/route.go:465","msg":"Revision default/kamera-test is inactive"}
{"level":"info","ts":1768351600.5411,"logger":"fallback","caller":"route/route.go:487","msg":"All referred targets are routable, marking AllTrafficAssigned with traffic information."}
{"level":"info","ts":1768351600.541112,"logger":"fallback","caller":"route/route.go:140","msg":"Creating placeholder k8s services"}
{"level":"info","ts":1768351600.5412061,"logger":"fallback","caller":"route/route.go:176","msg":"Updating placeholder k8s services with ingress information"}
{"level":"info","ts":1768351600.541397,"logger":"fallback","caller":"route/route.go:198","msg":"Route successfully synced"}
{"level":"info","ts":"2026-01-13T16:46:40-08:00","logger":"RouteReconciler.reconcile","msg":"reconcile completed","key":"default/demo","reconciler":"knative.dev.serving.pkg.reconciler.route.Reconciler","requeue":false,"requeueAfter":0}
{"level":"info","ts":"2026-01-13T16:46:40-08:00","logger":"tracecheck","msg":"Taking reconcile step","Depth":59,"# Distinct States":248,"Total States":249,"Resource States":54}
{"level":"info","ts":"2026-01-13T16:46:40-08:00","logger":"tracecheck","msg":"Taking reconcile step","Depth":60,"# Distinct States":249,"Total States":250,"Resource States":54}
{"level":"info","ts":"2026-01-13T16:46:40-08:00","logger":"ServiceReconciler.seed","msg":"added podscalable to informer","resource":"deployments","namespace":"default","name":"kamera-test-deployment","stage":"podscalable-add","keys":["default/kamera-test-deployment"]}
{"level":"info","ts":"2026-01-13T16:46:40-08:00","logger":"ServiceReconciler.seed","msg":"podscalable visible to lister","resource":"deployments","namespace":"default","name":"kamera-test-deployment","stage":"podscalable-lister","object":{"apiVersion":"autoscaling.internal.knative.dev/v1alpha1","kind":"PodScalable","namespace":"default","name":"kamera-test-deployment"}}
{"level":"info","ts":1768351600.650964,"logger":"fallback","caller":"service/service.go:171","msg":"Service reconciler fetching Route from lister: name=demo, namespace=default"}
{"level":"info","ts":1768351600.650986,"logger":"fallback","caller":"service/service.go:174","msg":"Service reconciler got Route from lister: name=demo, Generation=1, ObservedGeneration=1, ResourceVersion="}
{"level":"info","ts":1768351600.651011,"logger":"fallback","caller":"service/service.go:126","msg":"Service reconciler checking Route: name=demo, Generation=1, ObservedGeneration=1, Ready=True (reason=, message=), generationMatch=true, routeResourceVersion="}
{"level":"info","ts":1768351600.651019,"logger":"fallback","caller":"service/service.go:136","msg":"Service reconciler calling PropagateRouteStatus() because Generation == ObservedGeneration"}
{"level":"info","ts":"2026-01-13T16:46:40-08:00","logger":"ServiceReconciler.reconcile","msg":"reconcile completed","key":"default/demo","reconciler":"knative.dev.serving.pkg.reconciler.service.Reconciler","requeue":false,"requeueAfter":0}
{"level":"info","ts":"2026-01-13T16:46:40-08:00","logger":"tracecheck","msg":"Taking reconcile step","Depth":61,"# Distinct States":250,"Total States":251,"Resource States":54}
{"level":"info","ts":"2026-01-13T16:46:40-08:00","logger":"tracecheck","msg":"Updated Deployment status","Depth":61,"# Distinct States":250,"Total States":251,"Resource States":54,"name":"kamera-test-deployment"}
{"level":"info","ts":"2026-01-13T16:46:40-08:00","logger":"tracecheck","msg":"Taking reconcile step","Depth":37,"# Distinct States":251,"Total States":253,"Resource States":54}
{"level":"info","ts":"2026-01-13T16:46:40-08:00","logger":"RevisionReconciler.seed","msg":"added podscalable to informer","resource":"deployments","namespace":"default","name":"kamera-test-deployment","stage":"podscalable-add","keys":["default/kamera-test-deployment"]}
{"level":"info","ts":"2026-01-13T16:46:40-08:00","logger":"RevisionReconciler.seed","msg":"podscalable visible to lister","resource":"deployments","namespace":"default","name":"kamera-test-deployment","stage":"podscalable-lister","object":{"apiVersion":"autoscaling.internal.knative.dev/v1alpha1","kind":"PodScalable","namespace":"default","name":"kamera-test-deployment"}}
{"level":"error","ts":1768351600.76647,"logger":"fallback","caller":"revision/controller.go:116","msg":"Failed to create resolver transport","error":"open /var/run/secrets/kubernetes.io/serviceaccount/ca.crt: no such file or directory","stacktrace":"knative.dev/serving/pkg/reconciler/revision.newControllerWithOptions\n\t/Users/tgoodwin/tmp/gomodcache/knative.dev/serving@v0.46.5/pkg/reconciler/revision/controller.go:116\nknative.dev/serving/pkg/reconciler/revision.NewController\n\t/Users/tgoodwin/tmp/gomodcache/knative.dev/serving@v0.46.5/pkg/reconciler/revision/controller.go:64\nmain.configureKnativeExplorer.func1.1\n\t/Users/tgoodwin/projects/kamera/examples/knative-serving/scenario.go:91\ngithub.com/tgoodwin/kamera/examples/knative-serving/knative.NewKnativeStrategy.func1\n\t/Users/tgoodwin/projects/kamera/examples/knative-serving/knative/harness.go:555\ngithub.com/tgoodwin/kamera/examples/knative-serving/knative.(*KnativeStrategy).ReconcileAtState\n\t/Users/tgoodwin/projects/kamera/examples/knative-serving/knative/harness.go:895\ngithub.com/tgoodwin/kamera/pkg/tracecheck.(*ReconcilerContainer).doReconcile\n\t/Users/tgoodwin/projects/kamera/pkg/tracecheck/reconciler.go:164\ngithub.com/tgoodwin/kamera/pkg/tracecheck.(*Explorer).reconcileAtState\n\t/Users/tgoodwin/projects/kamera/pkg/tracecheck/explore.go:1313\ngithub.com/tgoodwin/kamera/pkg/tracecheck.(*Explorer).takeReconcileStep\n\t/Users/tgoodwin/projects/kamera/pkg/tracecheck/explore.go:1228\ngithub.com/tgoodwin/kamera/pkg/tracecheck.(*Explorer).explore\n\t/Users/tgoodwin/projects/kamera/pkg/tracecheck/explore.go:790\ngithub.com/tgoodwin/kamera/pkg/tracecheck.(*Explorer).Explore.func1\n\t/Users/tgoodwin/projects/kamera/pkg/tracecheck/explore.go:330"}
{"level":"info","ts":1768351600.766891,"logger":"fallback","caller":"revision/reconcile_resources.go:161","msg":"Reconciling PA: kamera-test"}
{"level":"info","ts":"2026-01-13T16:46:40-08:00","logger":"RevisionReconciler.reconcile","msg":"reconcile completed","key":"default/kamera-test","reconciler":"knative.dev.serving.pkg.reconciler.revision.Reconciler","requeue":false,"requeueAfter":0}
{"level":"info","ts":"2026-01-13T16:46:40-08:00","logger":"tracecheck","msg":"Taking reconcile step","Depth":38,"# Distinct States":252,"Total States":254,"Resource States":54}
{"level":"info","ts":"2026-01-13T16:46:40-08:00","logger":"ServerlessServiceReconciler.seed","msg":"added podscalable to informer","resource":"deployments","namespace":"default","name":"kamera-test-deployment","stage":"podscalable-add","keys":["default/kamera-test-deployment"]}
{"level":"info","ts":"2026-01-13T16:46:40-08:00","logger":"ServerlessServiceReconciler.seed","msg":"podscalable visible to lister","resource":"deployments","namespace":"default","name":"kamera-test-deployment","stage":"podscalable-lister","object":{"apiVersion":"autoscaling.internal.knative.dev/v1alpha1","kind":"PodScalable","namespace":"default","name":"kamera-test-deployment"}}
{"level":"info","ts":1768351600.873024,"logger":"fallback","caller":"serverlessservice/controller.go:90","msg":"Doing a global resync due to activator endpoint changes"}
{"level":"info","ts":1768351600.87307,"logger":"fallback","caller":"serverlessservice/serverlessservice.go:217","msg":"SKS is in Proxy mode; has 0 endpoints in kamera-test-private; 1 activator endpoints"}
{"level":"info","ts":1768351600.873085,"logger":"fallback","caller":"serverlessservice/serverlessservice.go:245","msg":"Forcing SKS into Proxy mode, insufficient ready endpoints."}
{"level":"info","ts":1768351600.873096,"logger":"fallback","caller":"serverlessservice/serverlessservice.go:290","msg":"No ready endpoints backing revision"}
{"level":"info","ts":"2026-01-13T16:46:40-08:00","logger":"ServerlessServiceReconciler.reconcile","msg":"reconcile completed","key":"default/kamera-test","reconciler":"knative.dev.serving.pkg.reconciler.serverlessservice.reconciler","requeue":false,"requeueAfter":0}
{"level":"info","ts":"2026-01-13T16:46:40-08:00","logger":"tracecheck","msg":"Taking reconcile step","Depth":39,"# Distinct States":253,"Total States":255,"Resource States":54}
{"level":"info","ts":"2026-01-13T16:46:40-08:00","logger":"tracecheck","msg":"updated pod status","Depth":39,"# Distinct States":253,"Total States":255,"Resource States":54,"phase":"Running","pod":{"name":"kamera-test-deployment-1488584584-0","namespace":"default"}}
{"level":"info","ts":"2026-01-13T16:46:40-08:00","logger":"tracecheck","msg":"Taking reconcile step","Depth":40,"# Distinct States":254,"Total States":256,"Resource States":54}
{"level":"info","ts":"2026-01-13T16:46:40-08:00","logger":"tracecheck","msg":"Taking reconcile step","Depth":41,"# Distinct States":255,"Total States":257,"Resource States":54}
{"level":"info","ts":"2026-01-13T16:46:40-08:00","logger":"KPAReconciler.seed","msg":"added podscalable to informer","resource":"deployments","namespace":"default","name":"kamera-test-deployment","stage":"podscalable-add","keys":["default/kamera-test-deployment"]}
{"level":"info","ts":"2026-01-13T16:46:40-08:00","logger":"KPAReconciler.seed","msg":"podscalable visible to lister","resource":"deployments","namespace":"default","name":"kamera-test-deployment","stage":"podscalable-lister","object":{"apiVersion":"autoscaling.internal.knative.dev/v1alpha1","kind":"PodScalable","namespace":"default","name":"kamera-test-deployment"}}
{"level":"info","ts":1768351600.9862049,"logger":"fallback","caller":"kpa/controller.go:77","msg":"Setting up ConfigMap receivers"}
{"level":"info","ts":1768351600.986377,"logger":"fallback","caller":"kpa/controller.go:91","msg":"Setting up KPA-Class event handlers"}
{"level":"info","ts":1768351600.9865458,"logger":"fallback","caller":"kpa/kpa.go:158","msg":"SKS should be in Proxy mode: want = -1, ebc = 0, #act's = 2 PA Inactive? = false"}
{"level":"info","ts":1768351600.986582,"logger":"fallback","caller":"kpa/kpa.go:178","msg":"PA scale got=1, want=-1, desiredPods=0 ebc=0"}
{"level":"info","ts":1768351600.986594,"logger":"fallback","caller":"kpa/kpa.go:188","msg":"Observed pod counts=kpa.podCounts{want:-1, ready:1, notReady:0, pending:0, terminating:0}"}
{"level":"info","ts":"2026-01-13T16:46:40-08:00","logger":"KPAReconciler.reconcile","msg":"reconcile completed","key":"default/kamera-test","reconciler":"knative.dev.serving.pkg.reconciler.autoscaling.kpa.Reconciler","requeue":false,"requeueAfter":0}
{"level":"info","ts":"2026-01-13T16:46:40-08:00","logger":"tracecheck","msg":"Taking reconcile step","Depth":42,"# Distinct States":256,"Total States":258,"Resource States":54}
{"level":"info","ts":"2026-01-13T16:46:41-08:00","logger":"ConfigurationReconciler.seed","msg":"added podscalable to informer","resource":"deployments","namespace":"default","name":"kamera-test-deployment","stage":"podscalable-add","keys":["default/kamera-test-deployment"]}
{"level":"info","ts":"2026-01-13T16:46:41-08:00","logger":"ConfigurationReconciler.seed","msg":"podscalable visible to lister","resource":"deployments","namespace":"default","name":"kamera-test-deployment","stage":"podscalable-lister","object":{"apiVersion":"autoscaling.internal.knative.dev/v1alpha1","kind":"PodScalable","namespace":"default","name":"kamera-test-deployment"}}
{"level":"info","ts":1768351601.094954,"logger":"fallback","caller":"configuration/configuration.go:103","msg":"Revision \"kamera-test\" of configuration is not ready"}
{"level":"info","ts":"2026-01-13T16:46:41-08:00","logger":"ConfigurationReconciler.reconcile","msg":"reconcile completed","key":"default/demo","reconciler":"knative.dev.serving.pkg.reconciler.configuration.Reconciler","requeue":false,"requeueAfter":0}
{"level":"info","ts":"2026-01-13T16:46:41-08:00","logger":"tracecheck","msg":"Taking reconcile step","Depth":43,"# Distinct States":257,"Total States":259,"Resource States":54}
{"level":"info","ts":"2026-01-13T16:46:41-08:00","logger":"tracecheck","msg":"Taking reconcile step","Depth":44,"# Distinct States":258,"Total States":260,"Resource States":54}
{"level":"info","ts":"2026-01-13T16:46:41-08:00","logger":"tracecheck","msg":"Taking reconcile step","Depth":45,"# Distinct States":259,"Total States":261,"Resource States":54}
{"level":"info","ts":"2026-01-13T16:46:41-08:00","logger":"tracecheck","msg":"Updated ReplicaSet status","Depth":45,"# Distinct States":259,"Total States":261,"Resource States":54,"name":"kamera-test-deployment-1488584584"}
{"level":"info","ts":"2026-01-13T16:46:41-08:00","logger":"tracecheck","msg":"Taking reconcile step","Depth":46,"# Distinct States":260,"Total States":262,"Resource States":55}
{"level":"info","ts":"2026-01-13T16:46:41-08:00","logger":"KPAReconciler.seed","msg":"added podscalable to informer","resource":"deployments","namespace":"default","name":"kamera-test-deployment","stage":"podscalable-add","keys":["default/kamera-test-deployment"]}
{"level":"info","ts":"2026-01-13T16:46:41-08:00","logger":"KPAReconciler.seed","msg":"podscalable visible to lister","resource":"deployments","namespace":"default","name":"kamera-test-deployment","stage":"podscalable-lister","object":{"apiVersion":"autoscaling.internal.knative.dev/v1alpha1","kind":"PodScalable","namespace":"default","name":"kamera-test-deployment"}}
{"level":"info","ts":1768351601.2123368,"logger":"fallback","caller":"kpa/controller.go:77","msg":"Setting up ConfigMap receivers"}
{"level":"info","ts":1768351601.212461,"logger":"fallback","caller":"kpa/controller.go:91","msg":"Setting up KPA-Class event handlers"}
{"level":"info","ts":1768351601.2126179,"logger":"fallback","caller":"kpa/scaler.go:229","msg":"Can deactivate PA, was active for 10s"}
{"level":"info","ts":1768351601.212647,"logger":"fallback","caller":"kpa/kpa.go:158","msg":"SKS should be in Proxy mode: want = 0, ebc = 0, #act's = 2 PA Inactive? = false"}
{"level":"info","ts":1768351601.212672,"logger":"fallback","caller":"kpa/kpa.go:178","msg":"PA scale got=1, want=0, desiredPods=0 ebc=0"}
{"level":"info","ts":1768351601.212685,"logger":"fallback","caller":"kpa/kpa.go:188","msg":"Observed pod counts=kpa.podCounts{want:0, ready:1, notReady:0, pending:0, terminating:0}"}
{"level":"info","ts":"2026-01-13T16:46:41-08:00","logger":"KPAReconciler.reconcile","msg":"reconcile completed","key":"default/kamera-test","reconciler":"knative.dev.serving.pkg.reconciler.autoscaling.kpa.Reconciler","requeue":false,"requeueAfter":0}
{"level":"info","ts":"2026-01-13T16:46:41-08:00","logger":"tracecheck","msg":"Taking reconcile step","Depth":47,"# Distinct States":261,"Total States":263,"Resource States":56}
{"level":"info","ts":"2026-01-13T16:46:41-08:00","logger":"RevisionReconciler.seed","msg":"added podscalable to informer","resource":"deployments","namespace":"default","name":"kamera-test-deployment","stage":"podscalable-add","keys":["default/kamera-test-deployment"]}
{"level":"info","ts":"2026-01-13T16:46:41-08:00","logger":"RevisionReconciler.seed","msg":"podscalable visible to lister","resource":"deployments","namespace":"default","name":"kamera-test-deployment","stage":"podscalable-lister","object":{"apiVersion":"autoscaling.internal.knative.dev/v1alpha1","kind":"PodScalable","namespace":"default","name":"kamera-test-deployment"}}
{"level":"error","ts":1768351601.320688,"logger":"fallback","caller":"revision/controller.go:116","msg":"Failed to create resolver transport","error":"open /var/run/secrets/kubernetes.io/serviceaccount/ca.crt: no such file or directory","stacktrace":"knative.dev/serving/pkg/reconciler/revision.newControllerWithOptions\n\t/Users/tgoodwin/tmp/gomodcache/knative.dev/serving@v0.46.5/pkg/reconciler/revision/controller.go:116\nknative.dev/serving/pkg/reconciler/revision.NewController\n\t/Users/tgoodwin/tmp/gomodcache/knative.dev/serving@v0.46.5/pkg/reconciler/revision/controller.go:64\nmain.configureKnativeExplorer.func1.1\n\t/Users/tgoodwin/projects/kamera/examples/knative-serving/scenario.go:91\ngithub.com/tgoodwin/kamera/examples/knative-serving/knative.NewKnativeStrategy.func1\n\t/Users/tgoodwin/projects/kamera/examples/knative-serving/knative/harness.go:555\ngithub.com/tgoodwin/kamera/examples/knative-serving/knative.(*KnativeStrategy).ReconcileAtState\n\t/Users/tgoodwin/projects/kamera/examples/knative-serving/knative/harness.go:895\ngithub.com/tgoodwin/kamera/pkg/tracecheck.(*ReconcilerContainer).doReconcile\n\t/Users/tgoodwin/projects/kamera/pkg/tracecheck/reconciler.go:164\ngithub.com/tgoodwin/kamera/pkg/tracecheck.(*Explorer).reconcileAtState\n\t/Users/tgoodwin/projects/kamera/pkg/tracecheck/explore.go:1313\ngithub.com/tgoodwin/kamera/pkg/tracecheck.(*Explorer).takeReconcileStep\n\t/Users/tgoodwin/projects/kamera/pkg/tracecheck/explore.go:1228\ngithub.com/tgoodwin/kamera/pkg/tracecheck.(*Explorer).explore\n\t/Users/tgoodwin/projects/kamera/pkg/tracecheck/explore.go:790\ngithub.com/tgoodwin/kamera/pkg/tracecheck.(*Explorer).Explore.func1\n\t/Users/tgoodwin/projects/kamera/pkg/tracecheck/explore.go:330"}
{"level":"info","ts":1768351601.3211432,"logger":"fallback","caller":"revision/reconcile_resources.go:161","msg":"Reconciling PA: kamera-test"}
{"level":"info","ts":1768351601.321171,"logger":"fallback","caller":"revision/revision.go:166","msg":"Revision became ready"}
{"level":"info","ts":"2026-01-13T16:46:41-08:00","logger":"RevisionReconciler.reconcile","msg":"reconcile completed","key":"default/kamera-test","reconciler":"knative.dev.serving.pkg.reconciler.revision.Reconciler","requeue":false,"requeueAfter":0}
{"level":"info","ts":"2026-01-13T16:46:41-08:00","logger":"tracecheck","msg":"Taking reconcile step","Depth":48,"# Distinct States":262,"Total States":264,"Resource States":56}
{"level":"info","ts":"2026-01-13T16:46:41-08:00","logger":"tracecheck","msg":"Updated Deployment status","Depth":48,"# Distinct States":262,"Total States":264,"Resource States":56,"name":"kamera-test-deployment"}
{"level":"info","ts":"2026-01-13T16:46:41-08:00","logger":"tracecheck","msg":"Taking reconcile step","Depth":49,"# Distinct States":263,"Total States":265,"Resource States":57}
{"level":"info","ts":"2026-01-13T16:46:41-08:00","logger":"tracecheck","msg":"Taking reconcile step","Depth":50,"# Distinct States":264,"Total States":266,"Resource States":57}
{"level":"info","ts":"2026-01-13T16:46:41-08:00","logger":"KPAReconciler.seed","msg":"added podscalable to informer","resource":"deployments","namespace":"default","name":"kamera-test-deployment","stage":"podscalable-add","keys":["default/kamera-test-deployment"]}
{"level":"info","ts":"2026-01-13T16:46:41-08:00","logger":"KPAReconciler.seed","msg":"podscalable visible to lister","resource":"deployments","namespace":"default","name":"kamera-test-deployment","stage":"podscalable-lister","object":{"apiVersion":"autoscaling.internal.knative.dev/v1alpha1","kind":"PodScalable","namespace":"default","name":"kamera-test-deployment"}}
{"level":"info","ts":1768351601.435471,"logger":"fallback","caller":"kpa/controller.go:77","msg":"Setting up ConfigMap receivers"}
{"level":"info","ts":1768351601.435578,"logger":"fallback","caller":"kpa/controller.go:91","msg":"Setting up KPA-Class event handlers"}
{"level":"info","ts":1768351601.4356742,"logger":"fallback","caller":"kpa/scaler.go:379","msg":"Scaling from 1 to 0"}
{"level":"info","ts":1768351601.4377081,"logger":"fallback","caller":"kpa/kpa.go:158","msg":"SKS should be in Proxy mode: want = 0, ebc = 0, #act's = 2 PA Inactive? = true"}
{"level":"info","ts":1768351601.4377291,"logger":"fallback","caller":"kpa/kpa.go:178","msg":"PA scale got=1, want=0, desiredPods=0 ebc=0"}
{"level":"info","ts":1768351601.437738,"logger":"fallback","caller":"kpa/kpa.go:188","msg":"Observed pod counts=kpa.podCounts{want:0, ready:1, notReady:0, pending:0, terminating:0}"}
{"level":"info","ts":"2026-01-13T16:46:41-08:00","logger":"KPAReconciler.reconcile","msg":"reconcile completed","key":"default/kamera-test","reconciler":"knative.dev.serving.pkg.reconciler.autoscaling.kpa.Reconciler","requeue":false,"requeueAfter":0}
{"level":"info","ts":"2026-01-13T16:46:41-08:00","logger":"tracecheck","msg":"Taking reconcile step","Depth":51,"# Distinct States":265,"Total States":267,"Resource States":58}
{"level":"info","ts":"2026-01-13T16:46:41-08:00","logger":"tracecheck","msg":"Taking reconcile step","Depth":52,"# Distinct States":266,"Total States":268,"Resource States":58}
{"level":"info","ts":"2026-01-13T16:46:41-08:00","logger":"ConfigurationReconciler.seed","msg":"added podscalable to informer","resource":"deployments","namespace":"default","name":"kamera-test-deployment","stage":"podscalable-add","keys":["default/kamera-test-deployment"]}
{"level":"info","ts":"2026-01-13T16:46:41-08:00","logger":"ConfigurationReconciler.seed","msg":"podscalable visible to lister","resource":"deployments","namespace":"default","name":"kamera-test-deployment","stage":"podscalable-lister","object":{"apiVersion":"autoscaling.internal.knative.dev/v1alpha1","kind":"PodScalable","namespace":"default","name":"kamera-test-deployment"}}
{"level":"info","ts":1768351601.549526,"logger":"fallback","caller":"configuration/configuration.go:106","msg":"Revision \"kamera-test\" of configuration is ready"}
{"level":"info","ts":"2026-01-13T16:46:41-08:00","logger":"ConfigurationReconciler.reconcile","msg":"reconcile completed","key":"default/demo","reconciler":"knative.dev.serving.pkg.reconciler.configuration.Reconciler","requeue":false,"requeueAfter":0}
{"level":"info","ts":"2026-01-13T16:46:41-08:00","logger":"tracecheck","msg":"Taking reconcile step","Depth":53,"# Distinct States":267,"Total States":269,"Resource States":58}
{"level":"info","ts":"2026-01-13T16:46:41-08:00","logger":"RevisionReconciler.seed","msg":"added podscalable to informer","resource":"deployments","namespace":"default","name":"kamera-test-deployment","stage":"podscalable-add","keys":["default/kamera-test-deployment"]}
{"level":"info","ts":"2026-01-13T16:46:41-08:00","logger":"RevisionReconciler.seed","msg":"podscalable visible to lister","resource":"deployments","namespace":"default","name":"kamera-test-deployment","stage":"podscalable-lister","object":{"apiVersion":"autoscaling.internal.knative.dev/v1alpha1","kind":"PodScalable","namespace":"default","name":"kamera-test-deployment"}}
{"level":"error","ts":1768351601.6570141,"logger":"fallback","caller":"revision/controller.go:116","msg":"Failed to create resolver transport","error":"open /var/run/secrets/kubernetes.io/serviceaccount/ca.crt: no such file or directory","stacktrace":"knative.dev/serving/pkg/reconciler/revision.newControllerWithOptions\n\t/Users/tgoodwin/tmp/gomodcache/knative.dev/serving@v0.46.5/pkg/reconciler/revision/controller.go:116\nknative.dev/serving/pkg/reconciler/revision.NewController\n\t/Users/tgoodwin/tmp/gomodcache/knative.dev/serving@v0.46.5/pkg/reconciler/revision/controller.go:64\nmain.configureKnativeExplorer.func1.1\n\t/Users/tgoodwin/projects/kamera/examples/knative-serving/scenario.go:91\ngithub.com/tgoodwin/kamera/examples/knative-serving/knative.NewKnativeStrategy.func1\n\t/Users/tgoodwin/projects/kamera/examples/knative-serving/knative/harness.go:555\ngithub.com/tgoodwin/kamera/examples/knative-serving/knative.(*KnativeStrategy).ReconcileAtState\n\t/Users/tgoodwin/projects/kamera/examples/knative-serving/knative/harness.go:895\ngithub.com/tgoodwin/kamera/pkg/tracecheck.(*ReconcilerContainer).doReconcile\n\t/Users/tgoodwin/projects/kamera/pkg/tracecheck/reconciler.go:164\ngithub.com/tgoodwin/kamera/pkg/tracecheck.(*Explorer).reconcileAtState\n\t/Users/tgoodwin/projects/kamera/pkg/tracecheck/explore.go:1313\ngithub.com/tgoodwin/kamera/pkg/tracecheck.(*Explorer).takeReconcileStep\n\t/Users/tgoodwin/projects/kamera/pkg/tracecheck/explore.go:1228\ngithub.com/tgoodwin/kamera/pkg/tracecheck.(*Explorer).explore\n\t/Users/tgoodwin/projects/kamera/pkg/tracecheck/explore.go:790\ngithub.com/tgoodwin/kamera/pkg/tracecheck.(*Explorer).Explore.func1\n\t/Users/tgoodwin/projects/kamera/pkg/tracecheck/explore.go:330"}
{"level":"info","ts":1768351601.657355,"logger":"fallback","caller":"revision/reconcile_resources.go:161","msg":"Reconciling PA: kamera-test"}
{"level":"info","ts":"2026-01-13T16:46:41-08:00","logger":"RevisionReconciler.reconcile","msg":"reconcile completed","key":"default/kamera-test","reconciler":"knative.dev.serving.pkg.reconciler.revision.Reconciler","requeue":false,"requeueAfter":0}
{"level":"info","ts":"2026-01-13T16:46:41-08:00","logger":"tracecheck","msg":"Taking reconcile step","Depth":54,"# Distinct States":268,"Total States":270,"Resource States":58}
{"level":"info","ts":"2026-01-13T16:46:41-08:00","logger":"tracecheck","msg":"Updated Deployment status","Depth":54,"# Distinct States":268,"Total States":270,"Resource States":58,"name":"kamera-test-deployment"}
{"level":"info","ts":"2026-01-13T16:46:41-08:00","logger":"tracecheck","msg":"Taking reconcile step","Depth":55,"# Distinct States":269,"Total States":271,"Resource States":59}
{"level":"info","ts":"2026-01-13T16:46:41-08:00","logger":"KPAReconciler.seed","msg":"added podscalable to informer","resource":"deployments","namespace":"default","name":"kamera-test-deployment","stage":"podscalable-add","keys":["default/kamera-test-deployment"]}
{"level":"info","ts":"2026-01-13T16:46:41-08:00","logger":"KPAReconciler.seed","msg":"podscalable visible to lister","resource":"deployments","namespace":"default","name":"kamera-test-deployment","stage":"podscalable-lister","object":{"apiVersion":"autoscaling.internal.knative.dev/v1alpha1","kind":"PodScalable","namespace":"default","name":"kamera-test-deployment"}}
{"level":"info","ts":1768351601.774734,"logger":"fallback","caller":"kpa/controller.go:77","msg":"Setting up ConfigMap receivers"}
{"level":"info","ts":1768351601.774842,"logger":"fallback","caller":"kpa/controller.go:91","msg":"Setting up KPA-Class event handlers"}
{"level":"info","ts":1768351601.774965,"logger":"fallback","caller":"kpa/kpa.go:158","msg":"SKS should be in Proxy mode: want = 0, ebc = 0, #act's = 2 PA Inactive? = true"}
{"level":"info","ts":1768351601.774985,"logger":"fallback","caller":"kpa/kpa.go:178","msg":"PA scale got=1, want=0, desiredPods=0 ebc=0"}
{"level":"info","ts":1768351601.774994,"logger":"fallback","caller":"kpa/kpa.go:188","msg":"Observed pod counts=kpa.podCounts{want:0, ready:1, notReady:0, pending:0, terminating:0}"}
{"level":"info","ts":"2026-01-13T16:46:41-08:00","logger":"KPAReconciler.reconcile","msg":"reconcile completed","key":"default/kamera-test","reconciler":"knative.dev.serving.pkg.reconciler.autoscaling.kpa.Reconciler","requeue":false,"requeueAfter":0}
{"level":"info","ts":"2026-01-13T16:46:41-08:00","logger":"tracecheck","msg":"Taking reconcile step","Depth":56,"# Distinct States":270,"Total States":272,"Resource States":59}
{"level":"info","ts":"2026-01-13T16:46:41-08:00","logger":"ConfigurationReconciler.seed","msg":"added podscalable to informer","resource":"deployments","namespace":"default","name":"kamera-test-deployment","stage":"podscalable-add","keys":["default/kamera-test-deployment"]}
{"level":"info","ts":"2026-01-13T16:46:41-08:00","logger":"ConfigurationReconciler.seed","msg":"podscalable visible to lister","resource":"deployments","namespace":"default","name":"kamera-test-deployment","stage":"podscalable-lister","object":{"apiVersion":"autoscaling.internal.knative.dev/v1alpha1","kind":"PodScalable","namespace":"default","name":"kamera-test-deployment"}}
{"level":"info","ts":1768351601.8809412,"logger":"fallback","caller":"configuration/configuration.go:106","msg":"Revision \"kamera-test\" of configuration is ready"}
{"level":"info","ts":"2026-01-13T16:46:41-08:00","logger":"ConfigurationReconciler.reconcile","msg":"reconcile completed","key":"default/demo","reconciler":"knative.dev.serving.pkg.reconciler.configuration.Reconciler","requeue":false,"requeueAfter":0}
{"level":"info","ts":"2026-01-13T16:46:41-08:00","logger":"tracecheck","msg":"Taking reconcile step","Depth":57,"# Distinct States":271,"Total States":273,"Resource States":59}
{"level":"info","ts":"2026-01-13T16:46:41-08:00","logger":"RouteReconciler.seed","msg":"added podscalable to informer","resource":"deployments","namespace":"default","name":"kamera-test-deployment","stage":"podscalable-add","keys":["default/kamera-test-deployment"]}
{"level":"info","ts":"2026-01-13T16:46:41-08:00","logger":"RouteReconciler.seed","msg":"podscalable visible to lister","resource":"deployments","namespace":"default","name":"kamera-test-deployment","stage":"podscalable-lister","object":{"apiVersion":"autoscaling.internal.knative.dev/v1alpha1","kind":"PodScalable","namespace":"default","name":"kamera-test-deployment"}}
{"level":"info","ts":1768351601.98856,"logger":"fallback","caller":"route/route.go:465","msg":"Revision default/kamera-test is inactive"}
{"level":"info","ts":1768351601.98859,"logger":"fallback","caller":"route/route.go:487","msg":"All referred targets are routable, marking AllTrafficAssigned with traffic information."}
{"level":"info","ts":1768351601.988609,"logger":"fallback","caller":"route/route.go:140","msg":"Creating placeholder k8s services"}
{"level":"info","ts":1768351601.988779,"logger":"fallback","caller":"route/reconcile_resources.go:179","msg":"Created service demo"}
{"level":"info","ts":1768351601.9890182,"logger":"fallback","caller":"route/route.go:176","msg":"Updating placeholder k8s services with ingress information"}
{"level":"warn","ts":1768351601.989034,"logger":"fallback","caller":"route/reconcile_resources.go:228","msg":"Failed to update k8s service","error":"failed to fetch loadbalancer domain/IP from ingress status"}
{"level":"info","ts":1768351601.989043,"logger":"fallback","caller":"route/route.go:198","msg":"Route successfully synced"}
{"level":"info","ts":"2026-01-13T16:46:41-08:00","logger":"RouteReconciler.reconcile","msg":"reconcile completed","key":"default/demo","reconciler":"knative.dev.serving.pkg.reconciler.route.Reconciler","requeue":false,"requeueAfter":0}
{"level":"info","ts":"2026-01-13T16:46:41-08:00","logger":"tracecheck","msg":"Taking reconcile step","Depth":58,"# Distinct States":272,"Total States":274,"Resource States":60}
{"level":"info","ts":"2026-01-13T16:46:42-08:00","logger":"ServiceReconciler.seed","msg":"added podscalable to informer","resource":"deployments","namespace":"default","name":"kamera-test-deployment","stage":"podscalable-add","keys":["default/kamera-test-deployment"]}
{"level":"info","ts":"2026-01-13T16:46:42-08:00","logger":"ServiceReconciler.seed","msg":"podscalable visible to lister","resource":"deployments","namespace":"default","name":"kamera-test-deployment","stage":"podscalable-lister","object":{"apiVersion":"autoscaling.internal.knative.dev/v1alpha1","kind":"PodScalable","namespace":"default","name":"kamera-test-deployment"}}
{"level":"info","ts":1768351602.097134,"logger":"fallback","caller":"service/service.go:171","msg":"Service reconciler fetching Route from lister: name=demo, namespace=default"}
{"level":"info","ts":1768351602.097155,"logger":"fallback","caller":"service/service.go:174","msg":"Service reconciler got Route from lister: name=demo, Generation=1, ObservedGeneration=1, ResourceVersion="}
{"level":"info","ts":1768351602.097182,"logger":"fallback","caller":"service/service.go:126","msg":"Service reconciler checking Route: name=demo, Generation=1, ObservedGeneration=1, Ready=Unknown (reason=IngressNotConfigured, message=Ingress has not yet been reconciled.), generationMatch=true, routeResourceVersion="}
{"level":"info","ts":1768351602.0971909,"logger":"fallback","caller":"service/service.go:136","msg":"Service reconciler calling PropagateRouteStatus() because Generation == ObservedGeneration"}
{"level":"info","ts":"2026-01-13T16:46:42-08:00","logger":"ServiceReconciler.reconcile","msg":"reconcile completed","key":"default/demo","reconciler":"knative.dev.serving.pkg.reconciler.service.Reconciler","requeue":false,"requeueAfter":0}
{"level":"info","ts":"2026-01-13T16:46:42-08:00","logger":"tracecheck","msg":"Taking reconcile step","Depth":59,"# Distinct States":273,"Total States":275,"Resource States":60}
{"level":"info","ts":"2026-01-13T16:46:42-08:00","logger":"tracecheck","msg":"Taking reconcile step","Depth":60,"# Distinct States":274,"Total States":276,"Resource States":60}
{"level":"info","ts":"2026-01-13T16:46:42-08:00","logger":"tracecheck","msg":"Deleting pods","Depth":60,"# Distinct States":274,"Total States":276,"Resource States":60,"count":1}
{"level":"info","ts":"2026-01-13T16:46:42-08:00","logger":"tracecheck","msg":"Taking reconcile step","Depth":61,"# Distinct States":275,"Total States":277,"Resource States":61}
{"level":"info","ts":"2026-01-13T16:46:42-08:00","logger":"tracecheck","msg":"Taking reconcile step","Depth":62,"# Distinct States":276,"Total States":278,"Resource States":61}
{"level":"info","ts":"2026-01-13T16:46:42-08:00","logger":"RevisionReconciler.seed","msg":"added podscalable to informer","resource":"deployments","namespace":"default","name":"kamera-test-deployment","stage":"podscalable-add","keys":["default/kamera-test-deployment"]}
{"level":"info","ts":"2026-01-13T16:46:42-08:00","logger":"RevisionReconciler.seed","msg":"podscalable visible to lister","resource":"deployments","namespace":"default","name":"kamera-test-deployment","stage":"podscalable-lister","object":{"apiVersion":"autoscaling.internal.knative.dev/v1alpha1","kind":"PodScalable","namespace":"default","name":"kamera-test-deployment"}}
{"level":"error","ts":1768351602.213643,"logger":"fallback","caller":"revision/controller.go:116","msg":"Failed to create resolver transport","error":"open /var/run/secrets/kubernetes.io/serviceaccount/ca.crt: no such file or directory","stacktrace":"knative.dev/serving/pkg/reconciler/revision.newControllerWithOptions\n\t/Users/tgoodwin/tmp/gomodcache/knative.dev/serving@v0.46.5/pkg/reconciler/revision/controller.go:116\nknative.dev/serving/pkg/reconciler/revision.NewController\n\t/Users/tgoodwin/tmp/gomodcache/knative.dev/serving@v0.46.5/pkg/reconciler/revision/controller.go:64\nmain.configureKnativeExplorer.func1.1\n\t/Users/tgoodwin/projects/kamera/examples/knative-serving/scenario.go:91\ngithub.com/tgoodwin/kamera/examples/knative-serving/knative.NewKnativeStrategy.func1\n\t/Users/tgoodwin/projects/kamera/examples/knative-serving/knative/harness.go:555\ngithub.com/tgoodwin/kamera/examples/knative-serving/knative.(*KnativeStrategy).ReconcileAtState\n\t/Users/tgoodwin/projects/kamera/examples/knative-serving/knative/harness.go:895\ngithub.com/tgoodwin/kamera/pkg/tracecheck.(*ReconcilerContainer).doReconcile\n\t/Users/tgoodwin/projects/kamera/pkg/tracecheck/reconciler.go:164\ngithub.com/tgoodwin/kamera/pkg/tracecheck.(*Explorer).reconcileAtState\n\t/Users/tgoodwin/projects/kamera/pkg/tracecheck/explore.go:1313\ngithub.com/tgoodwin/kamera/pkg/tracecheck.(*Explorer).takeReconcileStep\n\t/Users/tgoodwin/projects/kamera/pkg/tracecheck/explore.go:1228\ngithub.com/tgoodwin/kamera/pkg/tracecheck.(*Explorer).explore\n\t/Users/tgoodwin/projects/kamera/pkg/tracecheck/explore.go:790\ngithub.com/tgoodwin/kamera/pkg/tracecheck.(*Explorer).Explore.func1\n\t/Users/tgoodwin/projects/kamera/pkg/tracecheck/explore.go:330"}
{"level":"info","ts":1768351602.213993,"logger":"fallback","caller":"revision/reconcile_resources.go:161","msg":"Reconciling PA: kamera-test"}
{"level":"info","ts":"2026-01-13T16:46:42-08:00","logger":"RevisionReconciler.reconcile","msg":"reconcile completed","key":"default/kamera-test","reconciler":"knative.dev.serving.pkg.reconciler.revision.Reconciler","requeue":false,"requeueAfter":0}
{"level":"info","ts":"2026-01-13T16:46:42-08:00","logger":"tracecheck","msg":"Taking reconcile step","Depth":63,"# Distinct States":277,"Total States":279,"Resource States":61}
{"level":"info","ts":"2026-01-13T16:46:42-08:00","logger":"KPAReconciler.seed","msg":"added podscalable to informer","resource":"deployments","namespace":"default","name":"kamera-test-deployment","stage":"podscalable-add","keys":["default/kamera-test-deployment"]}
{"level":"info","ts":"2026-01-13T16:46:42-08:00","logger":"KPAReconciler.seed","msg":"podscalable visible to lister","resource":"deployments","namespace":"default","name":"kamera-test-deployment","stage":"podscalable-lister","object":{"apiVersion":"autoscaling.internal.knative.dev/v1alpha1","kind":"PodScalable","namespace":"default","name":"kamera-test-deployment"}}
{"level":"info","ts":1768351602.3235269,"logger":"fallback","caller":"kpa/controller.go:77","msg":"Setting up ConfigMap receivers"}
{"level":"info","ts":1768351602.323668,"logger":"fallback","caller":"kpa/controller.go:91","msg":"Setting up KPA-Class event handlers"}
{"level":"info","ts":1768351602.3237991,"logger":"fallback","caller":"kpa/kpa.go:158","msg":"SKS should be in Proxy mode: want = 0, ebc = 0, #act's = 2 PA Inactive? = true"}
{"level":"info","ts":1768351602.323821,"logger":"fallback","caller":"kpa/kpa.go:178","msg":"PA scale got=0, want=0, desiredPods=0 ebc=0"}
{"level":"info","ts":1768351602.323831,"logger":"fallback","caller":"kpa/kpa.go:188","msg":"Observed pod counts=kpa.podCounts{want:0, ready:0, notReady:1, pending:0, terminating:1}"}
{"level":"info","ts":"2026-01-13T16:46:42-08:00","logger":"KPAReconciler.reconcile","msg":"reconcile completed","key":"default/kamera-test","reconciler":"knative.dev.serving.pkg.reconciler.autoscaling.kpa.Reconciler","requeue":false,"requeueAfter":0}
{"level":"info","ts":"2026-01-13T16:46:42-08:00","logger":"tracecheck","msg":"Taking reconcile step","Depth":64,"# Distinct States":278,"Total States":280,"Resource States":62}
{"level":"info","ts":"2026-01-13T16:46:42-08:00","logger":"tracecheck","msg":"Taking reconcile step","Depth":65,"# Distinct States":279,"Total States":281,"Resource States":62}
{"level":"info","ts":"2026-01-13T16:46:42-08:00","logger":"tracecheck","msg":"Taking reconcile step","Depth":66,"# Distinct States":280,"Total States":282,"Resource States":63}
{"level":"info","ts":"2026-01-13T16:46:42-08:00","logger":"RouteReconciler.seed","msg":"added podscalable to informer","resource":"deployments","namespace":"default","name":"kamera-test-deployment","stage":"podscalable-add","keys":["default/kamera-test-deployment"]}
{"level":"info","ts":"2026-01-13T16:46:42-08:00","logger":"RouteReconciler.seed","msg":"podscalable visible to lister","resource":"deployments","namespace":"default","name":"kamera-test-deployment","stage":"podscalable-lister","object":{"apiVersion":"autoscaling.internal.knative.dev/v1alpha1","kind":"PodScalable","namespace":"default","name":"kamera-test-deployment"}}
{"level":"info","ts":1768351602.436529,"logger":"fallback","caller":"route/route.go:465","msg":"Revision default/kamera-test is inactive"}
{"level":"info","ts":1768351602.436548,"logger":"fallback","caller":"route/route.go:487","msg":"All referred targets are routable, marking AllTrafficAssigned with traffic information."}
{"level":"info","ts":1768351602.4365609,"logger":"fallback","caller":"route/route.go:140","msg":"Creating placeholder k8s services"}
{"level":"info","ts":1768351602.436629,"logger":"fallback","caller":"route/route.go:176","msg":"Updating placeholder k8s services with ingress information"}
{"level":"info","ts":1768351602.436785,"logger":"fallback","caller":"route/route.go:198","msg":"Route successfully synced"}
{"level":"info","ts":"2026-01-13T16:46:42-08:00","logger":"RouteReconciler.reconcile","msg":"reconcile completed","key":"default/demo","reconciler":"knative.dev.serving.pkg.reconciler.route.Reconciler","requeue":false,"requeueAfter":0}
{"level":"info","ts":"2026-01-13T16:46:42-08:00","logger":"tracecheck","msg":"Taking reconcile step","Depth":67,"# Distinct States":281,"Total States":283,"Resource States":64}
{"level":"info","ts":"2026-01-13T16:46:42-08:00","logger":"tracecheck","msg":"Taking reconcile step","Depth":68,"# Distinct States":282,"Total States":284,"Resource States":64}
{"level":"info","ts":"2026-01-13T16:46:42-08:00","logger":"ServiceReconciler.seed","msg":"added podscalable to informer","resource":"deployments","namespace":"default","name":"kamera-test-deployment","stage":"podscalable-add","keys":["default/kamera-test-deployment"]}
{"level":"info","ts":"2026-01-13T16:46:42-08:00","logger":"ServiceReconciler.seed","msg":"podscalable visible to lister","resource":"deployments","namespace":"default","name":"kamera-test-deployment","stage":"podscalable-lister","object":{"apiVersion":"autoscaling.internal.knative.dev/v1alpha1","kind":"PodScalable","namespace":"default","name":"kamera-test-deployment"}}
{"level":"info","ts":1768351602.545368,"logger":"fallback","caller":"service/service.go:171","msg":"Service reconciler fetching Route from lister: name=demo, namespace=default"}
{"level":"info","ts":1768351602.545389,"logger":"fallback","caller":"service/service.go:174","msg":"Service reconciler got Route from lister: name=demo, Generation=1, ObservedGeneration=1, ResourceVersion="}
{"level":"info","ts":1768351602.545412,"logger":"fallback","caller":"service/service.go:126","msg":"Service reconciler checking Route: name=demo, Generation=1, ObservedGeneration=1, Ready=True (reason=, message=), generationMatch=true, routeResourceVersion="}
{"level":"info","ts":1768351602.54542,"logger":"fallback","caller":"service/service.go:136","msg":"Service reconciler calling PropagateRouteStatus() because Generation == ObservedGeneration"}
{"level":"info","ts":"2026-01-13T16:46:42-08:00","logger":"ServiceReconciler.reconcile","msg":"reconcile completed","key":"default/demo","reconciler":"knative.dev.serving.pkg.reconciler.service.Reconciler","requeue":false,"requeueAfter":0}
{"level":"info","ts":"2026-01-13T16:46:42-08:00","logger":"tracecheck","msg":"Taking reconcile step","Depth":69,"# Distinct States":283,"Total States":285,"Resource States":64}
{"level":"error","ts":"2026-01-13T16:46:42-08:00","logger":"tracegen","msg":"setting root context","Kind":"/v1, Kind=Pod","Name":"kamera-test-deployment-1488584584-0","NewRootID":"","labels":{"app":"kamera-test","discrete.events/sleeve-object-id":"37jmqvjn","pod-template-hash":"1488584584","serving.knative.dev/configuration":"demo","serving.knative.dev/configurationGeneration":"1","serving.knative.dev/revision":"kamera-test","serving.knative.dev/revisionUID":"","serving.knative.dev/service":"demo"},"error":"no root ID set on object - is this namespace handled by the sleeve webhook?","stacktrace":"github.com/tgoodwin/kamera/pkg/tracegen.(*ContextTracker).setRootContextFromObservation\n\t/Users/tgoodwin/projects/kamera/pkg/tracegen/context.go:153\ngithub.com/tgoodwin/kamera/pkg/tracegen.(*ContextTracker).TrackOperation\n\t/Users/tgoodwin/projects/kamera/pkg/tracegen/context.go:197\ngithub.com/tgoodwin/kamera/pkg/tracegen.(*Client).Get\n\t/Users/tgoodwin/projects/kamera/pkg/tracegen/client.go:177\ngithub.com/tgoodwin/kamera/sleevectrl/pkg/controller.(*FinalizerReconciler).Reconcile\n\t/Users/tgoodwin/projects/kamera/sleevectrl/pkg/controller/sleeve_finalizer_controller.go:41\ngithub.com/tgoodwin/kamera/pkg/tracecheck.(*ControllerRuntimeStrategy).ReconcileAtState\n\t/Users/tgoodwin/projects/kamera/pkg/tracecheck/reconciler.go:82\ngithub.com/tgoodwin/kamera/pkg/tracecheck.(*ReconcilerContainer).doReconcile\n\t/Users/tgoodwin/projects/kamera/pkg/tracecheck/reconciler.go:164\ngithub.com/tgoodwin/kamera/pkg/tracecheck.(*Explorer).reconcileAtState\n\t/Users/tgoodwin/projects/kamera/pkg/tracecheck/explore.go:1313\ngithub.com/tgoodwin/kamera/pkg/tracecheck.(*Explorer).takeReconcileStep\n\t/Users/tgoodwin/projects/kamera/pkg/tracecheck/explore.go:1228\ngithub.com/tgoodwin/kamera/pkg/tracecheck.(*Explorer).explore\n\t/Users/tgoodwin/projects/kamera/pkg/tracecheck/explore.go:790\ngithub.com/tgoodwin/kamera/pkg/tracecheck.(*Explorer).Explore.func1\n\t/Users/tgoodwin/projects/kamera/pkg/tracecheck/explore.go:330"}
{"level":"error","ts":"2026-01-13T16:46:42-08:00","logger":"tracegen","msg":"rootID is empty","Kind":"/v1, Kind=Pod","Name":"kamera-test-deployment-1488584584-0","NewRootID":"","stacktrace":"github.com/tgoodwin/kamera/pkg/tracegen.(*ContextTracker).setRootContextFromObservation\n\t/Users/tgoodwin/projects/kamera/pkg/tracegen/context.go:157\ngithub.com/tgoodwin/kamera/pkg/tracegen.(*ContextTracker).TrackOperation\n\t/Users/tgoodwin/projects/kamera/pkg/tracegen/context.go:197\ngithub.com/tgoodwin/kamera/pkg/tracegen.(*Client).Get\n\t/Users/tgoodwin/projects/kamera/pkg/tracegen/client.go:177\ngithub.com/tgoodwin/kamera/sleevectrl/pkg/controller.(*FinalizerReconciler).Reconcile\n\t/Users/tgoodwin/projects/kamera/sleevectrl/pkg/controller/sleeve_finalizer_controller.go:41\ngithub.com/tgoodwin/kamera/pkg/tracecheck.(*ControllerRuntimeStrategy).ReconcileAtState\n\t/Users/tgoodwin/projects/kamera/pkg/tracecheck/reconciler.go:82\ngithub.com/tgoodwin/kamera/pkg/tracecheck.(*ReconcilerContainer).doReconcile\n\t/Users/tgoodwin/projects/kamera/pkg/tracecheck/reconciler.go:164\ngithub.com/tgoodwin/kamera/pkg/tracecheck.(*Explorer).reconcileAtState\n\t/Users/tgoodwin/projects/kamera/pkg/tracecheck/explore.go:1313\ngithub.com/tgoodwin/kamera/pkg/tracecheck.(*Explorer).takeReconcileStep\n\t/Users/tgoodwin/projects/kamera/pkg/tracecheck/explore.go:1228\ngithub.com/tgoodwin/kamera/pkg/tracecheck.(*Explorer).explore\n\t/Users/tgoodwin/projects/kamera/pkg/tracecheck/explore.go:790\ngithub.com/tgoodwin/kamera/pkg/tracecheck.(*Explorer).Explore.func1\n\t/Users/tgoodwin/projects/kamera/pkg/tracecheck/explore.go:330"}
{"level":"error","ts":"2026-01-13T16:46:42-08:00","logger":"tracegen","msg":"creating event","error":"failed to get change ID: Event does not have a change ID","stacktrace":"github.com/tgoodwin/kamera/pkg/tracegen.(*Client).LogOperation\n\t/Users/tgoodwin/projects/kamera/pkg/tracegen/client.go:106\ngithub.com/tgoodwin/kamera/pkg/tracegen.(*Client).Get\n\t/Users/tgoodwin/projects/kamera/pkg/tracegen/client.go:178\ngithub.com/tgoodwin/kamera/sleevectrl/pkg/controller.(*FinalizerReconciler).Reconcile\n\t/Users/tgoodwin/projects/kamera/sleevectrl/pkg/controller/sleeve_finalizer_controller.go:41\ngithub.com/tgoodwin/kamera/pkg/tracecheck.(*ControllerRuntimeStrategy).ReconcileAtState\n\t/Users/tgoodwin/projects/kamera/pkg/tracecheck/reconciler.go:82\ngithub.com/tgoodwin/kamera/pkg/tracecheck.(*ReconcilerContainer).doReconcile\n\t/Users/tgoodwin/projects/kamera/pkg/tracecheck/reconciler.go:164\ngithub.com/tgoodwin/kamera/pkg/tracecheck.(*Explorer).reconcileAtState\n\t/Users/tgoodwin/projects/kamera/pkg/tracecheck/explore.go:1313\ngithub.com/tgoodwin/kamera/pkg/tracecheck.(*Explorer).takeReconcileStep\n\t/Users/tgoodwin/projects/kamera/pkg/tracecheck/explore.go:1228\ngithub.com/tgoodwin/kamera/pkg/tracecheck.(*Explorer).explore\n\t/Users/tgoodwin/projects/kamera/pkg/tracecheck/explore.go:790\ngithub.com/tgoodwin/kamera/pkg/tracecheck.(*Explorer).Explore.func1\n\t/Users/tgoodwin/projects/kamera/pkg/tracecheck/explore.go:330"}
{"level":"error","ts":"2026-01-13T16:46:42-08:00","logger":"tracegen","msg":"creating event","error":"failed to get change ID: Event does not have a change ID","stacktrace":"github.com/tgoodwin/kamera/pkg/tracegen.(*Client).LogOperation\n\t/Users/tgoodwin/projects/kamera/pkg/tracegen/client.go:106\ngithub.com/tgoodwin/kamera/sleevectrl/pkg/controller.(*FinalizerReconciler).Reconcile\n\t/Users/tgoodwin/projects/kamera/sleevectrl/pkg/controller/sleeve_finalizer_controller.go:69\ngithub.com/tgoodwin/kamera/pkg/tracecheck.(*ControllerRuntimeStrategy).ReconcileAtState\n\t/Users/tgoodwin/projects/kamera/pkg/tracecheck/reconciler.go:82\ngithub.com/tgoodwin/kamera/pkg/tracecheck.(*ReconcilerContainer).doReconcile\n\t/Users/tgoodwin/projects/kamera/pkg/tracecheck/reconciler.go:164\ngithub.com/tgoodwin/kamera/pkg/tracecheck.(*Explorer).reconcileAtState\n\t/Users/tgoodwin/projects/kamera/pkg/tracecheck/explore.go:1313\ngithub.com/tgoodwin/kamera/pkg/tracecheck.(*Explorer).takeReconcileStep\n\t/Users/tgoodwin/projects/kamera/pkg/tracecheck/explore.go:1228\ngithub.com/tgoodwin/kamera/pkg/tracecheck.(*Explorer).explore\n\t/Users/tgoodwin/projects/kamera/pkg/tracecheck/explore.go:790\ngithub.com/tgoodwin/kamera/pkg/tracecheck.(*Explorer).Explore.func1\n\t/Users/tgoodwin/projects/kamera/pkg/tracecheck/explore.go:330"}
{"level":"info","ts":"2026-01-13T16:46:42-08:00","logger":"tracecheck","msg":"Taking reconcile step","Depth":70,"# Distinct States":284,"Total States":286,"Resource States":64}
{"level":"info","ts":"2026-01-13T16:46:42-08:00","logger":"tracecheck","msg":"Taking reconcile step","Depth":71,"# Distinct States":285,"Total States":287,"Resource States":64}
{"level":"info","ts":"2026-01-13T16:46:42-08:00","logger":"tracecheck","msg":"Updated ReplicaSet status","Depth":71,"# Distinct States":285,"Total States":287,"Resource States":64,"name":"kamera-test-deployment-1488584584"}
{"level":"info","ts":"2026-01-13T16:46:42-08:00","logger":"tracecheck","msg":"Taking reconcile step","Depth":72,"# Distinct States":286,"Total States":288,"Resource States":64}
{"level":"info","ts":"2026-01-13T16:46:42-08:00","logger":"KPAReconciler.seed","msg":"added podscalable to informer","resource":"deployments","namespace":"default","name":"kamera-test-deployment","stage":"podscalable-add","keys":["default/kamera-test-deployment"]}
{"level":"info","ts":"2026-01-13T16:46:42-08:00","logger":"KPAReconciler.seed","msg":"podscalable visible to lister","resource":"deployments","namespace":"default","name":"kamera-test-deployment","stage":"podscalable-lister","object":{"apiVersion":"autoscaling.internal.knative.dev/v1alpha1","kind":"PodScalable","namespace":"default","name":"kamera-test-deployment"}}
{"level":"info","ts":1768351602.665385,"logger":"fallback","caller":"kpa/controller.go:77","msg":"Setting up ConfigMap receivers"}
{"level":"info","ts":1768351602.665498,"logger":"fallback","caller":"kpa/controller.go:91","msg":"Setting up KPA-Class event handlers"}
{"level":"info","ts":1768351602.665628,"logger":"fallback","caller":"kpa/kpa.go:158","msg":"SKS should be in Proxy mode: want = 0, ebc = 0, #act's = 2 PA Inactive? = true"}
{"level":"info","ts":1768351602.665649,"logger":"fallback","caller":"kpa/kpa.go:178","msg":"PA scale got=0, want=0, desiredPods=0 ebc=0"}
{"level":"info","ts":1768351602.665657,"logger":"fallback","caller":"kpa/kpa.go:188","msg":"Observed pod counts=kpa.podCounts{want:0, ready:0, notReady:0, pending:0, terminating:0}"}
{"level":"info","ts":"2026-01-13T16:46:42-08:00","logger":"KPAReconciler.reconcile","msg":"reconcile completed","key":"default/kamera-test","reconciler":"knative.dev.serving.pkg.reconciler.autoscaling.kpa.Reconciler","requeue":false,"requeueAfter":0}
{"level":"info","ts":"2026-01-13T16:46:42-08:00","logger":"tracecheck","msg":"Taking reconcile step","Depth":73,"# Distinct States":287,"Total States":289,"Resource States":64}
{"level":"info","ts":"2026-01-13T16:46:42-08:00","logger":"tracecheck","msg":"Taking reconcile step","Depth":74,"# Distinct States":288,"Total States":290,"Resource States":64}
{"level":"info","ts":"2026-01-13T16:46:42-08:00","logger":"RevisionReconciler.seed","msg":"added podscalable to informer","resource":"deployments","namespace":"default","name":"kamera-test-deployment","stage":"podscalable-add","keys":["default/kamera-test-deployment"]}
{"level":"info","ts":"2026-01-13T16:46:42-08:00","logger":"RevisionReconciler.seed","msg":"podscalable visible to lister","resource":"deployments","namespace":"default","name":"kamera-test-deployment","stage":"podscalable-lister","object":{"apiVersion":"autoscaling.internal.knative.dev/v1alpha1","kind":"PodScalable","namespace":"default","name":"kamera-test-deployment"}}
{"level":"error","ts":1768351602.773231,"logger":"fallback","caller":"revision/controller.go:116","msg":"Failed to create resolver transport","error":"open /var/run/secrets/kubernetes.io/serviceaccount/ca.crt: no such file or directory","stacktrace":"knative.dev/serving/pkg/reconciler/revision.newControllerWithOptions\n\t/Users/tgoodwin/tmp/gomodcache/knative.dev/serving@v0.46.5/pkg/reconciler/revision/controller.go:116\nknative.dev/serving/pkg/reconciler/revision.NewController\n\t/Users/tgoodwin/tmp/gomodcache/knative.dev/serving@v0.46.5/pkg/reconciler/revision/controller.go:64\nmain.configureKnativeExplorer.func1.1\n\t/Users/tgoodwin/projects/kamera/examples/knative-serving/scenario.go:91\ngithub.com/tgoodwin/kamera/examples/knative-serving/knative.NewKnativeStrategy.func1\n\t/Users/tgoodwin/projects/kamera/examples/knative-serving/knative/harness.go:555\ngithub.com/tgoodwin/kamera/examples/knative-serving/knative.(*KnativeStrategy).ReconcileAtState\n\t/Users/tgoodwin/projects/kamera/examples/knative-serving/knative/harness.go:895\ngithub.com/tgoodwin/kamera/pkg/tracecheck.(*ReconcilerContainer).doReconcile\n\t/Users/tgoodwin/projects/kamera/pkg/tracecheck/reconciler.go:164\ngithub.com/tgoodwin/kamera/pkg/tracecheck.(*Explorer).reconcileAtState\n\t/Users/tgoodwin/projects/kamera/pkg/tracecheck/explore.go:1313\ngithub.com/tgoodwin/kamera/pkg/tracecheck.(*Explorer).takeReconcileStep\n\t/Users/tgoodwin/projects/kamera/pkg/tracecheck/explore.go:1228\ngithub.com/tgoodwin/kamera/pkg/tracecheck.(*Explorer).explore\n\t/Users/tgoodwin/projects/kamera/pkg/tracecheck/explore.go:790\ngithub.com/tgoodwin/kamera/pkg/tracecheck.(*Explorer).Explore.func1\n\t/Users/tgoodwin/projects/kamera/pkg/tracecheck/explore.go:330"}
{"level":"info","ts":1768351602.773477,"logger":"fallback","caller":"revision/reconcile_resources.go:161","msg":"Reconciling PA: kamera-test"}
{"level":"info","ts":"2026-01-13T16:46:42-08:00","logger":"RevisionReconciler.reconcile","msg":"reconcile completed","key":"default/kamera-test","reconciler":"knative.dev.serving.pkg.reconciler.revision.Reconciler","requeue":false,"requeueAfter":0}
{"level":"info","ts":"2026-01-13T16:46:42-08:00","logger":"tracecheck","msg":"Taking reconcile step","Depth":75,"# Distinct States":289,"Total States":291,"Resource States":64}
{"level":"info","ts":"2026-01-13T16:46:42-08:00","logger":"tracecheck","msg":"Taking reconcile step","Depth":76,"# Distinct States":290,"Total States":292,"Resource States":64}
{"level":"info","ts":"2026-01-13T16:46:42-08:00","logger":"tracecheck","msg":"Taking reconcile step","Depth":77,"# Distinct States":291,"Total States":293,"Resource States":64}
{"level":"info","ts":"2026-01-13T16:46:42-08:00","logger":"RouteReconciler.seed","msg":"added podscalable to informer","resource":"deployments","namespace":"default","name":"kamera-test-deployment","stage":"podscalable-add","keys":["default/kamera-test-deployment"]}
{"level":"info","ts":"2026-01-13T16:46:42-08:00","logger":"RouteReconciler.seed","msg":"podscalable visible to lister","resource":"deployments","namespace":"default","name":"kamera-test-deployment","stage":"podscalable-lister","object":{"apiVersion":"autoscaling.internal.knative.dev/v1alpha1","kind":"PodScalable","namespace":"default","name":"kamera-test-deployment"}}
{"level":"info","ts":1768351602.882543,"logger":"fallback","caller":"route/route.go:465","msg":"Revision default/kamera-test is inactive"}
{"level":"info","ts":1768351602.882563,"logger":"fallback","caller":"route/route.go:487","msg":"All referred targets are routable, marking AllTrafficAssigned with traffic information."}
{"level":"info","ts":1768351602.88259,"logger":"fallback","caller":"route/route.go:140","msg":"Creating placeholder k8s services"}
{"level":"info","ts":1768351602.882685,"logger":"fallback","caller":"route/route.go:176","msg":"Updating placeholder k8s services with ingress information"}
{"level":"info","ts":1768351602.882729,"logger":"fallback","caller":"route/route.go:198","msg":"Route successfully synced"}
{"level":"info","ts":"2026-01-13T16:46:42-08:00","logger":"RouteReconciler.reconcile","msg":"reconcile completed","key":"default/demo","reconciler":"knative.dev.serving.pkg.reconciler.route.Reconciler","requeue":false,"requeueAfter":0}
{"level":"info","ts":"2026-01-13T16:46:42-08:00","logger":"tracecheck","msg":"Taking reconcile step","Depth":78,"# Distinct States":292,"Total States":294,"Resource States":64}
{"level":"info","ts":"2026-01-13T16:46:42-08:00","logger":"ServiceReconciler.seed","msg":"added podscalable to informer","resource":"deployments","namespace":"default","name":"kamera-test-deployment","stage":"podscalable-add","keys":["default/kamera-test-deployment"]}
{"level":"info","ts":"2026-01-13T16:46:42-08:00","logger":"ServiceReconciler.seed","msg":"podscalable visible to lister","resource":"deployments","namespace":"default","name":"kamera-test-deployment","stage":"podscalable-lister","object":{"apiVersion":"autoscaling.internal.knative.dev/v1alpha1","kind":"PodScalable","namespace":"default","name":"kamera-test-deployment"}}
{"level":"info","ts":1768351602.989246,"logger":"fallback","caller":"service/service.go:171","msg":"Service reconciler fetching Route from lister: name=demo, namespace=default"}
{"level":"info","ts":1768351602.98928,"logger":"fallback","caller":"service/service.go:174","msg":"Service reconciler got Route from lister: name=demo, Generation=1, ObservedGeneration=1, ResourceVersion="}
{"level":"info","ts":1768351602.9893131,"logger":"fallback","caller":"service/service.go:126","msg":"Service reconciler checking Route: name=demo, Generation=1, ObservedGeneration=1, Ready=True (reason=, message=), generationMatch=true, routeResourceVersion="}
{"level":"info","ts":1768351602.989322,"logger":"fallback","caller":"service/service.go:136","msg":"Service reconciler calling PropagateRouteStatus() because Generation == ObservedGeneration"}
{"level":"info","ts":"2026-01-13T16:46:42-08:00","logger":"ServiceReconciler.reconcile","msg":"reconcile completed","key":"default/demo","reconciler":"knative.dev.serving.pkg.reconciler.service.Reconciler","requeue":false,"requeueAfter":0}
{"level":"info","ts":"2026-01-13T16:46:42-08:00","logger":"tracecheck","msg":"Taking reconcile step","Depth":64,"# Distinct States":293,"Total States":295,"Resource States":64}
{"level":"info","ts":"2026-01-13T16:46:43-08:00","logger":"RevisionReconciler.seed","msg":"added podscalable to informer","resource":"deployments","namespace":"default","name":"kamera-test-deployment","stage":"podscalable-add","keys":["default/kamera-test-deployment"]}
{"level":"info","ts":"2026-01-13T16:46:43-08:00","logger":"RevisionReconciler.seed","msg":"podscalable visible to lister","resource":"deployments","namespace":"default","name":"kamera-test-deployment","stage":"podscalable-lister","object":{"apiVersion":"autoscaling.internal.knative.dev/v1alpha1","kind":"PodScalable","namespace":"default","name":"kamera-test-deployment"}}
{"level":"error","ts":1768351603.096433,"logger":"fallback","caller":"revision/controller.go:116","msg":"Failed to create resolver transport","error":"open /var/run/secrets/kubernetes.io/serviceaccount/ca.crt: no such file or directory","stacktrace":"knative.dev/serving/pkg/reconciler/revision.newControllerWithOptions\n\t/Users/tgoodwin/tmp/gomodcache/knative.dev/serving@v0.46.5/pkg/reconciler/revision/controller.go:116\nknative.dev/serving/pkg/reconciler/revision.NewController\n\t/Users/tgoodwin/tmp/gomodcache/knative.dev/serving@v0.46.5/pkg/reconciler/revision/controller.go:64\nmain.configureKnativeExplorer.func1.1\n\t/Users/tgoodwin/projects/kamera/examples/knative-serving/scenario.go:91\ngithub.com/tgoodwin/kamera/examples/knative-serving/knative.NewKnativeStrategy.func1\n\t/Users/tgoodwin/projects/kamera/examples/knative-serving/knative/harness.go:555\ngithub.com/tgoodwin/kamera/examples/knative-serving/knative.(*KnativeStrategy).ReconcileAtState\n\t/Users/tgoodwin/projects/kamera/examples/knative-serving/knative/harness.go:895\ngithub.com/tgoodwin/kamera/pkg/tracecheck.(*ReconcilerContainer).doReconcile\n\t/Users/tgoodwin/projects/kamera/pkg/tracecheck/reconciler.go:164\ngithub.com/tgoodwin/kamera/pkg/tracecheck.(*Explorer).reconcileAtState\n\t/Users/tgoodwin/projects/kamera/pkg/tracecheck/explore.go:1313\ngithub.com/tgoodwin/kamera/pkg/tracecheck.(*Explorer).takeReconcileStep\n\t/Users/tgoodwin/projects/kamera/pkg/tracecheck/explore.go:1228\ngithub.com/tgoodwin/kamera/pkg/tracecheck.(*Explorer).explore\n\t/Users/tgoodwin/projects/kamera/pkg/tracecheck/explore.go:790\ngithub.com/tgoodwin/kamera/pkg/tracecheck.(*Explorer).Explore.func1\n\t/Users/tgoodwin/projects/kamera/pkg/tracecheck/explore.go:330"}
{"level":"info","ts":1768351603.096846,"logger":"fallback","caller":"revision/reconcile_resources.go:161","msg":"Reconciling PA: kamera-test"}
{"level":"info","ts":"2026-01-13T16:46:43-08:00","logger":"RevisionReconciler.reconcile","msg":"reconcile completed","key":"default/kamera-test","reconciler":"knative.dev.serving.pkg.reconciler.revision.Reconciler","requeue":false,"requeueAfter":0}
{"level":"info","ts":"2026-01-13T16:46:43-08:00","logger":"tracecheck","msg":"Taking reconcile step","Depth":65,"# Distinct States":294,"Total States":296,"Resource States":65}
{"level":"info","ts":"2026-01-13T16:46:43-08:00","logger":"tracecheck","msg":"Taking reconcile step","Depth":66,"# Distinct States":295,"Total States":297,"Resource States":65}
{"level":"info","ts":"2026-01-13T16:46:43-08:00","logger":"tracecheck","msg":"Taking reconcile step","Depth":67,"# Distinct States":296,"Total States":298,"Resource States":66}
{"level":"info","ts":"2026-01-13T16:46:43-08:00","logger":"RouteReconciler.seed","msg":"added podscalable to informer","resource":"deployments","namespace":"default","name":"kamera-test-deployment","stage":"podscalable-add","keys":["default/kamera-test-deployment"]}
{"level":"info","ts":"2026-01-13T16:46:43-08:00","logger":"RouteReconciler.seed","msg":"podscalable visible to lister","resource":"deployments","namespace":"default","name":"kamera-test-deployment","stage":"podscalable-lister","object":{"apiVersion":"autoscaling.internal.knative.dev/v1alpha1","kind":"PodScalable","namespace":"default","name":"kamera-test-deployment"}}
{"level":"info","ts":1768351603.208016,"logger":"fallback","caller":"route/route.go:465","msg":"Revision default/kamera-test is inactive"}
{"level":"info","ts":1768351603.2080371,"logger":"fallback","caller":"route/route.go:487","msg":"All referred targets are routable, marking AllTrafficAssigned with traffic information."}
{"level":"info","ts":1768351603.2080529,"logger":"fallback","caller":"route/route.go:140","msg":"Creating placeholder k8s services"}
{"level":"info","ts":1768351603.2081459,"logger":"fallback","caller":"route/route.go:176","msg":"Updating placeholder k8s services with ingress information"}
{"level":"info","ts":1768351603.2083359,"logger":"fallback","caller":"route/route.go:198","msg":"Route successfully synced"}
{"level":"info","ts":"2026-01-13T16:46:43-08:00","logger":"RouteReconciler.reconcile","msg":"reconcile completed","key":"default/demo","reconciler":"knative.dev.serving.pkg.reconciler.route.Reconciler","requeue":false,"requeueAfter":0}
{"level":"info","ts":"2026-01-13T16:46:43-08:00","logger":"tracecheck","msg":"Taking reconcile step","Depth":68,"# Distinct States":297,"Total States":299,"Resource States":67}
{"level":"info","ts":"2026-01-13T16:46:43-08:00","logger":"tracecheck","msg":"Taking reconcile step","Depth":69,"# Distinct States":298,"Total States":300,"Resource States":67}
{"level":"info","ts":"2026-01-13T16:46:43-08:00","logger":"ServiceReconciler.seed","msg":"added podscalable to informer","resource":"deployments","namespace":"default","name":"kamera-test-deployment","stage":"podscalable-add","keys":["default/kamera-test-deployment"]}
{"level":"info","ts":"2026-01-13T16:46:43-08:00","logger":"ServiceReconciler.seed","msg":"podscalable visible to lister","resource":"deployments","namespace":"default","name":"kamera-test-deployment","stage":"podscalable-lister","object":{"apiVersion":"autoscaling.internal.knative.dev/v1alpha1","kind":"PodScalable","namespace":"default","name":"kamera-test-deployment"}}
{"level":"info","ts":1768351603.31846,"logger":"fallback","caller":"service/service.go:171","msg":"Service reconciler fetching Route from lister: name=demo, namespace=default"}
{"level":"info","ts":1768351603.318482,"logger":"fallback","caller":"service/service.go:174","msg":"Service reconciler got Route from lister: name=demo, Generation=1, ObservedGeneration=1, ResourceVersion="}
{"level":"info","ts":1768351603.318528,"logger":"fallback","caller":"service/service.go:126","msg":"Service reconciler checking Route: name=demo, Generation=1, ObservedGeneration=1, Ready=True (reason=, message=), generationMatch=true, routeResourceVersion="}
{"level":"info","ts":1768351603.318537,"logger":"fallback","caller":"service/service.go:136","msg":"Service reconciler calling PropagateRouteStatus() because Generation == ObservedGeneration"}
{"level":"info","ts":"2026-01-13T16:46:43-08:00","logger":"ServiceReconciler.reconcile","msg":"reconcile completed","key":"default/demo","reconciler":"knative.dev.serving.pkg.reconciler.service.Reconciler","requeue":false,"requeueAfter":0}
{"level":"info","ts":"2026-01-13T16:46:43-08:00","logger":"tracecheck","msg":"Taking reconcile step","Depth":70,"# Distinct States":299,"Total States":301,"Resource States":67}
{"level":"error","ts":"2026-01-13T16:46:43-08:00","logger":"tracegen","msg":"setting root context","Kind":"/v1, Kind=Pod","Name":"kamera-test-deployment-1488584584-0","NewRootID":"","labels":{"app":"kamera-test","discrete.events/sleeve-object-id":"37jmqvjn","pod-template-hash":"1488584584","serving.knative.dev/configuration":"demo","serving.knative.dev/configurationGeneration":"1","serving.knative.dev/revision":"kamera-test","serving.knative.dev/revisionUID":"","serving.knative.dev/service":"demo"},"error":"no root ID set on object - is this namespace handled by the sleeve webhook?","stacktrace":"github.com/tgoodwin/kamera/pkg/tracegen.(*ContextTracker).setRootContextFromObservation\n\t/Users/tgoodwin/projects/kamera/pkg/tracegen/context.go:153\ngithub.com/tgoodwin/kamera/pkg/tracegen.(*ContextTracker).TrackOperation\n\t/Users/tgoodwin/projects/kamera/pkg/tracegen/context.go:197\ngithub.com/tgoodwin/kamera/pkg/tracegen.(*Client).Get\n\t/Users/tgoodwin/projects/kamera/pkg/tracegen/client.go:177\ngithub.com/tgoodwin/kamera/sleevectrl/pkg/controller.(*FinalizerReconciler).Reconcile\n\t/Users/tgoodwin/projects/kamera/sleevectrl/pkg/controller/sleeve_finalizer_controller.go:41\ngithub.com/tgoodwin/kamera/pkg/tracecheck.(*ControllerRuntimeStrategy).ReconcileAtState\n\t/Users/tgoodwin/projects/kamera/pkg/tracecheck/reconciler.go:82\ngithub.com/tgoodwin/kamera/pkg/tracecheck.(*ReconcilerContainer).doReconcile\n\t/Users/tgoodwin/projects/kamera/pkg/tracecheck/reconciler.go:164\ngithub.com/tgoodwin/kamera/pkg/tracecheck.(*Explorer).reconcileAtState\n\t/Users/tgoodwin/projects/kamera/pkg/tracecheck/explore.go:1313\ngithub.com/tgoodwin/kamera/pkg/tracecheck.(*Explorer).takeReconcileStep\n\t/Users/tgoodwin/projects/kamera/pkg/tracecheck/explore.go:1228\ngithub.com/tgoodwin/kamera/pkg/tracecheck.(*Explorer).explore\n\t/Users/tgoodwin/projects/kamera/pkg/tracecheck/explore.go:790\ngithub.com/tgoodwin/kamera/pkg/tracecheck.(*Explorer).Explore.func1\n\t/Users/tgoodwin/projects/kamera/pkg/tracecheck/explore.go:330"}
{"level":"error","ts":"2026-01-13T16:46:43-08:00","logger":"tracegen","msg":"rootID is empty","Kind":"/v1, Kind=Pod","Name":"kamera-test-deployment-1488584584-0","NewRootID":"","stacktrace":"github.com/tgoodwin/kamera/pkg/tracegen.(*ContextTracker).setRootContextFromObservation\n\t/Users/tgoodwin/projects/kamera/pkg/tracegen/context.go:157\ngithub.com/tgoodwin/kamera/pkg/tracegen.(*ContextTracker).TrackOperation\n\t/Users/tgoodwin/projects/kamera/pkg/tracegen/context.go:197\ngithub.com/tgoodwin/kamera/pkg/tracegen.(*Client).Get\n\t/Users/tgoodwin/projects/kamera/pkg/tracegen/client.go:177\ngithub.com/tgoodwin/kamera/sleevectrl/pkg/controller.(*FinalizerReconciler).Reconcile\n\t/Users/tgoodwin/projects/kamera/sleevectrl/pkg/controller/sleeve_finalizer_controller.go:41\ngithub.com/tgoodwin/kamera/pkg/tracecheck.(*ControllerRuntimeStrategy).ReconcileAtState\n\t/Users/tgoodwin/projects/kamera/pkg/tracecheck/reconciler.go:82\ngithub.com/tgoodwin/kamera/pkg/tracecheck.(*ReconcilerContainer).doReconcile\n\t/Users/tgoodwin/projects/kamera/pkg/tracecheck/reconciler.go:164\ngithub.com/tgoodwin/kamera/pkg/tracecheck.(*Explorer).reconcileAtState\n\t/Users/tgoodwin/projects/kamera/pkg/tracecheck/explore.go:1313\ngithub.com/tgoodwin/kamera/pkg/tracecheck.(*Explorer).takeReconcileStep\n\t/Users/tgoodwin/projects/kamera/pkg/tracecheck/explore.go:1228\ngithub.com/tgoodwin/kamera/pkg/tracecheck.(*Explorer).explore\n\t/Users/tgoodwin/projects/kamera/pkg/tracecheck/explore.go:790\ngithub.com/tgoodwin/kamera/pkg/tracecheck.(*Explorer).Explore.func1\n\t/Users/tgoodwin/projects/kamera/pkg/tracecheck/explore.go:330"}
{"level":"error","ts":"2026-01-13T16:46:43-08:00","logger":"tracegen","msg":"creating event","error":"failed to get change ID: Event does not have a change ID","stacktrace":"github.com/tgoodwin/kamera/pkg/tracegen.(*Client).LogOperation\n\t/Users/tgoodwin/projects/kamera/pkg/tracegen/client.go:106\ngithub.com/tgoodwin/kamera/pkg/tracegen.(*Client).Get\n\t/Users/tgoodwin/projects/kamera/pkg/tracegen/client.go:178\ngithub.com/tgoodwin/kamera/sleevectrl/pkg/controller.(*FinalizerReconciler).Reconcile\n\t/Users/tgoodwin/projects/kamera/sleevectrl/pkg/controller/sleeve_finalizer_controller.go:41\ngithub.com/tgoodwin/kamera/pkg/tracecheck.(*ControllerRuntimeStrategy).ReconcileAtState\n\t/Users/tgoodwin/projects/kamera/pkg/tracecheck/reconciler.go:82\ngithub.com/tgoodwin/kamera/pkg/tracecheck.(*ReconcilerContainer).doReconcile\n\t/Users/tgoodwin/projects/kamera/pkg/tracecheck/reconciler.go:164\ngithub.com/tgoodwin/kamera/pkg/tracecheck.(*Explorer).reconcileAtState\n\t/Users/tgoodwin/projects/kamera/pkg/tracecheck/explore.go:1313\ngithub.com/tgoodwin/kamera/pkg/tracecheck.(*Explorer).takeReconcileStep\n\t/Users/tgoodwin/projects/kamera/pkg/tracecheck/explore.go:1228\ngithub.com/tgoodwin/kamera/pkg/tracecheck.(*Explorer).explore\n\t/Users/tgoodwin/projects/kamera/pkg/tracecheck/explore.go:790\ngithub.com/tgoodwin/kamera/pkg/tracecheck.(*Explorer).Explore.func1\n\t/Users/tgoodwin/projects/kamera/pkg/tracecheck/explore.go:330"}
{"level":"error","ts":"2026-01-13T16:46:43-08:00","logger":"tracegen","msg":"creating event","error":"failed to get change ID: Event does not have a change ID","stacktrace":"github.com/tgoodwin/kamera/pkg/tracegen.(*Client).LogOperation\n\t/Users/tgoodwin/projects/kamera/pkg/tracegen/client.go:106\ngithub.com/tgoodwin/kamera/sleevectrl/pkg/controller.(*FinalizerReconciler).Reconcile\n\t/Users/tgoodwin/projects/kamera/sleevectrl/pkg/controller/sleeve_finalizer_controller.go:69\ngithub.com/tgoodwin/kamera/pkg/tracecheck.(*ControllerRuntimeStrategy).ReconcileAtState\n\t/Users/tgoodwin/projects/kamera/pkg/tracecheck/reconciler.go:82\ngithub.com/tgoodwin/kamera/pkg/tracecheck.(*ReconcilerContainer).doReconcile\n\t/Users/tgoodwin/projects/kamera/pkg/tracecheck/reconciler.go:164\ngithub.com/tgoodwin/kamera/pkg/tracecheck.(*Explorer).reconcileAtState\n\t/Users/tgoodwin/projects/kamera/pkg/tracecheck/explore.go:1313\ngithub.com/tgoodwin/kamera/pkg/tracecheck.(*Explorer).takeReconcileStep\n\t/Users/tgoodwin/projects/kamera/pkg/tracecheck/explore.go:1228\ngithub.com/tgoodwin/kamera/pkg/tracecheck.(*Explorer).explore\n\t/Users/tgoodwin/projects/kamera/pkg/tracecheck/explore.go:790\ngithub.com/tgoodwin/kamera/pkg/tracecheck.(*Explorer).Explore.func1\n\t/Users/tgoodwin/projects/kamera/pkg/tracecheck/explore.go:330"}
{"level":"info","ts":"2026-01-13T16:46:43-08:00","logger":"tracecheck","msg":"Taking reconcile step","Depth":71,"# Distinct States":300,"Total States":302,"Resource States":67}
{"level":"info","ts":"2026-01-13T16:46:43-08:00","logger":"tracecheck","msg":"Taking reconcile step","Depth":72,"# Distinct States":301,"Total States":303,"Resource States":67}
{"level":"info","ts":"2026-01-13T16:46:43-08:00","logger":"tracecheck","msg":"Updated ReplicaSet status","Depth":72,"# Distinct States":301,"Total States":303,"Resource States":67,"name":"kamera-test-deployment-1488584584"}
{"level":"info","ts":"2026-01-13T16:46:43-08:00","logger":"tracecheck","msg":"Taking reconcile step","Depth":73,"# Distinct States":302,"Total States":304,"Resource States":67}
{"level":"info","ts":"2026-01-13T16:46:43-08:00","logger":"KPAReconciler.seed","msg":"added podscalable to informer","resource":"deployments","namespace":"default","name":"kamera-test-deployment","stage":"podscalable-add","keys":["default/kamera-test-deployment"]}
{"level":"info","ts":"2026-01-13T16:46:43-08:00","logger":"KPAReconciler.seed","msg":"podscalable visible to lister","resource":"deployments","namespace":"default","name":"kamera-test-deployment","stage":"podscalable-lister","object":{"apiVersion":"autoscaling.internal.knative.dev/v1alpha1","kind":"PodScalable","namespace":"default","name":"kamera-test-deployment"}}
{"level":"info","ts":1768351603.4389162,"logger":"fallback","caller":"kpa/controller.go:77","msg":"Setting up ConfigMap receivers"}
{"level":"info","ts":1768351603.4390159,"logger":"fallback","caller":"kpa/controller.go:91","msg":"Setting up KPA-Class event handlers"}
{"level":"info","ts":1768351603.4391181,"logger":"fallback","caller":"kpa/kpa.go:158","msg":"SKS should be in Proxy mode: want = 0, ebc = 0, #act's = 2 PA Inactive? = true"}
{"level":"info","ts":1768351603.439137,"logger":"fallback","caller":"kpa/kpa.go:178","msg":"PA scale got=0, want=0, desiredPods=0 ebc=0"}
{"level":"info","ts":1768351603.439147,"logger":"fallback","caller":"kpa/kpa.go:188","msg":"Observed pod counts=kpa.podCounts{want:0, ready:0, notReady:0, pending:0, terminating:0}"}
{"level":"info","ts":"2026-01-13T16:46:43-08:00","logger":"KPAReconciler.reconcile","msg":"reconcile completed","key":"default/kamera-test","reconciler":"knative.dev.serving.pkg.reconciler.autoscaling.kpa.Reconciler","requeue":false,"requeueAfter":0}
{"level":"info","ts":"2026-01-13T16:46:43-08:00","logger":"tracecheck","msg":"Taking reconcile step","Depth":74,"# Distinct States":303,"Total States":305,"Resource States":67}
{"level":"info","ts":"2026-01-13T16:46:43-08:00","logger":"tracecheck","msg":"Taking reconcile step","Depth":75,"# Distinct States":304,"Total States":306,"Resource States":67}
{"level":"info","ts":"2026-01-13T16:46:43-08:00","logger":"ConfigurationReconciler.seed","msg":"added podscalable to informer","resource":"deployments","namespace":"default","name":"kamera-test-deployment","stage":"podscalable-add","keys":["default/kamera-test-deployment"]}
{"level":"info","ts":"2026-01-13T16:46:43-08:00","logger":"ConfigurationReconciler.seed","msg":"podscalable visible to lister","resource":"deployments","namespace":"default","name":"kamera-test-deployment","stage":"podscalable-lister","object":{"apiVersion":"autoscaling.internal.knative.dev/v1alpha1","kind":"PodScalable","namespace":"default","name":"kamera-test-deployment"}}
{"level":"info","ts":1768351603.546803,"logger":"fallback","caller":"configuration/configuration.go:106","msg":"Revision \"kamera-test\" of configuration is ready"}
{"level":"info","ts":"2026-01-13T16:46:43-08:00","logger":"ConfigurationReconciler.reconcile","msg":"reconcile completed","key":"default/demo","reconciler":"knative.dev.serving.pkg.reconciler.configuration.Reconciler","requeue":false,"requeueAfter":0}
{"level":"info","ts":"2026-01-13T16:46:43-08:00","logger":"tracecheck","msg":"Taking reconcile step","Depth":76,"# Distinct States":305,"Total States":307,"Resource States":67}
{"level":"info","ts":"2026-01-13T16:46:43-08:00","logger":"RevisionReconciler.seed","msg":"added podscalable to informer","resource":"deployments","namespace":"default","name":"kamera-test-deployment","stage":"podscalable-add","keys":["default/kamera-test-deployment"]}
{"level":"info","ts":"2026-01-13T16:46:43-08:00","logger":"RevisionReconciler.seed","msg":"podscalable visible to lister","resource":"deployments","namespace":"default","name":"kamera-test-deployment","stage":"podscalable-lister","object":{"apiVersion":"autoscaling.internal.knative.dev/v1alpha1","kind":"PodScalable","namespace":"default","name":"kamera-test-deployment"}}
{"level":"error","ts":1768351603.653908,"logger":"fallback","caller":"revision/controller.go:116","msg":"Failed to create resolver transport","error":"open /var/run/secrets/kubernetes.io/serviceaccount/ca.crt: no such file or directory","stacktrace":"knative.dev/serving/pkg/reconciler/revision.newControllerWithOptions\n\t/Users/tgoodwin/tmp/gomodcache/knative.dev/serving@v0.46.5/pkg/reconciler/revision/controller.go:116\nknative.dev/serving/pkg/reconciler/revision.NewController\n\t/Users/tgoodwin/tmp/gomodcache/knative.dev/serving@v0.46.5/pkg/reconciler/revision/controller.go:64\nmain.configureKnativeExplorer.func1.1\n\t/Users/tgoodwin/projects/kamera/examples/knative-serving/scenario.go:91\ngithub.com/tgoodwin/kamera/examples/knative-serving/knative.NewKnativeStrategy.func1\n\t/Users/tgoodwin/projects/kamera/examples/knative-serving/knative/harness.go:555\ngithub.com/tgoodwin/kamera/examples/knative-serving/knative.(*KnativeStrategy).ReconcileAtState\n\t/Users/tgoodwin/projects/kamera/examples/knative-serving/knative/harness.go:895\ngithub.com/tgoodwin/kamera/pkg/tracecheck.(*ReconcilerContainer).doReconcile\n\t/Users/tgoodwin/projects/kamera/pkg/tracecheck/reconciler.go:164\ngithub.com/tgoodwin/kamera/pkg/tracecheck.(*Explorer).reconcileAtState\n\t/Users/tgoodwin/projects/kamera/pkg/tracecheck/explore.go:1313\ngithub.com/tgoodwin/kamera/pkg/tracecheck.(*Explorer).takeReconcileStep\n\t/Users/tgoodwin/projects/kamera/pkg/tracecheck/explore.go:1228\ngithub.com/tgoodwin/kamera/pkg/tracecheck.(*Explorer).explore\n\t/Users/tgoodwin/projects/kamera/pkg/tracecheck/explore.go:790\ngithub.com/tgoodwin/kamera/pkg/tracecheck.(*Explorer).Explore.func1\n\t/Users/tgoodwin/projects/kamera/pkg/tracecheck/explore.go:330"}
{"level":"info","ts":1768351603.6542451,"logger":"fallback","caller":"revision/reconcile_resources.go:161","msg":"Reconciling PA: kamera-test"}
{"level":"info","ts":"2026-01-13T16:46:43-08:00","logger":"RevisionReconciler.reconcile","msg":"reconcile completed","key":"default/kamera-test","reconciler":"knative.dev.serving.pkg.reconciler.revision.Reconciler","requeue":false,"requeueAfter":0}
{"level":"info","ts":"2026-01-13T16:46:43-08:00","logger":"tracecheck","msg":"Taking reconcile step","Depth":77,"# Distinct States":306,"Total States":308,"Resource States":67}
{"level":"info","ts":"2026-01-13T16:46:43-08:00","logger":"tracecheck","msg":"Taking reconcile step","Depth":78,"# Distinct States":307,"Total States":309,"Resource States":67}
{"level":"info","ts":"2026-01-13T16:46:43-08:00","logger":"tracecheck","msg":"Taking reconcile step","Depth":79,"# Distinct States":308,"Total States":310,"Resource States":67}
{"level":"info","ts":"2026-01-13T16:46:43-08:00","logger":"RouteReconciler.seed","msg":"added podscalable to informer","resource":"deployments","namespace":"default","name":"kamera-test-deployment","stage":"podscalable-add","keys":["default/kamera-test-deployment"]}
{"level":"info","ts":"2026-01-13T16:46:43-08:00","logger":"RouteReconciler.seed","msg":"podscalable visible to lister","resource":"deployments","namespace":"default","name":"kamera-test-deployment","stage":"podscalable-lister","object":{"apiVersion":"autoscaling.internal.knative.dev/v1alpha1","kind":"PodScalable","namespace":"default","name":"kamera-test-deployment"}}
{"level":"info","ts":1768351603.764189,"logger":"fallback","caller":"route/route.go:465","msg":"Revision default/kamera-test is inactive"}
{"level":"info","ts":1768351603.764224,"logger":"fallback","caller":"route/route.go:487","msg":"All referred targets are routable, marking AllTrafficAssigned with traffic information."}
{"level":"info","ts":1768351603.7642398,"logger":"fallback","caller":"route/route.go:140","msg":"Creating placeholder k8s services"}
{"level":"info","ts":1768351603.76433,"logger":"fallback","caller":"route/route.go:176","msg":"Updating placeholder k8s services with ingress information"}
{"level":"info","ts":1768351603.764385,"logger":"fallback","caller":"route/route.go:198","msg":"Route successfully synced"}
{"level":"info","ts":"2026-01-13T16:46:43-08:00","logger":"RouteReconciler.reconcile","msg":"reconcile completed","key":"default/demo","reconciler":"knative.dev.serving.pkg.reconciler.route.Reconciler","requeue":false,"requeueAfter":0}
{"level":"info","ts":"2026-01-13T16:46:43-08:00","logger":"tracecheck","msg":"Taking reconcile step","Depth":80,"# Distinct States":309,"Total States":311,"Resource States":67}
{"level":"info","ts":"2026-01-13T16:46:43-08:00","logger":"ServiceReconciler.seed","msg":"added podscalable to informer","resource":"deployments","namespace":"default","name":"kamera-test-deployment","stage":"podscalable-add","keys":["default/kamera-test-deployment"]}
{"level":"info","ts":"2026-01-13T16:46:43-08:00","logger":"ServiceReconciler.seed","msg":"podscalable visible to lister","resource":"deployments","namespace":"default","name":"kamera-test-deployment","stage":"podscalable-lister","object":{"apiVersion":"autoscaling.internal.knative.dev/v1alpha1","kind":"PodScalable","namespace":"default","name":"kamera-test-deployment"}}
{"level":"info","ts":1768351603.871459,"logger":"fallback","caller":"service/service.go:171","msg":"Service reconciler fetching Route from lister: name=demo, namespace=default"}
{"level":"info","ts":1768351603.87148,"logger":"fallback","caller":"service/service.go:174","msg":"Service reconciler got Route from lister: name=demo, Generation=1, ObservedGeneration=1, ResourceVersion="}
{"level":"info","ts":1768351603.8715038,"logger":"fallback","caller":"service/service.go:126","msg":"Service reconciler checking Route: name=demo, Generation=1, ObservedGeneration=1, Ready=True (reason=, message=), generationMatch=true, routeResourceVersion="}
{"level":"info","ts":1768351603.8715122,"logger":"fallback","caller":"service/service.go:136","msg":"Service reconciler calling PropagateRouteStatus() because Generation == ObservedGeneration"}
{"level":"info","ts":"2026-01-13T16:46:43-08:00","logger":"ServiceReconciler.reconcile","msg":"reconcile completed","key":"default/demo","reconciler":"knative.dev.serving.pkg.reconciler.service.Reconciler","requeue":false,"requeueAfter":0}
{"level":"info","ts":"2026-01-13T16:46:43-08:00","logger":"tracecheck","msg":"Taking reconcile step","Depth":65,"# Distinct States":310,"Total States":312,"Resource States":67}
{"level":"info","ts":"2026-01-13T16:46:43-08:00","logger":"RevisionReconciler.seed","msg":"added podscalable to informer","resource":"deployments","namespace":"default","name":"kamera-test-deployment","stage":"podscalable-add","keys":["default/kamera-test-deployment"]}
{"level":"info","ts":"2026-01-13T16:46:43-08:00","logger":"RevisionReconciler.seed","msg":"podscalable visible to lister","resource":"deployments","namespace":"default","name":"kamera-test-deployment","stage":"podscalable-lister","object":{"apiVersion":"autoscaling.internal.knative.dev/v1alpha1","kind":"PodScalable","namespace":"default","name":"kamera-test-deployment"}}
{"level":"error","ts":1768351603.978511,"logger":"fallback","caller":"revision/controller.go:116","msg":"Failed to create resolver transport","error":"open /var/run/secrets/kubernetes.io/serviceaccount/ca.crt: no such file or directory","stacktrace":"knative.dev/serving/pkg/reconciler/revision.newControllerWithOptions\n\t/Users/tgoodwin/tmp/gomodcache/knative.dev/serving@v0.46.5/pkg/reconciler/revision/controller.go:116\nknative.dev/serving/pkg/reconciler/revision.NewController\n\t/Users/tgoodwin/tmp/gomodcache/knative.dev/serving@v0.46.5/pkg/reconciler/revision/controller.go:64\nmain.configureKnativeExplorer.func1.1\n\t/Users/tgoodwin/projects/kamera/examples/knative-serving/scenario.go:91\ngithub.com/tgoodwin/kamera/examples/knative-serving/knative.NewKnativeStrategy.func1\n\t/Users/tgoodwin/projects/kamera/examples/knative-serving/knative/harness.go:555\ngithub.com/tgoodwin/kamera/examples/knative-serving/knative.(*KnativeStrategy).ReconcileAtState\n\t/Users/tgoodwin/projects/kamera/examples/knative-serving/knative/harness.go:895\ngithub.com/tgoodwin/kamera/pkg/tracecheck.(*ReconcilerContainer).doReconcile\n\t/Users/tgoodwin/projects/kamera/pkg/tracecheck/reconciler.go:164\ngithub.com/tgoodwin/kamera/pkg/tracecheck.(*Explorer).reconcileAtState\n\t/Users/tgoodwin/projects/kamera/pkg/tracecheck/explore.go:1313\ngithub.com/tgoodwin/kamera/pkg/tracecheck.(*Explorer).takeReconcileStep\n\t/Users/tgoodwin/projects/kamera/pkg/tracecheck/explore.go:1228\ngithub.com/tgoodwin/kamera/pkg/tracecheck.(*Explorer).explore\n\t/Users/tgoodwin/projects/kamera/pkg/tracecheck/explore.go:790\ngithub.com/tgoodwin/kamera/pkg/tracecheck.(*Explorer).Explore.func1\n\t/Users/tgoodwin/projects/kamera/pkg/tracecheck/explore.go:330"}
{"level":"info","ts":1768351603.978861,"logger":"fallback","caller":"revision/reconcile_resources.go:161","msg":"Reconciling PA: kamera-test"}
{"level":"info","ts":"2026-01-13T16:46:43-08:00","logger":"RevisionReconciler.reconcile","msg":"reconcile completed","key":"default/kamera-test","reconciler":"knative.dev.serving.pkg.reconciler.revision.Reconciler","requeue":false,"requeueAfter":0}
{"level":"info","ts":"2026-01-13T16:46:43-08:00","logger":"tracecheck","msg":"Taking reconcile step","Depth":66,"# Distinct States":311,"Total States":313,"Resource States":67}
{"level":"info","ts":"2026-01-13T16:46:43-08:00","logger":"tracecheck","msg":"Taking reconcile step","Depth":67,"# Distinct States":312,"Total States":314,"Resource States":67}
{"level":"info","ts":"2026-01-13T16:46:43-08:00","logger":"tracecheck","msg":"Taking reconcile step","Depth":68,"# Distinct States":313,"Total States":315,"Resource States":67}
{"level":"info","ts":"2026-01-13T16:46:44-08:00","logger":"RouteReconciler.seed","msg":"added podscalable to informer","resource":"deployments","namespace":"default","name":"kamera-test-deployment","stage":"podscalable-add","keys":["default/kamera-test-deployment"]}
{"level":"info","ts":"2026-01-13T16:46:44-08:00","logger":"RouteReconciler.seed","msg":"podscalable visible to lister","resource":"deployments","namespace":"default","name":"kamera-test-deployment","stage":"podscalable-lister","object":{"apiVersion":"autoscaling.internal.knative.dev/v1alpha1","kind":"PodScalable","namespace":"default","name":"kamera-test-deployment"}}
{"level":"info","ts":1768351604.0904808,"logger":"fallback","caller":"route/route.go:465","msg":"Revision default/kamera-test is inactive"}
{"level":"info","ts":1768351604.090503,"logger":"fallback","caller":"route/route.go:487","msg":"All referred targets are routable, marking AllTrafficAssigned with traffic information."}
{"level":"info","ts":1768351604.090537,"logger":"fallback","caller":"route/route.go:140","msg":"Creating placeholder k8s services"}
{"level":"info","ts":1768351604.090655,"logger":"fallback","caller":"route/route.go:176","msg":"Updating placeholder k8s services with ingress information"}
{"level":"info","ts":1768351604.090849,"logger":"fallback","caller":"route/route.go:198","msg":"Route successfully synced"}
{"level":"info","ts":"2026-01-13T16:46:44-08:00","logger":"RouteReconciler.reconcile","msg":"reconcile completed","key":"default/demo","reconciler":"knative.dev.serving.pkg.reconciler.route.Reconciler","requeue":false,"requeueAfter":0}
{"level":"info","ts":"2026-01-13T16:46:44-08:00","logger":"tracecheck","msg":"Taking reconcile step","Depth":69,"# Distinct States":314,"Total States":316,"Resource States":67}
{"level":"info","ts":"2026-01-13T16:46:44-08:00","logger":"tracecheck","msg":"Taking reconcile step","Depth":70,"# Distinct States":315,"Total States":317,"Resource States":67}
{"level":"info","ts":"2026-01-13T16:46:44-08:00","logger":"ServiceReconciler.seed","msg":"added podscalable to informer","resource":"deployments","namespace":"default","name":"kamera-test-deployment","stage":"podscalable-add","keys":["default/kamera-test-deployment"]}
{"level":"info","ts":"2026-01-13T16:46:44-08:00","logger":"ServiceReconciler.seed","msg":"podscalable visible to lister","resource":"deployments","namespace":"default","name":"kamera-test-deployment","stage":"podscalable-lister","object":{"apiVersion":"autoscaling.internal.knative.dev/v1alpha1","kind":"PodScalable","namespace":"default","name":"kamera-test-deployment"}}
{"level":"info","ts":1768351604.1999202,"logger":"fallback","caller":"service/service.go:171","msg":"Service reconciler fetching Route from lister: name=demo, namespace=default"}
{"level":"info","ts":1768351604.199937,"logger":"fallback","caller":"service/service.go:174","msg":"Service reconciler got Route from lister: name=demo, Generation=1, ObservedGeneration=1, ResourceVersion="}
{"level":"info","ts":1768351604.1999621,"logger":"fallback","caller":"service/service.go:126","msg":"Service reconciler checking Route: name=demo, Generation=1, ObservedGeneration=1, Ready=True (reason=, message=), generationMatch=true, routeResourceVersion="}
{"level":"info","ts":1768351604.199971,"logger":"fallback","caller":"service/service.go:136","msg":"Service reconciler calling PropagateRouteStatus() because Generation == ObservedGeneration"}
{"level":"info","ts":"2026-01-13T16:46:44-08:00","logger":"ServiceReconciler.reconcile","msg":"reconcile completed","key":"default/demo","reconciler":"knative.dev.serving.pkg.reconciler.service.Reconciler","requeue":false,"requeueAfter":0}
{"level":"info","ts":"2026-01-13T16:46:44-08:00","logger":"tracecheck","msg":"Taking reconcile step","Depth":71,"# Distinct States":316,"Total States":318,"Resource States":67}
{"level":"error","ts":"2026-01-13T16:46:44-08:00","logger":"tracegen","msg":"setting root context","Kind":"/v1, Kind=Pod","Name":"kamera-test-deployment-1488584584-0","NewRootID":"","labels":{"app":"kamera-test","discrete.events/sleeve-object-id":"37jmqvjn","pod-template-hash":"1488584584","serving.knative.dev/configuration":"demo","serving.knative.dev/configurationGeneration":"1","serving.knative.dev/revision":"kamera-test","serving.knative.dev/revisionUID":"","serving.knative.dev/service":"demo"},"error":"no root ID set on object - is this namespace handled by the sleeve webhook?","stacktrace":"github.com/tgoodwin/kamera/pkg/tracegen.(*ContextTracker).setRootContextFromObservation\n\t/Users/tgoodwin/projects/kamera/pkg/tracegen/context.go:153\ngithub.com/tgoodwin/kamera/pkg/tracegen.(*ContextTracker).TrackOperation\n\t/Users/tgoodwin/projects/kamera/pkg/tracegen/context.go:197\ngithub.com/tgoodwin/kamera/pkg/tracegen.(*Client).Get\n\t/Users/tgoodwin/projects/kamera/pkg/tracegen/client.go:177\ngithub.com/tgoodwin/kamera/sleevectrl/pkg/controller.(*FinalizerReconciler).Reconcile\n\t/Users/tgoodwin/projects/kamera/sleevectrl/pkg/controller/sleeve_finalizer_controller.go:41\ngithub.com/tgoodwin/kamera/pkg/tracecheck.(*ControllerRuntimeStrategy).ReconcileAtState\n\t/Users/tgoodwin/projects/kamera/pkg/tracecheck/reconciler.go:82\ngithub.com/tgoodwin/kamera/pkg/tracecheck.(*ReconcilerContainer).doReconcile\n\t/Users/tgoodwin/projects/kamera/pkg/tracecheck/reconciler.go:164\ngithub.com/tgoodwin/kamera/pkg/tracecheck.(*Explorer).reconcileAtState\n\t/Users/tgoodwin/projects/kamera/pkg/tracecheck/explore.go:1313\ngithub.com/tgoodwin/kamera/pkg/tracecheck.(*Explorer).takeReconcileStep\n\t/Users/tgoodwin/projects/kamera/pkg/tracecheck/explore.go:1228\ngithub.com/tgoodwin/kamera/pkg/tracecheck.(*Explorer).explore\n\t/Users/tgoodwin/projects/kamera/pkg/tracecheck/explore.go:790\ngithub.com/tgoodwin/kamera/pkg/tracecheck.(*Explorer).Explore.func1\n\t/Users/tgoodwin/projects/kamera/pkg/tracecheck/explore.go:330"}
{"level":"error","ts":"2026-01-13T16:46:44-08:00","logger":"tracegen","msg":"rootID is empty","Kind":"/v1, Kind=Pod","Name":"kamera-test-deployment-1488584584-0","NewRootID":"","stacktrace":"github.com/tgoodwin/kamera/pkg/tracegen.(*ContextTracker).setRootContextFromObservation\n\t/Users/tgoodwin/projects/kamera/pkg/tracegen/context.go:157\ngithub.com/tgoodwin/kamera/pkg/tracegen.(*ContextTracker).TrackOperation\n\t/Users/tgoodwin/projects/kamera/pkg/tracegen/context.go:197\ngithub.com/tgoodwin/kamera/pkg/tracegen.(*Client).Get\n\t/Users/tgoodwin/projects/kamera/pkg/tracegen/client.go:177\ngithub.com/tgoodwin/kamera/sleevectrl/pkg/controller.(*FinalizerReconciler).Reconcile\n\t/Users/tgoodwin/projects/kamera/sleevectrl/pkg/controller/sleeve_finalizer_controller.go:41\ngithub.com/tgoodwin/kamera/pkg/tracecheck.(*ControllerRuntimeStrategy).ReconcileAtState\n\t/Users/tgoodwin/projects/kamera/pkg/tracecheck/reconciler.go:82\ngithub.com/tgoodwin/kamera/pkg/tracecheck.(*ReconcilerContainer).doReconcile\n\t/Users/tgoodwin/projects/kamera/pkg/tracecheck/reconciler.go:164\ngithub.com/tgoodwin/kamera/pkg/tracecheck.(*Explorer).reconcileAtState\n\t/Users/tgoodwin/projects/kamera/pkg/tracecheck/explore.go:1313\ngithub.com/tgoodwin/kamera/pkg/tracecheck.(*Explorer).takeReconcileStep\n\t/Users/tgoodwin/projects/kamera/pkg/tracecheck/explore.go:1228\ngithub.com/tgoodwin/kamera/pkg/tracecheck.(*Explorer).explore\n\t/Users/tgoodwin/projects/kamera/pkg/tracecheck/explore.go:790\ngithub.com/tgoodwin/kamera/pkg/tracecheck.(*Explorer).Explore.func1\n\t/Users/tgoodwin/projects/kamera/pkg/tracecheck/explore.go:330"}
{"level":"error","ts":"2026-01-13T16:46:44-08:00","logger":"tracegen","msg":"creating event","error":"failed to get change ID: Event does not have a change ID","stacktrace":"github.com/tgoodwin/kamera/pkg/tracegen.(*Client).LogOperation\n\t/Users/tgoodwin/projects/kamera/pkg/tracegen/client.go:106\ngithub.com/tgoodwin/kamera/pkg/tracegen.(*Client).Get\n\t/Users/tgoodwin/projects/kamera/pkg/tracegen/client.go:178\ngithub.com/tgoodwin/kamera/sleevectrl/pkg/controller.(*FinalizerReconciler).Reconcile\n\t/Users/tgoodwin/projects/kamera/sleevectrl/pkg/controller/sleeve_finalizer_controller.go:41\ngithub.com/tgoodwin/kamera/pkg/tracecheck.(*ControllerRuntimeStrategy).ReconcileAtState\n\t/Users/tgoodwin/projects/kamera/pkg/tracecheck/reconciler.go:82\ngithub.com/tgoodwin/kamera/pkg/tracecheck.(*ReconcilerContainer).doReconcile\n\t/Users/tgoodwin/projects/kamera/pkg/tracecheck/reconciler.go:164\ngithub.com/tgoodwin/kamera/pkg/tracecheck.(*Explorer).reconcileAtState\n\t/Users/tgoodwin/projects/kamera/pkg/tracecheck/explore.go:1313\ngithub.com/tgoodwin/kamera/pkg/tracecheck.(*Explorer).takeReconcileStep\n\t/Users/tgoodwin/projects/kamera/pkg/tracecheck/explore.go:1228\ngithub.com/tgoodwin/kamera/pkg/tracecheck.(*Explorer).explore\n\t/Users/tgoodwin/projects/kamera/pkg/tracecheck/explore.go:790\ngithub.com/tgoodwin/kamera/pkg/tracecheck.(*Explorer).Explore.func1\n\t/Users/tgoodwin/projects/kamera/pkg/tracecheck/explore.go:330"}
{"level":"error","ts":"2026-01-13T16:46:44-08:00","logger":"tracegen","msg":"creating event","error":"failed to get change ID: Event does not have a change ID","stacktrace":"github.com/tgoodwin/kamera/pkg/tracegen.(*Client).LogOperation\n\t/Users/tgoodwin/projects/kamera/pkg/tracegen/client.go:106\ngithub.com/tgoodwin/kamera/sleevectrl/pkg/controller.(*FinalizerReconciler).Reconcile\n\t/Users/tgoodwin/projects/kamera/sleevectrl/pkg/controller/sleeve_finalizer_controller.go:69\ngithub.com/tgoodwin/kamera/pkg/tracecheck.(*ControllerRuntimeStrategy).ReconcileAtState\n\t/Users/tgoodwin/projects/kamera/pkg/tracecheck/reconciler.go:82\ngithub.com/tgoodwin/kamera/pkg/tracecheck.(*ReconcilerContainer).doReconcile\n\t/Users/tgoodwin/projects/kamera/pkg/tracecheck/reconciler.go:164\ngithub.com/tgoodwin/kamera/pkg/tracecheck.(*Explorer).reconcileAtState\n\t/Users/tgoodwin/projects/kamera/pkg/tracecheck/explore.go:1313\ngithub.com/tgoodwin/kamera/pkg/tracecheck.(*Explorer).takeReconcileStep\n\t/Users/tgoodwin/projects/kamera/pkg/tracecheck/explore.go:1228\ngithub.com/tgoodwin/kamera/pkg/tracecheck.(*Explorer).explore\n\t/Users/tgoodwin/projects/kamera/pkg/tracecheck/explore.go:790\ngithub.com/tgoodwin/kamera/pkg/tracecheck.(*Explorer).Explore.func1\n\t/Users/tgoodwin/projects/kamera/pkg/tracecheck/explore.go:330"}
{"level":"info","ts":"2026-01-13T16:46:44-08:00","logger":"tracecheck","msg":"Taking reconcile step","Depth":72,"# Distinct States":317,"Total States":319,"Resource States":67}
{"level":"info","ts":"2026-01-13T16:46:44-08:00","logger":"tracecheck","msg":"Taking reconcile step","Depth":73,"# Distinct States":318,"Total States":320,"Resource States":67}
{"level":"info","ts":"2026-01-13T16:46:44-08:00","logger":"tracecheck","msg":"Updated ReplicaSet status","Depth":73,"# Distinct States":318,"Total States":320,"Resource States":67,"name":"kamera-test-deployment-1488584584"}
{"level":"info","ts":"2026-01-13T16:46:44-08:00","logger":"tracecheck","msg":"Taking reconcile step","Depth":74,"# Distinct States":319,"Total States":321,"Resource States":67}
{"level":"info","ts":"2026-01-13T16:46:44-08:00","logger":"KPAReconciler.seed","msg":"added podscalable to informer","resource":"deployments","namespace":"default","name":"kamera-test-deployment","stage":"podscalable-add","keys":["default/kamera-test-deployment"]}
{"level":"info","ts":"2026-01-13T16:46:44-08:00","logger":"KPAReconciler.seed","msg":"podscalable visible to lister","resource":"deployments","namespace":"default","name":"kamera-test-deployment","stage":"podscalable-lister","object":{"apiVersion":"autoscaling.internal.knative.dev/v1alpha1","kind":"PodScalable","namespace":"default","name":"kamera-test-deployment"}}
{"level":"info","ts":1768351604.319426,"logger":"fallback","caller":"kpa/controller.go:77","msg":"Setting up ConfigMap receivers"}
{"level":"info","ts":1768351604.3195379,"logger":"fallback","caller":"kpa/controller.go:91","msg":"Setting up KPA-Class event handlers"}
{"level":"info","ts":1768351604.319646,"logger":"fallback","caller":"kpa/kpa.go:158","msg":"SKS should be in Proxy mode: want = 0, ebc = 0, #act's = 2 PA Inactive? = true"}
{"level":"info","ts":1768351604.3196669,"logger":"fallback","caller":"kpa/kpa.go:178","msg":"PA scale got=0, want=0, desiredPods=0 ebc=0"}
{"level":"info","ts":1768351604.319676,"logger":"fallback","caller":"kpa/kpa.go:188","msg":"Observed pod counts=kpa.podCounts{want:0, ready:0, notReady:0, pending:0, terminating:0}"}
{"level":"info","ts":"2026-01-13T16:46:44-08:00","logger":"KPAReconciler.reconcile","msg":"reconcile completed","key":"default/kamera-test","reconciler":"knative.dev.serving.pkg.reconciler.autoscaling.kpa.Reconciler","requeue":false,"requeueAfter":0}
{"level":"info","ts":"2026-01-13T16:46:44-08:00","logger":"tracecheck","msg":"Taking reconcile step","Depth":75,"# Distinct States":320,"Total States":322,"Resource States":67}
{"level":"info","ts":"2026-01-13T16:46:44-08:00","logger":"tracecheck","msg":"Taking reconcile step","Depth":55,"# Distinct States":322,"Total States":324,"Resource States":67}
{"level":"info","ts":"2026-01-13T16:46:44-08:00","logger":"RevisionReconciler.seed","msg":"added podscalable to informer","resource":"deployments","namespace":"default","name":"kamera-test-deployment","stage":"podscalable-add","keys":["default/kamera-test-deployment"]}
{"level":"info","ts":"2026-01-13T16:46:44-08:00","logger":"RevisionReconciler.seed","msg":"podscalable visible to lister","resource":"deployments","namespace":"default","name":"kamera-test-deployment","stage":"podscalable-lister","object":{"apiVersion":"autoscaling.internal.knative.dev/v1alpha1","kind":"PodScalable","namespace":"default","name":"kamera-test-deployment"}}
{"level":"error","ts":1768351604.427707,"logger":"fallback","caller":"revision/controller.go:116","msg":"Failed to create resolver transport","error":"open /var/run/secrets/kubernetes.io/serviceaccount/ca.crt: no such file or directory","stacktrace":"knative.dev/serving/pkg/reconciler/revision.newControllerWithOptions\n\t/Users/tgoodwin/tmp/gomodcache/knative.dev/serving@v0.46.5/pkg/reconciler/revision/controller.go:116\nknative.dev/serving/pkg/reconciler/revision.NewController\n\t/Users/tgoodwin/tmp/gomodcache/knative.dev/serving@v0.46.5/pkg/reconciler/revision/controller.go:64\nmain.configureKnativeExplorer.func1.1\n\t/Users/tgoodwin/projects/kamera/examples/knative-serving/scenario.go:91\ngithub.com/tgoodwin/kamera/examples/knative-serving/knative.NewKnativeStrategy.func1\n\t/Users/tgoodwin/projects/kamera/examples/knative-serving/knative/harness.go:555\ngithub.com/tgoodwin/kamera/examples/knative-serving/knative.(*KnativeStrategy).ReconcileAtState\n\t/Users/tgoodwin/projects/kamera/examples/knative-serving/knative/harness.go:895\ngithub.com/tgoodwin/kamera/pkg/tracecheck.(*ReconcilerContainer).doReconcile\n\t/Users/tgoodwin/projects/kamera/pkg/tracecheck/reconciler.go:164\ngithub.com/tgoodwin/kamera/pkg/tracecheck.(*Explorer).reconcileAtState\n\t/Users/tgoodwin/projects/kamera/pkg/tracecheck/explore.go:1313\ngithub.com/tgoodwin/kamera/pkg/tracecheck.(*Explorer).takeReconcileStep\n\t/Users/tgoodwin/projects/kamera/pkg/tracecheck/explore.go:1228\ngithub.com/tgoodwin/kamera/pkg/tracecheck.(*Explorer).explore\n\t/Users/tgoodwin/projects/kamera/pkg/tracecheck/explore.go:790\ngithub.com/tgoodwin/kamera/pkg/tracecheck.(*Explorer).Explore.func1\n\t/Users/tgoodwin/projects/kamera/pkg/tracecheck/explore.go:330"}
{"level":"info","ts":1768351604.427983,"logger":"fallback","caller":"revision/reconcile_resources.go:161","msg":"Reconciling PA: kamera-test"}
{"level":"info","ts":"2026-01-13T16:46:44-08:00","logger":"RevisionReconciler.reconcile","msg":"reconcile completed","key":"default/kamera-test","reconciler":"knative.dev.serving.pkg.reconciler.revision.Reconciler","requeue":false,"requeueAfter":0}
{"level":"info","ts":"2026-01-13T16:46:44-08:00","logger":"tracecheck","msg":"Taking reconcile step","Depth":56,"# Distinct States":323,"Total States":325,"Resource States":67}
{"level":"info","ts":"2026-01-13T16:46:44-08:00","logger":"KPAReconciler.seed","msg":"added podscalable to informer","resource":"deployments","namespace":"default","name":"kamera-test-deployment","stage":"podscalable-add","keys":["default/kamera-test-deployment"]}
{"level":"info","ts":"2026-01-13T16:46:44-08:00","logger":"KPAReconciler.seed","msg":"podscalable visible to lister","resource":"deployments","namespace":"default","name":"kamera-test-deployment","stage":"podscalable-lister","object":{"apiVersion":"autoscaling.internal.knative.dev/v1alpha1","kind":"PodScalable","namespace":"default","name":"kamera-test-deployment"}}
{"level":"info","ts":1768351604.533188,"logger":"fallback","caller":"kpa/controller.go:77","msg":"Setting up ConfigMap receivers"}
{"level":"info","ts":1768351604.533264,"logger":"fallback","caller":"kpa/controller.go:91","msg":"Setting up KPA-Class event handlers"}
{"level":"info","ts":1768351604.533349,"logger":"fallback","caller":"kpa/kpa.go:158","msg":"SKS should be in Proxy mode: want = 0, ebc = 0, #act's = 2 PA Inactive? = true"}
{"level":"info","ts":1768351604.533366,"logger":"fallback","caller":"kpa/kpa.go:178","msg":"PA scale got=1, want=0, desiredPods=0 ebc=0"}
{"level":"info","ts":1768351604.5333729,"logger":"fallback","caller":"kpa/kpa.go:188","msg":"Observed pod counts=kpa.podCounts{want:0, ready:1, notReady:0, pending:0, terminating:0}"}
{"level":"info","ts":"2026-01-13T16:46:44-08:00","logger":"KPAReconciler.reconcile","msg":"reconcile completed","key":"default/kamera-test","reconciler":"knative.dev.serving.pkg.reconciler.autoscaling.kpa.Reconciler","requeue":false,"requeueAfter":0}
{"level":"info","ts":"2026-01-13T16:46:44-08:00","logger":"tracecheck","msg":"Taking reconcile step","Depth":57,"# Distinct States":324,"Total States":326,"Resource States":67}
{"level":"info","ts":"2026-01-13T16:46:44-08:00","logger":"ConfigurationReconciler.seed","msg":"added podscalable to informer","resource":"deployments","namespace":"default","name":"kamera-test-deployment","stage":"podscalable-add","keys":["default/kamera-test-deployment"]}
{"level":"info","ts":"2026-01-13T16:46:44-08:00","logger":"ConfigurationReconciler.seed","msg":"podscalable visible to lister","resource":"deployments","namespace":"default","name":"kamera-test-deployment","stage":"podscalable-lister","object":{"apiVersion":"autoscaling.internal.knative.dev/v1alpha1","kind":"PodScalable","namespace":"default","name":"kamera-test-deployment"}}
{"level":"info","ts":1768351604.639067,"logger":"fallback","caller":"configuration/configuration.go:106","msg":"Revision \"kamera-test\" of configuration is ready"}
{"level":"info","ts":"2026-01-13T16:46:44-08:00","logger":"ConfigurationReconciler.reconcile","msg":"reconcile completed","key":"default/demo","reconciler":"knative.dev.serving.pkg.reconciler.configuration.Reconciler","requeue":false,"requeueAfter":0}
{"level":"info","ts":"2026-01-13T16:46:44-08:00","logger":"tracecheck","msg":"Taking reconcile step","Depth":58,"# Distinct States":325,"Total States":327,"Resource States":67}
{"level":"info","ts":"2026-01-13T16:46:44-08:00","logger":"RouteReconciler.seed","msg":"added podscalable to informer","resource":"deployments","namespace":"default","name":"kamera-test-deployment","stage":"podscalable-add","keys":["default/kamera-test-deployment"]}
{"level":"info","ts":"2026-01-13T16:46:44-08:00","logger":"RouteReconciler.seed","msg":"podscalable visible to lister","resource":"deployments","namespace":"default","name":"kamera-test-deployment","stage":"podscalable-lister","object":{"apiVersion":"autoscaling.internal.knative.dev/v1alpha1","kind":"PodScalable","namespace":"default","name":"kamera-test-deployment"}}
{"level":"info","ts":1768351604.745281,"logger":"fallback","caller":"route/route.go:465","msg":"Revision default/kamera-test is inactive"}
{"level":"info","ts":1768351604.745297,"logger":"fallback","caller":"route/route.go:487","msg":"All referred targets are routable, marking AllTrafficAssigned with traffic information."}
{"level":"info","ts":1768351604.745308,"logger":"fallback","caller":"route/route.go:140","msg":"Creating placeholder k8s services"}
{"level":"info","ts":1768351604.74541,"logger":"fallback","caller":"route/reconcile_resources.go:179","msg":"Created service demo"}
{"level":"info","ts":1768351604.7455869,"logger":"fallback","caller":"route/route.go:176","msg":"Updating placeholder k8s services with ingress information"}
{"level":"warn","ts":1768351604.745601,"logger":"fallback","caller":"route/reconcile_resources.go:228","msg":"Failed to update k8s service","error":"failed to fetch loadbalancer domain/IP from ingress status"}
{"level":"info","ts":1768351604.745607,"logger":"fallback","caller":"route/route.go:198","msg":"Route successfully synced"}
{"level":"info","ts":"2026-01-13T16:46:44-08:00","logger":"RouteReconciler.reconcile","msg":"reconcile completed","key":"default/demo","reconciler":"knative.dev.serving.pkg.reconciler.route.Reconciler","requeue":false,"requeueAfter":0}
{"level":"info","ts":"2026-01-13T16:46:44-08:00","logger":"tracecheck","msg":"Taking reconcile step","Depth":59,"# Distinct States":326,"Total States":328,"Resource States":67}
{"level":"info","ts":"2026-01-13T16:46:44-08:00","logger":"ServiceReconciler.seed","msg":"added podscalable to informer","resource":"deployments","namespace":"default","name":"kamera-test-deployment","stage":"podscalable-add","keys":["default/kamera-test-deployment"]}
{"level":"info","ts":"2026-01-13T16:46:44-08:00","logger":"ServiceReconciler.seed","msg":"podscalable visible to lister","resource":"deployments","namespace":"default","name":"kamera-test-deployment","stage":"podscalable-lister","object":{"apiVersion":"autoscaling.internal.knative.dev/v1alpha1","kind":"PodScalable","namespace":"default","name":"kamera-test-deployment"}}
{"level":"info","ts":1768351604.852134,"logger":"fallback","caller":"service/service.go:171","msg":"Service reconciler fetching Route from lister: name=demo, namespace=default"}
{"level":"info","ts":1768351604.852149,"logger":"fallback","caller":"service/service.go:174","msg":"Service reconciler got Route from lister: name=demo, Generation=1, ObservedGeneration=1, ResourceVersion="}
{"level":"info","ts":1768351604.85217,"logger":"fallback","caller":"service/service.go:126","msg":"Service reconciler checking Route: name=demo, Generation=1, ObservedGeneration=1, Ready=Unknown (reason=IngressNotConfigured, message=Ingress has not yet been reconciled.), generationMatch=true, routeResourceVersion="}
{"level":"info","ts":1768351604.852177,"logger":"fallback","caller":"service/service.go:136","msg":"Service reconciler calling PropagateRouteStatus() because Generation == ObservedGeneration"}
{"level":"info","ts":"2026-01-13T16:46:44-08:00","logger":"ServiceReconciler.reconcile","msg":"reconcile completed","key":"default/demo","reconciler":"knative.dev.serving.pkg.reconciler.service.Reconciler","requeue":false,"requeueAfter":0}
{"level":"info","ts":"2026-01-13T16:46:44-08:00","logger":"tracecheck","msg":"Taking reconcile step","Depth":60,"# Distinct States":327,"Total States":329,"Resource States":67}
{"level":"info","ts":"2026-01-13T16:46:44-08:00","logger":"tracecheck","msg":"Taking reconcile step","Depth":61,"# Distinct States":328,"Total States":330,"Resource States":67}
{"level":"info","ts":"2026-01-13T16:46:44-08:00","logger":"tracecheck","msg":"Deleting pods","Depth":61,"# Distinct States":328,"Total States":330,"Resource States":67,"count":1}
{"level":"info","ts":"2026-01-13T16:46:44-08:00","logger":"tracecheck","msg":"Taking reconcile step","Depth":51,"# Distinct States":330,"Total States":332,"Resource States":67}
{"level":"info","ts":"2026-01-13T16:46:44-08:00","logger":"RevisionReconciler.seed","msg":"added podscalable to informer","resource":"deployments","namespace":"default","name":"kamera-test-deployment","stage":"podscalable-add","keys":["default/kamera-test-deployment"]}
{"level":"info","ts":"2026-01-13T16:46:44-08:00","logger":"RevisionReconciler.seed","msg":"podscalable visible to lister","resource":"deployments","namespace":"default","name":"kamera-test-deployment","stage":"podscalable-lister","object":{"apiVersion":"autoscaling.internal.knative.dev/v1alpha1","kind":"PodScalable","namespace":"default","name":"kamera-test-deployment"}}
{"level":"error","ts":1768351604.964302,"logger":"fallback","caller":"revision/controller.go:116","msg":"Failed to create resolver transport","error":"open /var/run/secrets/kubernetes.io/serviceaccount/ca.crt: no such file or directory","stacktrace":"knative.dev/serving/pkg/reconciler/revision.newControllerWithOptions\n\t/Users/tgoodwin/tmp/gomodcache/knative.dev/serving@v0.46.5/pkg/reconciler/revision/controller.go:116\nknative.dev/serving/pkg/reconciler/revision.NewController\n\t/Users/tgoodwin/tmp/gomodcache/knative.dev/serving@v0.46.5/pkg/reconciler/revision/controller.go:64\nmain.configureKnativeExplorer.func1.1\n\t/Users/tgoodwin/projects/kamera/examples/knative-serving/scenario.go:91\ngithub.com/tgoodwin/kamera/examples/knative-serving/knative.NewKnativeStrategy.func1\n\t/Users/tgoodwin/projects/kamera/examples/knative-serving/knative/harness.go:555\ngithub.com/tgoodwin/kamera/examples/knative-serving/knative.(*KnativeStrategy).ReconcileAtState\n\t/Users/tgoodwin/projects/kamera/examples/knative-serving/knative/harness.go:895\ngithub.com/tgoodwin/kamera/pkg/tracecheck.(*ReconcilerContainer).doReconcile\n\t/Users/tgoodwin/projects/kamera/pkg/tracecheck/reconciler.go:164\ngithub.com/tgoodwin/kamera/pkg/tracecheck.(*Explorer).reconcileAtState\n\t/Users/tgoodwin/projects/kamera/pkg/tracecheck/explore.go:1313\ngithub.com/tgoodwin/kamera/pkg/tracecheck.(*Explorer).takeReconcileStep\n\t/Users/tgoodwin/projects/kamera/pkg/tracecheck/explore.go:1228\ngithub.com/tgoodwin/kamera/pkg/tracecheck.(*Explorer).explore\n\t/Users/tgoodwin/projects/kamera/pkg/tracecheck/explore.go:790\ngithub.com/tgoodwin/kamera/pkg/tracecheck.(*Explorer).Explore.func1\n\t/Users/tgoodwin/projects/kamera/pkg/tracecheck/explore.go:330"}
{"level":"info","ts":1768351604.964531,"logger":"fallback","caller":"revision/reconcile_resources.go:161","msg":"Reconciling PA: kamera-test"}
{"level":"info","ts":"2026-01-13T16:46:44-08:00","logger":"RevisionReconciler.reconcile","msg":"reconcile completed","key":"default/kamera-test","reconciler":"knative.dev.serving.pkg.reconciler.revision.Reconciler","requeue":false,"requeueAfter":0}
{"level":"info","ts":"2026-01-13T16:46:44-08:00","logger":"tracecheck","msg":"Taking reconcile step","Depth":52,"# Distinct States":331,"Total States":333,"Resource States":67}
{"level":"info","ts":"2026-01-13T16:46:44-08:00","logger":"tracecheck","msg":"Taking reconcile step","Depth":49,"# Distinct States":333,"Total States":335,"Resource States":67}
{"level":"info","ts":"2026-01-13T16:46:45-08:00","logger":"RevisionReconciler.seed","msg":"added podscalable to informer","resource":"deployments","namespace":"default","name":"kamera-test-deployment","stage":"podscalable-add","keys":["default/kamera-test-deployment"]}
{"level":"info","ts":"2026-01-13T16:46:45-08:00","logger":"RevisionReconciler.seed","msg":"podscalable visible to lister","resource":"deployments","namespace":"default","name":"kamera-test-deployment","stage":"podscalable-lister","object":{"apiVersion":"autoscaling.internal.knative.dev/v1alpha1","kind":"PodScalable","namespace":"default","name":"kamera-test-deployment"}}
{"level":"error","ts":1768351605.0717309,"logger":"fallback","caller":"revision/controller.go:116","msg":"Failed to create resolver transport","error":"open /var/run/secrets/kubernetes.io/serviceaccount/ca.crt: no such file or directory","stacktrace":"knative.dev/serving/pkg/reconciler/revision.newControllerWithOptions\n\t/Users/tgoodwin/tmp/gomodcache/knative.dev/serving@v0.46.5/pkg/reconciler/revision/controller.go:116\nknative.dev/serving/pkg/reconciler/revision.NewController\n\t/Users/tgoodwin/tmp/gomodcache/knative.dev/serving@v0.46.5/pkg/reconciler/revision/controller.go:64\nmain.configureKnativeExplorer.func1.1\n\t/Users/tgoodwin/projects/kamera/examples/knative-serving/scenario.go:91\ngithub.com/tgoodwin/kamera/examples/knative-serving/knative.NewKnativeStrategy.func1\n\t/Users/tgoodwin/projects/kamera/examples/knative-serving/knative/harness.go:555\ngithub.com/tgoodwin/kamera/examples/knative-serving/knative.(*KnativeStrategy).ReconcileAtState\n\t/Users/tgoodwin/projects/kamera/examples/knative-serving/knative/harness.go:895\ngithub.com/tgoodwin/kamera/pkg/tracecheck.(*ReconcilerContainer).doReconcile\n\t/Users/tgoodwin/projects/kamera/pkg/tracecheck/reconciler.go:164\ngithub.com/tgoodwin/kamera/pkg/tracecheck.(*Explorer).reconcileAtState\n\t/Users/tgoodwin/projects/kamera/pkg/tracecheck/explore.go:1313\ngithub.com/tgoodwin/kamera/pkg/tracecheck.(*Explorer).takeReconcileStep\n\t/Users/tgoodwin/projects/kamera/pkg/tracecheck/explore.go:1228\ngithub.com/tgoodwin/kamera/pkg/tracecheck.(*Explorer).explore\n\t/Users/tgoodwin/projects/kamera/pkg/tracecheck/explore.go:790\ngithub.com/tgoodwin/kamera/pkg/tracecheck.(*Explorer).Explore.func1\n\t/Users/tgoodwin/projects/kamera/pkg/tracecheck/explore.go:330"}
{"level":"info","ts":1768351605.072,"logger":"fallback","caller":"revision/reconcile_resources.go:161","msg":"Reconciling PA: kamera-test"}
{"level":"info","ts":"2026-01-13T16:46:45-08:00","logger":"RevisionReconciler.reconcile","msg":"reconcile completed","key":"default/kamera-test","reconciler":"knative.dev.serving.pkg.reconciler.revision.Reconciler","requeue":false,"requeueAfter":0}
{"level":"info","ts":"2026-01-13T16:46:45-08:00","logger":"tracecheck","msg":"Taking reconcile step","Depth":50,"# Distinct States":334,"Total States":336,"Resource States":67}
{"level":"info","ts":"2026-01-13T16:46:45-08:00","logger":"tracecheck","msg":"Taking reconcile step","Depth":51,"# Distinct States":335,"Total States":337,"Resource States":67}
{"level":"info","ts":"2026-01-13T16:46:45-08:00","logger":"KPAReconciler.seed","msg":"added podscalable to informer","resource":"deployments","namespace":"default","name":"kamera-test-deployment","stage":"podscalable-add","keys":["default/kamera-test-deployment"]}
{"level":"info","ts":"2026-01-13T16:46:45-08:00","logger":"KPAReconciler.seed","msg":"podscalable visible to lister","resource":"deployments","namespace":"default","name":"kamera-test-deployment","stage":"podscalable-lister","object":{"apiVersion":"autoscaling.internal.knative.dev/v1alpha1","kind":"PodScalable","namespace":"default","name":"kamera-test-deployment"}}
{"level":"info","ts":1768351605.180083,"logger":"fallback","caller":"kpa/controller.go:77","msg":"Setting up ConfigMap receivers"}
{"level":"info","ts":1768351605.180177,"logger":"fallback","caller":"kpa/controller.go:91","msg":"Setting up KPA-Class event handlers"}
{"level":"info","ts":1768351605.1802912,"logger":"fallback","caller":"kpa/scaler.go:379","msg":"Scaling from 1 to 0"}
{"level":"info","ts":1768351605.182314,"logger":"fallback","caller":"kpa/kpa.go:158","msg":"SKS should be in Proxy mode: want = 0, ebc = 0, #act's = 2 PA Inactive? = true"}
{"level":"info","ts":1768351605.182334,"logger":"fallback","caller":"kpa/kpa.go:178","msg":"PA scale got=1, want=0, desiredPods=0 ebc=0"}
{"level":"info","ts":1768351605.182343,"logger":"fallback","caller":"kpa/kpa.go:188","msg":"Observed pod counts=kpa.podCounts{want:0, ready:1, notReady:0, pending:0, terminating:0}"}
{"level":"info","ts":"2026-01-13T16:46:45-08:00","logger":"KPAReconciler.reconcile","msg":"reconcile completed","key":"default/kamera-test","reconciler":"knative.dev.serving.pkg.reconciler.autoscaling.kpa.Reconciler","requeue":false,"requeueAfter":0}
{"level":"info","ts":"2026-01-13T16:46:45-08:00","logger":"tracecheck","msg":"Taking reconcile step","Depth":52,"# Distinct States":336,"Total States":338,"Resource States":67}
{"level":"info","ts":"2026-01-13T16:46:45-08:00","logger":"tracecheck","msg":"Taking reconcile step","Depth":53,"# Distinct States":337,"Total States":339,"Resource States":67}
{"level":"info","ts":"2026-01-13T16:46:45-08:00","logger":"ConfigurationReconciler.seed","msg":"added podscalable to informer","resource":"deployments","namespace":"default","name":"kamera-test-deployment","stage":"podscalable-add","keys":["default/kamera-test-deployment"]}
{"level":"info","ts":"2026-01-13T16:46:45-08:00","logger":"ConfigurationReconciler.seed","msg":"podscalable visible to lister","resource":"deployments","namespace":"default","name":"kamera-test-deployment","stage":"podscalable-lister","object":{"apiVersion":"autoscaling.internal.knative.dev/v1alpha1","kind":"PodScalable","namespace":"default","name":"kamera-test-deployment"}}
{"level":"info","ts":1768351605.2962801,"logger":"fallback","caller":"configuration/configuration.go:106","msg":"Revision \"kamera-test\" of configuration is ready"}
{"level":"info","ts":"2026-01-13T16:46:45-08:00","logger":"ConfigurationReconciler.reconcile","msg":"reconcile completed","key":"default/demo","reconciler":"knative.dev.serving.pkg.reconciler.configuration.Reconciler","requeue":false,"requeueAfter":0}
{"level":"info","ts":"2026-01-13T16:46:45-08:00","logger":"tracecheck","msg":"Taking reconcile step","Depth":54,"# Distinct States":338,"Total States":340,"Resource States":67}
{"level":"info","ts":"2026-01-13T16:46:45-08:00","logger":"tracecheck","msg":"Updated Deployment status","Depth":54,"# Distinct States":338,"Total States":340,"Resource States":67,"name":"kamera-test-deployment"}
{"level":"info","ts":"2026-01-13T16:46:45-08:00","logger":"tracecheck","msg":"Taking reconcile step","Depth":32,"# Distinct States":339,"Total States":342,"Resource States":67}
{"level":"info","ts":"2026-01-13T16:46:45-08:00","logger":"RevisionReconciler.seed","msg":"added podscalable to informer","resource":"deployments","namespace":"default","name":"kamera-test-deployment","stage":"podscalable-add","keys":["default/kamera-test-deployment"]}
{"level":"info","ts":"2026-01-13T16:46:45-08:00","logger":"RevisionReconciler.seed","msg":"podscalable visible to lister","resource":"deployments","namespace":"default","name":"kamera-test-deployment","stage":"podscalable-lister","object":{"apiVersion":"autoscaling.internal.knative.dev/v1alpha1","kind":"PodScalable","namespace":"default","name":"kamera-test-deployment"}}
{"level":"error","ts":1768351605.410239,"logger":"fallback","caller":"revision/controller.go:116","msg":"Failed to create resolver transport","error":"open /var/run/secrets/kubernetes.io/serviceaccount/ca.crt: no such file or directory","stacktrace":"knative.dev/serving/pkg/reconciler/revision.newControllerWithOptions\n\t/Users/tgoodwin/tmp/gomodcache/knative.dev/serving@v0.46.5/pkg/reconciler/revision/controller.go:116\nknative.dev/serving/pkg/reconciler/revision.NewController\n\t/Users/tgoodwin/tmp/gomodcache/knative.dev/serving@v0.46.5/pkg/reconciler/revision/controller.go:64\nmain.configureKnativeExplorer.func1.1\n\t/Users/tgoodwin/projects/kamera/examples/knative-serving/scenario.go:91\ngithub.com/tgoodwin/kamera/examples/knative-serving/knative.NewKnativeStrategy.func1\n\t/Users/tgoodwin/projects/kamera/examples/knative-serving/knative/harness.go:555\ngithub.com/tgoodwin/kamera/examples/knative-serving/knative.(*KnativeStrategy).ReconcileAtState\n\t/Users/tgoodwin/projects/kamera/examples/knative-serving/knative/harness.go:895\ngithub.com/tgoodwin/kamera/pkg/tracecheck.(*ReconcilerContainer).doReconcile\n\t/Users/tgoodwin/projects/kamera/pkg/tracecheck/reconciler.go:164\ngithub.com/tgoodwin/kamera/pkg/tracecheck.(*Explorer).reconcileAtState\n\t/Users/tgoodwin/projects/kamera/pkg/tracecheck/explore.go:1313\ngithub.com/tgoodwin/kamera/pkg/tracecheck.(*Explorer).takeReconcileStep\n\t/Users/tgoodwin/projects/kamera/pkg/tracecheck/explore.go:1228\ngithub.com/tgoodwin/kamera/pkg/tracecheck.(*Explorer).explore\n\t/Users/tgoodwin/projects/kamera/pkg/tracecheck/explore.go:790\ngithub.com/tgoodwin/kamera/pkg/tracecheck.(*Explorer).Explore.func1\n\t/Users/tgoodwin/projects/kamera/pkg/tracecheck/explore.go:330"}
{"level":"info","ts":1768351605.410644,"logger":"fallback","caller":"revision/reconcile_resources.go:161","msg":"Reconciling PA: kamera-test"}
{"level":"info","ts":"2026-01-13T16:46:45-08:00","logger":"RevisionReconciler.reconcile","msg":"reconcile completed","key":"default/kamera-test","reconciler":"knative.dev.serving.pkg.reconciler.revision.Reconciler","requeue":false,"requeueAfter":0}
{"level":"info","ts":"2026-01-13T16:46:45-08:00","logger":"tracecheck","msg":"Taking reconcile step","Depth":33,"# Distinct States":340,"Total States":343,"Resource States":67}
{"level":"info","ts":"2026-01-13T16:46:45-08:00","logger":"tracecheck","msg":"Taking reconcile step","Depth":34,"# Distinct States":341,"Total States":344,"Resource States":67}
{"level":"info","ts":"2026-01-13T16:46:45-08:00","logger":"tracecheck","msg":"Taking reconcile step","Depth":35,"# Distinct States":342,"Total States":345,"Resource States":67}
{"level":"info","ts":"2026-01-13T16:46:45-08:00","logger":"KPAReconciler.seed","msg":"added podscalable to informer","resource":"deployments","namespace":"default","name":"kamera-test-deployment","stage":"podscalable-add","keys":["default/kamera-test-deployment"]}
{"level":"info","ts":"2026-01-13T16:46:45-08:00","logger":"KPAReconciler.seed","msg":"podscalable visible to lister","resource":"deployments","namespace":"default","name":"kamera-test-deployment","stage":"podscalable-lister","object":{"apiVersion":"autoscaling.internal.knative.dev/v1alpha1","kind":"PodScalable","namespace":"default","name":"kamera-test-deployment"}}
{"level":"info","ts":1768351605.521142,"logger":"fallback","caller":"kpa/controller.go:77","msg":"Setting up ConfigMap receivers"}
{"level":"info","ts":1768351605.52123,"logger":"fallback","caller":"kpa/controller.go:91","msg":"Setting up KPA-Class event handlers"}
{"level":"info","ts":1768351605.521326,"logger":"fallback","caller":"kpa/kpa.go:158","msg":"SKS should be in Proxy mode: want = -1, ebc = 0, #act's = 2 PA Inactive? = false"}
{"level":"info","ts":1768351605.521347,"logger":"fallback","caller":"kpa/kpa.go:178","msg":"PA scale got=0, want=-1, desiredPods=0 ebc=0"}
{"level":"info","ts":1768351605.521355,"logger":"fallback","caller":"kpa/kpa.go:188","msg":"Observed pod counts=kpa.podCounts{want:-1, ready:0, notReady:1, pending:0, terminating:0}"}
{"level":"info","ts":"2026-01-13T16:46:45-08:00","logger":"KPAReconciler.reconcile","msg":"reconcile completed","key":"default/kamera-test","reconciler":"knative.dev.serving.pkg.reconciler.autoscaling.kpa.Reconciler","requeue":false,"requeueAfter":0}
{"level":"info","ts":"2026-01-13T16:46:45-08:00","logger":"tracecheck","msg":"Taking reconcile step","Depth":36,"# Distinct States":343,"Total States":346,"Resource States":67}
{"level":"info","ts":"2026-01-13T16:46:45-08:00","logger":"tracecheck","msg":"Taking reconcile step","Depth":37,"# Distinct States":344,"Total States":347,"Resource States":67}
{"level":"info","ts":"2026-01-13T16:46:45-08:00","logger":"ServerlessServiceReconciler.seed","msg":"added podscalable to informer","resource":"deployments","namespace":"default","name":"kamera-test-deployment","stage":"podscalable-add","keys":["default/kamera-test-deployment"]}
{"level":"info","ts":"2026-01-13T16:46:45-08:00","logger":"ServerlessServiceReconciler.seed","msg":"podscalable visible to lister","resource":"deployments","namespace":"default","name":"kamera-test-deployment","stage":"podscalable-lister","object":{"apiVersion":"autoscaling.internal.knative.dev/v1alpha1","kind":"PodScalable","namespace":"default","name":"kamera-test-deployment"}}
{"level":"info","ts":1768351605.629385,"logger":"fallback","caller":"serverlessservice/controller.go:90","msg":"Doing a global resync due to activator endpoint changes"}
{"level":"info","ts":1768351605.6294222,"logger":"fallback","caller":"serverlessservice/serverlessservice.go:217","msg":"SKS is in Proxy mode; has 0 endpoints in kamera-test-private; 1 activator endpoints"}
{"level":"info","ts":1768351605.6294332,"logger":"fallback","caller":"serverlessservice/serverlessservice.go:245","msg":"Forcing SKS into Proxy mode, insufficient ready endpoints."}
{"level":"info","ts":1768351605.629442,"logger":"fallback","caller":"serverlessservice/serverlessservice.go:290","msg":"No ready endpoints backing revision"}
{"level":"info","ts":"2026-01-13T16:46:45-08:00","logger":"ServerlessServiceReconciler.reconcile","msg":"reconcile completed","key":"default/kamera-test","reconciler":"knative.dev.serving.pkg.reconciler.serverlessservice.reconciler","requeue":false,"requeueAfter":0}
{"level":"info","ts":"2026-01-13T16:46:45-08:00","logger":"tracecheck","msg":"Taking reconcile step","Depth":38,"# Distinct States":345,"Total States":348,"Resource States":67}
{"level":"info","ts":"2026-01-13T16:46:45-08:00","logger":"tracecheck","msg":"updated pod status","Depth":38,"# Distinct States":345,"Total States":348,"Resource States":67,"phase":"Running","pod":{"name":"kamera-test-deployment-1488584584-0","namespace":"default"}}
{"level":"info","ts":"2026-01-13T16:46:45-08:00","logger":"tracecheck","msg":"Taking reconcile step","Depth":39,"# Distinct States":346,"Total States":349,"Resource States":67}
{"level":"info","ts":"2026-01-13T16:46:45-08:00","logger":"tracecheck","msg":"Taking reconcile step","Depth":40,"# Distinct States":347,"Total States":350,"Resource States":67}
{"level":"info","ts":"2026-01-13T16:46:45-08:00","logger":"ConfigurationReconciler.seed","msg":"added podscalable to informer","resource":"deployments","namespace":"default","name":"kamera-test-deployment","stage":"podscalable-add","keys":["default/kamera-test-deployment"]}
{"level":"info","ts":"2026-01-13T16:46:45-08:00","logger":"ConfigurationReconciler.seed","msg":"podscalable visible to lister","resource":"deployments","namespace":"default","name":"kamera-test-deployment","stage":"podscalable-lister","object":{"apiVersion":"autoscaling.internal.knative.dev/v1alpha1","kind":"PodScalable","namespace":"default","name":"kamera-test-deployment"}}
{"level":"info","ts":1768351605.73997,"logger":"fallback","caller":"configuration/configuration.go:103","msg":"Revision \"kamera-test\" of configuration is not ready"}
{"level":"info","ts":"2026-01-13T16:46:45-08:00","logger":"ConfigurationReconciler.reconcile","msg":"reconcile completed","key":"default/demo","reconciler":"knative.dev.serving.pkg.reconciler.configuration.Reconciler","requeue":false,"requeueAfter":0}
{"level":"info","ts":"2026-01-13T16:46:45-08:00","logger":"tracecheck","msg":"Taking reconcile step","Depth":41,"# Distinct States":348,"Total States":351,"Resource States":67}
{"level":"info","ts":"2026-01-13T16:46:45-08:00","logger":"RevisionReconciler.seed","msg":"added podscalable to informer","resource":"deployments","namespace":"default","name":"kamera-test-deployment","stage":"podscalable-add","keys":["default/kamera-test-deployment"]}
{"level":"info","ts":"2026-01-13T16:46:45-08:00","logger":"RevisionReconciler.seed","msg":"podscalable visible to lister","resource":"deployments","namespace":"default","name":"kamera-test-deployment","stage":"podscalable-lister","object":{"apiVersion":"autoscaling.internal.knative.dev/v1alpha1","kind":"PodScalable","namespace":"default","name":"kamera-test-deployment"}}
{"level":"error","ts":1768351605.845951,"logger":"fallback","caller":"revision/controller.go:116","msg":"Failed to create resolver transport","error":"open /var/run/secrets/kubernetes.io/serviceaccount/ca.crt: no such file or directory","stacktrace":"knative.dev/serving/pkg/reconciler/revision.newControllerWithOptions\n\t/Users/tgoodwin/tmp/gomodcache/knative.dev/serving@v0.46.5/pkg/reconciler/revision/controller.go:116\nknative.dev/serving/pkg/reconciler/revision.NewController\n\t/Users/tgoodwin/tmp/gomodcache/knative.dev/serving@v0.46.5/pkg/reconciler/revision/controller.go:64\nmain.configureKnativeExplorer.func1.1\n\t/Users/tgoodwin/projects/kamera/examples/knative-serving/scenario.go:91\ngithub.com/tgoodwin/kamera/examples/knative-serving/knative.NewKnativeStrategy.func1\n\t/Users/tgoodwin/projects/kamera/examples/knative-serving/knative/harness.go:555\ngithub.com/tgoodwin/kamera/examples/knative-serving/knative.(*KnativeStrategy).ReconcileAtState\n\t/Users/tgoodwin/projects/kamera/examples/knative-serving/knative/harness.go:895\ngithub.com/tgoodwin/kamera/pkg/tracecheck.(*ReconcilerContainer).doReconcile\n\t/Users/tgoodwin/projects/kamera/pkg/tracecheck/reconciler.go:164\ngithub.com/tgoodwin/kamera/pkg/tracecheck.(*Explorer).reconcileAtState\n\t/Users/tgoodwin/projects/kamera/pkg/tracecheck/explore.go:1313\ngithub.com/tgoodwin/kamera/pkg/tracecheck.(*Explorer).takeReconcileStep\n\t/Users/tgoodwin/projects/kamera/pkg/tracecheck/explore.go:1228\ngithub.com/tgoodwin/kamera/pkg/tracecheck.(*Explorer).explore\n\t/Users/tgoodwin/projects/kamera/pkg/tracecheck/explore.go:790\ngithub.com/tgoodwin/kamera/pkg/tracecheck.(*Explorer).Explore.func1\n\t/Users/tgoodwin/projects/kamera/pkg/tracecheck/explore.go:330"}
{"level":"info","ts":1768351605.846304,"logger":"fallback","caller":"revision/reconcile_resources.go:161","msg":"Reconciling PA: kamera-test"}
{"level":"info","ts":"2026-01-13T16:46:45-08:00","logger":"RevisionReconciler.reconcile","msg":"reconcile completed","key":"default/kamera-test","reconciler":"knative.dev.serving.pkg.reconciler.revision.Reconciler","requeue":false,"requeueAfter":0}
{"level":"info","ts":"2026-01-13T16:46:45-08:00","logger":"tracecheck","msg":"Taking reconcile step","Depth":42,"# Distinct States":349,"Total States":352,"Resource States":67}
{"level":"info","ts":"2026-01-13T16:46:45-08:00","logger":"KPAReconciler.seed","msg":"added podscalable to informer","resource":"deployments","namespace":"default","name":"kamera-test-deployment","stage":"podscalable-add","keys":["default/kamera-test-deployment"]}
{"level":"info","ts":"2026-01-13T16:46:45-08:00","logger":"KPAReconciler.seed","msg":"podscalable visible to lister","resource":"deployments","namespace":"default","name":"kamera-test-deployment","stage":"podscalable-lister","object":{"apiVersion":"autoscaling.internal.knative.dev/v1alpha1","kind":"PodScalable","namespace":"default","name":"kamera-test-deployment"}}
{"level":"info","ts":1768351605.952379,"logger":"fallback","caller":"kpa/controller.go:77","msg":"Setting up ConfigMap receivers"}
{"level":"info","ts":1768351605.9524639,"logger":"fallback","caller":"kpa/controller.go:91","msg":"Setting up KPA-Class event handlers"}
{"level":"info","ts":1768351605.952574,"logger":"fallback","caller":"kpa/kpa.go:158","msg":"SKS should be in Proxy mode: want = -1, ebc = 0, #act's = 2 PA Inactive? = false"}
{"level":"info","ts":1768351605.952598,"logger":"fallback","caller":"kpa/kpa.go:178","msg":"PA scale got=1, want=-1, desiredPods=0 ebc=0"}
{"level":"info","ts":1768351605.952606,"logger":"fallback","caller":"kpa/kpa.go:188","msg":"Observed pod counts=kpa.podCounts{want:-1, ready:1, notReady:0, pending:0, terminating:0}"}
{"level":"info","ts":"2026-01-13T16:46:45-08:00","logger":"KPAReconciler.reconcile","msg":"reconcile completed","key":"default/kamera-test","reconciler":"knative.dev.serving.pkg.reconciler.autoscaling.kpa.Reconciler","requeue":false,"requeueAfter":0}
{"level":"info","ts":"2026-01-13T16:46:45-08:00","logger":"tracecheck","msg":"Taking reconcile step","Depth":43,"# Distinct States":350,"Total States":353,"Resource States":67}
{"level":"info","ts":"2026-01-13T16:46:45-08:00","logger":"tracecheck","msg":"Taking reconcile step","Depth":44,"# Distinct States":351,"Total States":354,"Resource States":67}
{"level":"info","ts":"2026-01-13T16:46:45-08:00","logger":"tracecheck","msg":"Updated ReplicaSet status","Depth":44,"# Distinct States":351,"Total States":354,"Resource States":67,"name":"kamera-test-deployment-1488584584"}
{"level":"info","ts":"2026-01-13T16:46:45-08:00","logger":"tracecheck","msg":"Taking reconcile step","Depth":45,"# Distinct States":352,"Total States":355,"Resource States":67}
{"level":"info","ts":"2026-01-13T16:46:46-08:00","logger":"KPAReconciler.seed","msg":"added podscalable to informer","resource":"deployments","namespace":"default","name":"kamera-test-deployment","stage":"podscalable-add","keys":["default/kamera-test-deployment"]}
{"level":"info","ts":"2026-01-13T16:46:46-08:00","logger":"KPAReconciler.seed","msg":"podscalable visible to lister","resource":"deployments","namespace":"default","name":"kamera-test-deployment","stage":"podscalable-lister","object":{"apiVersion":"autoscaling.internal.knative.dev/v1alpha1","kind":"PodScalable","namespace":"default","name":"kamera-test-deployment"}}
{"level":"info","ts":1768351606.067651,"logger":"fallback","caller":"kpa/controller.go:77","msg":"Setting up ConfigMap receivers"}
{"level":"info","ts":1768351606.067727,"logger":"fallback","caller":"kpa/controller.go:91","msg":"Setting up KPA-Class event handlers"}
{"level":"info","ts":1768351606.0678148,"logger":"fallback","caller":"kpa/scaler.go:229","msg":"Can deactivate PA, was active for 6s"}
{"level":"info","ts":1768351606.067829,"logger":"fallback","caller":"kpa/kpa.go:158","msg":"SKS should be in Proxy mode: want = 0, ebc = 0, #act's = 2 PA Inactive? = false"}
{"level":"info","ts":1768351606.0678442,"logger":"fallback","caller":"kpa/kpa.go:178","msg":"PA scale got=1, want=0, desiredPods=0 ebc=0"}
{"level":"info","ts":1768351606.067851,"logger":"fallback","caller":"kpa/kpa.go:188","msg":"Observed pod counts=kpa.podCounts{want:0, ready:1, notReady:0, pending:0, terminating:0}"}
{"level":"info","ts":"2026-01-13T16:46:46-08:00","logger":"KPAReconciler.reconcile","msg":"reconcile completed","key":"default/kamera-test","reconciler":"knative.dev.serving.pkg.reconciler.autoscaling.kpa.Reconciler","requeue":false,"requeueAfter":0}
{"level":"info","ts":"2026-01-13T16:46:46-08:00","logger":"tracecheck","msg":"Taking reconcile step","Depth":46,"# Distinct States":353,"Total States":356,"Resource States":67}
{"level":"info","ts":"2026-01-13T16:46:46-08:00","logger":"tracecheck","msg":"Taking reconcile step","Depth":47,"# Distinct States":354,"Total States":357,"Resource States":67}
{"level":"info","ts":"2026-01-13T16:46:46-08:00","logger":"RevisionReconciler.seed","msg":"added podscalable to informer","resource":"deployments","namespace":"default","name":"kamera-test-deployment","stage":"podscalable-add","keys":["default/kamera-test-deployment"]}
{"level":"info","ts":"2026-01-13T16:46:46-08:00","logger":"RevisionReconciler.seed","msg":"podscalable visible to lister","resource":"deployments","namespace":"default","name":"kamera-test-deployment","stage":"podscalable-lister","object":{"apiVersion":"autoscaling.internal.knative.dev/v1alpha1","kind":"PodScalable","namespace":"default","name":"kamera-test-deployment"}}
{"level":"error","ts":1768351606.174905,"logger":"fallback","caller":"revision/controller.go:116","msg":"Failed to create resolver transport","error":"open /var/run/secrets/kubernetes.io/serviceaccount/ca.crt: no such file or directory","stacktrace":"knative.dev/serving/pkg/reconciler/revision.newControllerWithOptions\n\t/Users/tgoodwin/tmp/gomodcache/knative.dev/serving@v0.46.5/pkg/reconciler/revision/controller.go:116\nknative.dev/serving/pkg/reconciler/revision.NewController\n\t/Users/tgoodwin/tmp/gomodcache/knative.dev/serving@v0.46.5/pkg/reconciler/revision/controller.go:64\nmain.configureKnativeExplorer.func1.1\n\t/Users/tgoodwin/projects/kamera/examples/knative-serving/scenario.go:91\ngithub.com/tgoodwin/kamera/examples/knative-serving/knative.NewKnativeStrategy.func1\n\t/Users/tgoodwin/projects/kamera/examples/knative-serving/knative/harness.go:555\ngithub.com/tgoodwin/kamera/examples/knative-serving/knative.(*KnativeStrategy).ReconcileAtState\n\t/Users/tgoodwin/projects/kamera/examples/knative-serving/knative/harness.go:895\ngithub.com/tgoodwin/kamera/pkg/tracecheck.(*ReconcilerContainer).doReconcile\n\t/Users/tgoodwin/projects/kamera/pkg/tracecheck/reconciler.go:164\ngithub.com/tgoodwin/kamera/pkg/tracecheck.(*Explorer).reconcileAtState\n\t/Users/tgoodwin/projects/kamera/pkg/tracecheck/explore.go:1313\ngithub.com/tgoodwin/kamera/pkg/tracecheck.(*Explorer).takeReconcileStep\n\t/Users/tgoodwin/projects/kamera/pkg/tracecheck/explore.go:1228\ngithub.com/tgoodwin/kamera/pkg/tracecheck.(*Explorer).explore\n\t/Users/tgoodwin/projects/kamera/pkg/tracecheck/explore.go:790\ngithub.com/tgoodwin/kamera/pkg/tracecheck.(*Explorer).Explore.func1\n\t/Users/tgoodwin/projects/kamera/pkg/tracecheck/explore.go:330"}
{"level":"info","ts":1768351606.175305,"logger":"fallback","caller":"revision/reconcile_resources.go:161","msg":"Reconciling PA: kamera-test"}
{"level":"info","ts":1768351606.175336,"logger":"fallback","caller":"revision/revision.go:166","msg":"Revision became ready"}
{"level":"info","ts":"2026-01-13T16:46:46-08:00","logger":"RevisionReconciler.reconcile","msg":"reconcile completed","key":"default/kamera-test","reconciler":"knative.dev.serving.pkg.reconciler.revision.Reconciler","requeue":false,"requeueAfter":0}
{"level":"info","ts":"2026-01-13T16:46:46-08:00","logger":"tracecheck","msg":"Taking reconcile step","Depth":48,"# Distinct States":355,"Total States":358,"Resource States":67}
{"level":"info","ts":"2026-01-13T16:46:46-08:00","logger":"tracecheck","msg":"Updated Deployment status","Depth":48,"# Distinct States":355,"Total States":358,"Resource States":67,"name":"kamera-test-deployment"}
{"level":"info","ts":"2026-01-13T16:46:46-08:00","logger":"tracecheck","msg":"Taking reconcile step","Depth":49,"# Distinct States":356,"Total States":359,"Resource States":67}
{"level":"info","ts":"2026-01-13T16:46:46-08:00","logger":"tracecheck","msg":"Taking reconcile step","Depth":50,"# Distinct States":357,"Total States":360,"Resource States":67}
{"level":"info","ts":"2026-01-13T16:46:46-08:00","logger":"KPAReconciler.seed","msg":"added podscalable to informer","resource":"deployments","namespace":"default","name":"kamera-test-deployment","stage":"podscalable-add","keys":["default/kamera-test-deployment"]}
{"level":"info","ts":"2026-01-13T16:46:46-08:00","logger":"KPAReconciler.seed","msg":"podscalable visible to lister","resource":"deployments","namespace":"default","name":"kamera-test-deployment","stage":"podscalable-lister","object":{"apiVersion":"autoscaling.internal.knative.dev/v1alpha1","kind":"PodScalable","namespace":"default","name":"kamera-test-deployment"}}
{"level":"info","ts":1768351606.289293,"logger":"fallback","caller":"kpa/controller.go:77","msg":"Setting up ConfigMap receivers"}
{"level":"info","ts":1768351606.28937,"logger":"fallback","caller":"kpa/controller.go:91","msg":"Setting up KPA-Class event handlers"}
{"level":"info","ts":1768351606.289431,"logger":"fallback","caller":"kpa/scaler.go:379","msg":"Scaling from 1 to 0"}
{"level":"info","ts":1768351606.290496,"logger":"fallback","caller":"kpa/kpa.go:158","msg":"SKS should be in Proxy mode: want = 0, ebc = 0, #act's = 2 PA Inactive? = true"}
{"level":"info","ts":1768351606.2905102,"logger":"fallback","caller":"kpa/kpa.go:178","msg":"PA scale got=1, want=0, desiredPods=0 ebc=0"}
{"level":"info","ts":1768351606.290515,"logger":"fallback","caller":"kpa/kpa.go:188","msg":"Observed pod counts=kpa.podCounts{want:0, ready:1, notReady:0, pending:0, terminating:0}"}
{"level":"info","ts":"2026-01-13T16:46:46-08:00","logger":"KPAReconciler.reconcile","msg":"reconcile completed","key":"default/kamera-test","reconciler":"knative.dev.serving.pkg.reconciler.autoscaling.kpa.Reconciler","requeue":false,"requeueAfter":0}
{"level":"info","ts":"2026-01-13T16:46:46-08:00","logger":"tracecheck","msg":"Taking reconcile step","Depth":51,"# Distinct States":358,"Total States":361,"Resource States":67}
{"level":"info","ts":"2026-01-13T16:46:46-08:00","logger":"ConfigurationReconciler.seed","msg":"added podscalable to informer","resource":"deployments","namespace":"default","name":"kamera-test-deployment","stage":"podscalable-add","keys":["default/kamera-test-deployment"]}
{"level":"info","ts":"2026-01-13T16:46:46-08:00","logger":"ConfigurationReconciler.seed","msg":"podscalable visible to lister","resource":"deployments","namespace":"default","name":"kamera-test-deployment","stage":"podscalable-lister","object":{"apiVersion":"autoscaling.internal.knative.dev/v1alpha1","kind":"PodScalable","namespace":"default","name":"kamera-test-deployment"}}
{"level":"info","ts":1768351606.396867,"logger":"fallback","caller":"configuration/configuration.go:106","msg":"Revision \"kamera-test\" of configuration is ready"}
{"level":"info","ts":"2026-01-13T16:46:46-08:00","logger":"ConfigurationReconciler.reconcile","msg":"reconcile completed","key":"default/demo","reconciler":"knative.dev.serving.pkg.reconciler.configuration.Reconciler","requeue":false,"requeueAfter":0}
{"level":"info","ts":"2026-01-13T16:46:46-08:00","logger":"tracecheck","msg":"Taking reconcile step","Depth":52,"# Distinct States":359,"Total States":362,"Resource States":67}
{"level":"info","ts":"2026-01-13T16:46:46-08:00","logger":"tracecheck","msg":"Taking reconcile step","Depth":43,"# Distinct States":360,"Total States":363,"Resource States":67}
{"level":"info","ts":"2026-01-13T16:46:46-08:00","logger":"RevisionReconciler.seed","msg":"added podscalable to informer","resource":"deployments","namespace":"default","name":"kamera-test-deployment","stage":"podscalable-add","keys":["default/kamera-test-deployment"]}
{"level":"info","ts":"2026-01-13T16:46:46-08:00","logger":"RevisionReconciler.seed","msg":"podscalable visible to lister","resource":"deployments","namespace":"default","name":"kamera-test-deployment","stage":"podscalable-lister","object":{"apiVersion":"autoscaling.internal.knative.dev/v1alpha1","kind":"PodScalable","namespace":"default","name":"kamera-test-deployment"}}
{"level":"error","ts":1768351606.503444,"logger":"fallback","caller":"revision/controller.go:116","msg":"Failed to create resolver transport","error":"open /var/run/secrets/kubernetes.io/serviceaccount/ca.crt: no such file or directory","stacktrace":"knative.dev/serving/pkg/reconciler/revision.newControllerWithOptions\n\t/Users/tgoodwin/tmp/gomodcache/knative.dev/serving@v0.46.5/pkg/reconciler/revision/controller.go:116\nknative.dev/serving/pkg/reconciler/revision.NewController\n\t/Users/tgoodwin/tmp/gomodcache/knative.dev/serving@v0.46.5/pkg/reconciler/revision/controller.go:64\nmain.configureKnativeExplorer.func1.1\n\t/Users/tgoodwin/projects/kamera/examples/knative-serving/scenario.go:91\ngithub.com/tgoodwin/kamera/examples/knative-serving/knative.NewKnativeStrategy.func1\n\t/Users/tgoodwin/projects/kamera/examples/knative-serving/knative/harness.go:555\ngithub.com/tgoodwin/kamera/examples/knative-serving/knative.(*KnativeStrategy).ReconcileAtState\n\t/Users/tgoodwin/projects/kamera/examples/knative-serving/knative/harness.go:895\ngithub.com/tgoodwin/kamera/pkg/tracecheck.(*ReconcilerContainer).doReconcile\n\t/Users/tgoodwin/projects/kamera/pkg/tracecheck/reconciler.go:164\ngithub.com/tgoodwin/kamera/pkg/tracecheck.(*Explorer).reconcileAtState\n\t/Users/tgoodwin/projects/kamera/pkg/tracecheck/explore.go:1313\ngithub.com/tgoodwin/kamera/pkg/tracecheck.(*Explorer).takeReconcileStep\n\t/Users/tgoodwin/projects/kamera/pkg/tracecheck/explore.go:1228\ngithub.com/tgoodwin/kamera/pkg/tracecheck.(*Explorer).explore\n\t/Users/tgoodwin/projects/kamera/pkg/tracecheck/explore.go:790\ngithub.com/tgoodwin/kamera/pkg/tracecheck.(*Explorer).Explore.func1\n\t/Users/tgoodwin/projects/kamera/pkg/tracecheck/explore.go:330"}
{"level":"info","ts":1768351606.5037708,"logger":"fallback","caller":"revision/reconcile_resources.go:161","msg":"Reconciling PA: kamera-test"}
{"level":"info","ts":1768351606.503797,"logger":"fallback","caller":"revision/revision.go:166","msg":"Revision became ready"}
{"level":"info","ts":"2026-01-13T16:46:46-08:00","logger":"RevisionReconciler.reconcile","msg":"reconcile completed","key":"default/kamera-test","reconciler":"knative.dev.serving.pkg.reconciler.revision.Reconciler","requeue":false,"requeueAfter":0}
{"level":"info","ts":"2026-01-13T16:46:46-08:00","logger":"tracecheck","msg":"Taking reconcile step","Depth":44,"# Distinct States":361,"Total States":364,"Resource States":67}
{"level":"info","ts":"2026-01-13T16:46:46-08:00","logger":"tracecheck","msg":"Taking reconcile step","Depth":45,"# Distinct States":362,"Total States":365,"Resource States":67}
{"level":"info","ts":"2026-01-13T16:46:46-08:00","logger":"tracecheck","msg":"Updated ReplicaSet status","Depth":45,"# Distinct States":362,"Total States":365,"Resource States":67,"name":"kamera-test-deployment-1488584584"}
{"level":"info","ts":"2026-01-13T16:46:46-08:00","logger":"tracecheck","msg":"Taking reconcile step","Depth":46,"# Distinct States":363,"Total States":366,"Resource States":67}
{"level":"info","ts":"2026-01-13T16:46:46-08:00","logger":"KPAReconciler.seed","msg":"added podscalable to informer","resource":"deployments","namespace":"default","name":"kamera-test-deployment","stage":"podscalable-add","keys":["default/kamera-test-deployment"]}
{"level":"info","ts":"2026-01-13T16:46:46-08:00","logger":"KPAReconciler.seed","msg":"podscalable visible to lister","resource":"deployments","namespace":"default","name":"kamera-test-deployment","stage":"podscalable-lister","object":{"apiVersion":"autoscaling.internal.knative.dev/v1alpha1","kind":"PodScalable","namespace":"default","name":"kamera-test-deployment"}}
{"level":"info","ts":1768351606.613868,"logger":"fallback","caller":"kpa/controller.go:77","msg":"Setting up ConfigMap receivers"}
{"level":"info","ts":1768351606.613952,"logger":"fallback","caller":"kpa/controller.go:91","msg":"Setting up KPA-Class event handlers"}
{"level":"info","ts":1768351606.614026,"logger":"fallback","caller":"kpa/scaler.go:229","msg":"Can deactivate PA, was active for 8s"}
{"level":"info","ts":1768351606.6140401,"logger":"fallback","caller":"kpa/kpa.go:158","msg":"SKS should be in Proxy mode: want = 0, ebc = 0, #act's = 2 PA Inactive? = false"}
{"level":"info","ts":1768351606.614052,"logger":"fallback","caller":"kpa/kpa.go:178","msg":"PA scale got=1, want=0, desiredPods=0 ebc=0"}
{"level":"info","ts":1768351606.614059,"logger":"fallback","caller":"kpa/kpa.go:188","msg":"Observed pod counts=kpa.podCounts{want:0, ready:1, notReady:0, pending:0, terminating:0}"}
{"level":"info","ts":"2026-01-13T16:46:46-08:00","logger":"KPAReconciler.reconcile","msg":"reconcile completed","key":"default/kamera-test","reconciler":"knative.dev.serving.pkg.reconciler.autoscaling.kpa.Reconciler","requeue":false,"requeueAfter":0}
{"level":"info","ts":"2026-01-13T16:46:46-08:00","logger":"tracecheck","msg":"Taking reconcile step","Depth":47,"# Distinct States":364,"Total States":367,"Resource States":67}
{"level":"info","ts":"2026-01-13T16:46:46-08:00","logger":"tracecheck","msg":"Taking reconcile step","Depth":27,"# Distinct States":366,"Total States":369,"Resource States":67}
{"level":"info","ts":"2026-01-13T16:46:46-08:00","logger":"RevisionReconciler.seed","msg":"added podscalable to informer","resource":"deployments","namespace":"default","name":"kamera-test-deployment","stage":"podscalable-add","keys":["default/kamera-test-deployment"]}
{"level":"info","ts":"2026-01-13T16:46:46-08:00","logger":"RevisionReconciler.seed","msg":"podscalable visible to lister","resource":"deployments","namespace":"default","name":"kamera-test-deployment","stage":"podscalable-lister","object":{"apiVersion":"autoscaling.internal.knative.dev/v1alpha1","kind":"PodScalable","namespace":"default","name":"kamera-test-deployment"}}
{"level":"error","ts":1768351606.7216032,"logger":"fallback","caller":"revision/controller.go:116","msg":"Failed to create resolver transport","error":"open /var/run/secrets/kubernetes.io/serviceaccount/ca.crt: no such file or directory","stacktrace":"knative.dev/serving/pkg/reconciler/revision.newControllerWithOptions\n\t/Users/tgoodwin/tmp/gomodcache/knative.dev/serving@v0.46.5/pkg/reconciler/revision/controller.go:116\nknative.dev/serving/pkg/reconciler/revision.NewController\n\t/Users/tgoodwin/tmp/gomodcache/knative.dev/serving@v0.46.5/pkg/reconciler/revision/controller.go:64\nmain.configureKnativeExplorer.func1.1\n\t/Users/tgoodwin/projects/kamera/examples/knative-serving/scenario.go:91\ngithub.com/tgoodwin/kamera/examples/knative-serving/knative.NewKnativeStrategy.func1\n\t/Users/tgoodwin/projects/kamera/examples/knative-serving/knative/harness.go:555\ngithub.com/tgoodwin/kamera/examples/knative-serving/knative.(*KnativeStrategy).ReconcileAtState\n\t/Users/tgoodwin/projects/kamera/examples/knative-serving/knative/harness.go:895\ngithub.com/tgoodwin/kamera/pkg/tracecheck.(*ReconcilerContainer).doReconcile\n\t/Users/tgoodwin/projects/kamera/pkg/tracecheck/reconciler.go:164\ngithub.com/tgoodwin/kamera/pkg/tracecheck.(*Explorer).reconcileAtState\n\t/Users/tgoodwin/projects/kamera/pkg/tracecheck/explore.go:1313\ngithub.com/tgoodwin/kamera/pkg/tracecheck.(*Explorer).takeReconcileStep\n\t/Users/tgoodwin/projects/kamera/pkg/tracecheck/explore.go:1228\ngithub.com/tgoodwin/kamera/pkg/tracecheck.(*Explorer).explore\n\t/Users/tgoodwin/projects/kamera/pkg/tracecheck/explore.go:790\ngithub.com/tgoodwin/kamera/pkg/tracecheck.(*Explorer).Explore.func1\n\t/Users/tgoodwin/projects/kamera/pkg/tracecheck/explore.go:330"}
{"level":"info","ts":1768351606.721945,"logger":"fallback","caller":"revision/reconcile_resources.go:161","msg":"Reconciling PA: kamera-test"}
{"level":"info","ts":"2026-01-13T16:46:46-08:00","logger":"RevisionReconciler.reconcile","msg":"reconcile completed","key":"default/kamera-test","reconciler":"knative.dev.serving.pkg.reconciler.revision.Reconciler","requeue":false,"requeueAfter":0}
{"level":"info","ts":"2026-01-13T16:46:46-08:00","logger":"tracecheck","msg":"Taking reconcile step","Depth":28,"# Distinct States":367,"Total States":370,"Resource States":68}
{"level":"info","ts":"2026-01-13T16:46:46-08:00","logger":"ServerlessServiceReconciler.seed","msg":"added podscalable to informer","resource":"deployments","namespace":"default","name":"kamera-test-deployment","stage":"podscalable-add","keys":["default/kamera-test-deployment"]}
{"level":"info","ts":"2026-01-13T16:46:46-08:00","logger":"ServerlessServiceReconciler.seed","msg":"podscalable visible to lister","resource":"deployments","namespace":"default","name":"kamera-test-deployment","stage":"podscalable-lister","object":{"apiVersion":"autoscaling.internal.knative.dev/v1alpha1","kind":"PodScalable","namespace":"default","name":"kamera-test-deployment"}}
{"level":"info","ts":1768351606.828421,"logger":"fallback","caller":"serverlessservice/controller.go:90","msg":"Doing a global resync due to activator endpoint changes"}
{"level":"info","ts":1768351606.828446,"logger":"fallback","caller":"serverlessservice/serverlessservice.go:217","msg":"SKS is in Proxy mode; has 0 endpoints in kamera-test-private; 1 activator endpoints"}
{"level":"info","ts":1768351606.8284569,"logger":"fallback","caller":"serverlessservice/serverlessservice.go:245","msg":"Forcing SKS into Proxy mode, insufficient ready endpoints."}
{"level":"info","ts":1768351606.828465,"logger":"fallback","caller":"serverlessservice/serverlessservice.go:265","msg":"Public endpoints object does not exist; creating."}
{"level":"info","ts":1768351606.828631,"logger":"fallback","caller":"serverlessservice/serverlessservice.go:270","msg":"Created K8s Endpoints: kamera-test"}
{"level":"info","ts":1768351606.828637,"logger":"fallback","caller":"serverlessservice/serverlessservice.go:290","msg":"No ready endpoints backing revision"}
{"level":"info","ts":"2026-01-13T16:46:46-08:00","logger":"ServerlessServiceReconciler.reconcile","msg":"reconcile completed","key":"default/kamera-test","reconciler":"knative.dev.serving.pkg.reconciler.serverlessservice.reconciler","requeue":false,"requeueAfter":0}
{"level":"info","ts":"2026-01-13T16:46:46-08:00","logger":"tracecheck","msg":"Taking reconcile step","Depth":29,"# Distinct States":368,"Total States":371,"Resource States":69}
{"level":"info","ts":"2026-01-13T16:46:46-08:00","logger":"tracecheck","msg":"Taking reconcile step","Depth":30,"# Distinct States":369,"Total States":372,"Resource States":69}
{"level":"info","ts":"2026-01-13T16:46:46-08:00","logger":"tracecheck","msg":"Taking reconcile step","Depth":31,"# Distinct States":370,"Total States":373,"Resource States":69}
{"level":"info","ts":"2026-01-13T16:46:46-08:00","logger":"tracecheck","msg":"updated pod status","Depth":31,"# Distinct States":370,"Total States":373,"Resource States":69,"phase":"Running","pod":{"name":"kamera-test-deployment-1488584584-0","namespace":"default"}}
{"level":"info","ts":"2026-01-13T16:46:46-08:00","logger":"tracecheck","msg":"Taking reconcile step","Depth":32,"# Distinct States":371,"Total States":374,"Resource States":70}
{"level":"info","ts":"2026-01-13T16:46:46-08:00","logger":"tracecheck","msg":"Updated Deployment status","Depth":32,"# Distinct States":371,"Total States":374,"Resource States":70,"name":"kamera-test-deployment"}
{"level":"info","ts":"2026-01-13T16:46:46-08:00","logger":"tracecheck","msg":"Taking reconcile step","Depth":33,"# Distinct States":372,"Total States":375,"Resource States":70}
{"level":"info","ts":"2026-01-13T16:46:46-08:00","logger":"tracecheck","msg":"Taking reconcile step","Depth":34,"# Distinct States":373,"Total States":376,"Resource States":70}
{"level":"info","ts":"2026-01-13T16:46:46-08:00","logger":"tracecheck","msg":"Taking reconcile step","Depth":35,"# Distinct States":374,"Total States":377,"Resource States":70}
{"level":"info","ts":"2026-01-13T16:46:46-08:00","logger":"KPAReconciler.seed","msg":"added podscalable to informer","resource":"deployments","namespace":"default","name":"kamera-test-deployment","stage":"podscalable-add","keys":["default/kamera-test-deployment"]}
{"level":"info","ts":"2026-01-13T16:46:46-08:00","logger":"KPAReconciler.seed","msg":"podscalable visible to lister","resource":"deployments","namespace":"default","name":"kamera-test-deployment","stage":"podscalable-lister","object":{"apiVersion":"autoscaling.internal.knative.dev/v1alpha1","kind":"PodScalable","namespace":"default","name":"kamera-test-deployment"}}
{"level":"info","ts":1768351606.951212,"logger":"fallback","caller":"kpa/controller.go:77","msg":"Setting up ConfigMap receivers"}
{"level":"info","ts":1768351606.9512892,"logger":"fallback","caller":"kpa/controller.go:91","msg":"Setting up KPA-Class event handlers"}
{"level":"info","ts":1768351606.95139,"logger":"fallback","caller":"kpa/kpa.go:158","msg":"SKS should be in Proxy mode: want = -1, ebc = 0, #act's = 2 PA Inactive? = false"}
{"level":"info","ts":1768351606.9514089,"logger":"fallback","caller":"kpa/kpa.go:178","msg":"PA scale got=0, want=-1, desiredPods=0 ebc=0"}
{"level":"info","ts":1768351606.951416,"logger":"fallback","caller":"kpa/kpa.go:188","msg":"Observed pod counts=kpa.podCounts{want:-1, ready:0, notReady:1, pending:0, terminating:0}"}
{"level":"info","ts":"2026-01-13T16:46:46-08:00","logger":"KPAReconciler.reconcile","msg":"reconcile completed","key":"default/kamera-test","reconciler":"knative.dev.serving.pkg.reconciler.autoscaling.kpa.Reconciler","requeue":false,"requeueAfter":0}
{"level":"info","ts":"2026-01-13T16:46:46-08:00","logger":"tracecheck","msg":"Taking reconcile step","Depth":36,"# Distinct States":375,"Total States":378,"Resource States":70}
{"level":"info","ts":"2026-01-13T16:46:46-08:00","logger":"tracecheck","msg":"Taking reconcile step","Depth":37,"# Distinct States":376,"Total States":379,"Resource States":70}
{"level":"info","ts":"2026-01-13T16:46:47-08:00","logger":"ConfigurationReconciler.seed","msg":"added podscalable to informer","resource":"deployments","namespace":"default","name":"kamera-test-deployment","stage":"podscalable-add","keys":["default/kamera-test-deployment"]}
{"level":"info","ts":"2026-01-13T16:46:47-08:00","logger":"ConfigurationReconciler.seed","msg":"podscalable visible to lister","resource":"deployments","namespace":"default","name":"kamera-test-deployment","stage":"podscalable-lister","object":{"apiVersion":"autoscaling.internal.knative.dev/v1alpha1","kind":"PodScalable","namespace":"default","name":"kamera-test-deployment"}}
{"level":"info","ts":1768351607.0584471,"logger":"fallback","caller":"configuration/configuration.go:103","msg":"Revision \"kamera-test\" of configuration is not ready"}
{"level":"info","ts":"2026-01-13T16:46:47-08:00","logger":"ConfigurationReconciler.reconcile","msg":"reconcile completed","key":"default/demo","reconciler":"knative.dev.serving.pkg.reconciler.configuration.Reconciler","requeue":false,"requeueAfter":0}
{"level":"info","ts":"2026-01-13T16:46:47-08:00","logger":"tracecheck","msg":"Taking reconcile step","Depth":38,"# Distinct States":377,"Total States":380,"Resource States":70}
{"level":"info","ts":"2026-01-13T16:46:47-08:00","logger":"RevisionReconciler.seed","msg":"added podscalable to informer","resource":"deployments","namespace":"default","name":"kamera-test-deployment","stage":"podscalable-add","keys":["default/kamera-test-deployment"]}
{"level":"info","ts":"2026-01-13T16:46:47-08:00","logger":"RevisionReconciler.seed","msg":"podscalable visible to lister","resource":"deployments","namespace":"default","name":"kamera-test-deployment","stage":"podscalable-lister","object":{"apiVersion":"autoscaling.internal.knative.dev/v1alpha1","kind":"PodScalable","namespace":"default","name":"kamera-test-deployment"}}
{"level":"error","ts":1768351607.165066,"logger":"fallback","caller":"revision/controller.go:116","msg":"Failed to create resolver transport","error":"open /var/run/secrets/kubernetes.io/serviceaccount/ca.crt: no such file or directory","stacktrace":"knative.dev/serving/pkg/reconciler/revision.newControllerWithOptions\n\t/Users/tgoodwin/tmp/gomodcache/knative.dev/serving@v0.46.5/pkg/reconciler/revision/controller.go:116\nknative.dev/serving/pkg/reconciler/revision.NewController\n\t/Users/tgoodwin/tmp/gomodcache/knative.dev/serving@v0.46.5/pkg/reconciler/revision/controller.go:64\nmain.configureKnativeExplorer.func1.1\n\t/Users/tgoodwin/projects/kamera/examples/knative-serving/scenario.go:91\ngithub.com/tgoodwin/kamera/examples/knative-serving/knative.NewKnativeStrategy.func1\n\t/Users/tgoodwin/projects/kamera/examples/knative-serving/knative/harness.go:555\ngithub.com/tgoodwin/kamera/examples/knative-serving/knative.(*KnativeStrategy).ReconcileAtState\n\t/Users/tgoodwin/projects/kamera/examples/knative-serving/knative/harness.go:895\ngithub.com/tgoodwin/kamera/pkg/tracecheck.(*ReconcilerContainer).doReconcile\n\t/Users/tgoodwin/projects/kamera/pkg/tracecheck/reconciler.go:164\ngithub.com/tgoodwin/kamera/pkg/tracecheck.(*Explorer).reconcileAtState\n\t/Users/tgoodwin/projects/kamera/pkg/tracecheck/explore.go:1313\ngithub.com/tgoodwin/kamera/pkg/tracecheck.(*Explorer).takeReconcileStep\n\t/Users/tgoodwin/projects/kamera/pkg/tracecheck/explore.go:1228\ngithub.com/tgoodwin/kamera/pkg/tracecheck.(*Explorer).explore\n\t/Users/tgoodwin/projects/kamera/pkg/tracecheck/explore.go:790\ngithub.com/tgoodwin/kamera/pkg/tracecheck.(*Explorer).Explore.func1\n\t/Users/tgoodwin/projects/kamera/pkg/tracecheck/explore.go:330"}
{"level":"info","ts":1768351607.1655629,"logger":"fallback","caller":"revision/reconcile_resources.go:161","msg":"Reconciling PA: kamera-test"}
{"level":"info","ts":"2026-01-13T16:46:47-08:00","logger":"RevisionReconciler.reconcile","msg":"reconcile completed","key":"default/kamera-test","reconciler":"knative.dev.serving.pkg.reconciler.revision.Reconciler","requeue":false,"requeueAfter":0}
{"level":"info","ts":"2026-01-13T16:46:47-08:00","logger":"tracecheck","msg":"Taking reconcile step","Depth":39,"# Distinct States":378,"Total States":381,"Resource States":70}
{"level":"info","ts":"2026-01-13T16:46:47-08:00","logger":"ServerlessServiceReconciler.seed","msg":"added podscalable to informer","resource":"deployments","namespace":"default","name":"kamera-test-deployment","stage":"podscalable-add","keys":["default/kamera-test-deployment"]}
{"level":"info","ts":"2026-01-13T16:46:47-08:00","logger":"ServerlessServiceReconciler.seed","msg":"podscalable visible to lister","resource":"deployments","namespace":"default","name":"kamera-test-deployment","stage":"podscalable-lister","object":{"apiVersion":"autoscaling.internal.knative.dev/v1alpha1","kind":"PodScalable","namespace":"default","name":"kamera-test-deployment"}}
{"level":"info","ts":1768351607.27191,"logger":"fallback","caller":"serverlessservice/controller.go:90","msg":"Doing a global resync due to activator endpoint changes"}
{"level":"info","ts":1768351607.271911,"logger":"fallback","caller":"serverlessservice/serverlessservice.go:217","msg":"SKS is in Proxy mode; has 0 endpoints in kamera-test-private; 1 activator endpoints"}
{"level":"info","ts":1768351607.271925,"logger":"fallback","caller":"serverlessservice/serverlessservice.go:245","msg":"Forcing SKS into Proxy mode, insufficient ready endpoints."}
{"level":"info","ts":1768351607.271935,"logger":"fallback","caller":"serverlessservice/serverlessservice.go:290","msg":"No ready endpoints backing revision"}
{"level":"info","ts":"2026-01-13T16:46:47-08:00","logger":"ServerlessServiceReconciler.reconcile","msg":"reconcile completed","key":"default/kamera-test","reconciler":"knative.dev.serving.pkg.reconciler.serverlessservice.reconciler","requeue":false,"requeueAfter":0}
{"level":"info","ts":"2026-01-13T16:46:47-08:00","logger":"tracecheck","msg":"Taking reconcile step","Depth":40,"# Distinct States":379,"Total States":382,"Resource States":70}
{"level":"info","ts":"2026-01-13T16:46:47-08:00","logger":"tracecheck","msg":"updated pod status","Depth":40,"# Distinct States":379,"Total States":382,"Resource States":70,"phase":"Running","pod":{"name":"kamera-test-deployment-1488584584-0","namespace":"default"}}
{"level":"info","ts":"2026-01-13T16:46:47-08:00","logger":"tracecheck","msg":"Taking reconcile step","Depth":41,"# Distinct States":380,"Total States":383,"Resource States":70}
{"level":"info","ts":"2026-01-13T16:46:47-08:00","logger":"tracecheck","msg":"Taking reconcile step","Depth":28,"# Distinct States":381,"Total States":384,"Resource States":70}
{"level":"info","ts":"2026-01-13T16:46:47-08:00","logger":"RevisionReconciler.seed","msg":"added podscalable to informer","resource":"deployments","namespace":"default","name":"kamera-test-deployment","stage":"podscalable-add","keys":["default/kamera-test-deployment"]}
{"level":"info","ts":"2026-01-13T16:46:47-08:00","logger":"RevisionReconciler.seed","msg":"podscalable visible to lister","resource":"deployments","namespace":"default","name":"kamera-test-deployment","stage":"podscalable-lister","object":{"apiVersion":"autoscaling.internal.knative.dev/v1alpha1","kind":"PodScalable","namespace":"default","name":"kamera-test-deployment"}}
{"level":"error","ts":1768351607.3823402,"logger":"fallback","caller":"revision/controller.go:116","msg":"Failed to create resolver transport","error":"open /var/run/secrets/kubernetes.io/serviceaccount/ca.crt: no such file or directory","stacktrace":"knative.dev/serving/pkg/reconciler/revision.newControllerWithOptions\n\t/Users/tgoodwin/tmp/gomodcache/knative.dev/serving@v0.46.5/pkg/reconciler/revision/controller.go:116\nknative.dev/serving/pkg/reconciler/revision.NewController\n\t/Users/tgoodwin/tmp/gomodcache/knative.dev/serving@v0.46.5/pkg/reconciler/revision/controller.go:64\nmain.configureKnativeExplorer.func1.1\n\t/Users/tgoodwin/projects/kamera/examples/knative-serving/scenario.go:91\ngithub.com/tgoodwin/kamera/examples/knative-serving/knative.NewKnativeStrategy.func1\n\t/Users/tgoodwin/projects/kamera/examples/knative-serving/knative/harness.go:555\ngithub.com/tgoodwin/kamera/examples/knative-serving/knative.(*KnativeStrategy).ReconcileAtState\n\t/Users/tgoodwin/projects/kamera/examples/knative-serving/knative/harness.go:895\ngithub.com/tgoodwin/kamera/pkg/tracecheck.(*ReconcilerContainer).doReconcile\n\t/Users/tgoodwin/projects/kamera/pkg/tracecheck/reconciler.go:164\ngithub.com/tgoodwin/kamera/pkg/tracecheck.(*Explorer).reconcileAtState\n\t/Users/tgoodwin/projects/kamera/pkg/tracecheck/explore.go:1313\ngithub.com/tgoodwin/kamera/pkg/tracecheck.(*Explorer).takeReconcileStep\n\t/Users/tgoodwin/projects/kamera/pkg/tracecheck/explore.go:1228\ngithub.com/tgoodwin/kamera/pkg/tracecheck.(*Explorer).explore\n\t/Users/tgoodwin/projects/kamera/pkg/tracecheck/explore.go:790\ngithub.com/tgoodwin/kamera/pkg/tracecheck.(*Explorer).Explore.func1\n\t/Users/tgoodwin/projects/kamera/pkg/tracecheck/explore.go:330"}
{"level":"info","ts":1768351607.382656,"logger":"fallback","caller":"revision/reconcile_resources.go:161","msg":"Reconciling PA: kamera-test"}
{"level":"info","ts":"2026-01-13T16:46:47-08:00","logger":"RevisionReconciler.reconcile","msg":"reconcile completed","key":"default/kamera-test","reconciler":"knative.dev.serving.pkg.reconciler.revision.Reconciler","requeue":false,"requeueAfter":0}
{"level":"info","ts":"2026-01-13T16:46:47-08:00","logger":"tracecheck","msg":"Taking reconcile step","Depth":29,"# Distinct States":382,"Total States":385,"Resource States":70}
{"level":"info","ts":"2026-01-13T16:46:47-08:00","logger":"ServerlessServiceReconciler.seed","msg":"added podscalable to informer","resource":"deployments","namespace":"default","name":"kamera-test-deployment","stage":"podscalable-add","keys":["default/kamera-test-deployment"]}
{"level":"info","ts":"2026-01-13T16:46:47-08:00","logger":"ServerlessServiceReconciler.seed","msg":"podscalable visible to lister","resource":"deployments","namespace":"default","name":"kamera-test-deployment","stage":"podscalable-lister","object":{"apiVersion":"autoscaling.internal.knative.dev/v1alpha1","kind":"PodScalable","namespace":"default","name":"kamera-test-deployment"}}
{"level":"info","ts":1768351607.488378,"logger":"fallback","caller":"serverlessservice/controller.go:90","msg":"Doing a global resync due to activator endpoint changes"}
{"level":"info","ts":1768351607.488394,"logger":"fallback","caller":"serverlessservice/serverlessservice.go:217","msg":"SKS is in Proxy mode; has 0 endpoints in kamera-test-private; 1 activator endpoints"}
{"level":"info","ts":1768351607.48843,"logger":"fallback","caller":"serverlessservice/serverlessservice.go:245","msg":"Forcing SKS into Proxy mode, insufficient ready endpoints."}
{"level":"info","ts":1768351607.488439,"logger":"fallback","caller":"serverlessservice/serverlessservice.go:265","msg":"Public endpoints object does not exist; creating."}
{"level":"info","ts":1768351607.488585,"logger":"fallback","caller":"serverlessservice/serverlessservice.go:270","msg":"Created K8s Endpoints: kamera-test"}
{"level":"info","ts":1768351607.4885912,"logger":"fallback","caller":"serverlessservice/serverlessservice.go:290","msg":"No ready endpoints backing revision"}
{"level":"info","ts":"2026-01-13T16:46:47-08:00","logger":"ServerlessServiceReconciler.reconcile","msg":"reconcile completed","key":"default/kamera-test","reconciler":"knative.dev.serving.pkg.reconciler.serverlessservice.reconciler","requeue":false,"requeueAfter":0}
{"level":"info","ts":"2026-01-13T16:46:47-08:00","logger":"tracecheck","msg":"Taking reconcile step","Depth":30,"# Distinct States":383,"Total States":386,"Resource States":70}
{"level":"info","ts":"2026-01-13T16:46:47-08:00","logger":"tracecheck","msg":"Taking reconcile step","Depth":31,"# Distinct States":384,"Total States":387,"Resource States":70}
{"level":"info","ts":"2026-01-13T16:46:47-08:00","logger":"tracecheck","msg":"Taking reconcile step","Depth":32,"# Distinct States":385,"Total States":388,"Resource States":70}
{"level":"info","ts":"2026-01-13T16:46:47-08:00","logger":"tracecheck","msg":"updated pod status","Depth":32,"# Distinct States":385,"Total States":388,"Resource States":70,"phase":"Running","pod":{"name":"kamera-test-deployment-1488584584-0","namespace":"default"}}
{"level":"info","ts":"2026-01-13T16:46:47-08:00","logger":"tracecheck","msg":"Taking reconcile step","Depth":33,"# Distinct States":386,"Total States":389,"Resource States":70}
{"level":"info","ts":"2026-01-13T16:46:47-08:00","logger":"tracecheck","msg":"Updated Deployment status","Depth":33,"# Distinct States":386,"Total States":389,"Resource States":70,"name":"kamera-test-deployment"}
{"level":"info","ts":"2026-01-13T16:46:47-08:00","logger":"tracecheck","msg":"Taking reconcile step","Depth":34,"# Distinct States":387,"Total States":390,"Resource States":70}
{"level":"info","ts":"2026-01-13T16:46:47-08:00","logger":"tracecheck","msg":"Taking reconcile step","Depth":35,"# Distinct States":388,"Total States":391,"Resource States":70}
{"level":"info","ts":"2026-01-13T16:46:47-08:00","logger":"tracecheck","msg":"Taking reconcile step","Depth":36,"# Distinct States":389,"Total States":392,"Resource States":70}
{"level":"info","ts":"2026-01-13T16:46:47-08:00","logger":"KPAReconciler.seed","msg":"added podscalable to informer","resource":"deployments","namespace":"default","name":"kamera-test-deployment","stage":"podscalable-add","keys":["default/kamera-test-deployment"]}
{"level":"info","ts":"2026-01-13T16:46:47-08:00","logger":"KPAReconciler.seed","msg":"podscalable visible to lister","resource":"deployments","namespace":"default","name":"kamera-test-deployment","stage":"podscalable-lister","object":{"apiVersion":"autoscaling.internal.knative.dev/v1alpha1","kind":"PodScalable","namespace":"default","name":"kamera-test-deployment"}}
{"level":"info","ts":1768351607.60764,"logger":"fallback","caller":"kpa/controller.go:77","msg":"Setting up ConfigMap receivers"}
{"level":"info","ts":1768351607.607748,"logger":"fallback","caller":"kpa/controller.go:91","msg":"Setting up KPA-Class event handlers"}
{"level":"info","ts":1768351607.607872,"logger":"fallback","caller":"kpa/kpa.go:158","msg":"SKS should be in Proxy mode: want = -1, ebc = 0, #act's = 2 PA Inactive? = false"}
{"level":"info","ts":1768351607.607893,"logger":"fallback","caller":"kpa/kpa.go:178","msg":"PA scale got=0, want=-1, desiredPods=0 ebc=0"}
{"level":"info","ts":1768351607.6079009,"logger":"fallback","caller":"kpa/kpa.go:188","msg":"Observed pod counts=kpa.podCounts{want:-1, ready:0, notReady:1, pending:0, terminating:0}"}
{"level":"info","ts":"2026-01-13T16:46:47-08:00","logger":"KPAReconciler.reconcile","msg":"reconcile completed","key":"default/kamera-test","reconciler":"knative.dev.serving.pkg.reconciler.autoscaling.kpa.Reconciler","requeue":false,"requeueAfter":0}
{"level":"info","ts":"2026-01-13T16:46:47-08:00","logger":"tracecheck","msg":"Taking reconcile step","Depth":37,"# Distinct States":390,"Total States":393,"Resource States":70}
{"level":"info","ts":"2026-01-13T16:46:47-08:00","logger":"tracecheck","msg":"Taking reconcile step","Depth":38,"# Distinct States":391,"Total States":394,"Resource States":70}
{"level":"info","ts":"2026-01-13T16:46:47-08:00","logger":"ConfigurationReconciler.seed","msg":"added podscalable to informer","resource":"deployments","namespace":"default","name":"kamera-test-deployment","stage":"podscalable-add","keys":["default/kamera-test-deployment"]}
{"level":"info","ts":"2026-01-13T16:46:47-08:00","logger":"ConfigurationReconciler.seed","msg":"podscalable visible to lister","resource":"deployments","namespace":"default","name":"kamera-test-deployment","stage":"podscalable-lister","object":{"apiVersion":"autoscaling.internal.knative.dev/v1alpha1","kind":"PodScalable","namespace":"default","name":"kamera-test-deployment"}}
{"level":"info","ts":1768351607.715153,"logger":"fallback","caller":"configuration/configuration.go:103","msg":"Revision \"kamera-test\" of configuration is not ready"}
{"level":"info","ts":"2026-01-13T16:46:47-08:00","logger":"ConfigurationReconciler.reconcile","msg":"reconcile completed","key":"default/demo","reconciler":"knative.dev.serving.pkg.reconciler.configuration.Reconciler","requeue":false,"requeueAfter":0}
{"level":"info","ts":"2026-01-13T16:46:47-08:00","logger":"tracecheck","msg":"Taking reconcile step","Depth":39,"# Distinct States":392,"Total States":395,"Resource States":70}
{"level":"info","ts":"2026-01-13T16:46:47-08:00","logger":"ServerlessServiceReconciler.seed","msg":"added podscalable to informer","resource":"deployments","namespace":"default","name":"kamera-test-deployment","stage":"podscalable-add","keys":["default/kamera-test-deployment"]}
{"level":"info","ts":"2026-01-13T16:46:47-08:00","logger":"ServerlessServiceReconciler.seed","msg":"podscalable visible to lister","resource":"deployments","namespace":"default","name":"kamera-test-deployment","stage":"podscalable-lister","object":{"apiVersion":"autoscaling.internal.knative.dev/v1alpha1","kind":"PodScalable","namespace":"default","name":"kamera-test-deployment"}}
{"level":"info","ts":1768351607.824211,"logger":"fallback","caller":"serverlessservice/controller.go:90","msg":"Doing a global resync due to activator endpoint changes"}
{"level":"info","ts":1768351607.8242822,"logger":"fallback","caller":"serverlessservice/serverlessservice.go:217","msg":"SKS is in Proxy mode; has 0 endpoints in kamera-test-private; 1 activator endpoints"}
{"level":"info","ts":1768351607.824301,"logger":"fallback","caller":"serverlessservice/serverlessservice.go:245","msg":"Forcing SKS into Proxy mode, insufficient ready endpoints."}
{"level":"info","ts":1768351607.8243148,"logger":"fallback","caller":"serverlessservice/serverlessservice.go:290","msg":"No ready endpoints backing revision"}
{"level":"info","ts":"2026-01-13T16:46:47-08:00","logger":"ServerlessServiceReconciler.reconcile","msg":"reconcile completed","key":"default/kamera-test","reconciler":"knative.dev.serving.pkg.reconciler.serverlessservice.reconciler","requeue":false,"requeueAfter":0}
{"level":"info","ts":"2026-01-13T16:46:47-08:00","logger":"tracecheck","msg":"Taking reconcile step","Depth":40,"# Distinct States":393,"Total States":396,"Resource States":70}
{"level":"info","ts":"2026-01-13T16:46:47-08:00","logger":"tracecheck","msg":"updated pod status","Depth":40,"# Distinct States":393,"Total States":396,"Resource States":70,"phase":"Running","pod":{"name":"kamera-test-deployment-1488584584-0","namespace":"default"}}
{"level":"info","ts":"2026-01-13T16:46:47-08:00","logger":"tracecheck","msg":"Taking reconcile step","Depth":41,"# Distinct States":394,"Total States":397,"Resource States":70}
{"level":"info","ts":"2026-01-13T16:46:47-08:00","logger":"tracecheck","msg":"Taking reconcile step","Depth":14,"# Distinct States":395,"Total States":398,"Resource States":70}
{"level":"info","ts":"2026-01-13T16:46:47-08:00","logger":"RevisionReconciler.seed","msg":"added podscalable to informer","resource":"deployments","namespace":"default","name":"kamera-test-deployment","stage":"podscalable-add","keys":["default/kamera-test-deployment"]}
{"level":"info","ts":"2026-01-13T16:46:47-08:00","logger":"RevisionReconciler.seed","msg":"podscalable visible to lister","resource":"deployments","namespace":"default","name":"kamera-test-deployment","stage":"podscalable-lister","object":{"apiVersion":"autoscaling.internal.knative.dev/v1alpha1","kind":"PodScalable","namespace":"default","name":"kamera-test-deployment"}}
{"level":"error","ts":1768351607.939206,"logger":"fallback","caller":"revision/controller.go:116","msg":"Failed to create resolver transport","error":"open /var/run/secrets/kubernetes.io/serviceaccount/ca.crt: no such file or directory","stacktrace":"knative.dev/serving/pkg/reconciler/revision.newControllerWithOptions\n\t/Users/tgoodwin/tmp/gomodcache/knative.dev/serving@v0.46.5/pkg/reconciler/revision/controller.go:116\nknative.dev/serving/pkg/reconciler/revision.NewController\n\t/Users/tgoodwin/tmp/gomodcache/knative.dev/serving@v0.46.5/pkg/reconciler/revision/controller.go:64\nmain.configureKnativeExplorer.func1.1\n\t/Users/tgoodwin/projects/kamera/examples/knative-serving/scenario.go:91\ngithub.com/tgoodwin/kamera/examples/knative-serving/knative.NewKnativeStrategy.func1\n\t/Users/tgoodwin/projects/kamera/examples/knative-serving/knative/harness.go:555\ngithub.com/tgoodwin/kamera/examples/knative-serving/knative.(*KnativeStrategy).ReconcileAtState\n\t/Users/tgoodwin/projects/kamera/examples/knative-serving/knative/harness.go:895\ngithub.com/tgoodwin/kamera/pkg/tracecheck.(*ReconcilerContainer).doReconcile\n\t/Users/tgoodwin/projects/kamera/pkg/tracecheck/reconciler.go:164\ngithub.com/tgoodwin/kamera/pkg/tracecheck.(*Explorer).reconcileAtState\n\t/Users/tgoodwin/projects/kamera/pkg/tracecheck/explore.go:1313\ngithub.com/tgoodwin/kamera/pkg/tracecheck.(*Explorer).takeReconcileStep\n\t/Users/tgoodwin/projects/kamera/pkg/tracecheck/explore.go:1228\ngithub.com/tgoodwin/kamera/pkg/tracecheck.(*Explorer).explore\n\t/Users/tgoodwin/projects/kamera/pkg/tracecheck/explore.go:790\ngithub.com/tgoodwin/kamera/pkg/tracecheck.(*Explorer).Explore.func1\n\t/Users/tgoodwin/projects/kamera/pkg/tracecheck/explore.go:330"}
{"level":"info","ts":1768351607.940109,"logger":"fallback","caller":"revision/reconcile_resources.go:161","msg":"Reconciling PA: kamera-test"}
{"level":"info","ts":"2026-01-13T16:46:47-08:00","logger":"RevisionReconciler.reconcile","msg":"reconcile completed","key":"default/kamera-test","reconciler":"knative.dev.serving.pkg.reconciler.revision.Reconciler","requeue":false,"requeueAfter":0}
{"level":"info","ts":"2026-01-13T16:46:47-08:00","logger":"tracecheck","msg":"Taking reconcile step","Depth":15,"# Distinct States":396,"Total States":399,"Resource States":70}
{"level":"info","ts":"2026-01-13T16:46:47-08:00","logger":"tracecheck","msg":"Taking reconcile step","Depth":16,"# Distinct States":397,"Total States":400,"Resource States":70}
{"level":"info","ts":"2026-01-13T16:46:47-08:00","logger":"tracecheck","msg":"Creating pods","Depth":16,"# Distinct States":397,"Total States":400,"Resource States":70,"count":1}
{"level":"info","ts":"2026-01-13T16:46:47-08:00","logger":"tracecheck","msg":"Updated ReplicaSet status","Depth":16,"# Distinct States":397,"Total States":400,"Resource States":70,"name":"kamera-test-deployment-1488584584"}
{"level":"info","ts":"2026-01-13T16:46:47-08:00","logger":"tracecheck","msg":"Taking reconcile step","Depth":17,"# Distinct States":398,"Total States":401,"Resource States":70}
{"level":"info","ts":"2026-01-13T16:46:47-08:00","logger":"tracecheck","msg":"Taking reconcile step","Depth":18,"# Distinct States":399,"Total States":402,"Resource States":70}
{"level":"info","ts":"2026-01-13T16:46:48-08:00","logger":"KPAReconciler.seed","msg":"added podscalable to informer","resource":"deployments","namespace":"default","name":"kamera-test-deployment","stage":"podscalable-add","keys":["default/kamera-test-deployment"]}
{"level":"info","ts":"2026-01-13T16:46:48-08:00","logger":"KPAReconciler.seed","msg":"podscalable visible to lister","resource":"deployments","namespace":"default","name":"kamera-test-deployment","stage":"podscalable-lister","object":{"apiVersion":"autoscaling.internal.knative.dev/v1alpha1","kind":"PodScalable","namespace":"default","name":"kamera-test-deployment"}}
{"level":"info","ts":1768351608.055916,"logger":"fallback","caller":"kpa/controller.go:77","msg":"Setting up ConfigMap receivers"}
{"level":"info","ts":1768351608.056035,"logger":"fallback","caller":"kpa/controller.go:91","msg":"Setting up KPA-Class event handlers"}
{"level":"info","ts":"2026-01-13T16:46:48-08:00","logger":"KPAReconciler.reconcile","msg":"reconcile completed","key":"default/kamera-test","reconciler":"knative.dev.serving.pkg.reconciler.autoscaling.kpa.Reconciler","requeue":false,"requeueAfter":0}
{"level":"info","ts":"2026-01-13T16:46:48-08:00","logger":"tracecheck","msg":"Taking reconcile step","Depth":19,"# Distinct States":400,"Total States":403,"Resource States":70}
{"level":"info","ts":"2026-01-13T16:46:48-08:00","logger":"ServerlessServiceReconciler.seed","msg":"added podscalable to informer","resource":"deployments","namespace":"default","name":"kamera-test-deployment","stage":"podscalable-add","keys":["default/kamera-test-deployment"]}
{"level":"info","ts":"2026-01-13T16:46:48-08:00","logger":"ServerlessServiceReconciler.seed","msg":"podscalable visible to lister","resource":"deployments","namespace":"default","name":"kamera-test-deployment","stage":"podscalable-lister","object":{"apiVersion":"autoscaling.internal.knative.dev/v1alpha1","kind":"PodScalable","namespace":"default","name":"kamera-test-deployment"}}
{"level":"info","ts":1768351608.162816,"logger":"fallback","caller":"serverlessservice/serverlessservice.go:316","msg":"SKS has no private service; creating."}
{"level":"info","ts":1768351608.1662421,"logger":"fallback","caller":"serverlessservice/serverlessservice.go:323","msg":"Created private K8s service: kamera-test-private"}
{"level":"info","ts":1768351608.166271,"logger":"fallback","caller":"serverlessservice/serverlessservice.go:97","msg":"K8s public service does not exist; creating."}
{"level":"info","ts":1768351608.1664991,"logger":"fallback","caller":"serverlessservice/serverlessservice.go:105","msg":"Created public K8s service: kamera-test"}
{"level":"error","ts":1768351608.166686,"logger":"fallback","caller":"serverlessservice/reconciler.go:303","msg":"Returned an error","targetMethod":"ReconcileKind","error":"failed to get private K8s Service endpoints: endpoints \"kamera-test-private\" not found","stacktrace":"knative.dev/networking/pkg/client/injection/reconciler/networking/v1alpha1/serverlessservice.(*reconcilerImpl).Reconcile\n\t/Users/tgoodwin/tmp/gomodcache/knative.dev/networking@v0.0.0-20250909015233-e3b68fc57bea/pkg/client/injection/reconciler/networking/v1alpha1/serverlessservice/reconciler.go:303\ngithub.com/tgoodwin/kamera/examples/knative-serving/knative.(*KnativeStrategy).ReconcileAtState\n\t/Users/tgoodwin/projects/kamera/examples/knative-serving/knative/harness.go:905\ngithub.com/tgoodwin/kamera/pkg/tracecheck.(*ReconcilerContainer).doReconcile\n\t/Users/tgoodwin/projects/kamera/pkg/tracecheck/reconciler.go:164\ngithub.com/tgoodwin/kamera/pkg/tracecheck.(*Explorer).reconcileAtState\n\t/Users/tgoodwin/projects/kamera/pkg/tracecheck/explore.go:1313\ngithub.com/tgoodwin/kamera/pkg/tracecheck.(*Explorer).takeReconcileStep\n\t/Users/tgoodwin/projects/kamera/pkg/tracecheck/explore.go:1228\ngithub.com/tgoodwin/kamera/pkg/tracecheck.(*Explorer).explore\n\t/Users/tgoodwin/projects/kamera/pkg/tracecheck/explore.go:790\ngithub.com/tgoodwin/kamera/pkg/tracecheck.(*Explorer).Explore.func1\n\t/Users/tgoodwin/projects/kamera/pkg/tracecheck/explore.go:330"}
{"level":"info","ts":"2026-01-13T16:46:48-08:00","logger":"ServerlessServiceReconciler.reconcile","msg":"transient not found; requeueing","key":"default/kamera-test","reconciler":"knative.dev.serving.pkg.reconciler.serverlessservice.reconciler","error":"failed to get private K8s Service endpoints: endpoints \"kamera-test-private\" not found"}
{"level":"info","ts":1768351608.167305,"logger":"fallback","caller":"serverlessservice/controller.go:90","msg":"Doing a global resync due to activator endpoint changes"}
{"level":"info","ts":"2026-01-13T16:46:48-08:00","logger":"tracecheck","msg":"Taking reconcile step","Depth":12,"# Distinct States":402,"Total States":406,"Resource States":70}
{"level":"info","ts":"2026-01-13T16:46:48-08:00","logger":"RevisionReconciler.seed","msg":"added podscalable to informer","resource":"deployments","namespace":"default","name":"kamera-test-deployment","stage":"podscalable-add","keys":["default/kamera-test-deployment"]}
{"level":"info","ts":"2026-01-13T16:46:48-08:00","logger":"RevisionReconciler.seed","msg":"podscalable visible to lister","resource":"deployments","namespace":"default","name":"kamera-test-deployment","stage":"podscalable-lister","object":{"apiVersion":"autoscaling.internal.knative.dev/v1alpha1","kind":"PodScalable","namespace":"default","name":"kamera-test-deployment"}}
{"level":"error","ts":1768351608.274837,"logger":"fallback","caller":"revision/controller.go:116","msg":"Failed to create resolver transport","error":"open /var/run/secrets/kubernetes.io/serviceaccount/ca.crt: no such file or directory","stacktrace":"knative.dev/serving/pkg/reconciler/revision.newControllerWithOptions\n\t/Users/tgoodwin/tmp/gomodcache/knative.dev/serving@v0.46.5/pkg/reconciler/revision/controller.go:116\nknative.dev/serving/pkg/reconciler/revision.NewController\n\t/Users/tgoodwin/tmp/gomodcache/knative.dev/serving@v0.46.5/pkg/reconciler/revision/controller.go:64\nmain.configureKnativeExplorer.func1.1\n\t/Users/tgoodwin/projects/kamera/examples/knative-serving/scenario.go:91\ngithub.com/tgoodwin/kamera/examples/knative-serving/knative.NewKnativeStrategy.func1\n\t/Users/tgoodwin/projects/kamera/examples/knative-serving/knative/harness.go:555\ngithub.com/tgoodwin/kamera/examples/knative-serving/knative.(*KnativeStrategy).ReconcileAtState\n\t/Users/tgoodwin/projects/kamera/examples/knative-serving/knative/harness.go:895\ngithub.com/tgoodwin/kamera/pkg/tracecheck.(*ReconcilerContainer).doReconcile\n\t/Users/tgoodwin/projects/kamera/pkg/tracecheck/reconciler.go:164\ngithub.com/tgoodwin/kamera/pkg/tracecheck.(*Explorer).reconcileAtState\n\t/Users/tgoodwin/projects/kamera/pkg/tracecheck/explore.go:1313\ngithub.com/tgoodwin/kamera/pkg/tracecheck.(*Explorer).takeReconcileStep\n\t/Users/tgoodwin/projects/kamera/pkg/tracecheck/explore.go:1228\ngithub.com/tgoodwin/kamera/pkg/tracecheck.(*Explorer).explore\n\t/Users/tgoodwin/projects/kamera/pkg/tracecheck/explore.go:790\ngithub.com/tgoodwin/kamera/pkg/tracecheck.(*Explorer).Explore.func1\n\t/Users/tgoodwin/projects/kamera/pkg/tracecheck/explore.go:330"}
{"level":"info","ts":1768351608.275551,"logger":"fallback","caller":"revision/reconcile_resources.go:161","msg":"Reconciling PA: kamera-test"}
{"level":"info","ts":"2026-01-13T16:46:48-08:00","logger":"RevisionReconciler.reconcile","msg":"reconcile completed","key":"default/kamera-test","reconciler":"knative.dev.serving.pkg.reconciler.revision.Reconciler","requeue":false,"requeueAfter":0}
{"level":"info","ts":"2026-01-13T16:46:48-08:00","logger":"tracecheck","msg":"Taking reconcile step","Depth":13,"# Distinct States":403,"Total States":407,"Resource States":70}
{"level":"info","ts":"2026-01-13T16:46:48-08:00","logger":"KPAReconciler.seed","msg":"added podscalable to informer","resource":"deployments","namespace":"default","name":"kamera-test-deployment","stage":"podscalable-add","keys":["default/kamera-test-deployment"]}
{"level":"info","ts":"2026-01-13T16:46:48-08:00","logger":"KPAReconciler.seed","msg":"podscalable visible to lister","resource":"deployments","namespace":"default","name":"kamera-test-deployment","stage":"podscalable-lister","object":{"apiVersion":"autoscaling.internal.knative.dev/v1alpha1","kind":"PodScalable","namespace":"default","name":"kamera-test-deployment"}}
{"level":"info","ts":1768351608.383884,"logger":"fallback","caller":"kpa/controller.go:77","msg":"Setting up ConfigMap receivers"}
{"level":"info","ts":1768351608.38408,"logger":"fallback","caller":"kpa/controller.go:91","msg":"Setting up KPA-Class event handlers"}
{"level":"info","ts":1768351608.384216,"logger":"fallback","caller":"autoscaling/reconciler.go:56","msg":"SKS does not exist; creating."}
{"level":"info","ts":1768351608.384442,"logger":"fallback","caller":"autoscaling/reconciler.go:61","msg":"Created SKS"}
{"level":"info","ts":"2026-01-13T16:46:48-08:00","logger":"KPAReconciler.reconcile","msg":"reconcile completed","key":"default/kamera-test","reconciler":"knative.dev.serving.pkg.reconciler.autoscaling.kpa.Reconciler","requeue":false,"requeueAfter":0}
{"level":"info","ts":"2026-01-13T16:46:48-08:00","logger":"tracecheck","msg":"Taking reconcile step","Depth":14,"# Distinct States":404,"Total States":408,"Resource States":70}
{"level":"info","ts":"2026-01-13T16:46:48-08:00","logger":"tracecheck","msg":"Taking reconcile step","Depth":15,"# Distinct States":405,"Total States":409,"Resource States":70}
{"level":"info","ts":"2026-01-13T16:46:48-08:00","logger":"tracecheck","msg":"Creating pods","Depth":15,"# Distinct States":405,"Total States":409,"Resource States":70,"count":1}
{"level":"info","ts":"2026-01-13T16:46:48-08:00","logger":"tracecheck","msg":"Updated ReplicaSet status","Depth":15,"# Distinct States":405,"Total States":409,"Resource States":70,"name":"kamera-test-deployment-1488584584"}
{"level":"info","ts":"2026-01-13T16:46:48-08:00","logger":"tracecheck","msg":"Taking reconcile step","Depth":16,"# Distinct States":406,"Total States":410,"Resource States":71}
{"level":"info","ts":"2026-01-13T16:46:48-08:00","logger":"tracecheck","msg":"Taking reconcile step","Depth":17,"# Distinct States":407,"Total States":411,"Resource States":71}
{"level":"info","ts":"2026-01-13T16:46:48-08:00","logger":"KPAReconciler.seed","msg":"added podscalable to informer","resource":"deployments","namespace":"default","name":"kamera-test-deployment","stage":"podscalable-add","keys":["default/kamera-test-deployment"]}
{"level":"info","ts":"2026-01-13T16:46:48-08:00","logger":"KPAReconciler.seed","msg":"podscalable visible to lister","resource":"deployments","namespace":"default","name":"kamera-test-deployment","stage":"podscalable-lister","object":{"apiVersion":"autoscaling.internal.knative.dev/v1alpha1","kind":"PodScalable","namespace":"default","name":"kamera-test-deployment"}}
{"level":"info","ts":1768351608.501641,"logger":"fallback","caller":"kpa/controller.go:77","msg":"Setting up ConfigMap receivers"}
{"level":"info","ts":1768351608.501773,"logger":"fallback","caller":"kpa/controller.go:91","msg":"Setting up KPA-Class event handlers"}
{"level":"info","ts":"2026-01-13T16:46:48-08:00","logger":"KPAReconciler.reconcile","msg":"reconcile completed","key":"default/kamera-test","reconciler":"knative.dev.serving.pkg.reconciler.autoscaling.kpa.Reconciler","requeue":false,"requeueAfter":0}
{"level":"info","ts":"2026-01-13T16:46:48-08:00","logger":"tracecheck","msg":"Taking reconcile step","Depth":18,"# Distinct States":408,"Total States":412,"Resource States":71}
{"level":"info","ts":"2026-01-13T16:46:48-08:00","logger":"RevisionReconciler.seed","msg":"added podscalable to informer","resource":"deployments","namespace":"default","name":"kamera-test-deployment","stage":"podscalable-add","keys":["default/kamera-test-deployment"]}
{"level":"info","ts":"2026-01-13T16:46:48-08:00","logger":"RevisionReconciler.seed","msg":"podscalable visible to lister","resource":"deployments","namespace":"default","name":"kamera-test-deployment","stage":"podscalable-lister","object":{"apiVersion":"autoscaling.internal.knative.dev/v1alpha1","kind":"PodScalable","namespace":"default","name":"kamera-test-deployment"}}
{"level":"error","ts":1768351608.608597,"logger":"fallback","caller":"revision/controller.go:116","msg":"Failed to create resolver transport","error":"open /var/run/secrets/kubernetes.io/serviceaccount/ca.crt: no such file or directory","stacktrace":"knative.dev/serving/pkg/reconciler/revision.newControllerWithOptions\n\t/Users/tgoodwin/tmp/gomodcache/knative.dev/serving@v0.46.5/pkg/reconciler/revision/controller.go:116\nknative.dev/serving/pkg/reconciler/revision.NewController\n\t/Users/tgoodwin/tmp/gomodcache/knative.dev/serving@v0.46.5/pkg/reconciler/revision/controller.go:64\nmain.configureKnativeExplorer.func1.1\n\t/Users/tgoodwin/projects/kamera/examples/knative-serving/scenario.go:91\ngithub.com/tgoodwin/kamera/examples/knative-serving/knative.NewKnativeStrategy.func1\n\t/Users/tgoodwin/projects/kamera/examples/knative-serving/knative/harness.go:555\ngithub.com/tgoodwin/kamera/examples/knative-serving/knative.(*KnativeStrategy).ReconcileAtState\n\t/Users/tgoodwin/projects/kamera/examples/knative-serving/knative/harness.go:895\ngithub.com/tgoodwin/kamera/pkg/tracecheck.(*ReconcilerContainer).doReconcile\n\t/Users/tgoodwin/projects/kamera/pkg/tracecheck/reconciler.go:164\ngithub.com/tgoodwin/kamera/pkg/tracecheck.(*Explorer).reconcileAtState\n\t/Users/tgoodwin/projects/kamera/pkg/tracecheck/explore.go:1313\ngithub.com/tgoodwin/kamera/pkg/tracecheck.(*Explorer).takeReconcileStep\n\t/Users/tgoodwin/projects/kamera/pkg/tracecheck/explore.go:1228\ngithub.com/tgoodwin/kamera/pkg/tracecheck.(*Explorer).explore\n\t/Users/tgoodwin/projects/kamera/pkg/tracecheck/explore.go:790\ngithub.com/tgoodwin/kamera/pkg/tracecheck.(*Explorer).Explore.func1\n\t/Users/tgoodwin/projects/kamera/pkg/tracecheck/explore.go:330"}
{"level":"info","ts":1768351608.6092029,"logger":"fallback","caller":"revision/reconcile_resources.go:161","msg":"Reconciling PA: kamera-test"}
{"level":"info","ts":"2026-01-13T16:46:48-08:00","logger":"RevisionReconciler.reconcile","msg":"reconcile completed","key":"default/kamera-test","reconciler":"knative.dev.serving.pkg.reconciler.revision.Reconciler","requeue":false,"requeueAfter":0}
{"level":"info","ts":"2026-01-13T16:46:48-08:00","logger":"tracecheck","msg":"Taking reconcile step","Depth":19,"# Distinct States":409,"Total States":413,"Resource States":71}
{"level":"info","ts":"2026-01-13T16:46:48-08:00","logger":"ServerlessServiceReconciler.seed","msg":"added podscalable to informer","resource":"deployments","namespace":"default","name":"kamera-test-deployment","stage":"podscalable-add","keys":["default/kamera-test-deployment"]}
{"level":"info","ts":"2026-01-13T16:46:48-08:00","logger":"ServerlessServiceReconciler.seed","msg":"podscalable visible to lister","resource":"deployments","namespace":"default","name":"kamera-test-deployment","stage":"podscalable-lister","object":{"apiVersion":"autoscaling.internal.knative.dev/v1alpha1","kind":"PodScalable","namespace":"default","name":"kamera-test-deployment"}}
{"level":"info","ts":1768351608.71701,"logger":"fallback","caller":"serverlessservice/serverlessservice.go:316","msg":"SKS has no private service; creating."}
{"level":"info","ts":1768351608.7170172,"logger":"fallback","caller":"serverlessservice/controller.go:90","msg":"Doing a global resync due to activator endpoint changes"}
{"level":"info","ts":1768351608.7173629,"logger":"fallback","caller":"serverlessservice/serverlessservice.go:323","msg":"Created private K8s service: kamera-test-private"}
{"level":"info","ts":1768351608.717392,"logger":"fallback","caller":"serverlessservice/serverlessservice.go:97","msg":"K8s public service does not exist; creating."}
{"level":"info","ts":1768351608.717534,"logger":"fallback","caller":"serverlessservice/serverlessservice.go:105","msg":"Created public K8s service: kamera-test"}
{"level":"error","ts":1768351608.717705,"logger":"fallback","caller":"serverlessservice/reconciler.go:303","msg":"Returned an error","targetMethod":"ReconcileKind","error":"failed to get private K8s Service endpoints: endpoints \"kamera-test-private\" not found","stacktrace":"knative.dev/networking/pkg/client/injection/reconciler/networking/v1alpha1/serverlessservice.(*reconcilerImpl).Reconcile\n\t/Users/tgoodwin/tmp/gomodcache/knative.dev/networking@v0.0.0-20250909015233-e3b68fc57bea/pkg/client/injection/reconciler/networking/v1alpha1/serverlessservice/reconciler.go:303\ngithub.com/tgoodwin/kamera/examples/knative-serving/knative.(*KnativeStrategy).ReconcileAtState\n\t/Users/tgoodwin/projects/kamera/examples/knative-serving/knative/harness.go:905\ngithub.com/tgoodwin/kamera/pkg/tracecheck.(*ReconcilerContainer).doReconcile\n\t/Users/tgoodwin/projects/kamera/pkg/tracecheck/reconciler.go:164\ngithub.com/tgoodwin/kamera/pkg/tracecheck.(*Explorer).reconcileAtState\n\t/Users/tgoodwin/projects/kamera/pkg/tracecheck/explore.go:1313\ngithub.com/tgoodwin/kamera/pkg/tracecheck.(*Explorer).takeReconcileStep\n\t/Users/tgoodwin/projects/kamera/pkg/tracecheck/explore.go:1228\ngithub.com/tgoodwin/kamera/pkg/tracecheck.(*Explorer).explore\n\t/Users/tgoodwin/projects/kamera/pkg/tracecheck/explore.go:790\ngithub.com/tgoodwin/kamera/pkg/tracecheck.(*Explorer).Explore.func1\n\t/Users/tgoodwin/projects/kamera/pkg/tracecheck/explore.go:330"}
{"level":"info","ts":"2026-01-13T16:46:48-08:00","logger":"ServerlessServiceReconciler.reconcile","msg":"transient not found; requeueing","key":"default/kamera-test","reconciler":"knative.dev.serving.pkg.reconciler.serverlessservice.reconciler","error":"failed to get private K8s Service endpoints: endpoints \"kamera-test-private\" not found"}
{"level":"info","ts":"2026-01-13T16:46:48-08:00","logger":"tracecheck","msg":"Taking reconcile step","Depth":20,"# Distinct States":410,"Total States":414,"Resource States":71}
{"level":"info","ts":"2026-01-13T16:46:48-08:00","logger":"tracecheck","msg":"Taking reconcile step","Depth":21,"# Distinct States":411,"Total States":415,"Resource States":71}
{"level":"info","ts":"2026-01-13T16:46:48-08:00","logger":"tracecheck","msg":"updated pod status","Depth":21,"# Distinct States":411,"Total States":415,"Resource States":71,"phase":"Pending","pod":{"name":"kamera-test-deployment-1488584584-0","namespace":"default"}}
{"level":"info","ts":"2026-01-13T16:46:48-08:00","logger":"tracecheck","msg":"Taking reconcile step","Depth":22,"# Distinct States":412,"Total States":416,"Resource States":71}
{"level":"info","ts":"2026-01-13T16:46:48-08:00","logger":"tracecheck","msg":"Updated ReplicaSet status","Depth":22,"# Distinct States":412,"Total States":416,"Resource States":71,"name":"kamera-test-deployment-1488584584"}
{"level":"info","ts":"2026-01-13T16:46:48-08:00","logger":"tracecheck","msg":"Taking reconcile step","Depth":23,"# Distinct States":413,"Total States":417,"Resource States":71}
{"level":"info","ts":"2026-01-13T16:46:48-08:00","logger":"ConfigurationReconciler.seed","msg":"added podscalable to informer","resource":"deployments","namespace":"default","name":"kamera-test-deployment","stage":"podscalable-add","keys":["default/kamera-test-deployment"]}
{"level":"info","ts":"2026-01-13T16:46:48-08:00","logger":"ConfigurationReconciler.seed","msg":"podscalable visible to lister","resource":"deployments","namespace":"default","name":"kamera-test-deployment","stage":"podscalable-lister","object":{"apiVersion":"autoscaling.internal.knative.dev/v1alpha1","kind":"PodScalable","namespace":"default","name":"kamera-test-deployment"}}
{"level":"info","ts":1768351608.839914,"logger":"fallback","caller":"configuration/configuration.go:103","msg":"Revision \"kamera-test\" of configuration is not ready"}
{"level":"info","ts":"2026-01-13T16:46:48-08:00","logger":"ConfigurationReconciler.reconcile","msg":"reconcile completed","key":"default/demo","reconciler":"knative.dev.serving.pkg.reconciler.configuration.Reconciler","requeue":false,"requeueAfter":0}
{"level":"info","ts":"2026-01-13T16:46:48-08:00","logger":"tracecheck","msg":"Taking reconcile step","Depth":24,"# Distinct States":414,"Total States":418,"Resource States":71}
{"level":"info","ts":"2026-01-13T16:46:48-08:00","logger":"tracecheck","msg":"Taking reconcile step","Depth":25,"# Distinct States":415,"Total States":419,"Resource States":71}
{"level":"info","ts":"2026-01-13T16:46:48-08:00","logger":"RevisionReconciler.seed","msg":"added podscalable to informer","resource":"deployments","namespace":"default","name":"kamera-test-deployment","stage":"podscalable-add","keys":["default/kamera-test-deployment"]}
{"level":"info","ts":"2026-01-13T16:46:48-08:00","logger":"RevisionReconciler.seed","msg":"podscalable visible to lister","resource":"deployments","namespace":"default","name":"kamera-test-deployment","stage":"podscalable-lister","object":{"apiVersion":"autoscaling.internal.knative.dev/v1alpha1","kind":"PodScalable","namespace":"default","name":"kamera-test-deployment"}}
{"level":"error","ts":1768351608.946832,"logger":"fallback","caller":"revision/controller.go:116","msg":"Failed to create resolver transport","error":"open /var/run/secrets/kubernetes.io/serviceaccount/ca.crt: no such file or directory","stacktrace":"knative.dev/serving/pkg/reconciler/revision.newControllerWithOptions\n\t/Users/tgoodwin/tmp/gomodcache/knative.dev/serving@v0.46.5/pkg/reconciler/revision/controller.go:116\nknative.dev/serving/pkg/reconciler/revision.NewController\n\t/Users/tgoodwin/tmp/gomodcache/knative.dev/serving@v0.46.5/pkg/reconciler/revision/controller.go:64\nmain.configureKnativeExplorer.func1.1\n\t/Users/tgoodwin/projects/kamera/examples/knative-serving/scenario.go:91\ngithub.com/tgoodwin/kamera/examples/knative-serving/knative.NewKnativeStrategy.func1\n\t/Users/tgoodwin/projects/kamera/examples/knative-serving/knative/harness.go:555\ngithub.com/tgoodwin/kamera/examples/knative-serving/knative.(*KnativeStrategy).ReconcileAtState\n\t/Users/tgoodwin/projects/kamera/examples/knative-serving/knative/harness.go:895\ngithub.com/tgoodwin/kamera/pkg/tracecheck.(*ReconcilerContainer).doReconcile\n\t/Users/tgoodwin/projects/kamera/pkg/tracecheck/reconciler.go:164\ngithub.com/tgoodwin/kamera/pkg/tracecheck.(*Explorer).reconcileAtState\n\t/Users/tgoodwin/projects/kamera/pkg/tracecheck/explore.go:1313\ngithub.com/tgoodwin/kamera/pkg/tracecheck.(*Explorer).takeReconcileStep\n\t/Users/tgoodwin/projects/kamera/pkg/tracecheck/explore.go:1228\ngithub.com/tgoodwin/kamera/pkg/tracecheck.(*Explorer).explore\n\t/Users/tgoodwin/projects/kamera/pkg/tracecheck/explore.go:790\ngithub.com/tgoodwin/kamera/pkg/tracecheck.(*Explorer).Explore.func1\n\t/Users/tgoodwin/projects/kamera/pkg/tracecheck/explore.go:330"}
{"level":"info","ts":1768351608.9472692,"logger":"fallback","caller":"revision/reconcile_resources.go:161","msg":"Reconciling PA: kamera-test"}
{"level":"info","ts":"2026-01-13T16:46:48-08:00","logger":"RevisionReconciler.reconcile","msg":"reconcile completed","key":"default/kamera-test","reconciler":"knative.dev.serving.pkg.reconciler.revision.Reconciler","requeue":false,"requeueAfter":0}
{"level":"info","ts":"2026-01-13T16:46:48-08:00","logger":"tracecheck","msg":"Taking reconcile step","Depth":19,"# Distinct States":416,"Total States":420,"Resource States":71}
{"level":"info","ts":"2026-01-13T16:46:49-08:00","logger":"RevisionReconciler.seed","msg":"added podscalable to informer","resource":"deployments","namespace":"default","name":"kamera-test-deployment","stage":"podscalable-add","keys":["default/kamera-test-deployment"]}
{"level":"info","ts":"2026-01-13T16:46:49-08:00","logger":"RevisionReconciler.seed","msg":"podscalable visible to lister","resource":"deployments","namespace":"default","name":"kamera-test-deployment","stage":"podscalable-lister","object":{"apiVersion":"autoscaling.internal.knative.dev/v1alpha1","kind":"PodScalable","namespace":"default","name":"kamera-test-deployment"}}
{"level":"error","ts":1768351609.053101,"logger":"fallback","caller":"revision/controller.go:116","msg":"Failed to create resolver transport","error":"open /var/run/secrets/kubernetes.io/serviceaccount/ca.crt: no such file or directory","stacktrace":"knative.dev/serving/pkg/reconciler/revision.newControllerWithOptions\n\t/Users/tgoodwin/tmp/gomodcache/knative.dev/serving@v0.46.5/pkg/reconciler/revision/controller.go:116\nknative.dev/serving/pkg/reconciler/revision.NewController\n\t/Users/tgoodwin/tmp/gomodcache/knative.dev/serving@v0.46.5/pkg/reconciler/revision/controller.go:64\nmain.configureKnativeExplorer.func1.1\n\t/Users/tgoodwin/projects/kamera/examples/knative-serving/scenario.go:91\ngithub.com/tgoodwin/kamera/examples/knative-serving/knative.NewKnativeStrategy.func1\n\t/Users/tgoodwin/projects/kamera/examples/knative-serving/knative/harness.go:555\ngithub.com/tgoodwin/kamera/examples/knative-serving/knative.(*KnativeStrategy).ReconcileAtState\n\t/Users/tgoodwin/projects/kamera/examples/knative-serving/knative/harness.go:895\ngithub.com/tgoodwin/kamera/pkg/tracecheck.(*ReconcilerContainer).doReconcile\n\t/Users/tgoodwin/projects/kamera/pkg/tracecheck/reconciler.go:164\ngithub.com/tgoodwin/kamera/pkg/tracecheck.(*Explorer).reconcileAtState\n\t/Users/tgoodwin/projects/kamera/pkg/tracecheck/explore.go:1313\ngithub.com/tgoodwin/kamera/pkg/tracecheck.(*Explorer).takeReconcileStep\n\t/Users/tgoodwin/projects/kamera/pkg/tracecheck/explore.go:1228\ngithub.com/tgoodwin/kamera/pkg/tracecheck.(*Explorer).explore\n\t/Users/tgoodwin/projects/kamera/pkg/tracecheck/explore.go:790\ngithub.com/tgoodwin/kamera/pkg/tracecheck.(*Explorer).Explore.func1\n\t/Users/tgoodwin/projects/kamera/pkg/tracecheck/explore.go:330"}
{"level":"info","ts":1768351609.0534751,"logger":"fallback","caller":"revision/reconcile_resources.go:161","msg":"Reconciling PA: kamera-test"}
{"level":"info","ts":"2026-01-13T16:46:49-08:00","logger":"RevisionReconciler.reconcile","msg":"reconcile completed","key":"default/kamera-test","reconciler":"knative.dev.serving.pkg.reconciler.revision.Reconciler","requeue":false,"requeueAfter":0}
{"level":"info","ts":"2026-01-13T16:46:49-08:00","logger":"tracecheck","msg":"Taking reconcile step","Depth":20,"# Distinct States":417,"Total States":421,"Resource States":71}
{"level":"info","ts":"2026-01-13T16:46:49-08:00","logger":"ServerlessServiceReconciler.seed","msg":"added podscalable to informer","resource":"deployments","namespace":"default","name":"kamera-test-deployment","stage":"podscalable-add","keys":["default/kamera-test-deployment"]}
{"level":"info","ts":"2026-01-13T16:46:49-08:00","logger":"ServerlessServiceReconciler.seed","msg":"podscalable visible to lister","resource":"deployments","namespace":"default","name":"kamera-test-deployment","stage":"podscalable-lister","object":{"apiVersion":"autoscaling.internal.knative.dev/v1alpha1","kind":"PodScalable","namespace":"default","name":"kamera-test-deployment"}}
{"level":"info","ts":1768351609.159376,"logger":"fallback","caller":"serverlessservice/controller.go:90","msg":"Doing a global resync due to activator endpoint changes"}
{"level":"info","ts":1768351609.15939,"logger":"fallback","caller":"serverlessservice/serverlessservice.go:316","msg":"SKS has no private service; creating."}
{"level":"info","ts":1768351609.159574,"logger":"fallback","caller":"serverlessservice/serverlessservice.go:323","msg":"Created private K8s service: kamera-test-private"}
{"level":"info","ts":1768351609.159585,"logger":"fallback","caller":"serverlessservice/serverlessservice.go:97","msg":"K8s public service does not exist; creating."}
{"level":"info","ts":1768351609.1597,"logger":"fallback","caller":"serverlessservice/serverlessservice.go:105","msg":"Created public K8s service: kamera-test"}
{"level":"error","ts":1768351609.1598349,"logger":"fallback","caller":"serverlessservice/reconciler.go:303","msg":"Returned an error","targetMethod":"ReconcileKind","error":"failed to get private K8s Service endpoints: endpoints \"kamera-test-private\" not found","stacktrace":"knative.dev/networking/pkg/client/injection/reconciler/networking/v1alpha1/serverlessservice.(*reconcilerImpl).Reconcile\n\t/Users/tgoodwin/tmp/gomodcache/knative.dev/networking@v0.0.0-20250909015233-e3b68fc57bea/pkg/client/injection/reconciler/networking/v1alpha1/serverlessservice/reconciler.go:303\ngithub.com/tgoodwin/kamera/examples/knative-serving/knative.(*KnativeStrategy).ReconcileAtState\n\t/Users/tgoodwin/projects/kamera/examples/knative-serving/knative/harness.go:905\ngithub.com/tgoodwin/kamera/pkg/tracecheck.(*ReconcilerContainer).doReconcile\n\t/Users/tgoodwin/projects/kamera/pkg/tracecheck/reconciler.go:164\ngithub.com/tgoodwin/kamera/pkg/tracecheck.(*Explorer).reconcileAtState\n\t/Users/tgoodwin/projects/kamera/pkg/tracecheck/explore.go:1313\ngithub.com/tgoodwin/kamera/pkg/tracecheck.(*Explorer).takeReconcileStep\n\t/Users/tgoodwin/projects/kamera/pkg/tracecheck/explore.go:1228\ngithub.com/tgoodwin/kamera/pkg/tracecheck.(*Explorer).explore\n\t/Users/tgoodwin/projects/kamera/pkg/tracecheck/explore.go:790\ngithub.com/tgoodwin/kamera/pkg/tracecheck.(*Explorer).Explore.func1\n\t/Users/tgoodwin/projects/kamera/pkg/tracecheck/explore.go:330"}
{"level":"info","ts":"2026-01-13T16:46:49-08:00","logger":"ServerlessServiceReconciler.reconcile","msg":"transient not found; requeueing","key":"default/kamera-test","reconciler":"knative.dev.serving.pkg.reconciler.serverlessservice.reconciler","error":"failed to get private K8s Service endpoints: endpoints \"kamera-test-private\" not found"}
{"level":"info","ts":"2026-01-13T16:46:49-08:00","logger":"tracecheck","msg":"Taking reconcile step","Depth":21,"# Distinct States":418,"Total States":422,"Resource States":71}
{"level":"info","ts":"2026-01-13T16:46:49-08:00","logger":"tracecheck","msg":"Taking reconcile step","Depth":22,"# Distinct States":419,"Total States":423,"Resource States":71}
{"level":"info","ts":"2026-01-13T16:46:49-08:00","logger":"tracecheck","msg":"updated pod status","Depth":22,"# Distinct States":419,"Total States":423,"Resource States":71,"phase":"Pending","pod":{"name":"kamera-test-deployment-1488584584-0","namespace":"default"}}
{"level":"info","ts":"2026-01-13T16:46:49-08:00","logger":"tracecheck","msg":"Taking reconcile step","Depth":23,"# Distinct States":420,"Total States":424,"Resource States":71}
{"level":"info","ts":"2026-01-13T16:46:49-08:00","logger":"tracecheck","msg":"Updated ReplicaSet status","Depth":23,"# Distinct States":420,"Total States":424,"Resource States":71,"name":"kamera-test-deployment-1488584584"}
{"level":"info","ts":"2026-01-13T16:46:49-08:00","logger":"tracecheck","msg":"Taking reconcile step","Depth":24,"# Distinct States":421,"Total States":425,"Resource States":71}
{"level":"info","ts":"2026-01-13T16:46:49-08:00","logger":"ConfigurationReconciler.seed","msg":"added podscalable to informer","resource":"deployments","namespace":"default","name":"kamera-test-deployment","stage":"podscalable-add","keys":["default/kamera-test-deployment"]}
{"level":"info","ts":"2026-01-13T16:46:49-08:00","logger":"ConfigurationReconciler.seed","msg":"podscalable visible to lister","resource":"deployments","namespace":"default","name":"kamera-test-deployment","stage":"podscalable-lister","object":{"apiVersion":"autoscaling.internal.knative.dev/v1alpha1","kind":"PodScalable","namespace":"default","name":"kamera-test-deployment"}}
{"level":"info","ts":1768351609.276155,"logger":"fallback","caller":"configuration/configuration.go:103","msg":"Revision \"kamera-test\" of configuration is not ready"}
{"level":"info","ts":"2026-01-13T16:46:49-08:00","logger":"ConfigurationReconciler.reconcile","msg":"reconcile completed","key":"default/demo","reconciler":"knative.dev.serving.pkg.reconciler.configuration.Reconciler","requeue":false,"requeueAfter":0}
{"level":"info","ts":"2026-01-13T16:46:49-08:00","logger":"tracecheck","msg":"Taking reconcile step","Depth":7,"# Distinct States":423,"Total States":427,"Resource States":71}
{"level":"info","ts":"2026-01-13T16:46:49-08:00","logger":"RevisionReconciler.seed","msg":"added podscalable to informer","resource":"deployments","namespace":"default","name":"kamera-test-deployment","stage":"podscalable-add","keys":["default/kamera-test-deployment"]}
{"level":"info","ts":"2026-01-13T16:46:49-08:00","logger":"RevisionReconciler.seed","msg":"podscalable visible to lister","resource":"deployments","namespace":"default","name":"kamera-test-deployment","stage":"podscalable-lister","object":{"apiVersion":"autoscaling.internal.knative.dev/v1alpha1","kind":"PodScalable","namespace":"default","name":"kamera-test-deployment"}}
{"level":"error","ts":1768351609.3823318,"logger":"fallback","caller":"revision/controller.go:116","msg":"Failed to create resolver transport","error":"open /var/run/secrets/kubernetes.io/serviceaccount/ca.crt: no such file or directory","stacktrace":"knative.dev/serving/pkg/reconciler/revision.newControllerWithOptions\n\t/Users/tgoodwin/tmp/gomodcache/knative.dev/serving@v0.46.5/pkg/reconciler/revision/controller.go:116\nknative.dev/serving/pkg/reconciler/revision.NewController\n\t/Users/tgoodwin/tmp/gomodcache/knative.dev/serving@v0.46.5/pkg/reconciler/revision/controller.go:64\nmain.configureKnativeExplorer.func1.1\n\t/Users/tgoodwin/projects/kamera/examples/knative-serving/scenario.go:91\ngithub.com/tgoodwin/kamera/examples/knative-serving/knative.NewKnativeStrategy.func1\n\t/Users/tgoodwin/projects/kamera/examples/knative-serving/knative/harness.go:555\ngithub.com/tgoodwin/kamera/examples/knative-serving/knative.(*KnativeStrategy).ReconcileAtState\n\t/Users/tgoodwin/projects/kamera/examples/knative-serving/knative/harness.go:895\ngithub.com/tgoodwin/kamera/pkg/tracecheck.(*ReconcilerContainer).doReconcile\n\t/Users/tgoodwin/projects/kamera/pkg/tracecheck/reconciler.go:164\ngithub.com/tgoodwin/kamera/pkg/tracecheck.(*Explorer).reconcileAtState\n\t/Users/tgoodwin/projects/kamera/pkg/tracecheck/explore.go:1313\ngithub.com/tgoodwin/kamera/pkg/tracecheck.(*Explorer).takeReconcileStep\n\t/Users/tgoodwin/projects/kamera/pkg/tracecheck/explore.go:1228\ngithub.com/tgoodwin/kamera/pkg/tracecheck.(*Explorer).explore\n\t/Users/tgoodwin/projects/kamera/pkg/tracecheck/explore.go:790\ngithub.com/tgoodwin/kamera/pkg/tracecheck.(*Explorer).Explore.func1\n\t/Users/tgoodwin/projects/kamera/pkg/tracecheck/explore.go:330"}
{"level":"info","ts":1768351609.382685,"logger":"fallback","caller":"revision/reconcile_resources.go:161","msg":"Reconciling PA: kamera-test"}
{"level":"info","ts":"2026-01-13T16:46:49-08:00","logger":"RevisionReconciler.reconcile","msg":"reconcile completed","key":"default/kamera-test","reconciler":"knative.dev.serving.pkg.reconciler.revision.Reconciler","requeue":false,"requeueAfter":0}
{"level":"info","ts":"2026-01-13T16:46:49-08:00","logger":"tracecheck","msg":"Taking reconcile step","Depth":8,"# Distinct States":424,"Total States":428,"Resource States":71}
{"level":"info","ts":"2026-01-13T16:46:49-08:00","logger":"RouteReconciler.seed","msg":"added podscalable to informer","resource":"deployments","namespace":"default","name":"kamera-test-deployment","stage":"podscalable-add","keys":["default/kamera-test-deployment"]}
{"level":"info","ts":"2026-01-13T16:46:49-08:00","logger":"RouteReconciler.seed","msg":"podscalable visible to lister","resource":"deployments","namespace":"default","name":"kamera-test-deployment","stage":"podscalable-lister","object":{"apiVersion":"autoscaling.internal.knative.dev/v1alpha1","kind":"PodScalable","namespace":"default","name":"kamera-test-deployment"}}
{"level":"info","ts":1768351609.488698,"logger":"fallback","caller":"route/route.go:480","msg":"Marking bad traffic target: Configuration \"demo\" not ready, isFailure=false"}
{"level":"info","ts":"2026-01-13T16:46:49-08:00","logger":"RouteReconciler.reconcile","msg":"reconcile completed","key":"default/demo","reconciler":"knative.dev.serving.pkg.reconciler.route.Reconciler","requeue":false,"requeueAfter":0}
{"level":"info","ts":"2026-01-13T16:46:49-08:00","logger":"tracecheck","msg":"Taking reconcile step","Depth":9,"# Distinct States":425,"Total States":429,"Resource States":71}
{"level":"info","ts":"2026-01-13T16:46:49-08:00","logger":"ServiceReconciler.seed","msg":"added podscalable to informer","resource":"deployments","namespace":"default","name":"kamera-test-deployment","stage":"podscalable-add","keys":["default/kamera-test-deployment"]}
{"level":"info","ts":"2026-01-13T16:46:49-08:00","logger":"ServiceReconciler.seed","msg":"podscalable visible to lister","resource":"deployments","namespace":"default","name":"kamera-test-deployment","stage":"podscalable-lister","object":{"apiVersion":"autoscaling.internal.knative.dev/v1alpha1","kind":"PodScalable","namespace":"default","name":"kamera-test-deployment"}}
{"level":"info","ts":1768351609.595059,"logger":"fallback","caller":"service/service.go:171","msg":"Service reconciler fetching Route from lister: name=demo, namespace=default"}
{"level":"info","ts":1768351609.595078,"logger":"fallback","caller":"service/service.go:174","msg":"Service reconciler got Route from lister: name=demo, Generation=1, ObservedGeneration=1, ResourceVersion="}
{"level":"info","ts":1768351609.595103,"logger":"fallback","caller":"service/service.go:126","msg":"Service reconciler checking Route: name=demo, Generation=1, ObservedGeneration=1, Ready=Unknown (reason=RevisionMissing, message=Configuration \"demo\" is waiting for a Revision to become ready.), generationMatch=true, routeResourceVersion="}
{"level":"info","ts":1768351609.5951118,"logger":"fallback","caller":"service/service.go:136","msg":"Service reconciler calling PropagateRouteStatus() because Generation == ObservedGeneration"}
{"level":"info","ts":"2026-01-13T16:46:49-08:00","logger":"ServiceReconciler.reconcile","msg":"reconcile completed","key":"default/demo","reconciler":"knative.dev.serving.pkg.reconciler.service.Reconciler","requeue":false,"requeueAfter":0}
{"level":"info","ts":"2026-01-13T16:46:49-08:00","logger":"tracecheck","msg":"Taking reconcile step","Depth":10,"# Distinct States":426,"Total States":430,"Resource States":71}
{"level":"info","ts":"2026-01-13T16:46:49-08:00","logger":"ConfigurationReconciler.seed","msg":"added podscalable to informer","resource":"deployments","namespace":"default","name":"kamera-test-deployment","stage":"podscalable-add","keys":["default/kamera-test-deployment"]}
{"level":"info","ts":"2026-01-13T16:46:49-08:00","logger":"ConfigurationReconciler.seed","msg":"podscalable visible to lister","resource":"deployments","namespace":"default","name":"kamera-test-deployment","stage":"podscalable-lister","object":{"apiVersion":"autoscaling.internal.knative.dev/v1alpha1","kind":"PodScalable","namespace":"default","name":"kamera-test-deployment"}}
{"level":"info","ts":1768351609.701159,"logger":"fallback","caller":"configuration/configuration.go:103","msg":"Revision \"kamera-test\" of configuration is not ready"}
{"level":"info","ts":"2026-01-13T16:46:49-08:00","logger":"ConfigurationReconciler.reconcile","msg":"reconcile completed","key":"default/demo","reconciler":"knative.dev.serving.pkg.reconciler.configuration.Reconciler","requeue":false,"requeueAfter":0}
{"level":"info","ts":"2026-01-13T16:46:49-08:00","logger":"tracecheck","msg":"Taking reconcile step","Depth":11,"# Distinct States":427,"Total States":431,"Resource States":71}
{"level":"info","ts":"2026-01-13T16:46:49-08:00","logger":"tracecheck","msg":"Taking reconcile step","Depth":12,"# Distinct States":428,"Total States":432,"Resource States":71}
{"level":"info","ts":"2026-01-13T16:46:49-08:00","logger":"tracecheck","msg":"Updated Deployment status","Depth":12,"# Distinct States":428,"Total States":432,"Resource States":71,"name":"kamera-test-deployment"}
{"level":"info","ts":"2026-01-13T16:46:49-08:00","logger":"tracecheck","msg":"Taking reconcile step","Depth":13,"# Distinct States":429,"Total States":433,"Resource States":71}
{"level":"info","ts":"2026-01-13T16:46:49-08:00","logger":"KPAReconciler.seed","msg":"added podscalable to informer","resource":"deployments","namespace":"default","name":"kamera-test-deployment","stage":"podscalable-add","keys":["default/kamera-test-deployment"]}
{"level":"info","ts":"2026-01-13T16:46:49-08:00","logger":"KPAReconciler.seed","msg":"podscalable visible to lister","resource":"deployments","namespace":"default","name":"kamera-test-deployment","stage":"podscalable-lister","object":{"apiVersion":"autoscaling.internal.knative.dev/v1alpha1","kind":"PodScalable","namespace":"default","name":"kamera-test-deployment"}}
{"level":"info","ts":1768351609.813575,"logger":"fallback","caller":"kpa/controller.go:77","msg":"Setting up ConfigMap receivers"}
{"level":"info","ts":1768351609.8137019,"logger":"fallback","caller":"kpa/controller.go:91","msg":"Setting up KPA-Class event handlers"}
{"level":"info","ts":1768351609.813786,"logger":"fallback","caller":"autoscaling/reconciler.go:56","msg":"SKS does not exist; creating."}
{"level":"info","ts":1768351609.813956,"logger":"fallback","caller":"autoscaling/reconciler.go:61","msg":"Created SKS"}
{"level":"info","ts":"2026-01-13T16:46:49-08:00","logger":"KPAReconciler.reconcile","msg":"reconcile completed","key":"default/kamera-test","reconciler":"knative.dev.serving.pkg.reconciler.autoscaling.kpa.Reconciler","requeue":false,"requeueAfter":0}
{"level":"info","ts":"2026-01-13T16:46:49-08:00","logger":"tracecheck","msg":"Taking reconcile step","Depth":14,"# Distinct States":430,"Total States":434,"Resource States":71}
{"level":"info","ts":"2026-01-13T16:46:49-08:00","logger":"tracecheck","msg":"Taking reconcile step","Depth":15,"# Distinct States":431,"Total States":435,"Resource States":71}
{"level":"info","ts":"2026-01-13T16:46:49-08:00","logger":"tracecheck","msg":"Creating pods","Depth":15,"# Distinct States":431,"Total States":435,"Resource States":71,"count":1}
{"level":"info","ts":"2026-01-13T16:46:49-08:00","logger":"tracecheck","msg":"Updated ReplicaSet status","Depth":15,"# Distinct States":431,"Total States":435,"Resource States":71,"name":"kamera-test-deployment-1488584584"}
{"level":"info","ts":"2026-01-13T16:46:49-08:00","logger":"tracecheck","msg":"Taking reconcile step","Depth":16,"# Distinct States":432,"Total States":436,"Resource States":71}
{"level":"info","ts":"2026-01-13T16:46:49-08:00","logger":"tracecheck","msg":"Taking reconcile step","Depth":17,"# Distinct States":433,"Total States":437,"Resource States":71}
{"level":"info","ts":"2026-01-13T16:46:49-08:00","logger":"RevisionReconciler.seed","msg":"added podscalable to informer","resource":"deployments","namespace":"default","name":"kamera-test-deployment","stage":"podscalable-add","keys":["default/kamera-test-deployment"]}
{"level":"info","ts":"2026-01-13T16:46:49-08:00","logger":"RevisionReconciler.seed","msg":"podscalable visible to lister","resource":"deployments","namespace":"default","name":"kamera-test-deployment","stage":"podscalable-lister","object":{"apiVersion":"autoscaling.internal.knative.dev/v1alpha1","kind":"PodScalable","namespace":"default","name":"kamera-test-deployment"}}
{"level":"error","ts":1768351609.9293702,"logger":"fallback","caller":"revision/controller.go:116","msg":"Failed to create resolver transport","error":"open /var/run/secrets/kubernetes.io/serviceaccount/ca.crt: no such file or directory","stacktrace":"knative.dev/serving/pkg/reconciler/revision.newControllerWithOptions\n\t/Users/tgoodwin/tmp/gomodcache/knative.dev/serving@v0.46.5/pkg/reconciler/revision/controller.go:116\nknative.dev/serving/pkg/reconciler/revision.NewController\n\t/Users/tgoodwin/tmp/gomodcache/knative.dev/serving@v0.46.5/pkg/reconciler/revision/controller.go:64\nmain.configureKnativeExplorer.func1.1\n\t/Users/tgoodwin/projects/kamera/examples/knative-serving/scenario.go:91\ngithub.com/tgoodwin/kamera/examples/knative-serving/knative.NewKnativeStrategy.func1\n\t/Users/tgoodwin/projects/kamera/examples/knative-serving/knative/harness.go:555\ngithub.com/tgoodwin/kamera/examples/knative-serving/knative.(*KnativeStrategy).ReconcileAtState\n\t/Users/tgoodwin/projects/kamera/examples/knative-serving/knative/harness.go:895\ngithub.com/tgoodwin/kamera/pkg/tracecheck.(*ReconcilerContainer).doReconcile\n\t/Users/tgoodwin/projects/kamera/pkg/tracecheck/reconciler.go:164\ngithub.com/tgoodwin/kamera/pkg/tracecheck.(*Explorer).reconcileAtState\n\t/Users/tgoodwin/projects/kamera/pkg/tracecheck/explore.go:1313\ngithub.com/tgoodwin/kamera/pkg/tracecheck.(*Explorer).takeReconcileStep\n\t/Users/tgoodwin/projects/kamera/pkg/tracecheck/explore.go:1228\ngithub.com/tgoodwin/kamera/pkg/tracecheck.(*Explorer).explore\n\t/Users/tgoodwin/projects/kamera/pkg/tracecheck/explore.go:790\ngithub.com/tgoodwin/kamera/pkg/tracecheck.(*Explorer).Explore.func1\n\t/Users/tgoodwin/projects/kamera/pkg/tracecheck/explore.go:330"}
{"level":"info","ts":1768351609.929724,"logger":"fallback","caller":"revision/reconcile_resources.go:161","msg":"Reconciling PA: kamera-test"}
{"level":"info","ts":"2026-01-13T16:46:49-08:00","logger":"RevisionReconciler.reconcile","msg":"reconcile completed","key":"default/kamera-test","reconciler":"knative.dev.serving.pkg.reconciler.revision.Reconciler","requeue":false,"requeueAfter":0}
{"level":"info","ts":"2026-01-13T16:46:49-08:00","logger":"tracecheck","msg":"Taking reconcile step","Depth":2,"# Distinct States":435,"Total States":440,"Resource States":71}
{"level":"error","ts":1768351609.934528,"logger":"fallback","caller":"revision/controller.go:116","msg":"Failed to create resolver transport","error":"open /var/run/secrets/kubernetes.io/serviceaccount/ca.crt: no such file or directory","stacktrace":"knative.dev/serving/pkg/reconciler/revision.newControllerWithOptions\n\t/Users/tgoodwin/tmp/gomodcache/knative.dev/serving@v0.46.5/pkg/reconciler/revision/controller.go:116\nknative.dev/serving/pkg/reconciler/revision.NewController\n\t/Users/tgoodwin/tmp/gomodcache/knative.dev/serving@v0.46.5/pkg/reconciler/revision/controller.go:64\nmain.configureKnativeExplorer.func1.1\n\t/Users/tgoodwin/projects/kamera/examples/knative-serving/scenario.go:91\ngithub.com/tgoodwin/kamera/examples/knative-serving/knative.NewKnativeStrategy.func1\n\t/Users/tgoodwin/projects/kamera/examples/knative-serving/knative/harness.go:555\ngithub.com/tgoodwin/kamera/examples/knative-serving/knative.(*KnativeStrategy).ReconcileAtState\n\t/Users/tgoodwin/projects/kamera/examples/knative-serving/knative/harness.go:895\ngithub.com/tgoodwin/kamera/pkg/tracecheck.(*ReconcilerContainer).doReconcile\n\t/Users/tgoodwin/projects/kamera/pkg/tracecheck/reconciler.go:164\ngithub.com/tgoodwin/kamera/pkg/tracecheck.(*Explorer).reconcileAtState\n\t/Users/tgoodwin/projects/kamera/pkg/tracecheck/explore.go:1313\ngithub.com/tgoodwin/kamera/pkg/tracecheck.(*Explorer).takeReconcileStep\n\t/Users/tgoodwin/projects/kamera/pkg/tracecheck/explore.go:1228\ngithub.com/tgoodwin/kamera/pkg/tracecheck.(*Explorer).explore\n\t/Users/tgoodwin/projects/kamera/pkg/tracecheck/explore.go:790\ngithub.com/tgoodwin/kamera/pkg/tracecheck.(*Explorer).Explore.func1\n\t/Users/tgoodwin/projects/kamera/pkg/tracecheck/explore.go:330"}
{"level":"info","ts":1768351609.935188,"logger":"fallback","caller":"revision/reconcile_resources.go:59","msg":"Created deployment \"kamera-test-deployment\"","knative.dev/deployment":"kamera-test-deployment"}
{"level":"info","ts":1768351609.935267,"logger":"fallback","caller":"revision/reconcile_resources.go:142","msg":"Created image cache \"kamera-test-cache-user-container\""}
{"level":"info","ts":1768351609.935274,"logger":"fallback","caller":"revision/reconcile_resources.go:161","msg":"Reconciling PA: kamera-test"}
{"level":"info","ts":1768351609.935361,"logger":"fallback","caller":"revision/reconcile_resources.go:170","msg":"Created PA: kamera-test"}
{"level":"info","ts":"2026-01-13T16:46:49-08:00","logger":"RevisionReconciler.reconcile","msg":"reconcile completed","key":"default/kamera-test","reconciler":"knative.dev.serving.pkg.reconciler.revision.Reconciler","requeue":false,"requeueAfter":0}
{"level":"info","ts":"2026-01-13T16:46:49-08:00","logger":"tracecheck","msg":"Taking reconcile step","Depth":3,"# Distinct States":436,"Total States":441,"Resource States":72}
{"level":"info","ts":"2026-01-13T16:46:50-08:00","logger":"RouteReconciler.seed","msg":"added podscalable to informer","resource":"deployments","namespace":"default","name":"kamera-test-deployment","stage":"podscalable-add","keys":["default/kamera-test-deployment"]}
{"level":"info","ts":"2026-01-13T16:46:50-08:00","logger":"RouteReconciler.seed","msg":"podscalable visible to lister","resource":"deployments","namespace":"default","name":"kamera-test-deployment","stage":"podscalable-lister","object":{"apiVersion":"autoscaling.internal.knative.dev/v1alpha1","kind":"PodScalable","namespace":"default","name":"kamera-test-deployment"}}
{"level":"info","ts":1768351610.042756,"logger":"fallback","caller":"route/route.go:480","msg":"Marking bad traffic target: Configuration \"demo\" not ready, isFailure=false"}
{"level":"info","ts":"2026-01-13T16:46:50-08:00","logger":"RouteReconciler.reconcile","msg":"reconcile completed","key":"default/demo","reconciler":"knative.dev.serving.pkg.reconciler.route.Reconciler","requeue":false,"requeueAfter":0}
{"level":"info","ts":"2026-01-13T16:46:50-08:00","logger":"tracecheck","msg":"Taking reconcile step","Depth":4,"# Distinct States":437,"Total States":442,"Resource States":73}
{"level":"info","ts":"2026-01-13T16:46:50-08:00","logger":"ServiceReconciler.seed","msg":"added podscalable to informer","resource":"deployments","namespace":"default","name":"kamera-test-deployment","stage":"podscalable-add","keys":["default/kamera-test-deployment"]}
{"level":"info","ts":"2026-01-13T16:46:50-08:00","logger":"ServiceReconciler.seed","msg":"podscalable visible to lister","resource":"deployments","namespace":"default","name":"kamera-test-deployment","stage":"podscalable-lister","object":{"apiVersion":"autoscaling.internal.knative.dev/v1alpha1","kind":"PodScalable","namespace":"default","name":"kamera-test-deployment"}}
{"level":"info","ts":1768351610.149138,"logger":"fallback","caller":"service/service.go:171","msg":"Service reconciler fetching Route from lister: name=demo, namespace=default"}
{"level":"info","ts":1768351610.149157,"logger":"fallback","caller":"service/service.go:174","msg":"Service reconciler got Route from lister: name=demo, Generation=1, ObservedGeneration=1, ResourceVersion="}
{"level":"info","ts":1768351610.149185,"logger":"fallback","caller":"service/service.go:126","msg":"Service reconciler checking Route: name=demo, Generation=1, ObservedGeneration=1, Ready=Unknown (reason=RevisionMissing, message=Configuration \"demo\" is waiting for a Revision to become ready.), generationMatch=true, routeResourceVersion="}
{"level":"info","ts":1768351610.149195,"logger":"fallback","caller":"service/service.go:136","msg":"Service reconciler calling PropagateRouteStatus() because Generation == ObservedGeneration"}
{"level":"info","ts":"2026-01-13T16:46:50-08:00","logger":"ServiceReconciler.reconcile","msg":"reconcile completed","key":"default/demo","reconciler":"knative.dev.serving.pkg.reconciler.service.Reconciler","requeue":false,"requeueAfter":0}
{"level":"info","ts":"2026-01-13T16:46:50-08:00","logger":"tracecheck","msg":"Taking reconcile step","Depth":5,"# Distinct States":438,"Total States":443,"Resource States":73}
{"level":"info","ts":"2026-01-13T16:46:50-08:00","logger":"ConfigurationReconciler.seed","msg":"added podscalable to informer","resource":"deployments","namespace":"default","name":"kamera-test-deployment","stage":"podscalable-add","keys":["default/kamera-test-deployment"]}
{"level":"info","ts":"2026-01-13T16:46:50-08:00","logger":"ConfigurationReconciler.seed","msg":"podscalable visible to lister","resource":"deployments","namespace":"default","name":"kamera-test-deployment","stage":"podscalable-lister","object":{"apiVersion":"autoscaling.internal.knative.dev/v1alpha1","kind":"PodScalable","namespace":"default","name":"kamera-test-deployment"}}
{"level":"info","ts":1768351610.256268,"logger":"fallback","caller":"configuration/configuration.go:103","msg":"Revision \"kamera-test\" of configuration is not ready"}
{"level":"info","ts":"2026-01-13T16:46:50-08:00","logger":"ConfigurationReconciler.reconcile","msg":"reconcile completed","key":"default/demo","reconciler":"knative.dev.serving.pkg.reconciler.configuration.Reconciler","requeue":false,"requeueAfter":0}
{"level":"info","ts":"2026-01-13T16:46:50-08:00","logger":"tracecheck","msg":"Taking reconcile step","Depth":6,"# Distinct States":439,"Total States":444,"Resource States":73}
{"level":"info","ts":"2026-01-13T16:46:50-08:00","logger":"tracecheck","msg":"Taking reconcile step","Depth":7,"# Distinct States":440,"Total States":445,"Resource States":73}
{"level":"info","ts":"2026-01-13T16:46:50-08:00","logger":"tracecheck","msg":"Updated Deployment status","Depth":7,"# Distinct States":440,"Total States":445,"Resource States":73,"name":"kamera-test-deployment"}
{"level":"info","ts":"2026-01-13T16:46:50-08:00","logger":"tracecheck","msg":"Taking reconcile step","Depth":8,"# Distinct States":441,"Total States":446,"Resource States":73}
{"level":"info","ts":"2026-01-13T16:46:50-08:00","logger":"KPAReconciler.seed","msg":"added podscalable to informer","resource":"deployments","namespace":"default","name":"kamera-test-deployment","stage":"podscalable-add","keys":["default/kamera-test-deployment"]}
{"level":"info","ts":"2026-01-13T16:46:50-08:00","logger":"KPAReconciler.seed","msg":"podscalable visible to lister","resource":"deployments","namespace":"default","name":"kamera-test-deployment","stage":"podscalable-lister","object":{"apiVersion":"autoscaling.internal.knative.dev/v1alpha1","kind":"PodScalable","namespace":"default","name":"kamera-test-deployment"}}
{"level":"info","ts":1768351610.368763,"logger":"fallback","caller":"kpa/controller.go:77","msg":"Setting up ConfigMap receivers"}
{"level":"info","ts":1768351610.368881,"logger":"fallback","caller":"kpa/controller.go:91","msg":"Setting up KPA-Class event handlers"}
{"level":"info","ts":1768351610.368961,"logger":"fallback","caller":"autoscaling/reconciler.go:56","msg":"SKS does not exist; creating."}
{"level":"info","ts":1768351610.36911,"logger":"fallback","caller":"autoscaling/reconciler.go:61","msg":"Created SKS"}
{"level":"info","ts":"2026-01-13T16:46:50-08:00","logger":"KPAReconciler.reconcile","msg":"reconcile completed","key":"default/kamera-test","reconciler":"knative.dev.serving.pkg.reconciler.autoscaling.kpa.Reconciler","requeue":false,"requeueAfter":0}
{"level":"info","ts":"2026-01-13T16:46:50-08:00","logger":"tracecheck","msg":"Taking reconcile step","Depth":9,"# Distinct States":442,"Total States":447,"Resource States":73}
{"level":"info","ts":"2026-01-13T16:46:50-08:00","logger":"RevisionReconciler.seed","msg":"added podscalable to informer","resource":"deployments","namespace":"default","name":"kamera-test-deployment","stage":"podscalable-add","keys":["default/kamera-test-deployment"]}
{"level":"info","ts":"2026-01-13T16:46:50-08:00","logger":"RevisionReconciler.seed","msg":"podscalable visible to lister","resource":"deployments","namespace":"default","name":"kamera-test-deployment","stage":"podscalable-lister","object":{"apiVersion":"autoscaling.internal.knative.dev/v1alpha1","kind":"PodScalable","namespace":"default","name":"kamera-test-deployment"}}
{"level":"error","ts":1768351610.4762812,"logger":"fallback","caller":"revision/controller.go:116","msg":"Failed to create resolver transport","error":"open /var/run/secrets/kubernetes.io/serviceaccount/ca.crt: no such file or directory","stacktrace":"knative.dev/serving/pkg/reconciler/revision.newControllerWithOptions\n\t/Users/tgoodwin/tmp/gomodcache/knative.dev/serving@v0.46.5/pkg/reconciler/revision/controller.go:116\nknative.dev/serving/pkg/reconciler/revision.NewController\n\t/Users/tgoodwin/tmp/gomodcache/knative.dev/serving@v0.46.5/pkg/reconciler/revision/controller.go:64\nmain.configureKnativeExplorer.func1.1\n\t/Users/tgoodwin/projects/kamera/examples/knative-serving/scenario.go:91\ngithub.com/tgoodwin/kamera/examples/knative-serving/knative.NewKnativeStrategy.func1\n\t/Users/tgoodwin/projects/kamera/examples/knative-serving/knative/harness.go:555\ngithub.com/tgoodwin/kamera/examples/knative-serving/knative.(*KnativeStrategy).ReconcileAtState\n\t/Users/tgoodwin/projects/kamera/examples/knative-serving/knative/harness.go:895\ngithub.com/tgoodwin/kamera/pkg/tracecheck.(*ReconcilerContainer).doReconcile\n\t/Users/tgoodwin/projects/kamera/pkg/tracecheck/reconciler.go:164\ngithub.com/tgoodwin/kamera/pkg/tracecheck.(*Explorer).reconcileAtState\n\t/Users/tgoodwin/projects/kamera/pkg/tracecheck/explore.go:1313\ngithub.com/tgoodwin/kamera/pkg/tracecheck.(*Explorer).takeReconcileStep\n\t/Users/tgoodwin/projects/kamera/pkg/tracecheck/explore.go:1228\ngithub.com/tgoodwin/kamera/pkg/tracecheck.(*Explorer).explore\n\t/Users/tgoodwin/projects/kamera/pkg/tracecheck/explore.go:790\ngithub.com/tgoodwin/kamera/pkg/tracecheck.(*Explorer).Explore.func1\n\t/Users/tgoodwin/projects/kamera/pkg/tracecheck/explore.go:330"}
{"level":"info","ts":1768351610.476662,"logger":"fallback","caller":"revision/reconcile_resources.go:161","msg":"Reconciling PA: kamera-test"}
{"level":"info","ts":"2026-01-13T16:46:50-08:00","logger":"RevisionReconciler.reconcile","msg":"reconcile completed","key":"default/kamera-test","reconciler":"knative.dev.serving.pkg.reconciler.revision.Reconciler","requeue":false,"requeueAfter":0}
{"level":"info","ts":"2026-01-13T16:46:50-08:00","logger":"tracecheck","msg":"Taking reconcile step","Depth":10,"# Distinct States":443,"Total States":448,"Resource States":73}
{"level":"info","ts":"2026-01-13T16:46:50-08:00","logger":"RouteReconciler.seed","msg":"added podscalable to informer","resource":"deployments","namespace":"default","name":"kamera-test-deployment","stage":"podscalable-add","keys":["default/kamera-test-deployment"]}
{"level":"info","ts":"2026-01-13T16:46:50-08:00","logger":"RouteReconciler.seed","msg":"podscalable visible to lister","resource":"deployments","namespace":"default","name":"kamera-test-deployment","stage":"podscalable-lister","object":{"apiVersion":"autoscaling.internal.knative.dev/v1alpha1","kind":"PodScalable","namespace":"default","name":"kamera-test-deployment"}}
{"level":"info","ts":1768351610.584469,"logger":"fallback","caller":"route/route.go:480","msg":"Marking bad traffic target: Configuration \"demo\" not ready, isFailure=false"}
{"level":"info","ts":"2026-01-13T16:46:50-08:00","logger":"RouteReconciler.reconcile","msg":"reconcile completed","key":"default/demo","reconciler":"knative.dev.serving.pkg.reconciler.route.Reconciler","requeue":false,"requeueAfter":0}
{"level":"info","ts":"2026-01-13T16:46:50-08:00","logger":"tracecheck","msg":"Taking reconcile step","Depth":11,"# Distinct States":444,"Total States":449,"Resource States":73}
{"level":"info","ts":"2026-01-13T16:46:50-08:00","logger":"ServiceReconciler.seed","msg":"added podscalable to informer","resource":"deployments","namespace":"default","name":"kamera-test-deployment","stage":"podscalable-add","keys":["default/kamera-test-deployment"]}
{"level":"info","ts":"2026-01-13T16:46:50-08:00","logger":"ServiceReconciler.seed","msg":"podscalable visible to lister","resource":"deployments","namespace":"default","name":"kamera-test-deployment","stage":"podscalable-lister","object":{"apiVersion":"autoscaling.internal.knative.dev/v1alpha1","kind":"PodScalable","namespace":"default","name":"kamera-test-deployment"}}
{"level":"info","ts":1768351610.691388,"logger":"fallback","caller":"service/service.go:171","msg":"Service reconciler fetching Route from lister: name=demo, namespace=default"}
{"level":"info","ts":1768351610.691411,"logger":"fallback","caller":"service/service.go:174","msg":"Service reconciler got Route from lister: name=demo, Generation=1, ObservedGeneration=1, ResourceVersion="}
{"level":"info","ts":1768351610.691436,"logger":"fallback","caller":"service/service.go:126","msg":"Service reconciler checking Route: name=demo, Generation=1, ObservedGeneration=1, Ready=Unknown (reason=RevisionMissing, message=Configuration \"demo\" is waiting for a Revision to become ready.), generationMatch=true, routeResourceVersion="}
{"level":"info","ts":1768351610.691443,"logger":"fallback","caller":"service/service.go:136","msg":"Service reconciler calling PropagateRouteStatus() because Generation == ObservedGeneration"}
{"level":"info","ts":"2026-01-13T16:46:50-08:00","logger":"ServiceReconciler.reconcile","msg":"reconcile completed","key":"default/demo","reconciler":"knative.dev.serving.pkg.reconciler.service.Reconciler","requeue":false,"requeueAfter":0}
{"level":"info","ts":"2026-01-13T16:46:50-08:00","logger":"tracecheck","msg":"Taking reconcile step","Depth":3,"# Distinct States":445,"Total States":451,"Resource States":73}
{"level":"info","ts":"2026-01-13T16:46:50-08:00","logger":"RevisionReconciler.seed","msg":"added podscalable to informer","resource":"deployments","namespace":"default","name":"kamera-test-deployment","stage":"podscalable-add","keys":["default/kamera-test-deployment"]}
{"level":"info","ts":"2026-01-13T16:46:50-08:00","logger":"RevisionReconciler.seed","msg":"podscalable visible to lister","resource":"deployments","namespace":"default","name":"kamera-test-deployment","stage":"podscalable-lister","object":{"apiVersion":"autoscaling.internal.knative.dev/v1alpha1","kind":"PodScalable","namespace":"default","name":"kamera-test-deployment"}}
{"level":"error","ts":1768351610.797622,"logger":"fallback","caller":"revision/controller.go:116","msg":"Failed to create resolver transport","error":"open /var/run/secrets/kubernetes.io/serviceaccount/ca.crt: no such file or directory","stacktrace":"knative.dev/serving/pkg/reconciler/revision.newControllerWithOptions\n\t/Users/tgoodwin/tmp/gomodcache/knative.dev/serving@v0.46.5/pkg/reconciler/revision/controller.go:116\nknative.dev/serving/pkg/reconciler/revision.NewController\n\t/Users/tgoodwin/tmp/gomodcache/knative.dev/serving@v0.46.5/pkg/reconciler/revision/controller.go:64\nmain.configureKnativeExplorer.func1.1\n\t/Users/tgoodwin/projects/kamera/examples/knative-serving/scenario.go:91\ngithub.com/tgoodwin/kamera/examples/knative-serving/knative.NewKnativeStrategy.func1\n\t/Users/tgoodwin/projects/kamera/examples/knative-serving/knative/harness.go:555\ngithub.com/tgoodwin/kamera/examples/knative-serving/knative.(*KnativeStrategy).ReconcileAtState\n\t/Users/tgoodwin/projects/kamera/examples/knative-serving/knative/harness.go:895\ngithub.com/tgoodwin/kamera/pkg/tracecheck.(*ReconcilerContainer).doReconcile\n\t/Users/tgoodwin/projects/kamera/pkg/tracecheck/reconciler.go:164\ngithub.com/tgoodwin/kamera/pkg/tracecheck.(*Explorer).reconcileAtState\n\t/Users/tgoodwin/projects/kamera/pkg/tracecheck/explore.go:1313\ngithub.com/tgoodwin/kamera/pkg/tracecheck.(*Explorer).takeReconcileStep\n\t/Users/tgoodwin/projects/kamera/pkg/tracecheck/explore.go:1228\ngithub.com/tgoodwin/kamera/pkg/tracecheck.(*Explorer).explore\n\t/Users/tgoodwin/projects/kamera/pkg/tracecheck/explore.go:790\ngithub.com/tgoodwin/kamera/pkg/tracecheck.(*Explorer).Explore.func1\n\t/Users/tgoodwin/projects/kamera/pkg/tracecheck/explore.go:330"}
{"level":"info","ts":1768351610.798037,"logger":"fallback","caller":"revision/reconcile_resources.go:161","msg":"Reconciling PA: kamera-test"}
{"level":"info","ts":"2026-01-13T16:46:50-08:00","logger":"RevisionReconciler.reconcile","msg":"reconcile completed","key":"default/kamera-test","reconciler":"knative.dev.serving.pkg.reconciler.revision.Reconciler","requeue":false,"requeueAfter":0}
{"level":"info","ts":"2026-01-13T16:46:50-08:00","logger":"tracecheck","msg":"Taking reconcile step","Depth":4,"# Distinct States":446,"Total States":452,"Resource States":73}
{"level":"info","ts":"2026-01-13T16:46:50-08:00","logger":"RouteReconciler.seed","msg":"added podscalable to informer","resource":"deployments","namespace":"default","name":"kamera-test-deployment","stage":"podscalable-add","keys":["default/kamera-test-deployment"]}
{"level":"info","ts":"2026-01-13T16:46:50-08:00","logger":"RouteReconciler.seed","msg":"podscalable visible to lister","resource":"deployments","namespace":"default","name":"kamera-test-deployment","stage":"podscalable-lister","object":{"apiVersion":"autoscaling.internal.knative.dev/v1alpha1","kind":"PodScalable","namespace":"default","name":"kamera-test-deployment"}}
{"level":"info","ts":1768351610.904741,"logger":"fallback","caller":"route/route.go:480","msg":"Marking bad traffic target: Configuration \"demo\" not ready, isFailure=false"}
{"level":"info","ts":"2026-01-13T16:46:50-08:00","logger":"RouteReconciler.reconcile","msg":"reconcile completed","key":"default/demo","reconciler":"knative.dev.serving.pkg.reconciler.route.Reconciler","requeue":false,"requeueAfter":0}
{"level":"info","ts":"2026-01-13T16:46:50-08:00","logger":"tracecheck","msg":"Taking reconcile step","Depth":5,"# Distinct States":447,"Total States":453,"Resource States":73}
{"level":"info","ts":"2026-01-13T16:46:51-08:00","logger":"ServiceReconciler.seed","msg":"added podscalable to informer","resource":"deployments","namespace":"default","name":"kamera-test-deployment","stage":"podscalable-add","keys":["default/kamera-test-deployment"]}
{"level":"info","ts":"2026-01-13T16:46:51-08:00","logger":"ServiceReconciler.seed","msg":"podscalable visible to lister","resource":"deployments","namespace":"default","name":"kamera-test-deployment","stage":"podscalable-lister","object":{"apiVersion":"autoscaling.internal.knative.dev/v1alpha1","kind":"PodScalable","namespace":"default","name":"kamera-test-deployment"}}
{"level":"info","ts":1768351611.0123332,"logger":"fallback","caller":"service/service.go:171","msg":"Service reconciler fetching Route from lister: name=demo, namespace=default"}
{"level":"info","ts":1768351611.012373,"logger":"fallback","caller":"service/service.go:174","msg":"Service reconciler got Route from lister: name=demo, Generation=1, ObservedGeneration=1, ResourceVersion="}
{"level":"info","ts":1768351611.012416,"logger":"fallback","caller":"service/service.go:126","msg":"Service reconciler checking Route: name=demo, Generation=1, ObservedGeneration=1, Ready=Unknown (reason=RevisionMissing, message=Configuration \"demo\" is waiting for a Revision to become ready.), generationMatch=true, routeResourceVersion="}
{"level":"info","ts":1768351611.012429,"logger":"fallback","caller":"service/service.go:136","msg":"Service reconciler calling PropagateRouteStatus() because Generation == ObservedGeneration"}
{"level":"info","ts":"2026-01-13T16:46:51-08:00","logger":"ServiceReconciler.reconcile","msg":"reconcile completed","key":"default/demo","reconciler":"knative.dev.serving.pkg.reconciler.service.Reconciler","requeue":false,"requeueAfter":0}
{"level":"info","ts":"2026-01-13T16:46:51-08:00","logger":"tracecheck","msg":"Taking reconcile step","Depth":6,"# Distinct States":448,"Total States":454,"Resource States":73}
{"level":"info","ts":"2026-01-13T16:46:51-08:00","logger":"ConfigurationReconciler.seed","msg":"added podscalable to informer","resource":"deployments","namespace":"default","name":"kamera-test-deployment","stage":"podscalable-add","keys":["default/kamera-test-deployment"]}
{"level":"info","ts":"2026-01-13T16:46:51-08:00","logger":"ConfigurationReconciler.seed","msg":"podscalable visible to lister","resource":"deployments","namespace":"default","name":"kamera-test-deployment","stage":"podscalable-lister","object":{"apiVersion":"autoscaling.internal.knative.dev/v1alpha1","kind":"PodScalable","namespace":"default","name":"kamera-test-deployment"}}
{"level":"info","ts":1768351611.11982,"logger":"fallback","caller":"configuration/configuration.go:103","msg":"Revision \"kamera-test\" of configuration is not ready"}
{"level":"info","ts":"2026-01-13T16:46:51-08:00","logger":"ConfigurationReconciler.reconcile","msg":"reconcile completed","key":"default/demo","reconciler":"knative.dev.serving.pkg.reconciler.configuration.Reconciler","requeue":false,"requeueAfter":0}
{"level":"info","ts":"2026-01-13T16:46:51-08:00","logger":"tracecheck","msg":"Taking reconcile step","Depth":7,"# Distinct States":449,"Total States":455,"Resource States":73}
{"level":"info","ts":"2026-01-13T16:46:51-08:00","logger":"tracecheck","msg":"Taking reconcile step","Depth":8,"# Distinct States":450,"Total States":456,"Resource States":73}
{"level":"info","ts":"2026-01-13T16:46:51-08:00","logger":"tracecheck","msg":"Updated Deployment status","Depth":8,"# Distinct States":450,"Total States":456,"Resource States":73,"name":"kamera-test-deployment"}
{"level":"info","ts":"2026-01-13T16:46:51-08:00","logger":"tracecheck","msg":"Taking reconcile step","Depth":9,"# Distinct States":451,"Total States":457,"Resource States":73}
{"level":"info","ts":"2026-01-13T16:46:51-08:00","logger":"KPAReconciler.seed","msg":"added podscalable to informer","resource":"deployments","namespace":"default","name":"kamera-test-deployment","stage":"podscalable-add","keys":["default/kamera-test-deployment"]}
{"level":"info","ts":"2026-01-13T16:46:51-08:00","logger":"KPAReconciler.seed","msg":"podscalable visible to lister","resource":"deployments","namespace":"default","name":"kamera-test-deployment","stage":"podscalable-lister","object":{"apiVersion":"autoscaling.internal.knative.dev/v1alpha1","kind":"PodScalable","namespace":"default","name":"kamera-test-deployment"}}
{"level":"info","ts":1768351611.22878,"logger":"fallback","caller":"kpa/controller.go:77","msg":"Setting up ConfigMap receivers"}
{"level":"info","ts":1768351611.2288709,"logger":"fallback","caller":"kpa/controller.go:91","msg":"Setting up KPA-Class event handlers"}
{"level":"info","ts":1768351611.228947,"logger":"fallback","caller":"autoscaling/reconciler.go:56","msg":"SKS does not exist; creating."}
{"level":"info","ts":1768351611.229089,"logger":"fallback","caller":"autoscaling/reconciler.go:61","msg":"Created SKS"}
{"level":"info","ts":"2026-01-13T16:46:51-08:00","logger":"KPAReconciler.reconcile","msg":"reconcile completed","key":"default/kamera-test","reconciler":"knative.dev.serving.pkg.reconciler.autoscaling.kpa.Reconciler","requeue":false,"requeueAfter":0}
{"level":"info","ts":"2026-01-13T16:46:51-08:00","logger":"tracecheck","msg":"Taking reconcile step","Depth":10,"# Distinct States":452,"Total States":458,"Resource States":73}
{"level":"info","ts":"2026-01-13T16:46:51-08:00","logger":"RouteReconciler.seed","msg":"added podscalable to informer","resource":"deployments","namespace":"default","name":"kamera-test-deployment","stage":"podscalable-add","keys":["default/kamera-test-deployment"]}
{"level":"info","ts":"2026-01-13T16:46:51-08:00","logger":"RouteReconciler.seed","msg":"podscalable visible to lister","resource":"deployments","namespace":"default","name":"kamera-test-deployment","stage":"podscalable-lister","object":{"apiVersion":"autoscaling.internal.knative.dev/v1alpha1","kind":"PodScalable","namespace":"default","name":"kamera-test-deployment"}}
{"level":"info","ts":1768351611.3356748,"logger":"fallback","caller":"route/route.go:480","msg":"Marking bad traffic target: Configuration \"demo\" not ready, isFailure=false"}
{"level":"info","ts":"2026-01-13T16:46:51-08:00","logger":"RouteReconciler.reconcile","msg":"reconcile completed","key":"default/demo","reconciler":"knative.dev.serving.pkg.reconciler.route.Reconciler","requeue":false,"requeueAfter":0}
{"level":"info","ts":"2026-01-13T16:46:51-08:00","logger":"tracecheck","msg":"Taking reconcile step","Depth":11,"# Distinct States":453,"Total States":459,"Resource States":73}
{"level":"info","ts":"2026-01-13T16:46:51-08:00","logger":"ServiceReconciler.seed","msg":"added podscalable to informer","resource":"deployments","namespace":"default","name":"kamera-test-deployment","stage":"podscalable-add","keys":["default/kamera-test-deployment"]}
{"level":"info","ts":"2026-01-13T16:46:51-08:00","logger":"ServiceReconciler.seed","msg":"podscalable visible to lister","resource":"deployments","namespace":"default","name":"kamera-test-deployment","stage":"podscalable-lister","object":{"apiVersion":"autoscaling.internal.knative.dev/v1alpha1","kind":"PodScalable","namespace":"default","name":"kamera-test-deployment"}}
{"level":"info","ts":1768351611.441719,"logger":"fallback","caller":"service/service.go:171","msg":"Service reconciler fetching Route from lister: name=demo, namespace=default"}
{"level":"info","ts":1768351611.441746,"logger":"fallback","caller":"service/service.go:174","msg":"Service reconciler got Route from lister: name=demo, Generation=1, ObservedGeneration=1, ResourceVersion="}
{"level":"info","ts":1768351611.441776,"logger":"fallback","caller":"service/service.go:126","msg":"Service reconciler checking Route: name=demo, Generation=1, ObservedGeneration=1, Ready=Unknown (reason=RevisionMissing, message=Configuration \"demo\" is waiting for a Revision to become ready.), generationMatch=true, routeResourceVersion="}
{"level":"info","ts":1768351611.441788,"logger":"fallback","caller":"service/service.go:136","msg":"Service reconciler calling PropagateRouteStatus() because Generation == ObservedGeneration"}
{"level":"info","ts":"2026-01-13T16:46:51-08:00","logger":"ServiceReconciler.reconcile","msg":"reconcile completed","key":"default/demo","reconciler":"knative.dev.serving.pkg.reconciler.service.Reconciler","requeue":false,"requeueAfter":0}
Total time: 23.917253958s
Total node visits: 459
Unique node visits: 453
Unique resource states: 73
Skipped node visits: 6
Skipped paths: 0
Skipped order expansions: 111
Skipped subtrees: 0
Subtree completion skips: 18
Subtree diamond skips: 0
Early convergence: 3
No-op reconciles: 247
Skipped no-op orderings: 8
Cache predicted skips: 17
Aborted paths: 0
Optimization fires:
  orderingPruning branch skips: 111
  orderingPruning no-op skips: 8
  completedPathDedup skips: 0
  cachePrediction skips: 17
  earlyConvergence skips: 3
  subtreeCompletion skips: 18
  subtreeCompletion diamond skips: 0
Reconcile steps: 441
Avg step latency: 53.697894ms
Max step latency: 117.726917ms
Step latency by reconciler:
  Reconciler                Count  Avg          Max          Min         
  RevisionDigestStub        44     1.164796ms   1.886292ms   426.75µs    
  DeploymentController      48     3.530592ms   9.587916ms   929.292µs   
  KPA                       52     107.165668ms 117.726917ms 104.425708ms
  ReplicaSetController      43     2.605878ms   5.299333ms   743.458µs   
  ServerlessServiceReconciler 12     106.71051ms  110.942ms    105.449375ms
  EndpointsController       22     1.333329ms   2.393875ms   494.792µs   
  ConfigurationReconciler   34     100.13687ms  110.125709ms 2.970958ms  
  RouteReconciler           32     103.550682ms 108.490041ms 3.568334ms  
  RevisionReconciler        61     103.224883ms 111.035166ms 4.087917ms  
  PodLifecycleController    23     2.03919ms    4.331708ms   552.75µs    
  ServiceController         15     1.207958ms   1.491125ms   582.083µs   
  IngressStatusStub         16     1.806945ms   2.731959ms   1.136833ms  
  CleanupReconciler         6      4.708729ms   6.454041ms   3.666542ms  
  ServiceReconciler         33     100.859017ms 111.00725ms  2.858167ms  

Visits by depth:
  Depth Range     Visits     Avg Pending    
  0-9             30         5.67           
  10-19           39         6.03           
  20-29           28         9.89           
  30-39           41         7.15           
  40-49           63         5.59           
  50-59           104        7.37           
  60-69           79         8.48           
  70-79           59         7.64           
  80-87           16         4.25           

Max queue depth: 124
Queue depth samples (every 100 visits): [112 70 93 25]
Converged state 0 - hash: pdu8xy8e, total paths: 1, unique paths: 1
wrote results to /Users/tgoodwin/projects/kamera/analysis/nondeterminism-verification/trials-original-config/trial-1/dump.jsonl
interactive inspector disabled; states available: 1 (converged=1, aborted=0)
