{"level":"info","ts":"2026-01-13T16:47:42-08:00","logger":"tracecheck","msg":"starting!"}
{"level":"info","ts":"2026-01-13T16:47:42-08:00","logger":"tracecheck","msg":"Taking reconcile step","Depth":0,"# Distinct States":1,"Total States":1,"Resource States":1}
{"level":"info","ts":1768351662.736176,"logger":"fallback","caller":"service/service.go:171","msg":"Service reconciler fetching Route from lister: name=demo, namespace=default"}
{"level":"info","ts":1768351662.736305,"logger":"fallback","caller":"service/service.go:126","msg":"Service reconciler checking Route: name=demo, Generation=0, ObservedGeneration=0, Ready=Unknown (reason=, message=), generationMatch=true, routeResourceVersion="}
{"level":"info","ts":1768351662.7363122,"logger":"fallback","caller":"service/service.go:136","msg":"Service reconciler calling PropagateRouteStatus() because Generation == ObservedGeneration"}
{"level":"info","ts":"2026-01-13T16:47:42-08:00","logger":"ServiceReconciler.reconcile","msg":"reconcile completed","key":"default/demo","reconciler":"knative.dev.serving.pkg.reconciler.service.Reconciler","requeue":false,"requeueAfter":0}
{"level":"info","ts":"2026-01-13T16:47:42-08:00","logger":"tracecheck","msg":"Taking reconcile step","Depth":1,"# Distinct States":2,"Total States":2,"Resource States":2}
{"level":"info","ts":1768351662.740624,"logger":"fallback","caller":"configuration/configuration.go:308","msg":"Created Revision: &v1.Revision{TypeMeta:v1.TypeMeta{Kind:\"Revision\", APIVersion:\"serving.knative.dev/v1\"}, ObjectMeta:v1.ObjectMeta{Name:\"kamera-test\", GenerateName:\"\", Namespace:\"default\", SelfLink:\"\", UID:\"\", ResourceVersion:\"\", Generation:0, CreationTimestamp:time.Date(1, time.January, 1, 0, 0, 0, 0, time.UTC), DeletionTimestamp:<nil>, DeletionGracePeriodSeconds:(*int64)(nil), Labels:map[string]string{\"discrete.events/sleeve-object-id\":\"37jmqvjn\", \"serving.knative.dev/configuration\":\"demo\", \"serving.knative.dev/configurationGeneration\":\"1\", \"serving.knative.dev/routingState\":\"active\", \"serving.knative.dev/service\":\"demo\"}, Annotations:map[string]string{\"autoscaling.knative.dev/class\":\"kpa.autoscaling.knative.dev\", \"autoscaling.knative.dev/initial-scale\":\"1\", \"autoscaling.knative.dev/min-scale\":\"0\", \"serving.knative.dev/routes\":\"demo\", \"serving.knative.dev/routingStateModified\":\"1970-01-01T00:00:02Z\"}, OwnerReferences:[]v1.OwnerReference{v1.OwnerReference{APIVersion:\"serving.knative.dev/v1\", Kind:\"Configuration\", Name:\"demo\", UID:\"\", Controller:(*bool)(0x14000e96930), BlockOwnerDeletion:(*bool)(0x14000e96931)}}, Finalizers:[]string(nil), ManagedFields:[]v1.ManagedFieldsEntry(nil)}, Spec:v1.RevisionSpec{PodSpec:v1.PodSpec{Volumes:[]v1.Volume(nil), InitContainers:[]v1.Container(nil), Containers:[]v1.Container{v1.Container{Name:\"user-container\", Image:\"dev.local/test\", Command:[]string(nil), Args:[]string(nil), WorkingDir:\"\", Ports:[]v1.ContainerPort(nil), EnvFrom:[]v1.EnvFromSource(nil), Env:[]v1.EnvVar(nil), Resources:v1.ResourceRequirements{Limits:v1.ResourceList{}, Requests:v1.ResourceList{}, Claims:[]v1.ResourceClaim(nil)}, ResizePolicy:[]v1.ContainerResizePolicy(nil), RestartPolicy:(*v1.ContainerRestartPolicy)(nil), VolumeMounts:[]v1.VolumeMount(nil), VolumeDevices:[]v1.VolumeDevice(nil), LivenessProbe:(*v1.Probe)(nil), ReadinessProbe:(*v1.Probe)(0x14000ea4c00), StartupProbe:(*v1.Probe)(nil), Lifecycle:(*v1.Lifecycle)(nil), TerminationMessagePath:\"\", TerminationMessagePolicy:\"\", ImagePullPolicy:\"\", SecurityContext:(*v1.SecurityContext)(nil), Stdin:false, StdinOnce:false, TTY:false}}, EphemeralContainers:[]v1.EphemeralContainer(nil), RestartPolicy:\"\", TerminationGracePeriodSeconds:(*int64)(nil), ActiveDeadlineSeconds:(*int64)(nil), DNSPolicy:\"\", NodeSelector:map[string]string(nil), ServiceAccountName:\"\", DeprecatedServiceAccount:\"\", AutomountServiceAccountToken:(*bool)(nil), NodeName:\"\", HostNetwork:false, HostPID:false, HostIPC:false, ShareProcessNamespace:(*bool)(nil), SecurityContext:(*v1.PodSecurityContext)(nil), ImagePullSecrets:[]v1.LocalObjectReference(nil), Hostname:\"\", Subdomain:\"\", Affinity:(*v1.Affinity)(nil), SchedulerName:\"\", Tolerations:[]v1.Toleration(nil), HostAliases:[]v1.HostAlias(nil), PriorityClassName:\"\", Priority:(*int32)(nil), DNSConfig:(*v1.PodDNSConfig)(nil), ReadinessGates:[]v1.PodReadinessGate(nil), RuntimeClassName:(*string)(nil), EnableServiceLinks:(*bool)(nil), PreemptionPolicy:(*v1.PreemptionPolicy)(nil), Overhead:v1.ResourceList(nil), TopologySpreadConstraints:[]v1.TopologySpreadConstraint(nil), SetHostnameAsFQDN:(*bool)(nil), OS:(*v1.PodOS)(nil), HostUsers:(*bool)(nil), SchedulingGates:[]v1.PodSchedulingGate(nil), ResourceClaims:[]v1.PodResourceClaim(nil), Resources:(*v1.ResourceRequirements)(nil)}, ContainerConcurrency:(*int64)(0x14000e96938), TimeoutSeconds:(*int64)(0x14000e96940), ResponseStartTimeoutSeconds:(*int64)(nil), IdleTimeoutSeconds:(*int64)(nil)}, Status:v1.RevisionStatus{Status:v1.Status{ObservedGeneration:0, Conditions:v1.Conditions(nil), Annotations:map[string]string(nil)}, LogURL:\"\", ContainerStatuses:[]v1.ContainerStatus(nil), InitContainerStatuses:[]v1.ContainerStatus(nil), ActualReplicas:(*int32)(nil), DesiredReplicas:(*int32)(nil)}}"}
{"level":"info","ts":1768351662.740648,"logger":"fallback","caller":"configuration/configuration.go:103","msg":"Revision \"kamera-test\" of configuration is not ready"}
{"level":"info","ts":"2026-01-13T16:47:42-08:00","logger":"ConfigurationReconciler.reconcile","msg":"reconcile completed","key":"default/demo","reconciler":"knative.dev.serving.pkg.reconciler.configuration.Reconciler","requeue":false,"requeueAfter":0}
{"level":"info","ts":"2026-01-13T16:47:42-08:00","logger":"tracecheck","msg":"Taking reconcile step","Depth":2,"# Distinct States":3,"Total States":3,"Resource States":3}
{"level":"info","ts":1768351662.744171,"logger":"fallback","caller":"route/route.go:480","msg":"Marking bad traffic target: Configuration \"demo\" not ready, isFailure=false"}
{"level":"info","ts":"2026-01-13T16:47:42-08:00","logger":"RouteReconciler.reconcile","msg":"reconcile completed","key":"default/demo","reconciler":"knative.dev.serving.pkg.reconciler.route.Reconciler","requeue":false,"requeueAfter":0}
{"level":"info","ts":"2026-01-13T16:47:42-08:00","logger":"tracecheck","msg":"Taking reconcile step","Depth":3,"# Distinct States":4,"Total States":4,"Resource States":4}
{"level":"info","ts":1768351662.747359,"logger":"fallback","caller":"service/service.go:171","msg":"Service reconciler fetching Route from lister: name=demo, namespace=default"}
{"level":"info","ts":1768351662.747367,"logger":"fallback","caller":"service/service.go:174","msg":"Service reconciler got Route from lister: name=demo, Generation=1, ObservedGeneration=1, ResourceVersion="}
{"level":"info","ts":1768351662.7473779,"logger":"fallback","caller":"service/service.go:126","msg":"Service reconciler checking Route: name=demo, Generation=1, ObservedGeneration=1, Ready=Unknown (reason=RevisionMissing, message=Configuration \"demo\" is waiting for a Revision to become ready.), generationMatch=true, routeResourceVersion="}
{"level":"info","ts":1768351662.747382,"logger":"fallback","caller":"service/service.go:136","msg":"Service reconciler calling PropagateRouteStatus() because Generation == ObservedGeneration"}
{"level":"info","ts":"2026-01-13T16:47:42-08:00","logger":"ServiceReconciler.reconcile","msg":"reconcile completed","key":"default/demo","reconciler":"knative.dev.serving.pkg.reconciler.service.Reconciler","requeue":false,"requeueAfter":0}
{"level":"info","ts":"2026-01-13T16:47:42-08:00","logger":"tracecheck","msg":"Taking reconcile step","Depth":4,"# Distinct States":5,"Total States":5,"Resource States":5}
{"level":"info","ts":1768351662.750248,"logger":"fallback","caller":"configuration/configuration.go:103","msg":"Revision \"kamera-test\" of configuration is not ready"}
{"level":"info","ts":"2026-01-13T16:47:42-08:00","logger":"ConfigurationReconciler.reconcile","msg":"reconcile completed","key":"default/demo","reconciler":"knative.dev.serving.pkg.reconciler.configuration.Reconciler","requeue":false,"requeueAfter":0}
{"level":"info","ts":"2026-01-13T16:47:42-08:00","logger":"tracecheck","msg":"Taking reconcile step","Depth":5,"# Distinct States":6,"Total States":6,"Resource States":5}
{"level":"info","ts":"2026-01-13T16:47:42-08:00","logger":"tracecheck","msg":"Taking reconcile step","Depth":6,"# Distinct States":7,"Total States":7,"Resource States":6}
{"level":"error","ts":1768351662.7532952,"logger":"fallback","caller":"revision/controller.go:116","msg":"Failed to create resolver transport","error":"open /var/run/secrets/kubernetes.io/serviceaccount/ca.crt: no such file or directory","stacktrace":"knative.dev/serving/pkg/reconciler/revision.newControllerWithOptions\n\t/Users/tgoodwin/tmp/gomodcache/knative.dev/serving@v0.46.5/pkg/reconciler/revision/controller.go:116\nknative.dev/serving/pkg/reconciler/revision.NewController\n\t/Users/tgoodwin/tmp/gomodcache/knative.dev/serving@v0.46.5/pkg/reconciler/revision/controller.go:64\nmain.configureKnativeExplorer.func1.1\n\t/Users/tgoodwin/projects/kamera/examples/knative-serving/scenario.go:91\ngithub.com/tgoodwin/kamera/examples/knative-serving/knative.NewKnativeStrategy.func1\n\t/Users/tgoodwin/projects/kamera/examples/knative-serving/knative/harness.go:555\ngithub.com/tgoodwin/kamera/examples/knative-serving/knative.(*KnativeStrategy).ReconcileAtState\n\t/Users/tgoodwin/projects/kamera/examples/knative-serving/knative/harness.go:895\ngithub.com/tgoodwin/kamera/pkg/tracecheck.(*ReconcilerContainer).doReconcile\n\t/Users/tgoodwin/projects/kamera/pkg/tracecheck/reconciler.go:164\ngithub.com/tgoodwin/kamera/pkg/tracecheck.(*Explorer).reconcileAtState\n\t/Users/tgoodwin/projects/kamera/pkg/tracecheck/explore.go:1313\ngithub.com/tgoodwin/kamera/pkg/tracecheck.(*Explorer).takeReconcileStep\n\t/Users/tgoodwin/projects/kamera/pkg/tracecheck/explore.go:1228\ngithub.com/tgoodwin/kamera/pkg/tracecheck.(*Explorer).explore\n\t/Users/tgoodwin/projects/kamera/pkg/tracecheck/explore.go:790\ngithub.com/tgoodwin/kamera/pkg/tracecheck.(*Explorer).Explore.func1\n\t/Users/tgoodwin/projects/kamera/pkg/tracecheck/explore.go:330"}
{"level":"info","ts":1768351662.753941,"logger":"fallback","caller":"revision/reconcile_resources.go:59","msg":"Created deployment \"kamera-test-deployment\"","knative.dev/deployment":"kamera-test-deployment"}
{"level":"info","ts":1768351662.754364,"logger":"fallback","caller":"revision/reconcile_resources.go:142","msg":"Created image cache \"kamera-test-cache-user-container\""}
{"level":"info","ts":1768351662.7543821,"logger":"fallback","caller":"revision/reconcile_resources.go:161","msg":"Reconciling PA: kamera-test"}
{"level":"info","ts":1768351662.754634,"logger":"fallback","caller":"revision/reconcile_resources.go:170","msg":"Created PA: kamera-test"}
{"level":"info","ts":"2026-01-13T16:47:42-08:00","logger":"RevisionReconciler.reconcile","msg":"reconcile completed","key":"default/kamera-test","reconciler":"knative.dev.serving.pkg.reconciler.revision.Reconciler","requeue":false,"requeueAfter":0}
{"level":"info","ts":"2026-01-13T16:47:42-08:00","logger":"tracecheck","msg":"Taking reconcile step","Depth":7,"# Distinct States":8,"Total States":8,"Resource States":7}
{"level":"info","ts":"2026-01-13T16:47:42-08:00","logger":"RouteReconciler.seed","msg":"added podscalable to informer","resource":"deployments","namespace":"default","name":"kamera-test-deployment","stage":"podscalable-add","keys":["default/kamera-test-deployment"]}
{"level":"info","ts":"2026-01-13T16:47:42-08:00","logger":"RouteReconciler.seed","msg":"podscalable visible to lister","resource":"deployments","namespace":"default","name":"kamera-test-deployment","stage":"podscalable-lister","object":{"apiVersion":"autoscaling.internal.knative.dev/v1alpha1","kind":"PodScalable","namespace":"default","name":"kamera-test-deployment"}}
{"level":"info","ts":1768351662.861509,"logger":"fallback","caller":"route/route.go:480","msg":"Marking bad traffic target: Configuration \"demo\" not ready, isFailure=false"}
{"level":"info","ts":"2026-01-13T16:47:42-08:00","logger":"RouteReconciler.reconcile","msg":"reconcile completed","key":"default/demo","reconciler":"knative.dev.serving.pkg.reconciler.route.Reconciler","requeue":false,"requeueAfter":0}
{"level":"info","ts":"2026-01-13T16:47:42-08:00","logger":"tracecheck","msg":"Taking reconcile step","Depth":8,"# Distinct States":9,"Total States":9,"Resource States":7}
{"level":"info","ts":"2026-01-13T16:47:42-08:00","logger":"ServiceReconciler.seed","msg":"added podscalable to informer","resource":"deployments","namespace":"default","name":"kamera-test-deployment","stage":"podscalable-add","keys":["default/kamera-test-deployment"]}
{"level":"info","ts":"2026-01-13T16:47:42-08:00","logger":"ServiceReconciler.seed","msg":"podscalable visible to lister","resource":"deployments","namespace":"default","name":"kamera-test-deployment","stage":"podscalable-lister","object":{"apiVersion":"autoscaling.internal.knative.dev/v1alpha1","kind":"PodScalable","namespace":"default","name":"kamera-test-deployment"}}
{"level":"info","ts":1768351662.966809,"logger":"fallback","caller":"service/service.go:171","msg":"Service reconciler fetching Route from lister: name=demo, namespace=default"}
{"level":"info","ts":1768351662.966839,"logger":"fallback","caller":"service/service.go:174","msg":"Service reconciler got Route from lister: name=demo, Generation=1, ObservedGeneration=1, ResourceVersion="}
{"level":"info","ts":1768351662.9668748,"logger":"fallback","caller":"service/service.go:126","msg":"Service reconciler checking Route: name=demo, Generation=1, ObservedGeneration=1, Ready=Unknown (reason=RevisionMissing, message=Configuration \"demo\" is waiting for a Revision to become ready.), generationMatch=true, routeResourceVersion="}
{"level":"info","ts":1768351662.966887,"logger":"fallback","caller":"service/service.go:136","msg":"Service reconciler calling PropagateRouteStatus() because Generation == ObservedGeneration"}
{"level":"info","ts":"2026-01-13T16:47:42-08:00","logger":"ServiceReconciler.reconcile","msg":"reconcile completed","key":"default/demo","reconciler":"knative.dev.serving.pkg.reconciler.service.Reconciler","requeue":false,"requeueAfter":0}
{"level":"info","ts":"2026-01-13T16:47:42-08:00","logger":"tracecheck","msg":"Taking reconcile step","Depth":9,"# Distinct States":10,"Total States":10,"Resource States":7}
{"level":"info","ts":"2026-01-13T16:47:43-08:00","logger":"ConfigurationReconciler.seed","msg":"added podscalable to informer","resource":"deployments","namespace":"default","name":"kamera-test-deployment","stage":"podscalable-add","keys":["default/kamera-test-deployment"]}
{"level":"info","ts":"2026-01-13T16:47:43-08:00","logger":"ConfigurationReconciler.seed","msg":"podscalable visible to lister","resource":"deployments","namespace":"default","name":"kamera-test-deployment","stage":"podscalable-lister","object":{"apiVersion":"autoscaling.internal.knative.dev/v1alpha1","kind":"PodScalable","namespace":"default","name":"kamera-test-deployment"}}
{"level":"info","ts":1768351663.0749052,"logger":"fallback","caller":"configuration/configuration.go:103","msg":"Revision \"kamera-test\" of configuration is not ready"}
{"level":"info","ts":"2026-01-13T16:47:43-08:00","logger":"ConfigurationReconciler.reconcile","msg":"reconcile completed","key":"default/demo","reconciler":"knative.dev.serving.pkg.reconciler.configuration.Reconciler","requeue":false,"requeueAfter":0}
{"level":"info","ts":"2026-01-13T16:47:43-08:00","logger":"tracecheck","msg":"Taking reconcile step","Depth":10,"# Distinct States":11,"Total States":11,"Resource States":7}
{"level":"info","ts":"2026-01-13T16:47:43-08:00","logger":"tracecheck","msg":"Taking reconcile step","Depth":11,"# Distinct States":12,"Total States":12,"Resource States":7}
{"level":"info","ts":"2026-01-13T16:47:43-08:00","logger":"tracecheck","msg":"Updated Deployment status","Depth":11,"# Distinct States":12,"Total States":12,"Resource States":7,"name":"kamera-test-deployment"}
{"level":"info","ts":"2026-01-13T16:47:43-08:00","logger":"tracecheck","msg":"Taking reconcile step","Depth":12,"# Distinct States":13,"Total States":13,"Resource States":8}
{"level":"info","ts":"2026-01-13T16:47:43-08:00","logger":"KPAReconciler.seed","msg":"added podscalable to informer","resource":"deployments","namespace":"default","name":"kamera-test-deployment","stage":"podscalable-add","keys":["default/kamera-test-deployment"]}
{"level":"info","ts":"2026-01-13T16:47:43-08:00","logger":"KPAReconciler.seed","msg":"podscalable visible to lister","resource":"deployments","namespace":"default","name":"kamera-test-deployment","stage":"podscalable-lister","object":{"apiVersion":"autoscaling.internal.knative.dev/v1alpha1","kind":"PodScalable","namespace":"default","name":"kamera-test-deployment"}}
{"level":"info","ts":1768351663.197441,"logger":"fallback","caller":"kpa/controller.go:77","msg":"Setting up ConfigMap receivers"}
{"level":"info","ts":1768351663.1976252,"logger":"fallback","caller":"kpa/controller.go:91","msg":"Setting up KPA-Class event handlers"}
{"level":"info","ts":1768351663.1977432,"logger":"fallback","caller":"autoscaling/reconciler.go:56","msg":"SKS does not exist; creating."}
{"level":"info","ts":1768351663.19808,"logger":"fallback","caller":"autoscaling/reconciler.go:61","msg":"Created SKS"}
{"level":"info","ts":"2026-01-13T16:47:43-08:00","logger":"KPAReconciler.reconcile","msg":"reconcile completed","key":"default/kamera-test","reconciler":"knative.dev.serving.pkg.reconciler.autoscaling.kpa.Reconciler","requeue":false,"requeueAfter":0}
{"level":"info","ts":"2026-01-13T16:47:43-08:00","logger":"tracecheck","msg":"Taking reconcile step","Depth":13,"# Distinct States":14,"Total States":14,"Resource States":9}
{"level":"info","ts":"2026-01-13T16:47:43-08:00","logger":"RevisionReconciler.seed","msg":"added podscalable to informer","resource":"deployments","namespace":"default","name":"kamera-test-deployment","stage":"podscalable-add","keys":["default/kamera-test-deployment"]}
{"level":"info","ts":"2026-01-13T16:47:43-08:00","logger":"RevisionReconciler.seed","msg":"podscalable visible to lister","resource":"deployments","namespace":"default","name":"kamera-test-deployment","stage":"podscalable-lister","object":{"apiVersion":"autoscaling.internal.knative.dev/v1alpha1","kind":"PodScalable","namespace":"default","name":"kamera-test-deployment"}}
{"level":"error","ts":1768351663.31457,"logger":"fallback","caller":"revision/controller.go:116","msg":"Failed to create resolver transport","error":"open /var/run/secrets/kubernetes.io/serviceaccount/ca.crt: no such file or directory","stacktrace":"knative.dev/serving/pkg/reconciler/revision.newControllerWithOptions\n\t/Users/tgoodwin/tmp/gomodcache/knative.dev/serving@v0.46.5/pkg/reconciler/revision/controller.go:116\nknative.dev/serving/pkg/reconciler/revision.NewController\n\t/Users/tgoodwin/tmp/gomodcache/knative.dev/serving@v0.46.5/pkg/reconciler/revision/controller.go:64\nmain.configureKnativeExplorer.func1.1\n\t/Users/tgoodwin/projects/kamera/examples/knative-serving/scenario.go:91\ngithub.com/tgoodwin/kamera/examples/knative-serving/knative.NewKnativeStrategy.func1\n\t/Users/tgoodwin/projects/kamera/examples/knative-serving/knative/harness.go:555\ngithub.com/tgoodwin/kamera/examples/knative-serving/knative.(*KnativeStrategy).ReconcileAtState\n\t/Users/tgoodwin/projects/kamera/examples/knative-serving/knative/harness.go:895\ngithub.com/tgoodwin/kamera/pkg/tracecheck.(*ReconcilerContainer).doReconcile\n\t/Users/tgoodwin/projects/kamera/pkg/tracecheck/reconciler.go:164\ngithub.com/tgoodwin/kamera/pkg/tracecheck.(*Explorer).reconcileAtState\n\t/Users/tgoodwin/projects/kamera/pkg/tracecheck/explore.go:1313\ngithub.com/tgoodwin/kamera/pkg/tracecheck.(*Explorer).takeReconcileStep\n\t/Users/tgoodwin/projects/kamera/pkg/tracecheck/explore.go:1228\ngithub.com/tgoodwin/kamera/pkg/tracecheck.(*Explorer).explore\n\t/Users/tgoodwin/projects/kamera/pkg/tracecheck/explore.go:790\ngithub.com/tgoodwin/kamera/pkg/tracecheck.(*Explorer).Explore.func1\n\t/Users/tgoodwin/projects/kamera/pkg/tracecheck/explore.go:330"}
{"level":"info","ts":1768351663.315404,"logger":"fallback","caller":"revision/reconcile_resources.go:161","msg":"Reconciling PA: kamera-test"}
{"level":"info","ts":"2026-01-13T16:47:43-08:00","logger":"RevisionReconciler.reconcile","msg":"reconcile completed","key":"default/kamera-test","reconciler":"knative.dev.serving.pkg.reconciler.revision.Reconciler","requeue":false,"requeueAfter":0}
{"level":"info","ts":"2026-01-13T16:47:43-08:00","logger":"tracecheck","msg":"Taking reconcile step","Depth":14,"# Distinct States":15,"Total States":15,"Resource States":10}
{"level":"info","ts":"2026-01-13T16:47:43-08:00","logger":"tracecheck","msg":"Taking reconcile step","Depth":15,"# Distinct States":16,"Total States":16,"Resource States":10}
{"level":"info","ts":"2026-01-13T16:47:43-08:00","logger":"tracecheck","msg":"Creating pods","Depth":15,"# Distinct States":16,"Total States":16,"Resource States":10,"count":1}
{"level":"info","ts":"2026-01-13T16:47:43-08:00","logger":"tracecheck","msg":"Updated ReplicaSet status","Depth":15,"# Distinct States":16,"Total States":16,"Resource States":10,"name":"kamera-test-deployment-1488584584"}
{"level":"info","ts":"2026-01-13T16:47:43-08:00","logger":"tracecheck","msg":"Taking reconcile step","Depth":16,"# Distinct States":17,"Total States":17,"Resource States":11}
{"level":"info","ts":"2026-01-13T16:47:43-08:00","logger":"tracecheck","msg":"Taking reconcile step","Depth":17,"# Distinct States":18,"Total States":18,"Resource States":11}
{"level":"info","ts":"2026-01-13T16:47:43-08:00","logger":"KPAReconciler.seed","msg":"added podscalable to informer","resource":"deployments","namespace":"default","name":"kamera-test-deployment","stage":"podscalable-add","keys":["default/kamera-test-deployment"]}
{"level":"info","ts":"2026-01-13T16:47:43-08:00","logger":"KPAReconciler.seed","msg":"podscalable visible to lister","resource":"deployments","namespace":"default","name":"kamera-test-deployment","stage":"podscalable-lister","object":{"apiVersion":"autoscaling.internal.knative.dev/v1alpha1","kind":"PodScalable","namespace":"default","name":"kamera-test-deployment"}}
{"level":"info","ts":1768351663.4373682,"logger":"fallback","caller":"kpa/controller.go:77","msg":"Setting up ConfigMap receivers"}
{"level":"info","ts":1768351663.437511,"logger":"fallback","caller":"kpa/controller.go:91","msg":"Setting up KPA-Class event handlers"}
{"level":"info","ts":"2026-01-13T16:47:43-08:00","logger":"KPAReconciler.reconcile","msg":"reconcile completed","key":"default/kamera-test","reconciler":"knative.dev.serving.pkg.reconciler.autoscaling.kpa.Reconciler","requeue":false,"requeueAfter":0}
{"level":"info","ts":"2026-01-13T16:47:43-08:00","logger":"tracecheck","msg":"Taking reconcile step","Depth":18,"# Distinct States":19,"Total States":19,"Resource States":11}
{"level":"info","ts":"2026-01-13T16:47:43-08:00","logger":"ServerlessServiceReconciler.seed","msg":"added podscalable to informer","resource":"deployments","namespace":"default","name":"kamera-test-deployment","stage":"podscalable-add","keys":["default/kamera-test-deployment"]}
{"level":"info","ts":"2026-01-13T16:47:43-08:00","logger":"ServerlessServiceReconciler.seed","msg":"podscalable visible to lister","resource":"deployments","namespace":"default","name":"kamera-test-deployment","stage":"podscalable-lister","object":{"apiVersion":"autoscaling.internal.knative.dev/v1alpha1","kind":"PodScalable","namespace":"default","name":"kamera-test-deployment"}}
{"level":"info","ts":1768351663.548773,"logger":"fallback","caller":"serverlessservice/controller.go:90","msg":"Doing a global resync due to activator endpoint changes"}
{"level":"info","ts":1768351663.54881,"logger":"fallback","caller":"serverlessservice/serverlessservice.go:316","msg":"SKS has no private service; creating."}
{"level":"info","ts":1768351663.549439,"logger":"fallback","caller":"serverlessservice/serverlessservice.go:323","msg":"Created private K8s service: kamera-test-private"}
{"level":"info","ts":1768351663.5494678,"logger":"fallback","caller":"serverlessservice/serverlessservice.go:97","msg":"K8s public service does not exist; creating."}
{"level":"info","ts":1768351663.549661,"logger":"fallback","caller":"serverlessservice/serverlessservice.go:105","msg":"Created public K8s service: kamera-test"}
{"level":"error","ts":1768351663.549911,"logger":"fallback","caller":"serverlessservice/reconciler.go:303","msg":"Returned an error","targetMethod":"ReconcileKind","error":"failed to get private K8s Service endpoints: endpoints \"kamera-test-private\" not found","stacktrace":"knative.dev/networking/pkg/client/injection/reconciler/networking/v1alpha1/serverlessservice.(*reconcilerImpl).Reconcile\n\t/Users/tgoodwin/tmp/gomodcache/knative.dev/networking@v0.0.0-20250909015233-e3b68fc57bea/pkg/client/injection/reconciler/networking/v1alpha1/serverlessservice/reconciler.go:303\ngithub.com/tgoodwin/kamera/examples/knative-serving/knative.(*KnativeStrategy).ReconcileAtState\n\t/Users/tgoodwin/projects/kamera/examples/knative-serving/knative/harness.go:905\ngithub.com/tgoodwin/kamera/pkg/tracecheck.(*ReconcilerContainer).doReconcile\n\t/Users/tgoodwin/projects/kamera/pkg/tracecheck/reconciler.go:164\ngithub.com/tgoodwin/kamera/pkg/tracecheck.(*Explorer).reconcileAtState\n\t/Users/tgoodwin/projects/kamera/pkg/tracecheck/explore.go:1313\ngithub.com/tgoodwin/kamera/pkg/tracecheck.(*Explorer).takeReconcileStep\n\t/Users/tgoodwin/projects/kamera/pkg/tracecheck/explore.go:1228\ngithub.com/tgoodwin/kamera/pkg/tracecheck.(*Explorer).explore\n\t/Users/tgoodwin/projects/kamera/pkg/tracecheck/explore.go:790\ngithub.com/tgoodwin/kamera/pkg/tracecheck.(*Explorer).Explore.func1\n\t/Users/tgoodwin/projects/kamera/pkg/tracecheck/explore.go:330"}
{"level":"info","ts":"2026-01-13T16:47:43-08:00","logger":"ServerlessServiceReconciler.reconcile","msg":"transient not found; requeueing","key":"default/kamera-test","reconciler":"knative.dev.serving.pkg.reconciler.serverlessservice.reconciler","error":"failed to get private K8s Service endpoints: endpoints \"kamera-test-private\" not found"}
{"level":"info","ts":"2026-01-13T16:47:43-08:00","logger":"tracecheck","msg":"Taking reconcile step","Depth":19,"# Distinct States":20,"Total States":20,"Resource States":12}
{"level":"info","ts":"2026-01-13T16:47:43-08:00","logger":"ConfigurationReconciler.seed","msg":"added podscalable to informer","resource":"deployments","namespace":"default","name":"kamera-test-deployment","stage":"podscalable-add","keys":["default/kamera-test-deployment"]}
{"level":"info","ts":"2026-01-13T16:47:43-08:00","logger":"ConfigurationReconciler.seed","msg":"podscalable visible to lister","resource":"deployments","namespace":"default","name":"kamera-test-deployment","stage":"podscalable-lister","object":{"apiVersion":"autoscaling.internal.knative.dev/v1alpha1","kind":"PodScalable","namespace":"default","name":"kamera-test-deployment"}}
{"level":"info","ts":1768351663.6694531,"logger":"fallback","caller":"configuration/configuration.go:103","msg":"Revision \"kamera-test\" of configuration is not ready"}
{"level":"info","ts":"2026-01-13T16:47:43-08:00","logger":"ConfigurationReconciler.reconcile","msg":"reconcile completed","key":"default/demo","reconciler":"knative.dev.serving.pkg.reconciler.configuration.Reconciler","requeue":false,"requeueAfter":0}
{"level":"info","ts":"2026-01-13T16:47:43-08:00","logger":"tracecheck","msg":"Taking reconcile step","Depth":20,"# Distinct States":21,"Total States":21,"Resource States":12}
{"level":"info","ts":"2026-01-13T16:47:43-08:00","logger":"RevisionReconciler.seed","msg":"added podscalable to informer","resource":"deployments","namespace":"default","name":"kamera-test-deployment","stage":"podscalable-add","keys":["default/kamera-test-deployment"]}
{"level":"info","ts":"2026-01-13T16:47:43-08:00","logger":"RevisionReconciler.seed","msg":"podscalable visible to lister","resource":"deployments","namespace":"default","name":"kamera-test-deployment","stage":"podscalable-lister","object":{"apiVersion":"autoscaling.internal.knative.dev/v1alpha1","kind":"PodScalable","namespace":"default","name":"kamera-test-deployment"}}
{"level":"error","ts":1768351663.779495,"logger":"fallback","caller":"revision/controller.go:116","msg":"Failed to create resolver transport","error":"open /var/run/secrets/kubernetes.io/serviceaccount/ca.crt: no such file or directory","stacktrace":"knative.dev/serving/pkg/reconciler/revision.newControllerWithOptions\n\t/Users/tgoodwin/tmp/gomodcache/knative.dev/serving@v0.46.5/pkg/reconciler/revision/controller.go:116\nknative.dev/serving/pkg/reconciler/revision.NewController\n\t/Users/tgoodwin/tmp/gomodcache/knative.dev/serving@v0.46.5/pkg/reconciler/revision/controller.go:64\nmain.configureKnativeExplorer.func1.1\n\t/Users/tgoodwin/projects/kamera/examples/knative-serving/scenario.go:91\ngithub.com/tgoodwin/kamera/examples/knative-serving/knative.NewKnativeStrategy.func1\n\t/Users/tgoodwin/projects/kamera/examples/knative-serving/knative/harness.go:555\ngithub.com/tgoodwin/kamera/examples/knative-serving/knative.(*KnativeStrategy).ReconcileAtState\n\t/Users/tgoodwin/projects/kamera/examples/knative-serving/knative/harness.go:895\ngithub.com/tgoodwin/kamera/pkg/tracecheck.(*ReconcilerContainer).doReconcile\n\t/Users/tgoodwin/projects/kamera/pkg/tracecheck/reconciler.go:164\ngithub.com/tgoodwin/kamera/pkg/tracecheck.(*Explorer).reconcileAtState\n\t/Users/tgoodwin/projects/kamera/pkg/tracecheck/explore.go:1313\ngithub.com/tgoodwin/kamera/pkg/tracecheck.(*Explorer).takeReconcileStep\n\t/Users/tgoodwin/projects/kamera/pkg/tracecheck/explore.go:1228\ngithub.com/tgoodwin/kamera/pkg/tracecheck.(*Explorer).explore\n\t/Users/tgoodwin/projects/kamera/pkg/tracecheck/explore.go:790\ngithub.com/tgoodwin/kamera/pkg/tracecheck.(*Explorer).Explore.func1\n\t/Users/tgoodwin/projects/kamera/pkg/tracecheck/explore.go:330"}
{"level":"info","ts":1768351663.7801821,"logger":"fallback","caller":"revision/reconcile_resources.go:161","msg":"Reconciling PA: kamera-test"}
{"level":"info","ts":"2026-01-13T16:47:43-08:00","logger":"RevisionReconciler.reconcile","msg":"reconcile completed","key":"default/kamera-test","reconciler":"knative.dev.serving.pkg.reconciler.revision.Reconciler","requeue":false,"requeueAfter":0}
{"level":"info","ts":"2026-01-13T16:47:43-08:00","logger":"tracecheck","msg":"Taking reconcile step","Depth":21,"# Distinct States":22,"Total States":22,"Resource States":12}
{"level":"info","ts":"2026-01-13T16:47:43-08:00","logger":"tracecheck","msg":"Taking reconcile step","Depth":22,"# Distinct States":23,"Total States":23,"Resource States":12}
{"level":"info","ts":"2026-01-13T16:47:43-08:00","logger":"tracecheck","msg":"updated pod status","Depth":22,"# Distinct States":23,"Total States":23,"Resource States":12,"phase":"Pending","pod":{"name":"kamera-test-deployment-1488584584-0","namespace":"default"}}
{"level":"info","ts":"2026-01-13T16:47:43-08:00","logger":"tracecheck","msg":"Taking reconcile step","Depth":23,"# Distinct States":24,"Total States":24,"Resource States":13}
{"level":"info","ts":"2026-01-13T16:47:43-08:00","logger":"tracecheck","msg":"Updated ReplicaSet status","Depth":23,"# Distinct States":24,"Total States":24,"Resource States":13,"name":"kamera-test-deployment-1488584584"}
{"level":"info","ts":"2026-01-13T16:47:43-08:00","logger":"tracecheck","msg":"Taking reconcile step","Depth":24,"# Distinct States":25,"Total States":25,"Resource States":14}
{"level":"info","ts":"2026-01-13T16:47:43-08:00","logger":"tracecheck","msg":"Taking reconcile step","Depth":25,"# Distinct States":26,"Total States":26,"Resource States":14}
{"level":"info","ts":"2026-01-13T16:47:43-08:00","logger":"tracecheck","msg":"Taking reconcile step","Depth":26,"# Distinct States":27,"Total States":27,"Resource States":15}
{"level":"info","ts":"2026-01-13T16:47:43-08:00","logger":"KPAReconciler.seed","msg":"added podscalable to informer","resource":"deployments","namespace":"default","name":"kamera-test-deployment","stage":"podscalable-add","keys":["default/kamera-test-deployment"]}
{"level":"info","ts":"2026-01-13T16:47:43-08:00","logger":"KPAReconciler.seed","msg":"podscalable visible to lister","resource":"deployments","namespace":"default","name":"kamera-test-deployment","stage":"podscalable-lister","object":{"apiVersion":"autoscaling.internal.knative.dev/v1alpha1","kind":"PodScalable","namespace":"default","name":"kamera-test-deployment"}}
{"level":"info","ts":1768351663.906658,"logger":"fallback","caller":"kpa/controller.go:77","msg":"Setting up ConfigMap receivers"}
{"level":"info","ts":1768351663.906826,"logger":"fallback","caller":"kpa/controller.go:91","msg":"Setting up KPA-Class event handlers"}
{"level":"info","ts":1768351663.907218,"logger":"fallback","caller":"kpa/kpa.go:158","msg":"SKS should be in Proxy mode: want = -1, ebc = 0, #act's = 2 PA Inactive? = false"}
{"level":"info","ts":1768351663.907249,"logger":"fallback","caller":"kpa/kpa.go:178","msg":"PA scale got=0, want=-1, desiredPods=0 ebc=0"}
{"level":"info","ts":1768351663.90726,"logger":"fallback","caller":"kpa/kpa.go:188","msg":"Observed pod counts=kpa.podCounts{want:-1, ready:0, notReady:1, pending:1, terminating:0}"}
{"level":"info","ts":"2026-01-13T16:47:43-08:00","logger":"KPAReconciler.reconcile","msg":"reconcile completed","key":"default/kamera-test","reconciler":"knative.dev.serving.pkg.reconciler.autoscaling.kpa.Reconciler","requeue":false,"requeueAfter":0}
{"level":"info","ts":"2026-01-13T16:47:43-08:00","logger":"tracecheck","msg":"Taking reconcile step","Depth":27,"# Distinct States":28,"Total States":28,"Resource States":16}
{"level":"info","ts":"2026-01-13T16:47:44-08:00","logger":"ServerlessServiceReconciler.seed","msg":"added podscalable to informer","resource":"deployments","namespace":"default","name":"kamera-test-deployment","stage":"podscalable-add","keys":["default/kamera-test-deployment"]}
{"level":"info","ts":"2026-01-13T16:47:44-08:00","logger":"ServerlessServiceReconciler.seed","msg":"podscalable visible to lister","resource":"deployments","namespace":"default","name":"kamera-test-deployment","stage":"podscalable-lister","object":{"apiVersion":"autoscaling.internal.knative.dev/v1alpha1","kind":"PodScalable","namespace":"default","name":"kamera-test-deployment"}}
{"level":"info","ts":1768351664.021137,"logger":"fallback","caller":"serverlessservice/controller.go:90","msg":"Doing a global resync due to activator endpoint changes"}
{"level":"info","ts":1768351664.02116,"logger":"fallback","caller":"serverlessservice/serverlessservice.go:217","msg":"SKS is in Proxy mode; has 0 endpoints in kamera-test-private; 1 activator endpoints"}
{"level":"info","ts":1768351664.0211809,"logger":"fallback","caller":"serverlessservice/serverlessservice.go:245","msg":"Forcing SKS into Proxy mode, insufficient ready endpoints."}
{"level":"info","ts":1768351664.021194,"logger":"fallback","caller":"serverlessservice/serverlessservice.go:265","msg":"Public endpoints object does not exist; creating."}
{"level":"info","ts":1768351664.021442,"logger":"fallback","caller":"serverlessservice/serverlessservice.go:270","msg":"Created K8s Endpoints: kamera-test"}
{"level":"info","ts":1768351664.0214589,"logger":"fallback","caller":"serverlessservice/serverlessservice.go:290","msg":"No ready endpoints backing revision"}
{"level":"info","ts":"2026-01-13T16:47:44-08:00","logger":"ServerlessServiceReconciler.reconcile","msg":"reconcile completed","key":"default/kamera-test","reconciler":"knative.dev.serving.pkg.reconciler.serverlessservice.reconciler","requeue":false,"requeueAfter":0}
{"level":"info","ts":"2026-01-13T16:47:44-08:00","logger":"tracecheck","msg":"Taking reconcile step","Depth":28,"# Distinct States":29,"Total States":29,"Resource States":17}
{"level":"info","ts":"2026-01-13T16:47:44-08:00","logger":"tracecheck","msg":"Taking reconcile step","Depth":29,"# Distinct States":30,"Total States":30,"Resource States":17}
{"level":"info","ts":"2026-01-13T16:47:44-08:00","logger":"tracecheck","msg":"Taking reconcile step","Depth":30,"# Distinct States":31,"Total States":31,"Resource States":17}
{"level":"info","ts":"2026-01-13T16:47:44-08:00","logger":"tracecheck","msg":"updated pod status","Depth":30,"# Distinct States":31,"Total States":31,"Resource States":17,"phase":"Running","pod":{"name":"kamera-test-deployment-1488584584-0","namespace":"default"}}
{"level":"info","ts":"2026-01-13T16:47:44-08:00","logger":"tracecheck","msg":"Taking reconcile step","Depth":31,"# Distinct States":32,"Total States":32,"Resource States":18}
{"level":"info","ts":"2026-01-13T16:47:44-08:00","logger":"tracecheck","msg":"Updated Deployment status","Depth":31,"# Distinct States":32,"Total States":32,"Resource States":18,"name":"kamera-test-deployment"}
{"level":"info","ts":"2026-01-13T16:47:44-08:00","logger":"tracecheck","msg":"Taking reconcile step","Depth":32,"# Distinct States":33,"Total States":33,"Resource States":19}
{"level":"info","ts":"2026-01-13T16:47:44-08:00","logger":"tracecheck","msg":"Taking reconcile step","Depth":33,"# Distinct States":34,"Total States":34,"Resource States":19}
{"level":"info","ts":"2026-01-13T16:47:44-08:00","logger":"tracecheck","msg":"Taking reconcile step","Depth":34,"# Distinct States":35,"Total States":35,"Resource States":19}
{"level":"info","ts":"2026-01-13T16:47:44-08:00","logger":"KPAReconciler.seed","msg":"added podscalable to informer","resource":"deployments","namespace":"default","name":"kamera-test-deployment","stage":"podscalable-add","keys":["default/kamera-test-deployment"]}
{"level":"info","ts":"2026-01-13T16:47:44-08:00","logger":"KPAReconciler.seed","msg":"podscalable visible to lister","resource":"deployments","namespace":"default","name":"kamera-test-deployment","stage":"podscalable-lister","object":{"apiVersion":"autoscaling.internal.knative.dev/v1alpha1","kind":"PodScalable","namespace":"default","name":"kamera-test-deployment"}}
{"level":"info","ts":1768351664.152467,"logger":"fallback","caller":"kpa/controller.go:77","msg":"Setting up ConfigMap receivers"}
{"level":"info","ts":1768351664.152611,"logger":"fallback","caller":"kpa/controller.go:91","msg":"Setting up KPA-Class event handlers"}
{"level":"info","ts":1768351664.1527512,"logger":"fallback","caller":"kpa/kpa.go:158","msg":"SKS should be in Proxy mode: want = -1, ebc = 0, #act's = 2 PA Inactive? = false"}
{"level":"info","ts":1768351664.1527839,"logger":"fallback","caller":"kpa/kpa.go:178","msg":"PA scale got=0, want=-1, desiredPods=0 ebc=0"}
{"level":"info","ts":1768351664.152797,"logger":"fallback","caller":"kpa/kpa.go:188","msg":"Observed pod counts=kpa.podCounts{want:-1, ready:0, notReady:1, pending:0, terminating:0}"}
{"level":"info","ts":"2026-01-13T16:47:44-08:00","logger":"KPAReconciler.reconcile","msg":"reconcile completed","key":"default/kamera-test","reconciler":"knative.dev.serving.pkg.reconciler.autoscaling.kpa.Reconciler","requeue":false,"requeueAfter":0}
{"level":"info","ts":"2026-01-13T16:47:44-08:00","logger":"tracecheck","msg":"Taking reconcile step","Depth":35,"# Distinct States":36,"Total States":36,"Resource States":19}
{"level":"info","ts":"2026-01-13T16:47:44-08:00","logger":"tracecheck","msg":"Taking reconcile step","Depth":36,"# Distinct States":37,"Total States":37,"Resource States":19}
{"level":"info","ts":"2026-01-13T16:47:44-08:00","logger":"RevisionReconciler.seed","msg":"added podscalable to informer","resource":"deployments","namespace":"default","name":"kamera-test-deployment","stage":"podscalable-add","keys":["default/kamera-test-deployment"]}
{"level":"info","ts":"2026-01-13T16:47:44-08:00","logger":"RevisionReconciler.seed","msg":"podscalable visible to lister","resource":"deployments","namespace":"default","name":"kamera-test-deployment","stage":"podscalable-lister","object":{"apiVersion":"autoscaling.internal.knative.dev/v1alpha1","kind":"PodScalable","namespace":"default","name":"kamera-test-deployment"}}
{"level":"error","ts":1768351664.262982,"logger":"fallback","caller":"revision/controller.go:116","msg":"Failed to create resolver transport","error":"open /var/run/secrets/kubernetes.io/serviceaccount/ca.crt: no such file or directory","stacktrace":"knative.dev/serving/pkg/reconciler/revision.newControllerWithOptions\n\t/Users/tgoodwin/tmp/gomodcache/knative.dev/serving@v0.46.5/pkg/reconciler/revision/controller.go:116\nknative.dev/serving/pkg/reconciler/revision.NewController\n\t/Users/tgoodwin/tmp/gomodcache/knative.dev/serving@v0.46.5/pkg/reconciler/revision/controller.go:64\nmain.configureKnativeExplorer.func1.1\n\t/Users/tgoodwin/projects/kamera/examples/knative-serving/scenario.go:91\ngithub.com/tgoodwin/kamera/examples/knative-serving/knative.NewKnativeStrategy.func1\n\t/Users/tgoodwin/projects/kamera/examples/knative-serving/knative/harness.go:555\ngithub.com/tgoodwin/kamera/examples/knative-serving/knative.(*KnativeStrategy).ReconcileAtState\n\t/Users/tgoodwin/projects/kamera/examples/knative-serving/knative/harness.go:895\ngithub.com/tgoodwin/kamera/pkg/tracecheck.(*ReconcilerContainer).doReconcile\n\t/Users/tgoodwin/projects/kamera/pkg/tracecheck/reconciler.go:164\ngithub.com/tgoodwin/kamera/pkg/tracecheck.(*Explorer).reconcileAtState\n\t/Users/tgoodwin/projects/kamera/pkg/tracecheck/explore.go:1313\ngithub.com/tgoodwin/kamera/pkg/tracecheck.(*Explorer).takeReconcileStep\n\t/Users/tgoodwin/projects/kamera/pkg/tracecheck/explore.go:1228\ngithub.com/tgoodwin/kamera/pkg/tracecheck.(*Explorer).explore\n\t/Users/tgoodwin/projects/kamera/pkg/tracecheck/explore.go:790\ngithub.com/tgoodwin/kamera/pkg/tracecheck.(*Explorer).Explore.func1\n\t/Users/tgoodwin/projects/kamera/pkg/tracecheck/explore.go:330"}
{"level":"info","ts":1768351664.2678668,"logger":"fallback","caller":"revision/reconcile_resources.go:161","msg":"Reconciling PA: kamera-test"}
{"level":"info","ts":"2026-01-13T16:47:44-08:00","logger":"RevisionReconciler.reconcile","msg":"reconcile completed","key":"default/kamera-test","reconciler":"knative.dev.serving.pkg.reconciler.revision.Reconciler","requeue":false,"requeueAfter":0}
{"level":"info","ts":"2026-01-13T16:47:44-08:00","logger":"tracecheck","msg":"Taking reconcile step","Depth":37,"# Distinct States":38,"Total States":38,"Resource States":20}
{"level":"info","ts":"2026-01-13T16:47:44-08:00","logger":"ServerlessServiceReconciler.seed","msg":"added podscalable to informer","resource":"deployments","namespace":"default","name":"kamera-test-deployment","stage":"podscalable-add","keys":["default/kamera-test-deployment"]}
{"level":"info","ts":"2026-01-13T16:47:44-08:00","logger":"ServerlessServiceReconciler.seed","msg":"podscalable visible to lister","resource":"deployments","namespace":"default","name":"kamera-test-deployment","stage":"podscalable-lister","object":{"apiVersion":"autoscaling.internal.knative.dev/v1alpha1","kind":"PodScalable","namespace":"default","name":"kamera-test-deployment"}}
{"level":"info","ts":1768351664.377106,"logger":"fallback","caller":"serverlessservice/controller.go:90","msg":"Doing a global resync due to activator endpoint changes"}
{"level":"info","ts":1768351664.377111,"logger":"fallback","caller":"serverlessservice/serverlessservice.go:217","msg":"SKS is in Proxy mode; has 0 endpoints in kamera-test-private; 1 activator endpoints"}
{"level":"info","ts":1768351664.37715,"logger":"fallback","caller":"serverlessservice/serverlessservice.go:245","msg":"Forcing SKS into Proxy mode, insufficient ready endpoints."}
{"level":"info","ts":1768351664.377161,"logger":"fallback","caller":"serverlessservice/serverlessservice.go:290","msg":"No ready endpoints backing revision"}
{"level":"info","ts":"2026-01-13T16:47:44-08:00","logger":"ServerlessServiceReconciler.reconcile","msg":"reconcile completed","key":"default/kamera-test","reconciler":"knative.dev.serving.pkg.reconciler.serverlessservice.reconciler","requeue":false,"requeueAfter":0}
{"level":"info","ts":"2026-01-13T16:47:44-08:00","logger":"tracecheck","msg":"Taking reconcile step","Depth":38,"# Distinct States":39,"Total States":39,"Resource States":20}
{"level":"info","ts":"2026-01-13T16:47:44-08:00","logger":"tracecheck","msg":"updated pod status","Depth":38,"# Distinct States":39,"Total States":39,"Resource States":20,"phase":"Running","pod":{"name":"kamera-test-deployment-1488584584-0","namespace":"default"}}
{"level":"info","ts":"2026-01-13T16:47:44-08:00","logger":"tracecheck","msg":"Taking reconcile step","Depth":39,"# Distinct States":40,"Total States":40,"Resource States":21}
{"level":"info","ts":"2026-01-13T16:47:44-08:00","logger":"tracecheck","msg":"Taking reconcile step","Depth":40,"# Distinct States":41,"Total States":41,"Resource States":21}
{"level":"info","ts":"2026-01-13T16:47:44-08:00","logger":"KPAReconciler.seed","msg":"added podscalable to informer","resource":"deployments","namespace":"default","name":"kamera-test-deployment","stage":"podscalable-add","keys":["default/kamera-test-deployment"]}
{"level":"info","ts":"2026-01-13T16:47:44-08:00","logger":"KPAReconciler.seed","msg":"podscalable visible to lister","resource":"deployments","namespace":"default","name":"kamera-test-deployment","stage":"podscalable-lister","object":{"apiVersion":"autoscaling.internal.knative.dev/v1alpha1","kind":"PodScalable","namespace":"default","name":"kamera-test-deployment"}}
{"level":"info","ts":1768351664.493033,"logger":"fallback","caller":"kpa/controller.go:77","msg":"Setting up ConfigMap receivers"}
{"level":"info","ts":1768351664.49328,"logger":"fallback","caller":"kpa/controller.go:91","msg":"Setting up KPA-Class event handlers"}
{"level":"info","ts":1768351664.493503,"logger":"fallback","caller":"kpa/kpa.go:158","msg":"SKS should be in Proxy mode: want = -1, ebc = 0, #act's = 2 PA Inactive? = false"}
{"level":"info","ts":1768351664.493547,"logger":"fallback","caller":"kpa/kpa.go:178","msg":"PA scale got=1, want=-1, desiredPods=0 ebc=0"}
{"level":"info","ts":1768351664.4935648,"logger":"fallback","caller":"kpa/kpa.go:188","msg":"Observed pod counts=kpa.podCounts{want:-1, ready:1, notReady:0, pending:0, terminating:0}"}
{"level":"info","ts":"2026-01-13T16:47:44-08:00","logger":"KPAReconciler.reconcile","msg":"reconcile completed","key":"default/kamera-test","reconciler":"knative.dev.serving.pkg.reconciler.autoscaling.kpa.Reconciler","requeue":false,"requeueAfter":0}
{"level":"info","ts":"2026-01-13T16:47:44-08:00","logger":"tracecheck","msg":"Taking reconcile step","Depth":41,"# Distinct States":42,"Total States":42,"Resource States":22}
{"level":"info","ts":"2026-01-13T16:47:44-08:00","logger":"ConfigurationReconciler.seed","msg":"added podscalable to informer","resource":"deployments","namespace":"default","name":"kamera-test-deployment","stage":"podscalable-add","keys":["default/kamera-test-deployment"]}
{"level":"info","ts":"2026-01-13T16:47:44-08:00","logger":"ConfigurationReconciler.seed","msg":"podscalable visible to lister","resource":"deployments","namespace":"default","name":"kamera-test-deployment","stage":"podscalable-lister","object":{"apiVersion":"autoscaling.internal.knative.dev/v1alpha1","kind":"PodScalable","namespace":"default","name":"kamera-test-deployment"}}
{"level":"info","ts":1768351664.6050858,"logger":"fallback","caller":"configuration/configuration.go:103","msg":"Revision \"kamera-test\" of configuration is not ready"}
{"level":"info","ts":"2026-01-13T16:47:44-08:00","logger":"ConfigurationReconciler.reconcile","msg":"reconcile completed","key":"default/demo","reconciler":"knative.dev.serving.pkg.reconciler.configuration.Reconciler","requeue":false,"requeueAfter":0}
{"level":"info","ts":"2026-01-13T16:47:44-08:00","logger":"tracecheck","msg":"Taking reconcile step","Depth":42,"# Distinct States":43,"Total States":43,"Resource States":22}
{"level":"info","ts":"2026-01-13T16:47:44-08:00","logger":"tracecheck","msg":"Taking reconcile step","Depth":43,"# Distinct States":44,"Total States":44,"Resource States":22}
{"level":"info","ts":"2026-01-13T16:47:44-08:00","logger":"RevisionReconciler.seed","msg":"added podscalable to informer","resource":"deployments","namespace":"default","name":"kamera-test-deployment","stage":"podscalable-add","keys":["default/kamera-test-deployment"]}
{"level":"info","ts":"2026-01-13T16:47:44-08:00","logger":"RevisionReconciler.seed","msg":"podscalable visible to lister","resource":"deployments","namespace":"default","name":"kamera-test-deployment","stage":"podscalable-lister","object":{"apiVersion":"autoscaling.internal.knative.dev/v1alpha1","kind":"PodScalable","namespace":"default","name":"kamera-test-deployment"}}
{"level":"error","ts":1768351664.7106109,"logger":"fallback","caller":"revision/controller.go:116","msg":"Failed to create resolver transport","error":"open /var/run/secrets/kubernetes.io/serviceaccount/ca.crt: no such file or directory","stacktrace":"knative.dev/serving/pkg/reconciler/revision.newControllerWithOptions\n\t/Users/tgoodwin/tmp/gomodcache/knative.dev/serving@v0.46.5/pkg/reconciler/revision/controller.go:116\nknative.dev/serving/pkg/reconciler/revision.NewController\n\t/Users/tgoodwin/tmp/gomodcache/knative.dev/serving@v0.46.5/pkg/reconciler/revision/controller.go:64\nmain.configureKnativeExplorer.func1.1\n\t/Users/tgoodwin/projects/kamera/examples/knative-serving/scenario.go:91\ngithub.com/tgoodwin/kamera/examples/knative-serving/knative.NewKnativeStrategy.func1\n\t/Users/tgoodwin/projects/kamera/examples/knative-serving/knative/harness.go:555\ngithub.com/tgoodwin/kamera/examples/knative-serving/knative.(*KnativeStrategy).ReconcileAtState\n\t/Users/tgoodwin/projects/kamera/examples/knative-serving/knative/harness.go:895\ngithub.com/tgoodwin/kamera/pkg/tracecheck.(*ReconcilerContainer).doReconcile\n\t/Users/tgoodwin/projects/kamera/pkg/tracecheck/reconciler.go:164\ngithub.com/tgoodwin/kamera/pkg/tracecheck.(*Explorer).reconcileAtState\n\t/Users/tgoodwin/projects/kamera/pkg/tracecheck/explore.go:1313\ngithub.com/tgoodwin/kamera/pkg/tracecheck.(*Explorer).takeReconcileStep\n\t/Users/tgoodwin/projects/kamera/pkg/tracecheck/explore.go:1228\ngithub.com/tgoodwin/kamera/pkg/tracecheck.(*Explorer).explore\n\t/Users/tgoodwin/projects/kamera/pkg/tracecheck/explore.go:790\ngithub.com/tgoodwin/kamera/pkg/tracecheck.(*Explorer).Explore.func1\n\t/Users/tgoodwin/projects/kamera/pkg/tracecheck/explore.go:330"}
{"level":"info","ts":1768351664.710895,"logger":"fallback","caller":"revision/reconcile_resources.go:161","msg":"Reconciling PA: kamera-test"}
{"level":"info","ts":1768351664.710913,"logger":"fallback","caller":"revision/revision.go:166","msg":"Revision became ready"}
{"level":"info","ts":"2026-01-13T16:47:44-08:00","logger":"RevisionReconciler.reconcile","msg":"reconcile completed","key":"default/kamera-test","reconciler":"knative.dev.serving.pkg.reconciler.revision.Reconciler","requeue":false,"requeueAfter":0}
{"level":"info","ts":"2026-01-13T16:47:44-08:00","logger":"tracecheck","msg":"Taking reconcile step","Depth":44,"# Distinct States":45,"Total States":45,"Resource States":23}
{"level":"info","ts":"2026-01-13T16:47:44-08:00","logger":"tracecheck","msg":"Taking reconcile step","Depth":45,"# Distinct States":46,"Total States":46,"Resource States":23}
{"level":"info","ts":"2026-01-13T16:47:44-08:00","logger":"tracecheck","msg":"Updated ReplicaSet status","Depth":45,"# Distinct States":46,"Total States":46,"Resource States":23,"name":"kamera-test-deployment-1488584584"}
{"level":"info","ts":"2026-01-13T16:47:44-08:00","logger":"tracecheck","msg":"Taking reconcile step","Depth":46,"# Distinct States":47,"Total States":47,"Resource States":24}
{"level":"info","ts":"2026-01-13T16:47:44-08:00","logger":"KPAReconciler.seed","msg":"added podscalable to informer","resource":"deployments","namespace":"default","name":"kamera-test-deployment","stage":"podscalable-add","keys":["default/kamera-test-deployment"]}
{"level":"info","ts":"2026-01-13T16:47:44-08:00","logger":"KPAReconciler.seed","msg":"podscalable visible to lister","resource":"deployments","namespace":"default","name":"kamera-test-deployment","stage":"podscalable-lister","object":{"apiVersion":"autoscaling.internal.knative.dev/v1alpha1","kind":"PodScalable","namespace":"default","name":"kamera-test-deployment"}}
{"level":"info","ts":1768351664.8195992,"logger":"fallback","caller":"kpa/controller.go:77","msg":"Setting up ConfigMap receivers"}
{"level":"info","ts":1768351664.819794,"logger":"fallback","caller":"kpa/controller.go:91","msg":"Setting up KPA-Class event handlers"}
{"level":"info","ts":1768351664.8201149,"logger":"fallback","caller":"kpa/scaler.go:229","msg":"Can deactivate PA, was active for 12s"}
{"level":"info","ts":1768351664.820131,"logger":"fallback","caller":"kpa/kpa.go:158","msg":"SKS should be in Proxy mode: want = 0, ebc = 0, #act's = 2 PA Inactive? = false"}
{"level":"info","ts":1768351664.8201442,"logger":"fallback","caller":"kpa/kpa.go:178","msg":"PA scale got=1, want=0, desiredPods=0 ebc=0"}
{"level":"info","ts":1768351664.820148,"logger":"fallback","caller":"kpa/kpa.go:188","msg":"Observed pod counts=kpa.podCounts{want:0, ready:1, notReady:0, pending:0, terminating:0}"}
{"level":"info","ts":"2026-01-13T16:47:44-08:00","logger":"KPAReconciler.reconcile","msg":"reconcile completed","key":"default/kamera-test","reconciler":"knative.dev.serving.pkg.reconciler.autoscaling.kpa.Reconciler","requeue":false,"requeueAfter":0}
{"level":"info","ts":"2026-01-13T16:47:44-08:00","logger":"tracecheck","msg":"Taking reconcile step","Depth":47,"# Distinct States":48,"Total States":48,"Resource States":25}
{"level":"info","ts":"2026-01-13T16:47:44-08:00","logger":"ConfigurationReconciler.seed","msg":"added podscalable to informer","resource":"deployments","namespace":"default","name":"kamera-test-deployment","stage":"podscalable-add","keys":["default/kamera-test-deployment"]}
{"level":"info","ts":"2026-01-13T16:47:44-08:00","logger":"ConfigurationReconciler.seed","msg":"podscalable visible to lister","resource":"deployments","namespace":"default","name":"kamera-test-deployment","stage":"podscalable-lister","object":{"apiVersion":"autoscaling.internal.knative.dev/v1alpha1","kind":"PodScalable","namespace":"default","name":"kamera-test-deployment"}}
{"level":"info","ts":1768351664.926921,"logger":"fallback","caller":"configuration/configuration.go:106","msg":"Revision \"kamera-test\" of configuration is ready"}
{"level":"info","ts":"2026-01-13T16:47:44-08:00","logger":"ConfigurationReconciler.reconcile","msg":"reconcile completed","key":"default/demo","reconciler":"knative.dev.serving.pkg.reconciler.configuration.Reconciler","requeue":false,"requeueAfter":0}
{"level":"info","ts":"2026-01-13T16:47:44-08:00","logger":"tracecheck","msg":"Taking reconcile step","Depth":48,"# Distinct States":49,"Total States":49,"Resource States":26}
{"level":"info","ts":"2026-01-13T16:47:44-08:00","logger":"tracecheck","msg":"Taking reconcile step","Depth":49,"# Distinct States":50,"Total States":50,"Resource States":26}
{"level":"info","ts":"2026-01-13T16:47:45-08:00","logger":"RevisionReconciler.seed","msg":"added podscalable to informer","resource":"deployments","namespace":"default","name":"kamera-test-deployment","stage":"podscalable-add","keys":["default/kamera-test-deployment"]}
{"level":"info","ts":"2026-01-13T16:47:45-08:00","logger":"RevisionReconciler.seed","msg":"podscalable visible to lister","resource":"deployments","namespace":"default","name":"kamera-test-deployment","stage":"podscalable-lister","object":{"apiVersion":"autoscaling.internal.knative.dev/v1alpha1","kind":"PodScalable","namespace":"default","name":"kamera-test-deployment"}}
{"level":"error","ts":1768351665.033652,"logger":"fallback","caller":"revision/controller.go:116","msg":"Failed to create resolver transport","error":"open /var/run/secrets/kubernetes.io/serviceaccount/ca.crt: no such file or directory","stacktrace":"knative.dev/serving/pkg/reconciler/revision.newControllerWithOptions\n\t/Users/tgoodwin/tmp/gomodcache/knative.dev/serving@v0.46.5/pkg/reconciler/revision/controller.go:116\nknative.dev/serving/pkg/reconciler/revision.NewController\n\t/Users/tgoodwin/tmp/gomodcache/knative.dev/serving@v0.46.5/pkg/reconciler/revision/controller.go:64\nmain.configureKnativeExplorer.func1.1\n\t/Users/tgoodwin/projects/kamera/examples/knative-serving/scenario.go:91\ngithub.com/tgoodwin/kamera/examples/knative-serving/knative.NewKnativeStrategy.func1\n\t/Users/tgoodwin/projects/kamera/examples/knative-serving/knative/harness.go:555\ngithub.com/tgoodwin/kamera/examples/knative-serving/knative.(*KnativeStrategy).ReconcileAtState\n\t/Users/tgoodwin/projects/kamera/examples/knative-serving/knative/harness.go:895\ngithub.com/tgoodwin/kamera/pkg/tracecheck.(*ReconcilerContainer).doReconcile\n\t/Users/tgoodwin/projects/kamera/pkg/tracecheck/reconciler.go:164\ngithub.com/tgoodwin/kamera/pkg/tracecheck.(*Explorer).reconcileAtState\n\t/Users/tgoodwin/projects/kamera/pkg/tracecheck/explore.go:1313\ngithub.com/tgoodwin/kamera/pkg/tracecheck.(*Explorer).takeReconcileStep\n\t/Users/tgoodwin/projects/kamera/pkg/tracecheck/explore.go:1228\ngithub.com/tgoodwin/kamera/pkg/tracecheck.(*Explorer).explore\n\t/Users/tgoodwin/projects/kamera/pkg/tracecheck/explore.go:790\ngithub.com/tgoodwin/kamera/pkg/tracecheck.(*Explorer).Explore.func1\n\t/Users/tgoodwin/projects/kamera/pkg/tracecheck/explore.go:330"}
{"level":"info","ts":1768351665.034274,"logger":"fallback","caller":"revision/reconcile_resources.go:161","msg":"Reconciling PA: kamera-test"}
{"level":"info","ts":"2026-01-13T16:47:45-08:00","logger":"RevisionReconciler.reconcile","msg":"reconcile completed","key":"default/kamera-test","reconciler":"knative.dev.serving.pkg.reconciler.revision.Reconciler","requeue":false,"requeueAfter":0}
{"level":"info","ts":"2026-01-13T16:47:45-08:00","logger":"tracecheck","msg":"Taking reconcile step","Depth":50,"# Distinct States":51,"Total States":51,"Resource States":27}
{"level":"info","ts":"2026-01-13T16:47:45-08:00","logger":"tracecheck","msg":"Updated Deployment status","Depth":50,"# Distinct States":51,"Total States":51,"Resource States":27,"name":"kamera-test-deployment"}
{"level":"info","ts":"2026-01-13T16:47:45-08:00","logger":"tracecheck","msg":"Taking reconcile step","Depth":51,"# Distinct States":52,"Total States":52,"Resource States":28}
{"level":"info","ts":"2026-01-13T16:47:45-08:00","logger":"tracecheck","msg":"Taking reconcile step","Depth":52,"# Distinct States":53,"Total States":53,"Resource States":28}
{"level":"info","ts":"2026-01-13T16:47:45-08:00","logger":"KPAReconciler.seed","msg":"added podscalable to informer","resource":"deployments","namespace":"default","name":"kamera-test-deployment","stage":"podscalable-add","keys":["default/kamera-test-deployment"]}
{"level":"info","ts":"2026-01-13T16:47:45-08:00","logger":"KPAReconciler.seed","msg":"podscalable visible to lister","resource":"deployments","namespace":"default","name":"kamera-test-deployment","stage":"podscalable-lister","object":{"apiVersion":"autoscaling.internal.knative.dev/v1alpha1","kind":"PodScalable","namespace":"default","name":"kamera-test-deployment"}}
{"level":"info","ts":1768351665.1455622,"logger":"fallback","caller":"kpa/controller.go:77","msg":"Setting up ConfigMap receivers"}
{"level":"info","ts":1768351665.145689,"logger":"fallback","caller":"kpa/controller.go:91","msg":"Setting up KPA-Class event handlers"}
{"level":"info","ts":1768351665.145824,"logger":"fallback","caller":"kpa/scaler.go:379","msg":"Scaling from 1 to 0"}
{"level":"info","ts":1768351665.148392,"logger":"fallback","caller":"kpa/kpa.go:158","msg":"SKS should be in Proxy mode: want = 0, ebc = 0, #act's = 2 PA Inactive? = true"}
{"level":"info","ts":1768351665.1484318,"logger":"fallback","caller":"kpa/kpa.go:178","msg":"PA scale got=1, want=0, desiredPods=0 ebc=0"}
{"level":"info","ts":1768351665.148443,"logger":"fallback","caller":"kpa/kpa.go:188","msg":"Observed pod counts=kpa.podCounts{want:0, ready:1, notReady:0, pending:0, terminating:0}"}
{"level":"info","ts":"2026-01-13T16:47:45-08:00","logger":"KPAReconciler.reconcile","msg":"reconcile completed","key":"default/kamera-test","reconciler":"knative.dev.serving.pkg.reconciler.autoscaling.kpa.Reconciler","requeue":false,"requeueAfter":0}
{"level":"info","ts":"2026-01-13T16:47:45-08:00","logger":"tracecheck","msg":"Taking reconcile step","Depth":53,"# Distinct States":54,"Total States":54,"Resource States":29}
{"level":"info","ts":"2026-01-13T16:47:45-08:00","logger":"ConfigurationReconciler.seed","msg":"added podscalable to informer","resource":"deployments","namespace":"default","name":"kamera-test-deployment","stage":"podscalable-add","keys":["default/kamera-test-deployment"]}
{"level":"info","ts":"2026-01-13T16:47:45-08:00","logger":"ConfigurationReconciler.seed","msg":"podscalable visible to lister","resource":"deployments","namespace":"default","name":"kamera-test-deployment","stage":"podscalable-lister","object":{"apiVersion":"autoscaling.internal.knative.dev/v1alpha1","kind":"PodScalable","namespace":"default","name":"kamera-test-deployment"}}
{"level":"info","ts":1768351665.259012,"logger":"fallback","caller":"configuration/configuration.go:106","msg":"Revision \"kamera-test\" of configuration is ready"}
{"level":"info","ts":"2026-01-13T16:47:45-08:00","logger":"ConfigurationReconciler.reconcile","msg":"reconcile completed","key":"default/demo","reconciler":"knative.dev.serving.pkg.reconciler.configuration.Reconciler","requeue":false,"requeueAfter":0}
{"level":"info","ts":"2026-01-13T16:47:45-08:00","logger":"tracecheck","msg":"Taking reconcile step","Depth":54,"# Distinct States":55,"Total States":55,"Resource States":29}
{"level":"info","ts":"2026-01-13T16:47:45-08:00","logger":"RouteReconciler.seed","msg":"added podscalable to informer","resource":"deployments","namespace":"default","name":"kamera-test-deployment","stage":"podscalable-add","keys":["default/kamera-test-deployment"]}
{"level":"info","ts":"2026-01-13T16:47:45-08:00","logger":"RouteReconciler.seed","msg":"podscalable visible to lister","resource":"deployments","namespace":"default","name":"kamera-test-deployment","stage":"podscalable-lister","object":{"apiVersion":"autoscaling.internal.knative.dev/v1alpha1","kind":"PodScalable","namespace":"default","name":"kamera-test-deployment"}}
{"level":"info","ts":1768351665.370569,"logger":"fallback","caller":"route/route.go:465","msg":"Revision default/kamera-test is inactive"}
{"level":"info","ts":1768351665.3706062,"logger":"fallback","caller":"route/route.go:487","msg":"All referred targets are routable, marking AllTrafficAssigned with traffic information."}
{"level":"info","ts":1768351665.370629,"logger":"fallback","caller":"route/route.go:140","msg":"Creating placeholder k8s services"}
{"level":"info","ts":1768351665.3709261,"logger":"fallback","caller":"route/reconcile_resources.go:179","msg":"Created service demo"}
{"level":"info","ts":1768351665.371768,"logger":"fallback","caller":"route/route.go:176","msg":"Updating placeholder k8s services with ingress information"}
{"level":"warn","ts":1768351665.371818,"logger":"fallback","caller":"route/reconcile_resources.go:228","msg":"Failed to update k8s service","error":"failed to fetch loadbalancer domain/IP from ingress status"}
{"level":"info","ts":1768351665.371837,"logger":"fallback","caller":"route/route.go:198","msg":"Route successfully synced"}
{"level":"info","ts":"2026-01-13T16:47:45-08:00","logger":"RouteReconciler.reconcile","msg":"reconcile completed","key":"default/demo","reconciler":"knative.dev.serving.pkg.reconciler.route.Reconciler","requeue":false,"requeueAfter":0}
{"level":"info","ts":"2026-01-13T16:47:45-08:00","logger":"tracecheck","msg":"Taking reconcile step","Depth":55,"# Distinct States":56,"Total States":56,"Resource States":30}
{"level":"info","ts":"2026-01-13T16:47:45-08:00","logger":"ServiceReconciler.seed","msg":"added podscalable to informer","resource":"deployments","namespace":"default","name":"kamera-test-deployment","stage":"podscalable-add","keys":["default/kamera-test-deployment"]}
{"level":"info","ts":"2026-01-13T16:47:45-08:00","logger":"ServiceReconciler.seed","msg":"podscalable visible to lister","resource":"deployments","namespace":"default","name":"kamera-test-deployment","stage":"podscalable-lister","object":{"apiVersion":"autoscaling.internal.knative.dev/v1alpha1","kind":"PodScalable","namespace":"default","name":"kamera-test-deployment"}}
{"level":"info","ts":1768351665.482058,"logger":"fallback","caller":"service/service.go:171","msg":"Service reconciler fetching Route from lister: name=demo, namespace=default"}
{"level":"info","ts":1768351665.482074,"logger":"fallback","caller":"service/service.go:174","msg":"Service reconciler got Route from lister: name=demo, Generation=1, ObservedGeneration=1, ResourceVersion="}
{"level":"info","ts":1768351665.4820879,"logger":"fallback","caller":"service/service.go:126","msg":"Service reconciler checking Route: name=demo, Generation=1, ObservedGeneration=1, Ready=Unknown (reason=IngressNotConfigured, message=Ingress has not yet been reconciled.), generationMatch=true, routeResourceVersion="}
{"level":"info","ts":1768351665.4820921,"logger":"fallback","caller":"service/service.go:136","msg":"Service reconciler calling PropagateRouteStatus() because Generation == ObservedGeneration"}
{"level":"info","ts":"2026-01-13T16:47:45-08:00","logger":"ServiceReconciler.reconcile","msg":"reconcile completed","key":"default/demo","reconciler":"knative.dev.serving.pkg.reconciler.service.Reconciler","requeue":false,"requeueAfter":0}
{"level":"info","ts":"2026-01-13T16:47:45-08:00","logger":"tracecheck","msg":"Taking reconcile step","Depth":56,"# Distinct States":57,"Total States":57,"Resource States":31}
{"level":"info","ts":"2026-01-13T16:47:45-08:00","logger":"tracecheck","msg":"Taking reconcile step","Depth":57,"# Distinct States":58,"Total States":58,"Resource States":31}
{"level":"info","ts":"2026-01-13T16:47:45-08:00","logger":"RevisionReconciler.seed","msg":"added podscalable to informer","resource":"deployments","namespace":"default","name":"kamera-test-deployment","stage":"podscalable-add","keys":["default/kamera-test-deployment"]}
{"level":"info","ts":"2026-01-13T16:47:45-08:00","logger":"RevisionReconciler.seed","msg":"podscalable visible to lister","resource":"deployments","namespace":"default","name":"kamera-test-deployment","stage":"podscalable-lister","object":{"apiVersion":"autoscaling.internal.knative.dev/v1alpha1","kind":"PodScalable","namespace":"default","name":"kamera-test-deployment"}}
{"level":"error","ts":1768351665.589068,"logger":"fallback","caller":"revision/controller.go:116","msg":"Failed to create resolver transport","error":"open /var/run/secrets/kubernetes.io/serviceaccount/ca.crt: no such file or directory","stacktrace":"knative.dev/serving/pkg/reconciler/revision.newControllerWithOptions\n\t/Users/tgoodwin/tmp/gomodcache/knative.dev/serving@v0.46.5/pkg/reconciler/revision/controller.go:116\nknative.dev/serving/pkg/reconciler/revision.NewController\n\t/Users/tgoodwin/tmp/gomodcache/knative.dev/serving@v0.46.5/pkg/reconciler/revision/controller.go:64\nmain.configureKnativeExplorer.func1.1\n\t/Users/tgoodwin/projects/kamera/examples/knative-serving/scenario.go:91\ngithub.com/tgoodwin/kamera/examples/knative-serving/knative.NewKnativeStrategy.func1\n\t/Users/tgoodwin/projects/kamera/examples/knative-serving/knative/harness.go:555\ngithub.com/tgoodwin/kamera/examples/knative-serving/knative.(*KnativeStrategy).ReconcileAtState\n\t/Users/tgoodwin/projects/kamera/examples/knative-serving/knative/harness.go:895\ngithub.com/tgoodwin/kamera/pkg/tracecheck.(*ReconcilerContainer).doReconcile\n\t/Users/tgoodwin/projects/kamera/pkg/tracecheck/reconciler.go:164\ngithub.com/tgoodwin/kamera/pkg/tracecheck.(*Explorer).reconcileAtState\n\t/Users/tgoodwin/projects/kamera/pkg/tracecheck/explore.go:1313\ngithub.com/tgoodwin/kamera/pkg/tracecheck.(*Explorer).takeReconcileStep\n\t/Users/tgoodwin/projects/kamera/pkg/tracecheck/explore.go:1228\ngithub.com/tgoodwin/kamera/pkg/tracecheck.(*Explorer).explore\n\t/Users/tgoodwin/projects/kamera/pkg/tracecheck/explore.go:790\ngithub.com/tgoodwin/kamera/pkg/tracecheck.(*Explorer).Explore.func1\n\t/Users/tgoodwin/projects/kamera/pkg/tracecheck/explore.go:330"}
{"level":"info","ts":1768351665.5892742,"logger":"fallback","caller":"revision/reconcile_resources.go:161","msg":"Reconciling PA: kamera-test"}
{"level":"info","ts":"2026-01-13T16:47:45-08:00","logger":"RevisionReconciler.reconcile","msg":"reconcile completed","key":"default/kamera-test","reconciler":"knative.dev.serving.pkg.reconciler.revision.Reconciler","requeue":false,"requeueAfter":0}
{"level":"info","ts":"2026-01-13T16:47:45-08:00","logger":"tracecheck","msg":"Taking reconcile step","Depth":58,"# Distinct States":59,"Total States":59,"Resource States":31}
{"level":"info","ts":"2026-01-13T16:47:45-08:00","logger":"tracecheck","msg":"Updated Deployment status","Depth":58,"# Distinct States":59,"Total States":59,"Resource States":31,"name":"kamera-test-deployment"}
{"level":"info","ts":"2026-01-13T16:47:45-08:00","logger":"tracecheck","msg":"Taking reconcile step","Depth":59,"# Distinct States":60,"Total States":60,"Resource States":32}
{"level":"info","ts":"2026-01-13T16:47:45-08:00","logger":"KPAReconciler.seed","msg":"added podscalable to informer","resource":"deployments","namespace":"default","name":"kamera-test-deployment","stage":"podscalable-add","keys":["default/kamera-test-deployment"]}
{"level":"info","ts":"2026-01-13T16:47:45-08:00","logger":"KPAReconciler.seed","msg":"podscalable visible to lister","resource":"deployments","namespace":"default","name":"kamera-test-deployment","stage":"podscalable-lister","object":{"apiVersion":"autoscaling.internal.knative.dev/v1alpha1","kind":"PodScalable","namespace":"default","name":"kamera-test-deployment"}}
{"level":"info","ts":1768351665.698092,"logger":"fallback","caller":"kpa/controller.go:77","msg":"Setting up ConfigMap receivers"}
{"level":"info","ts":1768351665.6982348,"logger":"fallback","caller":"kpa/controller.go:91","msg":"Setting up KPA-Class event handlers"}
{"level":"info","ts":1768351665.69837,"logger":"fallback","caller":"kpa/kpa.go:158","msg":"SKS should be in Proxy mode: want = 0, ebc = 0, #act's = 2 PA Inactive? = true"}
{"level":"info","ts":1768351665.698397,"logger":"fallback","caller":"kpa/kpa.go:178","msg":"PA scale got=1, want=0, desiredPods=0 ebc=0"}
{"level":"info","ts":1768351665.698407,"logger":"fallback","caller":"kpa/kpa.go:188","msg":"Observed pod counts=kpa.podCounts{want:0, ready:1, notReady:0, pending:0, terminating:0}"}
{"level":"info","ts":"2026-01-13T16:47:45-08:00","logger":"KPAReconciler.reconcile","msg":"reconcile completed","key":"default/kamera-test","reconciler":"knative.dev.serving.pkg.reconciler.autoscaling.kpa.Reconciler","requeue":false,"requeueAfter":0}
{"level":"info","ts":"2026-01-13T16:47:45-08:00","logger":"tracecheck","msg":"Taking reconcile step","Depth":60,"# Distinct States":61,"Total States":61,"Resource States":32}
{"level":"info","ts":"2026-01-13T16:47:45-08:00","logger":"tracecheck","msg":"Taking reconcile step","Depth":61,"# Distinct States":62,"Total States":62,"Resource States":32}
{"level":"info","ts":"2026-01-13T16:47:45-08:00","logger":"tracecheck","msg":"Taking reconcile step","Depth":62,"# Distinct States":63,"Total States":63,"Resource States":33}
{"level":"info","ts":"2026-01-13T16:47:45-08:00","logger":"RouteReconciler.seed","msg":"added podscalable to informer","resource":"deployments","namespace":"default","name":"kamera-test-deployment","stage":"podscalable-add","keys":["default/kamera-test-deployment"]}
{"level":"info","ts":"2026-01-13T16:47:45-08:00","logger":"RouteReconciler.seed","msg":"podscalable visible to lister","resource":"deployments","namespace":"default","name":"kamera-test-deployment","stage":"podscalable-lister","object":{"apiVersion":"autoscaling.internal.knative.dev/v1alpha1","kind":"PodScalable","namespace":"default","name":"kamera-test-deployment"}}
{"level":"info","ts":1768351665.807297,"logger":"fallback","caller":"route/route.go:465","msg":"Revision default/kamera-test is inactive"}
{"level":"info","ts":1768351665.8073118,"logger":"fallback","caller":"route/route.go:487","msg":"All referred targets are routable, marking AllTrafficAssigned with traffic information."}
{"level":"info","ts":1768351665.80732,"logger":"fallback","caller":"route/route.go:140","msg":"Creating placeholder k8s services"}
{"level":"info","ts":1768351665.807368,"logger":"fallback","caller":"route/route.go:176","msg":"Updating placeholder k8s services with ingress information"}
{"level":"info","ts":1768351665.807481,"logger":"fallback","caller":"route/route.go:198","msg":"Route successfully synced"}
{"level":"info","ts":"2026-01-13T16:47:45-08:00","logger":"RouteReconciler.reconcile","msg":"reconcile completed","key":"default/demo","reconciler":"knative.dev.serving.pkg.reconciler.route.Reconciler","requeue":false,"requeueAfter":0}
{"level":"info","ts":"2026-01-13T16:47:45-08:00","logger":"tracecheck","msg":"Taking reconcile step","Depth":63,"# Distinct States":64,"Total States":64,"Resource States":34}
{"level":"info","ts":"2026-01-13T16:47:45-08:00","logger":"tracecheck","msg":"Taking reconcile step","Depth":64,"# Distinct States":65,"Total States":65,"Resource States":34}
{"level":"info","ts":"2026-01-13T16:47:45-08:00","logger":"ServiceReconciler.seed","msg":"added podscalable to informer","resource":"deployments","namespace":"default","name":"kamera-test-deployment","stage":"podscalable-add","keys":["default/kamera-test-deployment"]}
{"level":"info","ts":"2026-01-13T16:47:45-08:00","logger":"ServiceReconciler.seed","msg":"podscalable visible to lister","resource":"deployments","namespace":"default","name":"kamera-test-deployment","stage":"podscalable-lister","object":{"apiVersion":"autoscaling.internal.knative.dev/v1alpha1","kind":"PodScalable","namespace":"default","name":"kamera-test-deployment"}}
{"level":"info","ts":1768351665.9150379,"logger":"fallback","caller":"service/service.go:171","msg":"Service reconciler fetching Route from lister: name=demo, namespace=default"}
{"level":"info","ts":1768351665.915067,"logger":"fallback","caller":"service/service.go:174","msg":"Service reconciler got Route from lister: name=demo, Generation=1, ObservedGeneration=1, ResourceVersion="}
{"level":"info","ts":1768351665.9150982,"logger":"fallback","caller":"service/service.go:126","msg":"Service reconciler checking Route: name=demo, Generation=1, ObservedGeneration=1, Ready=True (reason=, message=), generationMatch=true, routeResourceVersion="}
{"level":"info","ts":1768351665.915107,"logger":"fallback","caller":"service/service.go:136","msg":"Service reconciler calling PropagateRouteStatus() because Generation == ObservedGeneration"}
{"level":"info","ts":"2026-01-13T16:47:45-08:00","logger":"ServiceReconciler.reconcile","msg":"reconcile completed","key":"default/demo","reconciler":"knative.dev.serving.pkg.reconciler.service.Reconciler","requeue":false,"requeueAfter":0}
{"level":"info","ts":"2026-01-13T16:47:45-08:00","logger":"tracecheck","msg":"Taking reconcile step","Depth":65,"# Distinct States":66,"Total States":66,"Resource States":35}
{"level":"info","ts":"2026-01-13T16:47:45-08:00","logger":"tracecheck","msg":"Taking reconcile step","Depth":66,"# Distinct States":67,"Total States":67,"Resource States":35}
{"level":"info","ts":"2026-01-13T16:47:45-08:00","logger":"tracecheck","msg":"Deleting pods","Depth":66,"# Distinct States":67,"Total States":67,"Resource States":35,"count":1}
{"level":"info","ts":"2026-01-13T16:47:45-08:00","logger":"tracecheck","msg":"Taking reconcile step","Depth":67,"# Distinct States":68,"Total States":68,"Resource States":36}
{"level":"info","ts":"2026-01-13T16:47:45-08:00","logger":"tracecheck","msg":"Taking reconcile step","Depth":68,"# Distinct States":69,"Total States":69,"Resource States":36}
{"level":"info","ts":"2026-01-13T16:47:46-08:00","logger":"RevisionReconciler.seed","msg":"added podscalable to informer","resource":"deployments","namespace":"default","name":"kamera-test-deployment","stage":"podscalable-add","keys":["default/kamera-test-deployment"]}
{"level":"info","ts":"2026-01-13T16:47:46-08:00","logger":"RevisionReconciler.seed","msg":"podscalable visible to lister","resource":"deployments","namespace":"default","name":"kamera-test-deployment","stage":"podscalable-lister","object":{"apiVersion":"autoscaling.internal.knative.dev/v1alpha1","kind":"PodScalable","namespace":"default","name":"kamera-test-deployment"}}
{"level":"error","ts":1768351666.027681,"logger":"fallback","caller":"revision/controller.go:116","msg":"Failed to create resolver transport","error":"open /var/run/secrets/kubernetes.io/serviceaccount/ca.crt: no such file or directory","stacktrace":"knative.dev/serving/pkg/reconciler/revision.newControllerWithOptions\n\t/Users/tgoodwin/tmp/gomodcache/knative.dev/serving@v0.46.5/pkg/reconciler/revision/controller.go:116\nknative.dev/serving/pkg/reconciler/revision.NewController\n\t/Users/tgoodwin/tmp/gomodcache/knative.dev/serving@v0.46.5/pkg/reconciler/revision/controller.go:64\nmain.configureKnativeExplorer.func1.1\n\t/Users/tgoodwin/projects/kamera/examples/knative-serving/scenario.go:91\ngithub.com/tgoodwin/kamera/examples/knative-serving/knative.NewKnativeStrategy.func1\n\t/Users/tgoodwin/projects/kamera/examples/knative-serving/knative/harness.go:555\ngithub.com/tgoodwin/kamera/examples/knative-serving/knative.(*KnativeStrategy).ReconcileAtState\n\t/Users/tgoodwin/projects/kamera/examples/knative-serving/knative/harness.go:895\ngithub.com/tgoodwin/kamera/pkg/tracecheck.(*ReconcilerContainer).doReconcile\n\t/Users/tgoodwin/projects/kamera/pkg/tracecheck/reconciler.go:164\ngithub.com/tgoodwin/kamera/pkg/tracecheck.(*Explorer).reconcileAtState\n\t/Users/tgoodwin/projects/kamera/pkg/tracecheck/explore.go:1313\ngithub.com/tgoodwin/kamera/pkg/tracecheck.(*Explorer).takeReconcileStep\n\t/Users/tgoodwin/projects/kamera/pkg/tracecheck/explore.go:1228\ngithub.com/tgoodwin/kamera/pkg/tracecheck.(*Explorer).explore\n\t/Users/tgoodwin/projects/kamera/pkg/tracecheck/explore.go:790\ngithub.com/tgoodwin/kamera/pkg/tracecheck.(*Explorer).Explore.func1\n\t/Users/tgoodwin/projects/kamera/pkg/tracecheck/explore.go:330"}
{"level":"info","ts":1768351666.027862,"logger":"fallback","caller":"revision/reconcile_resources.go:161","msg":"Reconciling PA: kamera-test"}
{"level":"info","ts":"2026-01-13T16:47:46-08:00","logger":"RevisionReconciler.reconcile","msg":"reconcile completed","key":"default/kamera-test","reconciler":"knative.dev.serving.pkg.reconciler.revision.Reconciler","requeue":false,"requeueAfter":0}
{"level":"info","ts":"2026-01-13T16:47:46-08:00","logger":"tracecheck","msg":"Taking reconcile step","Depth":69,"# Distinct States":70,"Total States":70,"Resource States":36}
{"level":"info","ts":"2026-01-13T16:47:46-08:00","logger":"KPAReconciler.seed","msg":"added podscalable to informer","resource":"deployments","namespace":"default","name":"kamera-test-deployment","stage":"podscalable-add","keys":["default/kamera-test-deployment"]}
{"level":"info","ts":"2026-01-13T16:47:46-08:00","logger":"KPAReconciler.seed","msg":"podscalable visible to lister","resource":"deployments","namespace":"default","name":"kamera-test-deployment","stage":"podscalable-lister","object":{"apiVersion":"autoscaling.internal.knative.dev/v1alpha1","kind":"PodScalable","namespace":"default","name":"kamera-test-deployment"}}
{"level":"info","ts":1768351666.134433,"logger":"fallback","caller":"kpa/controller.go:77","msg":"Setting up ConfigMap receivers"}
{"level":"info","ts":1768351666.134568,"logger":"fallback","caller":"kpa/controller.go:91","msg":"Setting up KPA-Class event handlers"}
{"level":"info","ts":1768351666.134706,"logger":"fallback","caller":"kpa/kpa.go:158","msg":"SKS should be in Proxy mode: want = 0, ebc = 0, #act's = 2 PA Inactive? = true"}
{"level":"info","ts":1768351666.134733,"logger":"fallback","caller":"kpa/kpa.go:178","msg":"PA scale got=0, want=0, desiredPods=0 ebc=0"}
{"level":"info","ts":1768351666.134746,"logger":"fallback","caller":"kpa/kpa.go:188","msg":"Observed pod counts=kpa.podCounts{want:0, ready:0, notReady:1, pending:0, terminating:1}"}
{"level":"info","ts":"2026-01-13T16:47:46-08:00","logger":"KPAReconciler.reconcile","msg":"reconcile completed","key":"default/kamera-test","reconciler":"knative.dev.serving.pkg.reconciler.autoscaling.kpa.Reconciler","requeue":false,"requeueAfter":0}
{"level":"info","ts":"2026-01-13T16:47:46-08:00","logger":"tracecheck","msg":"Taking reconcile step","Depth":70,"# Distinct States":71,"Total States":71,"Resource States":37}
{"level":"info","ts":"2026-01-13T16:47:46-08:00","logger":"tracecheck","msg":"Taking reconcile step","Depth":71,"# Distinct States":72,"Total States":72,"Resource States":37}
{"level":"info","ts":"2026-01-13T16:47:46-08:00","logger":"tracecheck","msg":"Taking reconcile step","Depth":72,"# Distinct States":73,"Total States":73,"Resource States":37}
{"level":"info","ts":"2026-01-13T16:47:46-08:00","logger":"RouteReconciler.seed","msg":"added podscalable to informer","resource":"deployments","namespace":"default","name":"kamera-test-deployment","stage":"podscalable-add","keys":["default/kamera-test-deployment"]}
{"level":"info","ts":"2026-01-13T16:47:46-08:00","logger":"RouteReconciler.seed","msg":"podscalable visible to lister","resource":"deployments","namespace":"default","name":"kamera-test-deployment","stage":"podscalable-lister","object":{"apiVersion":"autoscaling.internal.knative.dev/v1alpha1","kind":"PodScalable","namespace":"default","name":"kamera-test-deployment"}}
{"level":"info","ts":1768351666.247048,"logger":"fallback","caller":"route/route.go:465","msg":"Revision default/kamera-test is inactive"}
{"level":"info","ts":1768351666.247082,"logger":"fallback","caller":"route/route.go:487","msg":"All referred targets are routable, marking AllTrafficAssigned with traffic information."}
{"level":"info","ts":1768351666.2470999,"logger":"fallback","caller":"route/route.go:140","msg":"Creating placeholder k8s services"}
{"level":"info","ts":1768351666.247273,"logger":"fallback","caller":"route/route.go:176","msg":"Updating placeholder k8s services with ingress information"}
{"level":"info","ts":1768351666.247392,"logger":"fallback","caller":"route/route.go:198","msg":"Route successfully synced"}
{"level":"info","ts":"2026-01-13T16:47:46-08:00","logger":"RouteReconciler.reconcile","msg":"reconcile completed","key":"default/demo","reconciler":"knative.dev.serving.pkg.reconciler.route.Reconciler","requeue":false,"requeueAfter":0}
{"level":"info","ts":"2026-01-13T16:47:46-08:00","logger":"tracecheck","msg":"Taking reconcile step","Depth":73,"# Distinct States":74,"Total States":74,"Resource States":37}
{"level":"info","ts":"2026-01-13T16:47:46-08:00","logger":"ServiceReconciler.seed","msg":"added podscalable to informer","resource":"deployments","namespace":"default","name":"kamera-test-deployment","stage":"podscalable-add","keys":["default/kamera-test-deployment"]}
{"level":"info","ts":"2026-01-13T16:47:46-08:00","logger":"ServiceReconciler.seed","msg":"podscalable visible to lister","resource":"deployments","namespace":"default","name":"kamera-test-deployment","stage":"podscalable-lister","object":{"apiVersion":"autoscaling.internal.knative.dev/v1alpha1","kind":"PodScalable","namespace":"default","name":"kamera-test-deployment"}}
{"level":"info","ts":1768351666.353639,"logger":"fallback","caller":"service/service.go:171","msg":"Service reconciler fetching Route from lister: name=demo, namespace=default"}
{"level":"info","ts":1768351666.353654,"logger":"fallback","caller":"service/service.go:174","msg":"Service reconciler got Route from lister: name=demo, Generation=1, ObservedGeneration=1, ResourceVersion="}
{"level":"info","ts":1768351666.353674,"logger":"fallback","caller":"service/service.go:126","msg":"Service reconciler checking Route: name=demo, Generation=1, ObservedGeneration=1, Ready=True (reason=, message=), generationMatch=true, routeResourceVersion="}
{"level":"info","ts":1768351666.35368,"logger":"fallback","caller":"service/service.go:136","msg":"Service reconciler calling PropagateRouteStatus() because Generation == ObservedGeneration"}
{"level":"info","ts":"2026-01-13T16:47:46-08:00","logger":"ServiceReconciler.reconcile","msg":"reconcile completed","key":"default/demo","reconciler":"knative.dev.serving.pkg.reconciler.service.Reconciler","requeue":false,"requeueAfter":0}
{"level":"info","ts":"2026-01-13T16:47:46-08:00","logger":"tracecheck","msg":"Taking reconcile step","Depth":74,"# Distinct States":75,"Total States":75,"Resource States":37}
{"level":"error","ts":"2026-01-13T16:47:46-08:00","logger":"tracegen","msg":"setting root context","Kind":"/v1, Kind=Pod","Name":"kamera-test-deployment-1488584584-0","NewRootID":"","labels":{"app":"kamera-test","discrete.events/sleeve-object-id":"37jmqvjn","pod-template-hash":"1488584584","serving.knative.dev/configuration":"demo","serving.knative.dev/configurationGeneration":"1","serving.knative.dev/revision":"kamera-test","serving.knative.dev/revisionUID":"","serving.knative.dev/service":"demo"},"error":"no root ID set on object - is this namespace handled by the sleeve webhook?","stacktrace":"github.com/tgoodwin/kamera/pkg/tracegen.(*ContextTracker).setRootContextFromObservation\n\t/Users/tgoodwin/projects/kamera/pkg/tracegen/context.go:153\ngithub.com/tgoodwin/kamera/pkg/tracegen.(*ContextTracker).TrackOperation\n\t/Users/tgoodwin/projects/kamera/pkg/tracegen/context.go:197\ngithub.com/tgoodwin/kamera/pkg/tracegen.(*Client).Get\n\t/Users/tgoodwin/projects/kamera/pkg/tracegen/client.go:177\ngithub.com/tgoodwin/kamera/sleevectrl/pkg/controller.(*FinalizerReconciler).Reconcile\n\t/Users/tgoodwin/projects/kamera/sleevectrl/pkg/controller/sleeve_finalizer_controller.go:41\ngithub.com/tgoodwin/kamera/pkg/tracecheck.(*ControllerRuntimeStrategy).ReconcileAtState\n\t/Users/tgoodwin/projects/kamera/pkg/tracecheck/reconciler.go:82\ngithub.com/tgoodwin/kamera/pkg/tracecheck.(*ReconcilerContainer).doReconcile\n\t/Users/tgoodwin/projects/kamera/pkg/tracecheck/reconciler.go:164\ngithub.com/tgoodwin/kamera/pkg/tracecheck.(*Explorer).reconcileAtState\n\t/Users/tgoodwin/projects/kamera/pkg/tracecheck/explore.go:1313\ngithub.com/tgoodwin/kamera/pkg/tracecheck.(*Explorer).takeReconcileStep\n\t/Users/tgoodwin/projects/kamera/pkg/tracecheck/explore.go:1228\ngithub.com/tgoodwin/kamera/pkg/tracecheck.(*Explorer).explore\n\t/Users/tgoodwin/projects/kamera/pkg/tracecheck/explore.go:790\ngithub.com/tgoodwin/kamera/pkg/tracecheck.(*Explorer).Explore.func1\n\t/Users/tgoodwin/projects/kamera/pkg/tracecheck/explore.go:330"}
{"level":"error","ts":"2026-01-13T16:47:46-08:00","logger":"tracegen","msg":"rootID is empty","Kind":"/v1, Kind=Pod","Name":"kamera-test-deployment-1488584584-0","NewRootID":"","stacktrace":"github.com/tgoodwin/kamera/pkg/tracegen.(*ContextTracker).setRootContextFromObservation\n\t/Users/tgoodwin/projects/kamera/pkg/tracegen/context.go:157\ngithub.com/tgoodwin/kamera/pkg/tracegen.(*ContextTracker).TrackOperation\n\t/Users/tgoodwin/projects/kamera/pkg/tracegen/context.go:197\ngithub.com/tgoodwin/kamera/pkg/tracegen.(*Client).Get\n\t/Users/tgoodwin/projects/kamera/pkg/tracegen/client.go:177\ngithub.com/tgoodwin/kamera/sleevectrl/pkg/controller.(*FinalizerReconciler).Reconcile\n\t/Users/tgoodwin/projects/kamera/sleevectrl/pkg/controller/sleeve_finalizer_controller.go:41\ngithub.com/tgoodwin/kamera/pkg/tracecheck.(*ControllerRuntimeStrategy).ReconcileAtState\n\t/Users/tgoodwin/projects/kamera/pkg/tracecheck/reconciler.go:82\ngithub.com/tgoodwin/kamera/pkg/tracecheck.(*ReconcilerContainer).doReconcile\n\t/Users/tgoodwin/projects/kamera/pkg/tracecheck/reconciler.go:164\ngithub.com/tgoodwin/kamera/pkg/tracecheck.(*Explorer).reconcileAtState\n\t/Users/tgoodwin/projects/kamera/pkg/tracecheck/explore.go:1313\ngithub.com/tgoodwin/kamera/pkg/tracecheck.(*Explorer).takeReconcileStep\n\t/Users/tgoodwin/projects/kamera/pkg/tracecheck/explore.go:1228\ngithub.com/tgoodwin/kamera/pkg/tracecheck.(*Explorer).explore\n\t/Users/tgoodwin/projects/kamera/pkg/tracecheck/explore.go:790\ngithub.com/tgoodwin/kamera/pkg/tracecheck.(*Explorer).Explore.func1\n\t/Users/tgoodwin/projects/kamera/pkg/tracecheck/explore.go:330"}
{"level":"error","ts":"2026-01-13T16:47:46-08:00","logger":"tracegen","msg":"creating event","error":"failed to get change ID: Event does not have a change ID","stacktrace":"github.com/tgoodwin/kamera/pkg/tracegen.(*Client).LogOperation\n\t/Users/tgoodwin/projects/kamera/pkg/tracegen/client.go:106\ngithub.com/tgoodwin/kamera/pkg/tracegen.(*Client).Get\n\t/Users/tgoodwin/projects/kamera/pkg/tracegen/client.go:178\ngithub.com/tgoodwin/kamera/sleevectrl/pkg/controller.(*FinalizerReconciler).Reconcile\n\t/Users/tgoodwin/projects/kamera/sleevectrl/pkg/controller/sleeve_finalizer_controller.go:41\ngithub.com/tgoodwin/kamera/pkg/tracecheck.(*ControllerRuntimeStrategy).ReconcileAtState\n\t/Users/tgoodwin/projects/kamera/pkg/tracecheck/reconciler.go:82\ngithub.com/tgoodwin/kamera/pkg/tracecheck.(*ReconcilerContainer).doReconcile\n\t/Users/tgoodwin/projects/kamera/pkg/tracecheck/reconciler.go:164\ngithub.com/tgoodwin/kamera/pkg/tracecheck.(*Explorer).reconcileAtState\n\t/Users/tgoodwin/projects/kamera/pkg/tracecheck/explore.go:1313\ngithub.com/tgoodwin/kamera/pkg/tracecheck.(*Explorer).takeReconcileStep\n\t/Users/tgoodwin/projects/kamera/pkg/tracecheck/explore.go:1228\ngithub.com/tgoodwin/kamera/pkg/tracecheck.(*Explorer).explore\n\t/Users/tgoodwin/projects/kamera/pkg/tracecheck/explore.go:790\ngithub.com/tgoodwin/kamera/pkg/tracecheck.(*Explorer).Explore.func1\n\t/Users/tgoodwin/projects/kamera/pkg/tracecheck/explore.go:330"}
{"level":"error","ts":"2026-01-13T16:47:46-08:00","logger":"tracegen","msg":"creating event","error":"failed to get change ID: Event does not have a change ID","stacktrace":"github.com/tgoodwin/kamera/pkg/tracegen.(*Client).LogOperation\n\t/Users/tgoodwin/projects/kamera/pkg/tracegen/client.go:106\ngithub.com/tgoodwin/kamera/sleevectrl/pkg/controller.(*FinalizerReconciler).Reconcile\n\t/Users/tgoodwin/projects/kamera/sleevectrl/pkg/controller/sleeve_finalizer_controller.go:69\ngithub.com/tgoodwin/kamera/pkg/tracecheck.(*ControllerRuntimeStrategy).ReconcileAtState\n\t/Users/tgoodwin/projects/kamera/pkg/tracecheck/reconciler.go:82\ngithub.com/tgoodwin/kamera/pkg/tracecheck.(*ReconcilerContainer).doReconcile\n\t/Users/tgoodwin/projects/kamera/pkg/tracecheck/reconciler.go:164\ngithub.com/tgoodwin/kamera/pkg/tracecheck.(*Explorer).reconcileAtState\n\t/Users/tgoodwin/projects/kamera/pkg/tracecheck/explore.go:1313\ngithub.com/tgoodwin/kamera/pkg/tracecheck.(*Explorer).takeReconcileStep\n\t/Users/tgoodwin/projects/kamera/pkg/tracecheck/explore.go:1228\ngithub.com/tgoodwin/kamera/pkg/tracecheck.(*Explorer).explore\n\t/Users/tgoodwin/projects/kamera/pkg/tracecheck/explore.go:790\ngithub.com/tgoodwin/kamera/pkg/tracecheck.(*Explorer).Explore.func1\n\t/Users/tgoodwin/projects/kamera/pkg/tracecheck/explore.go:330"}
{"level":"info","ts":"2026-01-13T16:47:46-08:00","logger":"tracecheck","msg":"Taking reconcile step","Depth":75,"# Distinct States":76,"Total States":76,"Resource States":38}
{"level":"info","ts":"2026-01-13T16:47:46-08:00","logger":"tracecheck","msg":"Taking reconcile step","Depth":76,"# Distinct States":77,"Total States":77,"Resource States":38}
{"level":"info","ts":"2026-01-13T16:47:46-08:00","logger":"tracecheck","msg":"Updated ReplicaSet status","Depth":76,"# Distinct States":77,"Total States":77,"Resource States":38,"name":"kamera-test-deployment-1488584584"}
{"level":"info","ts":"2026-01-13T16:47:46-08:00","logger":"tracecheck","msg":"Taking reconcile step","Depth":77,"# Distinct States":78,"Total States":78,"Resource States":39}
{"level":"info","ts":"2026-01-13T16:47:46-08:00","logger":"KPAReconciler.seed","msg":"added podscalable to informer","resource":"deployments","namespace":"default","name":"kamera-test-deployment","stage":"podscalable-add","keys":["default/kamera-test-deployment"]}
{"level":"info","ts":"2026-01-13T16:47:46-08:00","logger":"KPAReconciler.seed","msg":"podscalable visible to lister","resource":"deployments","namespace":"default","name":"kamera-test-deployment","stage":"podscalable-lister","object":{"apiVersion":"autoscaling.internal.knative.dev/v1alpha1","kind":"PodScalable","namespace":"default","name":"kamera-test-deployment"}}
{"level":"info","ts":1768351666.464287,"logger":"fallback","caller":"kpa/controller.go:77","msg":"Setting up ConfigMap receivers"}
{"level":"info","ts":1768351666.464352,"logger":"fallback","caller":"kpa/controller.go:91","msg":"Setting up KPA-Class event handlers"}
{"level":"info","ts":1768351666.46443,"logger":"fallback","caller":"kpa/kpa.go:158","msg":"SKS should be in Proxy mode: want = 0, ebc = 0, #act's = 2 PA Inactive? = true"}
{"level":"info","ts":1768351666.464442,"logger":"fallback","caller":"kpa/kpa.go:178","msg":"PA scale got=0, want=0, desiredPods=0 ebc=0"}
{"level":"info","ts":1768351666.464447,"logger":"fallback","caller":"kpa/kpa.go:188","msg":"Observed pod counts=kpa.podCounts{want:0, ready:0, notReady:0, pending:0, terminating:0}"}
{"level":"info","ts":"2026-01-13T16:47:46-08:00","logger":"KPAReconciler.reconcile","msg":"reconcile completed","key":"default/kamera-test","reconciler":"knative.dev.serving.pkg.reconciler.autoscaling.kpa.Reconciler","requeue":false,"requeueAfter":0}
{"level":"info","ts":"2026-01-13T16:47:46-08:00","logger":"tracecheck","msg":"Taking reconcile step","Depth":78,"# Distinct States":79,"Total States":79,"Resource States":39}
{"level":"info","ts":"2026-01-13T16:47:46-08:00","logger":"tracecheck","msg":"Taking reconcile step","Depth":79,"# Distinct States":80,"Total States":80,"Resource States":39}
{"level":"info","ts":"2026-01-13T16:47:46-08:00","logger":"RevisionReconciler.seed","msg":"added podscalable to informer","resource":"deployments","namespace":"default","name":"kamera-test-deployment","stage":"podscalable-add","keys":["default/kamera-test-deployment"]}
{"level":"info","ts":"2026-01-13T16:47:46-08:00","logger":"RevisionReconciler.seed","msg":"podscalable visible to lister","resource":"deployments","namespace":"default","name":"kamera-test-deployment","stage":"podscalable-lister","object":{"apiVersion":"autoscaling.internal.knative.dev/v1alpha1","kind":"PodScalable","namespace":"default","name":"kamera-test-deployment"}}
{"level":"error","ts":1768351666.569782,"logger":"fallback","caller":"revision/controller.go:116","msg":"Failed to create resolver transport","error":"open /var/run/secrets/kubernetes.io/serviceaccount/ca.crt: no such file or directory","stacktrace":"knative.dev/serving/pkg/reconciler/revision.newControllerWithOptions\n\t/Users/tgoodwin/tmp/gomodcache/knative.dev/serving@v0.46.5/pkg/reconciler/revision/controller.go:116\nknative.dev/serving/pkg/reconciler/revision.NewController\n\t/Users/tgoodwin/tmp/gomodcache/knative.dev/serving@v0.46.5/pkg/reconciler/revision/controller.go:64\nmain.configureKnativeExplorer.func1.1\n\t/Users/tgoodwin/projects/kamera/examples/knative-serving/scenario.go:91\ngithub.com/tgoodwin/kamera/examples/knative-serving/knative.NewKnativeStrategy.func1\n\t/Users/tgoodwin/projects/kamera/examples/knative-serving/knative/harness.go:555\ngithub.com/tgoodwin/kamera/examples/knative-serving/knative.(*KnativeStrategy).ReconcileAtState\n\t/Users/tgoodwin/projects/kamera/examples/knative-serving/knative/harness.go:895\ngithub.com/tgoodwin/kamera/pkg/tracecheck.(*ReconcilerContainer).doReconcile\n\t/Users/tgoodwin/projects/kamera/pkg/tracecheck/reconciler.go:164\ngithub.com/tgoodwin/kamera/pkg/tracecheck.(*Explorer).reconcileAtState\n\t/Users/tgoodwin/projects/kamera/pkg/tracecheck/explore.go:1313\ngithub.com/tgoodwin/kamera/pkg/tracecheck.(*Explorer).takeReconcileStep\n\t/Users/tgoodwin/projects/kamera/pkg/tracecheck/explore.go:1228\ngithub.com/tgoodwin/kamera/pkg/tracecheck.(*Explorer).explore\n\t/Users/tgoodwin/projects/kamera/pkg/tracecheck/explore.go:790\ngithub.com/tgoodwin/kamera/pkg/tracecheck.(*Explorer).Explore.func1\n\t/Users/tgoodwin/projects/kamera/pkg/tracecheck/explore.go:330"}
{"level":"info","ts":1768351666.569961,"logger":"fallback","caller":"revision/reconcile_resources.go:161","msg":"Reconciling PA: kamera-test"}
{"level":"info","ts":"2026-01-13T16:47:46-08:00","logger":"RevisionReconciler.reconcile","msg":"reconcile completed","key":"default/kamera-test","reconciler":"knative.dev.serving.pkg.reconciler.revision.Reconciler","requeue":false,"requeueAfter":0}
{"level":"info","ts":"2026-01-13T16:47:46-08:00","logger":"tracecheck","msg":"Taking reconcile step","Depth":80,"# Distinct States":81,"Total States":81,"Resource States":40}
{"level":"info","ts":"2026-01-13T16:47:46-08:00","logger":"tracecheck","msg":"Updated Deployment status","Depth":80,"# Distinct States":81,"Total States":81,"Resource States":40,"name":"kamera-test-deployment"}
{"level":"info","ts":"2026-01-13T16:47:46-08:00","logger":"tracecheck","msg":"Taking reconcile step","Depth":81,"# Distinct States":82,"Total States":82,"Resource States":41}
{"level":"info","ts":"2026-01-13T16:47:46-08:00","logger":"tracecheck","msg":"Taking reconcile step","Depth":82,"# Distinct States":83,"Total States":83,"Resource States":41}
{"level":"info","ts":"2026-01-13T16:47:46-08:00","logger":"KPAReconciler.seed","msg":"added podscalable to informer","resource":"deployments","namespace":"default","name":"kamera-test-deployment","stage":"podscalable-add","keys":["default/kamera-test-deployment"]}
{"level":"info","ts":"2026-01-13T16:47:46-08:00","logger":"KPAReconciler.seed","msg":"podscalable visible to lister","resource":"deployments","namespace":"default","name":"kamera-test-deployment","stage":"podscalable-lister","object":{"apiVersion":"autoscaling.internal.knative.dev/v1alpha1","kind":"PodScalable","namespace":"default","name":"kamera-test-deployment"}}
{"level":"info","ts":1768351666.68098,"logger":"fallback","caller":"kpa/controller.go:77","msg":"Setting up ConfigMap receivers"}
{"level":"info","ts":1768351666.681049,"logger":"fallback","caller":"kpa/controller.go:91","msg":"Setting up KPA-Class event handlers"}
{"level":"info","ts":1768351666.6811168,"logger":"fallback","caller":"kpa/kpa.go:158","msg":"SKS should be in Proxy mode: want = 0, ebc = 0, #act's = 2 PA Inactive? = true"}
{"level":"info","ts":1768351666.681128,"logger":"fallback","caller":"kpa/kpa.go:178","msg":"PA scale got=0, want=0, desiredPods=0 ebc=0"}
{"level":"info","ts":1768351666.681133,"logger":"fallback","caller":"kpa/kpa.go:188","msg":"Observed pod counts=kpa.podCounts{want:0, ready:0, notReady:0, pending:0, terminating:0}"}
{"level":"info","ts":"2026-01-13T16:47:46-08:00","logger":"KPAReconciler.reconcile","msg":"reconcile completed","key":"default/kamera-test","reconciler":"knative.dev.serving.pkg.reconciler.autoscaling.kpa.Reconciler","requeue":false,"requeueAfter":0}
{"level":"info","ts":"2026-01-13T16:47:46-08:00","logger":"tracecheck","msg":"Taking reconcile step","Depth":83,"# Distinct States":84,"Total States":84,"Resource States":41}
{"level":"info","ts":"2026-01-13T16:47:46-08:00","logger":"ConfigurationReconciler.seed","msg":"added podscalable to informer","resource":"deployments","namespace":"default","name":"kamera-test-deployment","stage":"podscalable-add","keys":["default/kamera-test-deployment"]}
{"level":"info","ts":"2026-01-13T16:47:46-08:00","logger":"ConfigurationReconciler.seed","msg":"podscalable visible to lister","resource":"deployments","namespace":"default","name":"kamera-test-deployment","stage":"podscalable-lister","object":{"apiVersion":"autoscaling.internal.knative.dev/v1alpha1","kind":"PodScalable","namespace":"default","name":"kamera-test-deployment"}}
{"level":"info","ts":1768351666.787807,"logger":"fallback","caller":"configuration/configuration.go:106","msg":"Revision \"kamera-test\" of configuration is ready"}
{"level":"info","ts":"2026-01-13T16:47:46-08:00","logger":"ConfigurationReconciler.reconcile","msg":"reconcile completed","key":"default/demo","reconciler":"knative.dev.serving.pkg.reconciler.configuration.Reconciler","requeue":false,"requeueAfter":0}
{"level":"info","ts":"2026-01-13T16:47:46-08:00","logger":"tracecheck","msg":"Taking reconcile step","Depth":84,"# Distinct States":85,"Total States":85,"Resource States":41}
{"level":"info","ts":"2026-01-13T16:47:46-08:00","logger":"tracecheck","msg":"Taking reconcile step","Depth":85,"# Distinct States":86,"Total States":86,"Resource States":41}
{"level":"info","ts":"2026-01-13T16:47:46-08:00","logger":"RevisionReconciler.seed","msg":"added podscalable to informer","resource":"deployments","namespace":"default","name":"kamera-test-deployment","stage":"podscalable-add","keys":["default/kamera-test-deployment"]}
{"level":"info","ts":"2026-01-13T16:47:46-08:00","logger":"RevisionReconciler.seed","msg":"podscalable visible to lister","resource":"deployments","namespace":"default","name":"kamera-test-deployment","stage":"podscalable-lister","object":{"apiVersion":"autoscaling.internal.knative.dev/v1alpha1","kind":"PodScalable","namespace":"default","name":"kamera-test-deployment"}}
{"level":"error","ts":1768351666.896395,"logger":"fallback","caller":"revision/controller.go:116","msg":"Failed to create resolver transport","error":"open /var/run/secrets/kubernetes.io/serviceaccount/ca.crt: no such file or directory","stacktrace":"knative.dev/serving/pkg/reconciler/revision.newControllerWithOptions\n\t/Users/tgoodwin/tmp/gomodcache/knative.dev/serving@v0.46.5/pkg/reconciler/revision/controller.go:116\nknative.dev/serving/pkg/reconciler/revision.NewController\n\t/Users/tgoodwin/tmp/gomodcache/knative.dev/serving@v0.46.5/pkg/reconciler/revision/controller.go:64\nmain.configureKnativeExplorer.func1.1\n\t/Users/tgoodwin/projects/kamera/examples/knative-serving/scenario.go:91\ngithub.com/tgoodwin/kamera/examples/knative-serving/knative.NewKnativeStrategy.func1\n\t/Users/tgoodwin/projects/kamera/examples/knative-serving/knative/harness.go:555\ngithub.com/tgoodwin/kamera/examples/knative-serving/knative.(*KnativeStrategy).ReconcileAtState\n\t/Users/tgoodwin/projects/kamera/examples/knative-serving/knative/harness.go:895\ngithub.com/tgoodwin/kamera/pkg/tracecheck.(*ReconcilerContainer).doReconcile\n\t/Users/tgoodwin/projects/kamera/pkg/tracecheck/reconciler.go:164\ngithub.com/tgoodwin/kamera/pkg/tracecheck.(*Explorer).reconcileAtState\n\t/Users/tgoodwin/projects/kamera/pkg/tracecheck/explore.go:1313\ngithub.com/tgoodwin/kamera/pkg/tracecheck.(*Explorer).takeReconcileStep\n\t/Users/tgoodwin/projects/kamera/pkg/tracecheck/explore.go:1228\ngithub.com/tgoodwin/kamera/pkg/tracecheck.(*Explorer).explore\n\t/Users/tgoodwin/projects/kamera/pkg/tracecheck/explore.go:790\ngithub.com/tgoodwin/kamera/pkg/tracecheck.(*Explorer).Explore.func1\n\t/Users/tgoodwin/projects/kamera/pkg/tracecheck/explore.go:330"}
{"level":"info","ts":1768351666.896818,"logger":"fallback","caller":"revision/reconcile_resources.go:161","msg":"Reconciling PA: kamera-test"}
{"level":"info","ts":"2026-01-13T16:47:46-08:00","logger":"RevisionReconciler.reconcile","msg":"reconcile completed","key":"default/kamera-test","reconciler":"knative.dev.serving.pkg.reconciler.revision.Reconciler","requeue":false,"requeueAfter":0}
{"level":"info","ts":"2026-01-13T16:47:46-08:00","logger":"tracecheck","msg":"Taking reconcile step","Depth":86,"# Distinct States":87,"Total States":87,"Resource States":41}
{"level":"info","ts":"2026-01-13T16:47:46-08:00","logger":"tracecheck","msg":"Taking reconcile step","Depth":80,"# Distinct States":89,"Total States":89,"Resource States":41}
{"level":"info","ts":"2026-01-13T16:47:47-08:00","logger":"RevisionReconciler.seed","msg":"added podscalable to informer","resource":"deployments","namespace":"default","name":"kamera-test-deployment","stage":"podscalable-add","keys":["default/kamera-test-deployment"]}
{"level":"info","ts":"2026-01-13T16:47:47-08:00","logger":"RevisionReconciler.seed","msg":"podscalable visible to lister","resource":"deployments","namespace":"default","name":"kamera-test-deployment","stage":"podscalable-lister","object":{"apiVersion":"autoscaling.internal.knative.dev/v1alpha1","kind":"PodScalable","namespace":"default","name":"kamera-test-deployment"}}
{"level":"error","ts":1768351667.006773,"logger":"fallback","caller":"revision/controller.go:116","msg":"Failed to create resolver transport","error":"open /var/run/secrets/kubernetes.io/serviceaccount/ca.crt: no such file or directory","stacktrace":"knative.dev/serving/pkg/reconciler/revision.newControllerWithOptions\n\t/Users/tgoodwin/tmp/gomodcache/knative.dev/serving@v0.46.5/pkg/reconciler/revision/controller.go:116\nknative.dev/serving/pkg/reconciler/revision.NewController\n\t/Users/tgoodwin/tmp/gomodcache/knative.dev/serving@v0.46.5/pkg/reconciler/revision/controller.go:64\nmain.configureKnativeExplorer.func1.1\n\t/Users/tgoodwin/projects/kamera/examples/knative-serving/scenario.go:91\ngithub.com/tgoodwin/kamera/examples/knative-serving/knative.NewKnativeStrategy.func1\n\t/Users/tgoodwin/projects/kamera/examples/knative-serving/knative/harness.go:555\ngithub.com/tgoodwin/kamera/examples/knative-serving/knative.(*KnativeStrategy).ReconcileAtState\n\t/Users/tgoodwin/projects/kamera/examples/knative-serving/knative/harness.go:895\ngithub.com/tgoodwin/kamera/pkg/tracecheck.(*ReconcilerContainer).doReconcile\n\t/Users/tgoodwin/projects/kamera/pkg/tracecheck/reconciler.go:164\ngithub.com/tgoodwin/kamera/pkg/tracecheck.(*Explorer).reconcileAtState\n\t/Users/tgoodwin/projects/kamera/pkg/tracecheck/explore.go:1313\ngithub.com/tgoodwin/kamera/pkg/tracecheck.(*Explorer).takeReconcileStep\n\t/Users/tgoodwin/projects/kamera/pkg/tracecheck/explore.go:1228\ngithub.com/tgoodwin/kamera/pkg/tracecheck.(*Explorer).explore\n\t/Users/tgoodwin/projects/kamera/pkg/tracecheck/explore.go:790\ngithub.com/tgoodwin/kamera/pkg/tracecheck.(*Explorer).Explore.func1\n\t/Users/tgoodwin/projects/kamera/pkg/tracecheck/explore.go:330"}
{"level":"info","ts":1768351667.007154,"logger":"fallback","caller":"revision/reconcile_resources.go:161","msg":"Reconciling PA: kamera-test"}
{"level":"info","ts":"2026-01-13T16:47:47-08:00","logger":"RevisionReconciler.reconcile","msg":"reconcile completed","key":"default/kamera-test","reconciler":"knative.dev.serving.pkg.reconciler.revision.Reconciler","requeue":false,"requeueAfter":0}
{"level":"info","ts":"2026-01-13T16:47:47-08:00","logger":"tracecheck","msg":"Taking reconcile step","Depth":81,"# Distinct States":90,"Total States":90,"Resource States":41}
{"level":"info","ts":"2026-01-13T16:47:47-08:00","logger":"tracecheck","msg":"Updated Deployment status","Depth":81,"# Distinct States":90,"Total States":90,"Resource States":41,"name":"kamera-test-deployment"}
{"level":"info","ts":"2026-01-13T16:47:47-08:00","logger":"tracecheck","msg":"Taking reconcile step","Depth":70,"# Distinct States":91,"Total States":91,"Resource States":41}
{"level":"info","ts":"2026-01-13T16:47:47-08:00","logger":"RevisionReconciler.seed","msg":"added podscalable to informer","resource":"deployments","namespace":"default","name":"kamera-test-deployment","stage":"podscalable-add","keys":["default/kamera-test-deployment"]}
{"level":"info","ts":"2026-01-13T16:47:47-08:00","logger":"RevisionReconciler.seed","msg":"podscalable visible to lister","resource":"deployments","namespace":"default","name":"kamera-test-deployment","stage":"podscalable-lister","object":{"apiVersion":"autoscaling.internal.knative.dev/v1alpha1","kind":"PodScalable","namespace":"default","name":"kamera-test-deployment"}}
{"level":"error","ts":1768351667.119015,"logger":"fallback","caller":"revision/controller.go:116","msg":"Failed to create resolver transport","error":"open /var/run/secrets/kubernetes.io/serviceaccount/ca.crt: no such file or directory","stacktrace":"knative.dev/serving/pkg/reconciler/revision.newControllerWithOptions\n\t/Users/tgoodwin/tmp/gomodcache/knative.dev/serving@v0.46.5/pkg/reconciler/revision/controller.go:116\nknative.dev/serving/pkg/reconciler/revision.NewController\n\t/Users/tgoodwin/tmp/gomodcache/knative.dev/serving@v0.46.5/pkg/reconciler/revision/controller.go:64\nmain.configureKnativeExplorer.func1.1\n\t/Users/tgoodwin/projects/kamera/examples/knative-serving/scenario.go:91\ngithub.com/tgoodwin/kamera/examples/knative-serving/knative.NewKnativeStrategy.func1\n\t/Users/tgoodwin/projects/kamera/examples/knative-serving/knative/harness.go:555\ngithub.com/tgoodwin/kamera/examples/knative-serving/knative.(*KnativeStrategy).ReconcileAtState\n\t/Users/tgoodwin/projects/kamera/examples/knative-serving/knative/harness.go:895\ngithub.com/tgoodwin/kamera/pkg/tracecheck.(*ReconcilerContainer).doReconcile\n\t/Users/tgoodwin/projects/kamera/pkg/tracecheck/reconciler.go:164\ngithub.com/tgoodwin/kamera/pkg/tracecheck.(*Explorer).reconcileAtState\n\t/Users/tgoodwin/projects/kamera/pkg/tracecheck/explore.go:1313\ngithub.com/tgoodwin/kamera/pkg/tracecheck.(*Explorer).takeReconcileStep\n\t/Users/tgoodwin/projects/kamera/pkg/tracecheck/explore.go:1228\ngithub.com/tgoodwin/kamera/pkg/tracecheck.(*Explorer).explore\n\t/Users/tgoodwin/projects/kamera/pkg/tracecheck/explore.go:790\ngithub.com/tgoodwin/kamera/pkg/tracecheck.(*Explorer).Explore.func1\n\t/Users/tgoodwin/projects/kamera/pkg/tracecheck/explore.go:330"}
{"level":"info","ts":1768351667.119318,"logger":"fallback","caller":"revision/reconcile_resources.go:161","msg":"Reconciling PA: kamera-test"}
{"level":"info","ts":"2026-01-13T16:47:47-08:00","logger":"RevisionReconciler.reconcile","msg":"reconcile completed","key":"default/kamera-test","reconciler":"knative.dev.serving.pkg.reconciler.revision.Reconciler","requeue":false,"requeueAfter":0}
{"level":"info","ts":"2026-01-13T16:47:47-08:00","logger":"tracecheck","msg":"Taking reconcile step","Depth":71,"# Distinct States":92,"Total States":92,"Resource States":42}
{"level":"info","ts":"2026-01-13T16:47:47-08:00","logger":"tracecheck","msg":"Taking reconcile step","Depth":72,"# Distinct States":93,"Total States":93,"Resource States":42}
{"level":"info","ts":"2026-01-13T16:47:47-08:00","logger":"tracecheck","msg":"Taking reconcile step","Depth":73,"# Distinct States":94,"Total States":94,"Resource States":42}
{"level":"info","ts":"2026-01-13T16:47:47-08:00","logger":"RouteReconciler.seed","msg":"added podscalable to informer","resource":"deployments","namespace":"default","name":"kamera-test-deployment","stage":"podscalable-add","keys":["default/kamera-test-deployment"]}
{"level":"info","ts":"2026-01-13T16:47:47-08:00","logger":"RouteReconciler.seed","msg":"podscalable visible to lister","resource":"deployments","namespace":"default","name":"kamera-test-deployment","stage":"podscalable-lister","object":{"apiVersion":"autoscaling.internal.knative.dev/v1alpha1","kind":"PodScalable","namespace":"default","name":"kamera-test-deployment"}}
{"level":"info","ts":1768351667.2307808,"logger":"fallback","caller":"route/route.go:465","msg":"Revision default/kamera-test is inactive"}
{"level":"info","ts":1768351667.230808,"logger":"fallback","caller":"route/route.go:487","msg":"All referred targets are routable, marking AllTrafficAssigned with traffic information."}
{"level":"info","ts":1768351667.230827,"logger":"fallback","caller":"route/route.go:140","msg":"Creating placeholder k8s services"}
{"level":"info","ts":1768351667.230934,"logger":"fallback","caller":"route/route.go:176","msg":"Updating placeholder k8s services with ingress information"}
{"level":"info","ts":1768351667.230983,"logger":"fallback","caller":"route/route.go:198","msg":"Route successfully synced"}
{"level":"info","ts":"2026-01-13T16:47:47-08:00","logger":"RouteReconciler.reconcile","msg":"reconcile completed","key":"default/demo","reconciler":"knative.dev.serving.pkg.reconciler.route.Reconciler","requeue":false,"requeueAfter":0}
{"level":"info","ts":"2026-01-13T16:47:47-08:00","logger":"tracecheck","msg":"Taking reconcile step","Depth":74,"# Distinct States":95,"Total States":95,"Resource States":42}
{"level":"info","ts":"2026-01-13T16:47:47-08:00","logger":"ServiceReconciler.seed","msg":"added podscalable to informer","resource":"deployments","namespace":"default","name":"kamera-test-deployment","stage":"podscalable-add","keys":["default/kamera-test-deployment"]}
{"level":"info","ts":"2026-01-13T16:47:47-08:00","logger":"ServiceReconciler.seed","msg":"podscalable visible to lister","resource":"deployments","namespace":"default","name":"kamera-test-deployment","stage":"podscalable-lister","object":{"apiVersion":"autoscaling.internal.knative.dev/v1alpha1","kind":"PodScalable","namespace":"default","name":"kamera-test-deployment"}}
{"level":"info","ts":1768351667.3388832,"logger":"fallback","caller":"service/service.go:171","msg":"Service reconciler fetching Route from lister: name=demo, namespace=default"}
{"level":"info","ts":1768351667.338909,"logger":"fallback","caller":"service/service.go:174","msg":"Service reconciler got Route from lister: name=demo, Generation=1, ObservedGeneration=1, ResourceVersion="}
{"level":"info","ts":1768351667.338942,"logger":"fallback","caller":"service/service.go:126","msg":"Service reconciler checking Route: name=demo, Generation=1, ObservedGeneration=1, Ready=True (reason=, message=), generationMatch=true, routeResourceVersion="}
{"level":"info","ts":1768351667.33895,"logger":"fallback","caller":"service/service.go:136","msg":"Service reconciler calling PropagateRouteStatus() because Generation == ObservedGeneration"}
{"level":"info","ts":"2026-01-13T16:47:47-08:00","logger":"ServiceReconciler.reconcile","msg":"reconcile completed","key":"default/demo","reconciler":"knative.dev.serving.pkg.reconciler.service.Reconciler","requeue":false,"requeueAfter":0}
{"level":"info","ts":"2026-01-13T16:47:47-08:00","logger":"tracecheck","msg":"Taking reconcile step","Depth":75,"# Distinct States":96,"Total States":96,"Resource States":42}
{"level":"error","ts":"2026-01-13T16:47:47-08:00","logger":"tracegen","msg":"setting root context","Kind":"/v1, Kind=Pod","Name":"kamera-test-deployment-1488584584-0","NewRootID":"","labels":{"app":"kamera-test","discrete.events/sleeve-object-id":"37jmqvjn","pod-template-hash":"1488584584","serving.knative.dev/configuration":"demo","serving.knative.dev/configurationGeneration":"1","serving.knative.dev/revision":"kamera-test","serving.knative.dev/revisionUID":"","serving.knative.dev/service":"demo"},"error":"no root ID set on object - is this namespace handled by the sleeve webhook?","stacktrace":"github.com/tgoodwin/kamera/pkg/tracegen.(*ContextTracker).setRootContextFromObservation\n\t/Users/tgoodwin/projects/kamera/pkg/tracegen/context.go:153\ngithub.com/tgoodwin/kamera/pkg/tracegen.(*ContextTracker).TrackOperation\n\t/Users/tgoodwin/projects/kamera/pkg/tracegen/context.go:197\ngithub.com/tgoodwin/kamera/pkg/tracegen.(*Client).Get\n\t/Users/tgoodwin/projects/kamera/pkg/tracegen/client.go:177\ngithub.com/tgoodwin/kamera/sleevectrl/pkg/controller.(*FinalizerReconciler).Reconcile\n\t/Users/tgoodwin/projects/kamera/sleevectrl/pkg/controller/sleeve_finalizer_controller.go:41\ngithub.com/tgoodwin/kamera/pkg/tracecheck.(*ControllerRuntimeStrategy).ReconcileAtState\n\t/Users/tgoodwin/projects/kamera/pkg/tracecheck/reconciler.go:82\ngithub.com/tgoodwin/kamera/pkg/tracecheck.(*ReconcilerContainer).doReconcile\n\t/Users/tgoodwin/projects/kamera/pkg/tracecheck/reconciler.go:164\ngithub.com/tgoodwin/kamera/pkg/tracecheck.(*Explorer).reconcileAtState\n\t/Users/tgoodwin/projects/kamera/pkg/tracecheck/explore.go:1313\ngithub.com/tgoodwin/kamera/pkg/tracecheck.(*Explorer).takeReconcileStep\n\t/Users/tgoodwin/projects/kamera/pkg/tracecheck/explore.go:1228\ngithub.com/tgoodwin/kamera/pkg/tracecheck.(*Explorer).explore\n\t/Users/tgoodwin/projects/kamera/pkg/tracecheck/explore.go:790\ngithub.com/tgoodwin/kamera/pkg/tracecheck.(*Explorer).Explore.func1\n\t/Users/tgoodwin/projects/kamera/pkg/tracecheck/explore.go:330"}
{"level":"error","ts":"2026-01-13T16:47:47-08:00","logger":"tracegen","msg":"rootID is empty","Kind":"/v1, Kind=Pod","Name":"kamera-test-deployment-1488584584-0","NewRootID":"","stacktrace":"github.com/tgoodwin/kamera/pkg/tracegen.(*ContextTracker).setRootContextFromObservation\n\t/Users/tgoodwin/projects/kamera/pkg/tracegen/context.go:157\ngithub.com/tgoodwin/kamera/pkg/tracegen.(*ContextTracker).TrackOperation\n\t/Users/tgoodwin/projects/kamera/pkg/tracegen/context.go:197\ngithub.com/tgoodwin/kamera/pkg/tracegen.(*Client).Get\n\t/Users/tgoodwin/projects/kamera/pkg/tracegen/client.go:177\ngithub.com/tgoodwin/kamera/sleevectrl/pkg/controller.(*FinalizerReconciler).Reconcile\n\t/Users/tgoodwin/projects/kamera/sleevectrl/pkg/controller/sleeve_finalizer_controller.go:41\ngithub.com/tgoodwin/kamera/pkg/tracecheck.(*ControllerRuntimeStrategy).ReconcileAtState\n\t/Users/tgoodwin/projects/kamera/pkg/tracecheck/reconciler.go:82\ngithub.com/tgoodwin/kamera/pkg/tracecheck.(*ReconcilerContainer).doReconcile\n\t/Users/tgoodwin/projects/kamera/pkg/tracecheck/reconciler.go:164\ngithub.com/tgoodwin/kamera/pkg/tracecheck.(*Explorer).reconcileAtState\n\t/Users/tgoodwin/projects/kamera/pkg/tracecheck/explore.go:1313\ngithub.com/tgoodwin/kamera/pkg/tracecheck.(*Explorer).takeReconcileStep\n\t/Users/tgoodwin/projects/kamera/pkg/tracecheck/explore.go:1228\ngithub.com/tgoodwin/kamera/pkg/tracecheck.(*Explorer).explore\n\t/Users/tgoodwin/projects/kamera/pkg/tracecheck/explore.go:790\ngithub.com/tgoodwin/kamera/pkg/tracecheck.(*Explorer).Explore.func1\n\t/Users/tgoodwin/projects/kamera/pkg/tracecheck/explore.go:330"}
{"level":"error","ts":"2026-01-13T16:47:47-08:00","logger":"tracegen","msg":"creating event","error":"failed to get change ID: Event does not have a change ID","stacktrace":"github.com/tgoodwin/kamera/pkg/tracegen.(*Client).LogOperation\n\t/Users/tgoodwin/projects/kamera/pkg/tracegen/client.go:106\ngithub.com/tgoodwin/kamera/pkg/tracegen.(*Client).Get\n\t/Users/tgoodwin/projects/kamera/pkg/tracegen/client.go:178\ngithub.com/tgoodwin/kamera/sleevectrl/pkg/controller.(*FinalizerReconciler).Reconcile\n\t/Users/tgoodwin/projects/kamera/sleevectrl/pkg/controller/sleeve_finalizer_controller.go:41\ngithub.com/tgoodwin/kamera/pkg/tracecheck.(*ControllerRuntimeStrategy).ReconcileAtState\n\t/Users/tgoodwin/projects/kamera/pkg/tracecheck/reconciler.go:82\ngithub.com/tgoodwin/kamera/pkg/tracecheck.(*ReconcilerContainer).doReconcile\n\t/Users/tgoodwin/projects/kamera/pkg/tracecheck/reconciler.go:164\ngithub.com/tgoodwin/kamera/pkg/tracecheck.(*Explorer).reconcileAtState\n\t/Users/tgoodwin/projects/kamera/pkg/tracecheck/explore.go:1313\ngithub.com/tgoodwin/kamera/pkg/tracecheck.(*Explorer).takeReconcileStep\n\t/Users/tgoodwin/projects/kamera/pkg/tracecheck/explore.go:1228\ngithub.com/tgoodwin/kamera/pkg/tracecheck.(*Explorer).explore\n\t/Users/tgoodwin/projects/kamera/pkg/tracecheck/explore.go:790\ngithub.com/tgoodwin/kamera/pkg/tracecheck.(*Explorer).Explore.func1\n\t/Users/tgoodwin/projects/kamera/pkg/tracecheck/explore.go:330"}
{"level":"error","ts":"2026-01-13T16:47:47-08:00","logger":"tracegen","msg":"creating event","error":"failed to get change ID: Event does not have a change ID","stacktrace":"github.com/tgoodwin/kamera/pkg/tracegen.(*Client).LogOperation\n\t/Users/tgoodwin/projects/kamera/pkg/tracegen/client.go:106\ngithub.com/tgoodwin/kamera/sleevectrl/pkg/controller.(*FinalizerReconciler).Reconcile\n\t/Users/tgoodwin/projects/kamera/sleevectrl/pkg/controller/sleeve_finalizer_controller.go:69\ngithub.com/tgoodwin/kamera/pkg/tracecheck.(*ControllerRuntimeStrategy).ReconcileAtState\n\t/Users/tgoodwin/projects/kamera/pkg/tracecheck/reconciler.go:82\ngithub.com/tgoodwin/kamera/pkg/tracecheck.(*ReconcilerContainer).doReconcile\n\t/Users/tgoodwin/projects/kamera/pkg/tracecheck/reconciler.go:164\ngithub.com/tgoodwin/kamera/pkg/tracecheck.(*Explorer).reconcileAtState\n\t/Users/tgoodwin/projects/kamera/pkg/tracecheck/explore.go:1313\ngithub.com/tgoodwin/kamera/pkg/tracecheck.(*Explorer).takeReconcileStep\n\t/Users/tgoodwin/projects/kamera/pkg/tracecheck/explore.go:1228\ngithub.com/tgoodwin/kamera/pkg/tracecheck.(*Explorer).explore\n\t/Users/tgoodwin/projects/kamera/pkg/tracecheck/explore.go:790\ngithub.com/tgoodwin/kamera/pkg/tracecheck.(*Explorer).Explore.func1\n\t/Users/tgoodwin/projects/kamera/pkg/tracecheck/explore.go:330"}
{"level":"info","ts":"2026-01-13T16:47:47-08:00","logger":"tracecheck","msg":"Taking reconcile step","Depth":76,"# Distinct States":97,"Total States":97,"Resource States":43}
{"level":"info","ts":"2026-01-13T16:47:47-08:00","logger":"tracecheck","msg":"Taking reconcile step","Depth":77,"# Distinct States":98,"Total States":98,"Resource States":43}
{"level":"info","ts":"2026-01-13T16:47:47-08:00","logger":"tracecheck","msg":"Updated ReplicaSet status","Depth":77,"# Distinct States":98,"Total States":98,"Resource States":43,"name":"kamera-test-deployment-1488584584"}
{"level":"info","ts":"2026-01-13T16:47:47-08:00","logger":"tracecheck","msg":"Taking reconcile step","Depth":78,"# Distinct States":99,"Total States":99,"Resource States":43}
{"level":"info","ts":"2026-01-13T16:47:47-08:00","logger":"KPAReconciler.seed","msg":"added podscalable to informer","resource":"deployments","namespace":"default","name":"kamera-test-deployment","stage":"podscalable-add","keys":["default/kamera-test-deployment"]}
{"level":"info","ts":"2026-01-13T16:47:47-08:00","logger":"KPAReconciler.seed","msg":"podscalable visible to lister","resource":"deployments","namespace":"default","name":"kamera-test-deployment","stage":"podscalable-lister","object":{"apiVersion":"autoscaling.internal.knative.dev/v1alpha1","kind":"PodScalable","namespace":"default","name":"kamera-test-deployment"}}
{"level":"info","ts":1768351667.457089,"logger":"fallback","caller":"kpa/controller.go:77","msg":"Setting up ConfigMap receivers"}
{"level":"info","ts":1768351667.4571981,"logger":"fallback","caller":"kpa/controller.go:91","msg":"Setting up KPA-Class event handlers"}
{"level":"info","ts":1768351667.457322,"logger":"fallback","caller":"kpa/kpa.go:158","msg":"SKS should be in Proxy mode: want = 0, ebc = 0, #act's = 2 PA Inactive? = true"}
{"level":"info","ts":1768351667.4573429,"logger":"fallback","caller":"kpa/kpa.go:178","msg":"PA scale got=0, want=0, desiredPods=0 ebc=0"}
{"level":"info","ts":1768351667.457354,"logger":"fallback","caller":"kpa/kpa.go:188","msg":"Observed pod counts=kpa.podCounts{want:0, ready:0, notReady:0, pending:0, terminating:0}"}
{"level":"info","ts":"2026-01-13T16:47:47-08:00","logger":"KPAReconciler.reconcile","msg":"reconcile completed","key":"default/kamera-test","reconciler":"knative.dev.serving.pkg.reconciler.autoscaling.kpa.Reconciler","requeue":false,"requeueAfter":0}
{"level":"info","ts":"2026-01-13T16:47:47-08:00","logger":"tracecheck","msg":"Taking reconcile step","Depth":79,"# Distinct States":100,"Total States":100,"Resource States":43}
{"level":"info","ts":"2026-01-13T16:47:47-08:00","logger":"tracecheck","msg":"Taking reconcile step","Depth":80,"# Distinct States":101,"Total States":101,"Resource States":43}
{"level":"info","ts":"2026-01-13T16:47:47-08:00","logger":"ConfigurationReconciler.seed","msg":"added podscalable to informer","resource":"deployments","namespace":"default","name":"kamera-test-deployment","stage":"podscalable-add","keys":["default/kamera-test-deployment"]}
{"level":"info","ts":"2026-01-13T16:47:47-08:00","logger":"ConfigurationReconciler.seed","msg":"podscalable visible to lister","resource":"deployments","namespace":"default","name":"kamera-test-deployment","stage":"podscalable-lister","object":{"apiVersion":"autoscaling.internal.knative.dev/v1alpha1","kind":"PodScalable","namespace":"default","name":"kamera-test-deployment"}}
{"level":"info","ts":1768351667.565989,"logger":"fallback","caller":"configuration/configuration.go:106","msg":"Revision \"kamera-test\" of configuration is ready"}
{"level":"info","ts":"2026-01-13T16:47:47-08:00","logger":"ConfigurationReconciler.reconcile","msg":"reconcile completed","key":"default/demo","reconciler":"knative.dev.serving.pkg.reconciler.configuration.Reconciler","requeue":false,"requeueAfter":0}
{"level":"info","ts":"2026-01-13T16:47:47-08:00","logger":"tracecheck","msg":"Taking reconcile step","Depth":81,"# Distinct States":102,"Total States":102,"Resource States":43}
{"level":"info","ts":"2026-01-13T16:47:47-08:00","logger":"RevisionReconciler.seed","msg":"added podscalable to informer","resource":"deployments","namespace":"default","name":"kamera-test-deployment","stage":"podscalable-add","keys":["default/kamera-test-deployment"]}
{"level":"info","ts":"2026-01-13T16:47:47-08:00","logger":"RevisionReconciler.seed","msg":"podscalable visible to lister","resource":"deployments","namespace":"default","name":"kamera-test-deployment","stage":"podscalable-lister","object":{"apiVersion":"autoscaling.internal.knative.dev/v1alpha1","kind":"PodScalable","namespace":"default","name":"kamera-test-deployment"}}
{"level":"error","ts":1768351667.672207,"logger":"fallback","caller":"revision/controller.go:116","msg":"Failed to create resolver transport","error":"open /var/run/secrets/kubernetes.io/serviceaccount/ca.crt: no such file or directory","stacktrace":"knative.dev/serving/pkg/reconciler/revision.newControllerWithOptions\n\t/Users/tgoodwin/tmp/gomodcache/knative.dev/serving@v0.46.5/pkg/reconciler/revision/controller.go:116\nknative.dev/serving/pkg/reconciler/revision.NewController\n\t/Users/tgoodwin/tmp/gomodcache/knative.dev/serving@v0.46.5/pkg/reconciler/revision/controller.go:64\nmain.configureKnativeExplorer.func1.1\n\t/Users/tgoodwin/projects/kamera/examples/knative-serving/scenario.go:91\ngithub.com/tgoodwin/kamera/examples/knative-serving/knative.NewKnativeStrategy.func1\n\t/Users/tgoodwin/projects/kamera/examples/knative-serving/knative/harness.go:555\ngithub.com/tgoodwin/kamera/examples/knative-serving/knative.(*KnativeStrategy).ReconcileAtState\n\t/Users/tgoodwin/projects/kamera/examples/knative-serving/knative/harness.go:895\ngithub.com/tgoodwin/kamera/pkg/tracecheck.(*ReconcilerContainer).doReconcile\n\t/Users/tgoodwin/projects/kamera/pkg/tracecheck/reconciler.go:164\ngithub.com/tgoodwin/kamera/pkg/tracecheck.(*Explorer).reconcileAtState\n\t/Users/tgoodwin/projects/kamera/pkg/tracecheck/explore.go:1313\ngithub.com/tgoodwin/kamera/pkg/tracecheck.(*Explorer).takeReconcileStep\n\t/Users/tgoodwin/projects/kamera/pkg/tracecheck/explore.go:1228\ngithub.com/tgoodwin/kamera/pkg/tracecheck.(*Explorer).explore\n\t/Users/tgoodwin/projects/kamera/pkg/tracecheck/explore.go:790\ngithub.com/tgoodwin/kamera/pkg/tracecheck.(*Explorer).Explore.func1\n\t/Users/tgoodwin/projects/kamera/pkg/tracecheck/explore.go:330"}
{"level":"info","ts":1768351667.672566,"logger":"fallback","caller":"revision/reconcile_resources.go:161","msg":"Reconciling PA: kamera-test"}
{"level":"info","ts":"2026-01-13T16:47:47-08:00","logger":"RevisionReconciler.reconcile","msg":"reconcile completed","key":"default/kamera-test","reconciler":"knative.dev.serving.pkg.reconciler.revision.Reconciler","requeue":false,"requeueAfter":0}
{"level":"info","ts":"2026-01-13T16:47:47-08:00","logger":"tracecheck","msg":"Taking reconcile step","Depth":82,"# Distinct States":103,"Total States":103,"Resource States":43}
{"level":"info","ts":"2026-01-13T16:47:47-08:00","logger":"tracecheck","msg":"Updated Deployment status","Depth":82,"# Distinct States":103,"Total States":103,"Resource States":43,"name":"kamera-test-deployment"}
{"level":"info","ts":"2026-01-13T16:47:47-08:00","logger":"tracecheck","msg":"Taking reconcile step","Depth":71,"# Distinct States":104,"Total States":104,"Resource States":43}
{"level":"info","ts":"2026-01-13T16:47:47-08:00","logger":"RevisionReconciler.seed","msg":"added podscalable to informer","resource":"deployments","namespace":"default","name":"kamera-test-deployment","stage":"podscalable-add","keys":["default/kamera-test-deployment"]}
{"level":"info","ts":"2026-01-13T16:47:47-08:00","logger":"RevisionReconciler.seed","msg":"podscalable visible to lister","resource":"deployments","namespace":"default","name":"kamera-test-deployment","stage":"podscalable-lister","object":{"apiVersion":"autoscaling.internal.knative.dev/v1alpha1","kind":"PodScalable","namespace":"default","name":"kamera-test-deployment"}}
{"level":"error","ts":1768351667.7863638,"logger":"fallback","caller":"revision/controller.go:116","msg":"Failed to create resolver transport","error":"open /var/run/secrets/kubernetes.io/serviceaccount/ca.crt: no such file or directory","stacktrace":"knative.dev/serving/pkg/reconciler/revision.newControllerWithOptions\n\t/Users/tgoodwin/tmp/gomodcache/knative.dev/serving@v0.46.5/pkg/reconciler/revision/controller.go:116\nknative.dev/serving/pkg/reconciler/revision.NewController\n\t/Users/tgoodwin/tmp/gomodcache/knative.dev/serving@v0.46.5/pkg/reconciler/revision/controller.go:64\nmain.configureKnativeExplorer.func1.1\n\t/Users/tgoodwin/projects/kamera/examples/knative-serving/scenario.go:91\ngithub.com/tgoodwin/kamera/examples/knative-serving/knative.NewKnativeStrategy.func1\n\t/Users/tgoodwin/projects/kamera/examples/knative-serving/knative/harness.go:555\ngithub.com/tgoodwin/kamera/examples/knative-serving/knative.(*KnativeStrategy).ReconcileAtState\n\t/Users/tgoodwin/projects/kamera/examples/knative-serving/knative/harness.go:895\ngithub.com/tgoodwin/kamera/pkg/tracecheck.(*ReconcilerContainer).doReconcile\n\t/Users/tgoodwin/projects/kamera/pkg/tracecheck/reconciler.go:164\ngithub.com/tgoodwin/kamera/pkg/tracecheck.(*Explorer).reconcileAtState\n\t/Users/tgoodwin/projects/kamera/pkg/tracecheck/explore.go:1313\ngithub.com/tgoodwin/kamera/pkg/tracecheck.(*Explorer).takeReconcileStep\n\t/Users/tgoodwin/projects/kamera/pkg/tracecheck/explore.go:1228\ngithub.com/tgoodwin/kamera/pkg/tracecheck.(*Explorer).explore\n\t/Users/tgoodwin/projects/kamera/pkg/tracecheck/explore.go:790\ngithub.com/tgoodwin/kamera/pkg/tracecheck.(*Explorer).Explore.func1\n\t/Users/tgoodwin/projects/kamera/pkg/tracecheck/explore.go:330"}
{"level":"info","ts":1768351667.787094,"logger":"fallback","caller":"revision/reconcile_resources.go:161","msg":"Reconciling PA: kamera-test"}
{"level":"info","ts":"2026-01-13T16:47:47-08:00","logger":"RevisionReconciler.reconcile","msg":"reconcile completed","key":"default/kamera-test","reconciler":"knative.dev.serving.pkg.reconciler.revision.Reconciler","requeue":false,"requeueAfter":0}
{"level":"info","ts":"2026-01-13T16:47:47-08:00","logger":"tracecheck","msg":"Taking reconcile step","Depth":72,"# Distinct States":105,"Total States":105,"Resource States":43}
{"level":"info","ts":"2026-01-13T16:47:47-08:00","logger":"tracecheck","msg":"Taking reconcile step","Depth":73,"# Distinct States":106,"Total States":106,"Resource States":43}
{"level":"info","ts":"2026-01-13T16:47:47-08:00","logger":"tracecheck","msg":"Taking reconcile step","Depth":74,"# Distinct States":107,"Total States":107,"Resource States":43}
{"level":"info","ts":"2026-01-13T16:47:47-08:00","logger":"RouteReconciler.seed","msg":"added podscalable to informer","resource":"deployments","namespace":"default","name":"kamera-test-deployment","stage":"podscalable-add","keys":["default/kamera-test-deployment"]}
{"level":"info","ts":"2026-01-13T16:47:47-08:00","logger":"RouteReconciler.seed","msg":"podscalable visible to lister","resource":"deployments","namespace":"default","name":"kamera-test-deployment","stage":"podscalable-lister","object":{"apiVersion":"autoscaling.internal.knative.dev/v1alpha1","kind":"PodScalable","namespace":"default","name":"kamera-test-deployment"}}
{"level":"info","ts":1768351667.896696,"logger":"fallback","caller":"route/route.go:465","msg":"Revision default/kamera-test is inactive"}
{"level":"info","ts":1768351667.896721,"logger":"fallback","caller":"route/route.go:487","msg":"All referred targets are routable, marking AllTrafficAssigned with traffic information."}
{"level":"info","ts":1768351667.896734,"logger":"fallback","caller":"route/route.go:140","msg":"Creating placeholder k8s services"}
{"level":"info","ts":1768351667.896805,"logger":"fallback","caller":"route/route.go:176","msg":"Updating placeholder k8s services with ingress information"}
{"level":"info","ts":1768351667.896842,"logger":"fallback","caller":"route/route.go:198","msg":"Route successfully synced"}
{"level":"info","ts":"2026-01-13T16:47:47-08:00","logger":"RouteReconciler.reconcile","msg":"reconcile completed","key":"default/demo","reconciler":"knative.dev.serving.pkg.reconciler.route.Reconciler","requeue":false,"requeueAfter":0}
{"level":"info","ts":"2026-01-13T16:47:47-08:00","logger":"tracecheck","msg":"Taking reconcile step","Depth":75,"# Distinct States":108,"Total States":108,"Resource States":43}
{"level":"info","ts":"2026-01-13T16:47:48-08:00","logger":"ServiceReconciler.seed","msg":"added podscalable to informer","resource":"deployments","namespace":"default","name":"kamera-test-deployment","stage":"podscalable-add","keys":["default/kamera-test-deployment"]}
{"level":"info","ts":"2026-01-13T16:47:48-08:00","logger":"ServiceReconciler.seed","msg":"podscalable visible to lister","resource":"deployments","namespace":"default","name":"kamera-test-deployment","stage":"podscalable-lister","object":{"apiVersion":"autoscaling.internal.knative.dev/v1alpha1","kind":"PodScalable","namespace":"default","name":"kamera-test-deployment"}}
{"level":"info","ts":1768351668.0032299,"logger":"fallback","caller":"service/service.go:171","msg":"Service reconciler fetching Route from lister: name=demo, namespace=default"}
{"level":"info","ts":1768351668.003249,"logger":"fallback","caller":"service/service.go:174","msg":"Service reconciler got Route from lister: name=demo, Generation=1, ObservedGeneration=1, ResourceVersion="}
{"level":"info","ts":1768351668.0032718,"logger":"fallback","caller":"service/service.go:126","msg":"Service reconciler checking Route: name=demo, Generation=1, ObservedGeneration=1, Ready=True (reason=, message=), generationMatch=true, routeResourceVersion="}
{"level":"info","ts":1768351668.0032792,"logger":"fallback","caller":"service/service.go:136","msg":"Service reconciler calling PropagateRouteStatus() because Generation == ObservedGeneration"}
{"level":"info","ts":"2026-01-13T16:47:48-08:00","logger":"ServiceReconciler.reconcile","msg":"reconcile completed","key":"default/demo","reconciler":"knative.dev.serving.pkg.reconciler.service.Reconciler","requeue":false,"requeueAfter":0}
{"level":"info","ts":"2026-01-13T16:47:48-08:00","logger":"tracecheck","msg":"Taking reconcile step","Depth":76,"# Distinct States":109,"Total States":109,"Resource States":43}
{"level":"error","ts":"2026-01-13T16:47:48-08:00","logger":"tracegen","msg":"setting root context","Kind":"/v1, Kind=Pod","Name":"kamera-test-deployment-1488584584-0","NewRootID":"","labels":{"app":"kamera-test","discrete.events/sleeve-object-id":"37jmqvjn","pod-template-hash":"1488584584","serving.knative.dev/configuration":"demo","serving.knative.dev/configurationGeneration":"1","serving.knative.dev/revision":"kamera-test","serving.knative.dev/revisionUID":"","serving.knative.dev/service":"demo"},"error":"no root ID set on object - is this namespace handled by the sleeve webhook?","stacktrace":"github.com/tgoodwin/kamera/pkg/tracegen.(*ContextTracker).setRootContextFromObservation\n\t/Users/tgoodwin/projects/kamera/pkg/tracegen/context.go:153\ngithub.com/tgoodwin/kamera/pkg/tracegen.(*ContextTracker).TrackOperation\n\t/Users/tgoodwin/projects/kamera/pkg/tracegen/context.go:197\ngithub.com/tgoodwin/kamera/pkg/tracegen.(*Client).Get\n\t/Users/tgoodwin/projects/kamera/pkg/tracegen/client.go:177\ngithub.com/tgoodwin/kamera/sleevectrl/pkg/controller.(*FinalizerReconciler).Reconcile\n\t/Users/tgoodwin/projects/kamera/sleevectrl/pkg/controller/sleeve_finalizer_controller.go:41\ngithub.com/tgoodwin/kamera/pkg/tracecheck.(*ControllerRuntimeStrategy).ReconcileAtState\n\t/Users/tgoodwin/projects/kamera/pkg/tracecheck/reconciler.go:82\ngithub.com/tgoodwin/kamera/pkg/tracecheck.(*ReconcilerContainer).doReconcile\n\t/Users/tgoodwin/projects/kamera/pkg/tracecheck/reconciler.go:164\ngithub.com/tgoodwin/kamera/pkg/tracecheck.(*Explorer).reconcileAtState\n\t/Users/tgoodwin/projects/kamera/pkg/tracecheck/explore.go:1313\ngithub.com/tgoodwin/kamera/pkg/tracecheck.(*Explorer).takeReconcileStep\n\t/Users/tgoodwin/projects/kamera/pkg/tracecheck/explore.go:1228\ngithub.com/tgoodwin/kamera/pkg/tracecheck.(*Explorer).explore\n\t/Users/tgoodwin/projects/kamera/pkg/tracecheck/explore.go:790\ngithub.com/tgoodwin/kamera/pkg/tracecheck.(*Explorer).Explore.func1\n\t/Users/tgoodwin/projects/kamera/pkg/tracecheck/explore.go:330"}
{"level":"error","ts":"2026-01-13T16:47:48-08:00","logger":"tracegen","msg":"rootID is empty","Kind":"/v1, Kind=Pod","Name":"kamera-test-deployment-1488584584-0","NewRootID":"","stacktrace":"github.com/tgoodwin/kamera/pkg/tracegen.(*ContextTracker).setRootContextFromObservation\n\t/Users/tgoodwin/projects/kamera/pkg/tracegen/context.go:157\ngithub.com/tgoodwin/kamera/pkg/tracegen.(*ContextTracker).TrackOperation\n\t/Users/tgoodwin/projects/kamera/pkg/tracegen/context.go:197\ngithub.com/tgoodwin/kamera/pkg/tracegen.(*Client).Get\n\t/Users/tgoodwin/projects/kamera/pkg/tracegen/client.go:177\ngithub.com/tgoodwin/kamera/sleevectrl/pkg/controller.(*FinalizerReconciler).Reconcile\n\t/Users/tgoodwin/projects/kamera/sleevectrl/pkg/controller/sleeve_finalizer_controller.go:41\ngithub.com/tgoodwin/kamera/pkg/tracecheck.(*ControllerRuntimeStrategy).ReconcileAtState\n\t/Users/tgoodwin/projects/kamera/pkg/tracecheck/reconciler.go:82\ngithub.com/tgoodwin/kamera/pkg/tracecheck.(*ReconcilerContainer).doReconcile\n\t/Users/tgoodwin/projects/kamera/pkg/tracecheck/reconciler.go:164\ngithub.com/tgoodwin/kamera/pkg/tracecheck.(*Explorer).reconcileAtState\n\t/Users/tgoodwin/projects/kamera/pkg/tracecheck/explore.go:1313\ngithub.com/tgoodwin/kamera/pkg/tracecheck.(*Explorer).takeReconcileStep\n\t/Users/tgoodwin/projects/kamera/pkg/tracecheck/explore.go:1228\ngithub.com/tgoodwin/kamera/pkg/tracecheck.(*Explorer).explore\n\t/Users/tgoodwin/projects/kamera/pkg/tracecheck/explore.go:790\ngithub.com/tgoodwin/kamera/pkg/tracecheck.(*Explorer).Explore.func1\n\t/Users/tgoodwin/projects/kamera/pkg/tracecheck/explore.go:330"}
{"level":"error","ts":"2026-01-13T16:47:48-08:00","logger":"tracegen","msg":"creating event","error":"failed to get change ID: Event does not have a change ID","stacktrace":"github.com/tgoodwin/kamera/pkg/tracegen.(*Client).LogOperation\n\t/Users/tgoodwin/projects/kamera/pkg/tracegen/client.go:106\ngithub.com/tgoodwin/kamera/pkg/tracegen.(*Client).Get\n\t/Users/tgoodwin/projects/kamera/pkg/tracegen/client.go:178\ngithub.com/tgoodwin/kamera/sleevectrl/pkg/controller.(*FinalizerReconciler).Reconcile\n\t/Users/tgoodwin/projects/kamera/sleevectrl/pkg/controller/sleeve_finalizer_controller.go:41\ngithub.com/tgoodwin/kamera/pkg/tracecheck.(*ControllerRuntimeStrategy).ReconcileAtState\n\t/Users/tgoodwin/projects/kamera/pkg/tracecheck/reconciler.go:82\ngithub.com/tgoodwin/kamera/pkg/tracecheck.(*ReconcilerContainer).doReconcile\n\t/Users/tgoodwin/projects/kamera/pkg/tracecheck/reconciler.go:164\ngithub.com/tgoodwin/kamera/pkg/tracecheck.(*Explorer).reconcileAtState\n\t/Users/tgoodwin/projects/kamera/pkg/tracecheck/explore.go:1313\ngithub.com/tgoodwin/kamera/pkg/tracecheck.(*Explorer).takeReconcileStep\n\t/Users/tgoodwin/projects/kamera/pkg/tracecheck/explore.go:1228\ngithub.com/tgoodwin/kamera/pkg/tracecheck.(*Explorer).explore\n\t/Users/tgoodwin/projects/kamera/pkg/tracecheck/explore.go:790\ngithub.com/tgoodwin/kamera/pkg/tracecheck.(*Explorer).Explore.func1\n\t/Users/tgoodwin/projects/kamera/pkg/tracecheck/explore.go:330"}
{"level":"error","ts":"2026-01-13T16:47:48-08:00","logger":"tracegen","msg":"creating event","error":"failed to get change ID: Event does not have a change ID","stacktrace":"github.com/tgoodwin/kamera/pkg/tracegen.(*Client).LogOperation\n\t/Users/tgoodwin/projects/kamera/pkg/tracegen/client.go:106\ngithub.com/tgoodwin/kamera/sleevectrl/pkg/controller.(*FinalizerReconciler).Reconcile\n\t/Users/tgoodwin/projects/kamera/sleevectrl/pkg/controller/sleeve_finalizer_controller.go:69\ngithub.com/tgoodwin/kamera/pkg/tracecheck.(*ControllerRuntimeStrategy).ReconcileAtState\n\t/Users/tgoodwin/projects/kamera/pkg/tracecheck/reconciler.go:82\ngithub.com/tgoodwin/kamera/pkg/tracecheck.(*ReconcilerContainer).doReconcile\n\t/Users/tgoodwin/projects/kamera/pkg/tracecheck/reconciler.go:164\ngithub.com/tgoodwin/kamera/pkg/tracecheck.(*Explorer).reconcileAtState\n\t/Users/tgoodwin/projects/kamera/pkg/tracecheck/explore.go:1313\ngithub.com/tgoodwin/kamera/pkg/tracecheck.(*Explorer).takeReconcileStep\n\t/Users/tgoodwin/projects/kamera/pkg/tracecheck/explore.go:1228\ngithub.com/tgoodwin/kamera/pkg/tracecheck.(*Explorer).explore\n\t/Users/tgoodwin/projects/kamera/pkg/tracecheck/explore.go:790\ngithub.com/tgoodwin/kamera/pkg/tracecheck.(*Explorer).Explore.func1\n\t/Users/tgoodwin/projects/kamera/pkg/tracecheck/explore.go:330"}
{"level":"info","ts":"2026-01-13T16:47:48-08:00","logger":"tracecheck","msg":"Taking reconcile step","Depth":77,"# Distinct States":110,"Total States":110,"Resource States":43}
{"level":"info","ts":"2026-01-13T16:47:48-08:00","logger":"tracecheck","msg":"Taking reconcile step","Depth":78,"# Distinct States":111,"Total States":111,"Resource States":43}
{"level":"info","ts":"2026-01-13T16:47:48-08:00","logger":"tracecheck","msg":"Updated ReplicaSet status","Depth":78,"# Distinct States":111,"Total States":111,"Resource States":43,"name":"kamera-test-deployment-1488584584"}
{"level":"info","ts":"2026-01-13T16:47:48-08:00","logger":"tracecheck","msg":"Taking reconcile step","Depth":79,"# Distinct States":112,"Total States":112,"Resource States":43}
{"level":"info","ts":"2026-01-13T16:47:48-08:00","logger":"KPAReconciler.seed","msg":"added podscalable to informer","resource":"deployments","namespace":"default","name":"kamera-test-deployment","stage":"podscalable-add","keys":["default/kamera-test-deployment"]}
{"level":"info","ts":"2026-01-13T16:47:48-08:00","logger":"KPAReconciler.seed","msg":"podscalable visible to lister","resource":"deployments","namespace":"default","name":"kamera-test-deployment","stage":"podscalable-lister","object":{"apiVersion":"autoscaling.internal.knative.dev/v1alpha1","kind":"PodScalable","namespace":"default","name":"kamera-test-deployment"}}
{"level":"info","ts":1768351668.117463,"logger":"fallback","caller":"kpa/controller.go:77","msg":"Setting up ConfigMap receivers"}
{"level":"info","ts":1768351668.117534,"logger":"fallback","caller":"kpa/controller.go:91","msg":"Setting up KPA-Class event handlers"}
{"level":"info","ts":1768351668.1176078,"logger":"fallback","caller":"kpa/kpa.go:158","msg":"SKS should be in Proxy mode: want = 0, ebc = 0, #act's = 2 PA Inactive? = true"}
{"level":"info","ts":1768351668.11762,"logger":"fallback","caller":"kpa/kpa.go:178","msg":"PA scale got=0, want=0, desiredPods=0 ebc=0"}
{"level":"info","ts":1768351668.117627,"logger":"fallback","caller":"kpa/kpa.go:188","msg":"Observed pod counts=kpa.podCounts{want:0, ready:0, notReady:0, pending:0, terminating:0}"}
{"level":"info","ts":"2026-01-13T16:47:48-08:00","logger":"KPAReconciler.reconcile","msg":"reconcile completed","key":"default/kamera-test","reconciler":"knative.dev.serving.pkg.reconciler.autoscaling.kpa.Reconciler","requeue":false,"requeueAfter":0}
{"level":"info","ts":"2026-01-13T16:47:48-08:00","logger":"tracecheck","msg":"Taking reconcile step","Depth":80,"# Distinct States":113,"Total States":113,"Resource States":43}
{"level":"info","ts":"2026-01-13T16:47:48-08:00","logger":"tracecheck","msg":"Taking reconcile step","Depth":59,"# Distinct States":115,"Total States":115,"Resource States":43}
{"level":"info","ts":"2026-01-13T16:47:48-08:00","logger":"RevisionReconciler.seed","msg":"added podscalable to informer","resource":"deployments","namespace":"default","name":"kamera-test-deployment","stage":"podscalable-add","keys":["default/kamera-test-deployment"]}
{"level":"info","ts":"2026-01-13T16:47:48-08:00","logger":"RevisionReconciler.seed","msg":"podscalable visible to lister","resource":"deployments","namespace":"default","name":"kamera-test-deployment","stage":"podscalable-lister","object":{"apiVersion":"autoscaling.internal.knative.dev/v1alpha1","kind":"PodScalable","namespace":"default","name":"kamera-test-deployment"}}
{"level":"error","ts":1768351668.225672,"logger":"fallback","caller":"revision/controller.go:116","msg":"Failed to create resolver transport","error":"open /var/run/secrets/kubernetes.io/serviceaccount/ca.crt: no such file or directory","stacktrace":"knative.dev/serving/pkg/reconciler/revision.newControllerWithOptions\n\t/Users/tgoodwin/tmp/gomodcache/knative.dev/serving@v0.46.5/pkg/reconciler/revision/controller.go:116\nknative.dev/serving/pkg/reconciler/revision.NewController\n\t/Users/tgoodwin/tmp/gomodcache/knative.dev/serving@v0.46.5/pkg/reconciler/revision/controller.go:64\nmain.configureKnativeExplorer.func1.1\n\t/Users/tgoodwin/projects/kamera/examples/knative-serving/scenario.go:91\ngithub.com/tgoodwin/kamera/examples/knative-serving/knative.NewKnativeStrategy.func1\n\t/Users/tgoodwin/projects/kamera/examples/knative-serving/knative/harness.go:555\ngithub.com/tgoodwin/kamera/examples/knative-serving/knative.(*KnativeStrategy).ReconcileAtState\n\t/Users/tgoodwin/projects/kamera/examples/knative-serving/knative/harness.go:895\ngithub.com/tgoodwin/kamera/pkg/tracecheck.(*ReconcilerContainer).doReconcile\n\t/Users/tgoodwin/projects/kamera/pkg/tracecheck/reconciler.go:164\ngithub.com/tgoodwin/kamera/pkg/tracecheck.(*Explorer).reconcileAtState\n\t/Users/tgoodwin/projects/kamera/pkg/tracecheck/explore.go:1313\ngithub.com/tgoodwin/kamera/pkg/tracecheck.(*Explorer).takeReconcileStep\n\t/Users/tgoodwin/projects/kamera/pkg/tracecheck/explore.go:1228\ngithub.com/tgoodwin/kamera/pkg/tracecheck.(*Explorer).explore\n\t/Users/tgoodwin/projects/kamera/pkg/tracecheck/explore.go:790\ngithub.com/tgoodwin/kamera/pkg/tracecheck.(*Explorer).Explore.func1\n\t/Users/tgoodwin/projects/kamera/pkg/tracecheck/explore.go:330"}
{"level":"info","ts":1768351668.225905,"logger":"fallback","caller":"revision/reconcile_resources.go:161","msg":"Reconciling PA: kamera-test"}
{"level":"info","ts":"2026-01-13T16:47:48-08:00","logger":"RevisionReconciler.reconcile","msg":"reconcile completed","key":"default/kamera-test","reconciler":"knative.dev.serving.pkg.reconciler.revision.Reconciler","requeue":false,"requeueAfter":0}
{"level":"info","ts":"2026-01-13T16:47:48-08:00","logger":"tracecheck","msg":"Taking reconcile step","Depth":60,"# Distinct States":116,"Total States":116,"Resource States":43}
{"level":"info","ts":"2026-01-13T16:47:48-08:00","logger":"KPAReconciler.seed","msg":"added podscalable to informer","resource":"deployments","namespace":"default","name":"kamera-test-deployment","stage":"podscalable-add","keys":["default/kamera-test-deployment"]}
{"level":"info","ts":"2026-01-13T16:47:48-08:00","logger":"KPAReconciler.seed","msg":"podscalable visible to lister","resource":"deployments","namespace":"default","name":"kamera-test-deployment","stage":"podscalable-lister","object":{"apiVersion":"autoscaling.internal.knative.dev/v1alpha1","kind":"PodScalable","namespace":"default","name":"kamera-test-deployment"}}
{"level":"info","ts":1768351668.331908,"logger":"fallback","caller":"kpa/controller.go:77","msg":"Setting up ConfigMap receivers"}
{"level":"info","ts":1768351668.332004,"logger":"fallback","caller":"kpa/controller.go:91","msg":"Setting up KPA-Class event handlers"}
{"level":"info","ts":1768351668.3321118,"logger":"fallback","caller":"kpa/kpa.go:158","msg":"SKS should be in Proxy mode: want = 0, ebc = 0, #act's = 2 PA Inactive? = true"}
{"level":"info","ts":1768351668.332132,"logger":"fallback","caller":"kpa/kpa.go:178","msg":"PA scale got=1, want=0, desiredPods=0 ebc=0"}
{"level":"info","ts":1768351668.332143,"logger":"fallback","caller":"kpa/kpa.go:188","msg":"Observed pod counts=kpa.podCounts{want:0, ready:1, notReady:0, pending:0, terminating:0}"}
{"level":"info","ts":"2026-01-13T16:47:48-08:00","logger":"KPAReconciler.reconcile","msg":"reconcile completed","key":"default/kamera-test","reconciler":"knative.dev.serving.pkg.reconciler.autoscaling.kpa.Reconciler","requeue":false,"requeueAfter":0}
{"level":"info","ts":"2026-01-13T16:47:48-08:00","logger":"tracecheck","msg":"Taking reconcile step","Depth":61,"# Distinct States":117,"Total States":117,"Resource States":43}
{"level":"info","ts":"2026-01-13T16:47:48-08:00","logger":"tracecheck","msg":"Taking reconcile step","Depth":62,"# Distinct States":118,"Total States":118,"Resource States":43}
{"level":"info","ts":"2026-01-13T16:47:48-08:00","logger":"tracecheck","msg":"Taking reconcile step","Depth":63,"# Distinct States":119,"Total States":119,"Resource States":43}
{"level":"info","ts":"2026-01-13T16:47:48-08:00","logger":"RouteReconciler.seed","msg":"added podscalable to informer","resource":"deployments","namespace":"default","name":"kamera-test-deployment","stage":"podscalable-add","keys":["default/kamera-test-deployment"]}
{"level":"info","ts":"2026-01-13T16:47:48-08:00","logger":"RouteReconciler.seed","msg":"podscalable visible to lister","resource":"deployments","namespace":"default","name":"kamera-test-deployment","stage":"podscalable-lister","object":{"apiVersion":"autoscaling.internal.knative.dev/v1alpha1","kind":"PodScalable","namespace":"default","name":"kamera-test-deployment"}}
{"level":"info","ts":1768351668.4445188,"logger":"fallback","caller":"route/route.go:465","msg":"Revision default/kamera-test is inactive"}
{"level":"info","ts":1768351668.444573,"logger":"fallback","caller":"route/route.go:487","msg":"All referred targets are routable, marking AllTrafficAssigned with traffic information."}
{"level":"info","ts":1768351668.44463,"logger":"fallback","caller":"route/route.go:140","msg":"Creating placeholder k8s services"}
{"level":"info","ts":1768351668.4448278,"logger":"fallback","caller":"route/route.go:176","msg":"Updating placeholder k8s services with ingress information"}
{"level":"info","ts":1768351668.445364,"logger":"fallback","caller":"route/route.go:198","msg":"Route successfully synced"}
{"level":"info","ts":"2026-01-13T16:47:48-08:00","logger":"RouteReconciler.reconcile","msg":"reconcile completed","key":"default/demo","reconciler":"knative.dev.serving.pkg.reconciler.route.Reconciler","requeue":false,"requeueAfter":0}
{"level":"info","ts":"2026-01-13T16:47:48-08:00","logger":"tracecheck","msg":"Taking reconcile step","Depth":64,"# Distinct States":120,"Total States":120,"Resource States":43}
{"level":"info","ts":"2026-01-13T16:47:48-08:00","logger":"tracecheck","msg":"Taking reconcile step","Depth":65,"# Distinct States":121,"Total States":121,"Resource States":43}
{"level":"info","ts":"2026-01-13T16:47:48-08:00","logger":"ServiceReconciler.seed","msg":"added podscalable to informer","resource":"deployments","namespace":"default","name":"kamera-test-deployment","stage":"podscalable-add","keys":["default/kamera-test-deployment"]}
{"level":"info","ts":"2026-01-13T16:47:48-08:00","logger":"ServiceReconciler.seed","msg":"podscalable visible to lister","resource":"deployments","namespace":"default","name":"kamera-test-deployment","stage":"podscalable-lister","object":{"apiVersion":"autoscaling.internal.knative.dev/v1alpha1","kind":"PodScalable","namespace":"default","name":"kamera-test-deployment"}}
{"level":"info","ts":1768351668.558923,"logger":"fallback","caller":"service/service.go:171","msg":"Service reconciler fetching Route from lister: name=demo, namespace=default"}
{"level":"info","ts":1768351668.558969,"logger":"fallback","caller":"service/service.go:174","msg":"Service reconciler got Route from lister: name=demo, Generation=1, ObservedGeneration=1, ResourceVersion="}
{"level":"info","ts":1768351668.559009,"logger":"fallback","caller":"service/service.go:126","msg":"Service reconciler checking Route: name=demo, Generation=1, ObservedGeneration=1, Ready=True (reason=, message=), generationMatch=true, routeResourceVersion="}
{"level":"info","ts":1768351668.559021,"logger":"fallback","caller":"service/service.go:136","msg":"Service reconciler calling PropagateRouteStatus() because Generation == ObservedGeneration"}
{"level":"info","ts":"2026-01-13T16:47:48-08:00","logger":"ServiceReconciler.reconcile","msg":"reconcile completed","key":"default/demo","reconciler":"knative.dev.serving.pkg.reconciler.service.Reconciler","requeue":false,"requeueAfter":0}
{"level":"info","ts":"2026-01-13T16:47:48-08:00","logger":"tracecheck","msg":"Taking reconcile step","Depth":66,"# Distinct States":122,"Total States":122,"Resource States":43}
{"level":"info","ts":"2026-01-13T16:47:48-08:00","logger":"tracecheck","msg":"Taking reconcile step","Depth":67,"# Distinct States":123,"Total States":123,"Resource States":43}
{"level":"info","ts":"2026-01-13T16:47:48-08:00","logger":"tracecheck","msg":"Deleting pods","Depth":67,"# Distinct States":123,"Total States":123,"Resource States":43,"count":1}
{"level":"info","ts":"2026-01-13T16:47:48-08:00","logger":"tracecheck","msg":"Taking reconcile step","Depth":53,"# Distinct States":125,"Total States":125,"Resource States":43}
{"level":"info","ts":"2026-01-13T16:47:48-08:00","logger":"RevisionReconciler.seed","msg":"added podscalable to informer","resource":"deployments","namespace":"default","name":"kamera-test-deployment","stage":"podscalable-add","keys":["default/kamera-test-deployment"]}
{"level":"info","ts":"2026-01-13T16:47:48-08:00","logger":"RevisionReconciler.seed","msg":"podscalable visible to lister","resource":"deployments","namespace":"default","name":"kamera-test-deployment","stage":"podscalable-lister","object":{"apiVersion":"autoscaling.internal.knative.dev/v1alpha1","kind":"PodScalable","namespace":"default","name":"kamera-test-deployment"}}
{"level":"error","ts":1768351668.677687,"logger":"fallback","caller":"revision/controller.go:116","msg":"Failed to create resolver transport","error":"open /var/run/secrets/kubernetes.io/serviceaccount/ca.crt: no such file or directory","stacktrace":"knative.dev/serving/pkg/reconciler/revision.newControllerWithOptions\n\t/Users/tgoodwin/tmp/gomodcache/knative.dev/serving@v0.46.5/pkg/reconciler/revision/controller.go:116\nknative.dev/serving/pkg/reconciler/revision.NewController\n\t/Users/tgoodwin/tmp/gomodcache/knative.dev/serving@v0.46.5/pkg/reconciler/revision/controller.go:64\nmain.configureKnativeExplorer.func1.1\n\t/Users/tgoodwin/projects/kamera/examples/knative-serving/scenario.go:91\ngithub.com/tgoodwin/kamera/examples/knative-serving/knative.NewKnativeStrategy.func1\n\t/Users/tgoodwin/projects/kamera/examples/knative-serving/knative/harness.go:555\ngithub.com/tgoodwin/kamera/examples/knative-serving/knative.(*KnativeStrategy).ReconcileAtState\n\t/Users/tgoodwin/projects/kamera/examples/knative-serving/knative/harness.go:895\ngithub.com/tgoodwin/kamera/pkg/tracecheck.(*ReconcilerContainer).doReconcile\n\t/Users/tgoodwin/projects/kamera/pkg/tracecheck/reconciler.go:164\ngithub.com/tgoodwin/kamera/pkg/tracecheck.(*Explorer).reconcileAtState\n\t/Users/tgoodwin/projects/kamera/pkg/tracecheck/explore.go:1313\ngithub.com/tgoodwin/kamera/pkg/tracecheck.(*Explorer).takeReconcileStep\n\t/Users/tgoodwin/projects/kamera/pkg/tracecheck/explore.go:1228\ngithub.com/tgoodwin/kamera/pkg/tracecheck.(*Explorer).explore\n\t/Users/tgoodwin/projects/kamera/pkg/tracecheck/explore.go:790\ngithub.com/tgoodwin/kamera/pkg/tracecheck.(*Explorer).Explore.func1\n\t/Users/tgoodwin/projects/kamera/pkg/tracecheck/explore.go:330"}
{"level":"info","ts":1768351668.678012,"logger":"fallback","caller":"revision/reconcile_resources.go:161","msg":"Reconciling PA: kamera-test"}
{"level":"info","ts":"2026-01-13T16:47:48-08:00","logger":"RevisionReconciler.reconcile","msg":"reconcile completed","key":"default/kamera-test","reconciler":"knative.dev.serving.pkg.reconciler.revision.Reconciler","requeue":false,"requeueAfter":0}
{"level":"info","ts":"2026-01-13T16:47:48-08:00","logger":"tracecheck","msg":"Taking reconcile step","Depth":54,"# Distinct States":126,"Total States":126,"Resource States":43}
{"level":"info","ts":"2026-01-13T16:47:48-08:00","logger":"ConfigurationReconciler.seed","msg":"added podscalable to informer","resource":"deployments","namespace":"default","name":"kamera-test-deployment","stage":"podscalable-add","keys":["default/kamera-test-deployment"]}
{"level":"info","ts":"2026-01-13T16:47:48-08:00","logger":"ConfigurationReconciler.seed","msg":"podscalable visible to lister","resource":"deployments","namespace":"default","name":"kamera-test-deployment","stage":"podscalable-lister","object":{"apiVersion":"autoscaling.internal.knative.dev/v1alpha1","kind":"PodScalable","namespace":"default","name":"kamera-test-deployment"}}
{"level":"info","ts":1768351668.785215,"logger":"fallback","caller":"configuration/configuration.go:106","msg":"Revision \"kamera-test\" of configuration is ready"}
{"level":"info","ts":"2026-01-13T16:47:48-08:00","logger":"ConfigurationReconciler.reconcile","msg":"reconcile completed","key":"default/demo","reconciler":"knative.dev.serving.pkg.reconciler.configuration.Reconciler","requeue":false,"requeueAfter":0}
{"level":"info","ts":"2026-01-13T16:47:48-08:00","logger":"tracecheck","msg":"Taking reconcile step","Depth":55,"# Distinct States":127,"Total States":127,"Resource States":43}
{"level":"info","ts":"2026-01-13T16:47:48-08:00","logger":"RouteReconciler.seed","msg":"added podscalable to informer","resource":"deployments","namespace":"default","name":"kamera-test-deployment","stage":"podscalable-add","keys":["default/kamera-test-deployment"]}
{"level":"info","ts":"2026-01-13T16:47:48-08:00","logger":"RouteReconciler.seed","msg":"podscalable visible to lister","resource":"deployments","namespace":"default","name":"kamera-test-deployment","stage":"podscalable-lister","object":{"apiVersion":"autoscaling.internal.knative.dev/v1alpha1","kind":"PodScalable","namespace":"default","name":"kamera-test-deployment"}}
{"level":"info","ts":1768351668.892663,"logger":"fallback","caller":"route/route.go:465","msg":"Revision default/kamera-test is inactive"}
{"level":"info","ts":1768351668.892689,"logger":"fallback","caller":"route/route.go:487","msg":"All referred targets are routable, marking AllTrafficAssigned with traffic information."}
{"level":"info","ts":1768351668.8927062,"logger":"fallback","caller":"route/route.go:140","msg":"Creating placeholder k8s services"}
{"level":"info","ts":1768351668.892859,"logger":"fallback","caller":"route/reconcile_resources.go:179","msg":"Created service demo"}
{"level":"info","ts":1768351668.8930612,"logger":"fallback","caller":"route/route.go:176","msg":"Updating placeholder k8s services with ingress information"}
{"level":"warn","ts":1768351668.893077,"logger":"fallback","caller":"route/reconcile_resources.go:228","msg":"Failed to update k8s service","error":"failed to fetch loadbalancer domain/IP from ingress status"}
{"level":"info","ts":1768351668.893088,"logger":"fallback","caller":"route/route.go:198","msg":"Route successfully synced"}
{"level":"info","ts":"2026-01-13T16:47:48-08:00","logger":"RouteReconciler.reconcile","msg":"reconcile completed","key":"default/demo","reconciler":"knative.dev.serving.pkg.reconciler.route.Reconciler","requeue":false,"requeueAfter":0}
{"level":"info","ts":"2026-01-13T16:47:48-08:00","logger":"tracecheck","msg":"Taking reconcile step","Depth":56,"# Distinct States":128,"Total States":128,"Resource States":43}
{"level":"info","ts":"2026-01-13T16:47:48-08:00","logger":"ServiceReconciler.seed","msg":"added podscalable to informer","resource":"deployments","namespace":"default","name":"kamera-test-deployment","stage":"podscalable-add","keys":["default/kamera-test-deployment"]}
{"level":"info","ts":"2026-01-13T16:47:48-08:00","logger":"ServiceReconciler.seed","msg":"podscalable visible to lister","resource":"deployments","namespace":"default","name":"kamera-test-deployment","stage":"podscalable-lister","object":{"apiVersion":"autoscaling.internal.knative.dev/v1alpha1","kind":"PodScalable","namespace":"default","name":"kamera-test-deployment"}}
{"level":"info","ts":1768351669.0015402,"logger":"fallback","caller":"service/service.go:171","msg":"Service reconciler fetching Route from lister: name=demo, namespace=default"}
{"level":"info","ts":1768351669.0015612,"logger":"fallback","caller":"service/service.go:174","msg":"Service reconciler got Route from lister: name=demo, Generation=1, ObservedGeneration=1, ResourceVersion="}
{"level":"info","ts":1768351669.001587,"logger":"fallback","caller":"service/service.go:126","msg":"Service reconciler checking Route: name=demo, Generation=1, ObservedGeneration=1, Ready=Unknown (reason=IngressNotConfigured, message=Ingress has not yet been reconciled.), generationMatch=true, routeResourceVersion="}
{"level":"info","ts":1768351669.001597,"logger":"fallback","caller":"service/service.go:136","msg":"Service reconciler calling PropagateRouteStatus() because Generation == ObservedGeneration"}
{"level":"info","ts":"2026-01-13T16:47:49-08:00","logger":"ServiceReconciler.reconcile","msg":"reconcile completed","key":"default/demo","reconciler":"knative.dev.serving.pkg.reconciler.service.Reconciler","requeue":false,"requeueAfter":0}
{"level":"info","ts":"2026-01-13T16:47:49-08:00","logger":"tracecheck","msg":"Taking reconcile step","Depth":51,"# Distinct States":130,"Total States":130,"Resource States":43}
{"level":"info","ts":"2026-01-13T16:47:49-08:00","logger":"RevisionReconciler.seed","msg":"added podscalable to informer","resource":"deployments","namespace":"default","name":"kamera-test-deployment","stage":"podscalable-add","keys":["default/kamera-test-deployment"]}
{"level":"info","ts":"2026-01-13T16:47:49-08:00","logger":"RevisionReconciler.seed","msg":"podscalable visible to lister","resource":"deployments","namespace":"default","name":"kamera-test-deployment","stage":"podscalable-lister","object":{"apiVersion":"autoscaling.internal.knative.dev/v1alpha1","kind":"PodScalable","namespace":"default","name":"kamera-test-deployment"}}
{"level":"error","ts":1768351669.1119108,"logger":"fallback","caller":"revision/controller.go:116","msg":"Failed to create resolver transport","error":"open /var/run/secrets/kubernetes.io/serviceaccount/ca.crt: no such file or directory","stacktrace":"knative.dev/serving/pkg/reconciler/revision.newControllerWithOptions\n\t/Users/tgoodwin/tmp/gomodcache/knative.dev/serving@v0.46.5/pkg/reconciler/revision/controller.go:116\nknative.dev/serving/pkg/reconciler/revision.NewController\n\t/Users/tgoodwin/tmp/gomodcache/knative.dev/serving@v0.46.5/pkg/reconciler/revision/controller.go:64\nmain.configureKnativeExplorer.func1.1\n\t/Users/tgoodwin/projects/kamera/examples/knative-serving/scenario.go:91\ngithub.com/tgoodwin/kamera/examples/knative-serving/knative.NewKnativeStrategy.func1\n\t/Users/tgoodwin/projects/kamera/examples/knative-serving/knative/harness.go:555\ngithub.com/tgoodwin/kamera/examples/knative-serving/knative.(*KnativeStrategy).ReconcileAtState\n\t/Users/tgoodwin/projects/kamera/examples/knative-serving/knative/harness.go:895\ngithub.com/tgoodwin/kamera/pkg/tracecheck.(*ReconcilerContainer).doReconcile\n\t/Users/tgoodwin/projects/kamera/pkg/tracecheck/reconciler.go:164\ngithub.com/tgoodwin/kamera/pkg/tracecheck.(*Explorer).reconcileAtState\n\t/Users/tgoodwin/projects/kamera/pkg/tracecheck/explore.go:1313\ngithub.com/tgoodwin/kamera/pkg/tracecheck.(*Explorer).takeReconcileStep\n\t/Users/tgoodwin/projects/kamera/pkg/tracecheck/explore.go:1228\ngithub.com/tgoodwin/kamera/pkg/tracecheck.(*Explorer).explore\n\t/Users/tgoodwin/projects/kamera/pkg/tracecheck/explore.go:790\ngithub.com/tgoodwin/kamera/pkg/tracecheck.(*Explorer).Explore.func1\n\t/Users/tgoodwin/projects/kamera/pkg/tracecheck/explore.go:330"}
{"level":"info","ts":1768351669.1127129,"logger":"fallback","caller":"revision/reconcile_resources.go:161","msg":"Reconciling PA: kamera-test"}
{"level":"info","ts":"2026-01-13T16:47:49-08:00","logger":"RevisionReconciler.reconcile","msg":"reconcile completed","key":"default/kamera-test","reconciler":"knative.dev.serving.pkg.reconciler.revision.Reconciler","requeue":false,"requeueAfter":0}
{"level":"info","ts":"2026-01-13T16:47:49-08:00","logger":"tracecheck","msg":"Taking reconcile step","Depth":52,"# Distinct States":131,"Total States":131,"Resource States":43}
{"level":"info","ts":"2026-01-13T16:47:49-08:00","logger":"tracecheck","msg":"Taking reconcile step","Depth":53,"# Distinct States":132,"Total States":132,"Resource States":43}
{"level":"info","ts":"2026-01-13T16:47:49-08:00","logger":"KPAReconciler.seed","msg":"added podscalable to informer","resource":"deployments","namespace":"default","name":"kamera-test-deployment","stage":"podscalable-add","keys":["default/kamera-test-deployment"]}
{"level":"info","ts":"2026-01-13T16:47:49-08:00","logger":"KPAReconciler.seed","msg":"podscalable visible to lister","resource":"deployments","namespace":"default","name":"kamera-test-deployment","stage":"podscalable-lister","object":{"apiVersion":"autoscaling.internal.knative.dev/v1alpha1","kind":"PodScalable","namespace":"default","name":"kamera-test-deployment"}}
{"level":"info","ts":1768351669.2215528,"logger":"fallback","caller":"kpa/controller.go:77","msg":"Setting up ConfigMap receivers"}
{"level":"info","ts":1768351669.22166,"logger":"fallback","caller":"kpa/controller.go:91","msg":"Setting up KPA-Class event handlers"}
{"level":"info","ts":1768351669.221762,"logger":"fallback","caller":"kpa/scaler.go:379","msg":"Scaling from 1 to 0"}
{"level":"info","ts":1768351669.223739,"logger":"fallback","caller":"kpa/kpa.go:158","msg":"SKS should be in Proxy mode: want = 0, ebc = 0, #act's = 2 PA Inactive? = true"}
{"level":"info","ts":1768351669.2237608,"logger":"fallback","caller":"kpa/kpa.go:178","msg":"PA scale got=1, want=0, desiredPods=0 ebc=0"}
{"level":"info","ts":1768351669.2237701,"logger":"fallback","caller":"kpa/kpa.go:188","msg":"Observed pod counts=kpa.podCounts{want:0, ready:1, notReady:0, pending:0, terminating:0}"}
{"level":"info","ts":"2026-01-13T16:47:49-08:00","logger":"KPAReconciler.reconcile","msg":"reconcile completed","key":"default/kamera-test","reconciler":"knative.dev.serving.pkg.reconciler.autoscaling.kpa.Reconciler","requeue":false,"requeueAfter":0}
{"level":"info","ts":"2026-01-13T16:47:49-08:00","logger":"tracecheck","msg":"Taking reconcile step","Depth":54,"# Distinct States":133,"Total States":133,"Resource States":43}
{"level":"info","ts":"2026-01-13T16:47:49-08:00","logger":"ConfigurationReconciler.seed","msg":"added podscalable to informer","resource":"deployments","namespace":"default","name":"kamera-test-deployment","stage":"podscalable-add","keys":["default/kamera-test-deployment"]}
{"level":"info","ts":"2026-01-13T16:47:49-08:00","logger":"ConfigurationReconciler.seed","msg":"podscalable visible to lister","resource":"deployments","namespace":"default","name":"kamera-test-deployment","stage":"podscalable-lister","object":{"apiVersion":"autoscaling.internal.knative.dev/v1alpha1","kind":"PodScalable","namespace":"default","name":"kamera-test-deployment"}}
{"level":"info","ts":1768351669.333657,"logger":"fallback","caller":"configuration/configuration.go:106","msg":"Revision \"kamera-test\" of configuration is ready"}
{"level":"info","ts":"2026-01-13T16:47:49-08:00","logger":"ConfigurationReconciler.reconcile","msg":"reconcile completed","key":"default/demo","reconciler":"knative.dev.serving.pkg.reconciler.configuration.Reconciler","requeue":false,"requeueAfter":0}
{"level":"info","ts":"2026-01-13T16:47:49-08:00","logger":"tracecheck","msg":"Taking reconcile step","Depth":55,"# Distinct States":134,"Total States":134,"Resource States":43}
{"level":"info","ts":"2026-01-13T16:47:49-08:00","logger":"RouteReconciler.seed","msg":"added podscalable to informer","resource":"deployments","namespace":"default","name":"kamera-test-deployment","stage":"podscalable-add","keys":["default/kamera-test-deployment"]}
{"level":"info","ts":"2026-01-13T16:47:49-08:00","logger":"RouteReconciler.seed","msg":"podscalable visible to lister","resource":"deployments","namespace":"default","name":"kamera-test-deployment","stage":"podscalable-lister","object":{"apiVersion":"autoscaling.internal.knative.dev/v1alpha1","kind":"PodScalable","namespace":"default","name":"kamera-test-deployment"}}
{"level":"info","ts":1768351669.440717,"logger":"fallback","caller":"route/route.go:465","msg":"Revision default/kamera-test is inactive"}
{"level":"info","ts":1768351669.4407418,"logger":"fallback","caller":"route/route.go:487","msg":"All referred targets are routable, marking AllTrafficAssigned with traffic information."}
{"level":"info","ts":1768351669.440758,"logger":"fallback","caller":"route/route.go:140","msg":"Creating placeholder k8s services"}
{"level":"info","ts":1768351669.44091,"logger":"fallback","caller":"route/reconcile_resources.go:179","msg":"Created service demo"}
{"level":"info","ts":1768351669.4412348,"logger":"fallback","caller":"route/route.go:176","msg":"Updating placeholder k8s services with ingress information"}
{"level":"warn","ts":1768351669.441259,"logger":"fallback","caller":"route/reconcile_resources.go:228","msg":"Failed to update k8s service","error":"failed to fetch loadbalancer domain/IP from ingress status"}
{"level":"info","ts":1768351669.441271,"logger":"fallback","caller":"route/route.go:198","msg":"Route successfully synced"}
{"level":"info","ts":"2026-01-13T16:47:49-08:00","logger":"RouteReconciler.reconcile","msg":"reconcile completed","key":"default/demo","reconciler":"knative.dev.serving.pkg.reconciler.route.Reconciler","requeue":false,"requeueAfter":0}
{"level":"info","ts":"2026-01-13T16:47:49-08:00","logger":"tracecheck","msg":"Taking reconcile step","Depth":56,"# Distinct States":135,"Total States":135,"Resource States":43}
{"level":"info","ts":"2026-01-13T16:47:49-08:00","logger":"ServiceReconciler.seed","msg":"added podscalable to informer","resource":"deployments","namespace":"default","name":"kamera-test-deployment","stage":"podscalable-add","keys":["default/kamera-test-deployment"]}
{"level":"info","ts":"2026-01-13T16:47:49-08:00","logger":"ServiceReconciler.seed","msg":"podscalable visible to lister","resource":"deployments","namespace":"default","name":"kamera-test-deployment","stage":"podscalable-lister","object":{"apiVersion":"autoscaling.internal.knative.dev/v1alpha1","kind":"PodScalable","namespace":"default","name":"kamera-test-deployment"}}
{"level":"info","ts":1768351669.549599,"logger":"fallback","caller":"service/service.go:171","msg":"Service reconciler fetching Route from lister: name=demo, namespace=default"}
{"level":"info","ts":1768351669.549622,"logger":"fallback","caller":"service/service.go:174","msg":"Service reconciler got Route from lister: name=demo, Generation=1, ObservedGeneration=1, ResourceVersion="}
{"level":"info","ts":1768351669.5496478,"logger":"fallback","caller":"service/service.go:126","msg":"Service reconciler checking Route: name=demo, Generation=1, ObservedGeneration=1, Ready=Unknown (reason=IngressNotConfigured, message=Ingress has not yet been reconciled.), generationMatch=true, routeResourceVersion="}
{"level":"info","ts":1768351669.5496562,"logger":"fallback","caller":"service/service.go:136","msg":"Service reconciler calling PropagateRouteStatus() because Generation == ObservedGeneration"}
{"level":"info","ts":"2026-01-13T16:47:49-08:00","logger":"ServiceReconciler.reconcile","msg":"reconcile completed","key":"default/demo","reconciler":"knative.dev.serving.pkg.reconciler.service.Reconciler","requeue":false,"requeueAfter":0}
{"level":"info","ts":"2026-01-13T16:47:49-08:00","logger":"tracecheck","msg":"Taking reconcile step","Depth":57,"# Distinct States":136,"Total States":136,"Resource States":43}
{"level":"info","ts":"2026-01-13T16:47:49-08:00","logger":"tracecheck","msg":"Taking reconcile step","Depth":58,"# Distinct States":137,"Total States":137,"Resource States":43}
{"level":"info","ts":"2026-01-13T16:47:49-08:00","logger":"tracecheck","msg":"Updated Deployment status","Depth":58,"# Distinct States":137,"Total States":137,"Resource States":43,"name":"kamera-test-deployment"}
{"level":"info","ts":"2026-01-13T16:47:49-08:00","logger":"tracecheck","msg":"Taking reconcile step","Depth":50,"# Distinct States":138,"Total States":138,"Resource States":43}
{"level":"info","ts":"2026-01-13T16:47:49-08:00","logger":"RevisionReconciler.seed","msg":"added podscalable to informer","resource":"deployments","namespace":"default","name":"kamera-test-deployment","stage":"podscalable-add","keys":["default/kamera-test-deployment"]}
{"level":"info","ts":"2026-01-13T16:47:49-08:00","logger":"RevisionReconciler.seed","msg":"podscalable visible to lister","resource":"deployments","namespace":"default","name":"kamera-test-deployment","stage":"podscalable-lister","object":{"apiVersion":"autoscaling.internal.knative.dev/v1alpha1","kind":"PodScalable","namespace":"default","name":"kamera-test-deployment"}}
{"level":"error","ts":1768351669.668299,"logger":"fallback","caller":"revision/controller.go:116","msg":"Failed to create resolver transport","error":"open /var/run/secrets/kubernetes.io/serviceaccount/ca.crt: no such file or directory","stacktrace":"knative.dev/serving/pkg/reconciler/revision.newControllerWithOptions\n\t/Users/tgoodwin/tmp/gomodcache/knative.dev/serving@v0.46.5/pkg/reconciler/revision/controller.go:116\nknative.dev/serving/pkg/reconciler/revision.NewController\n\t/Users/tgoodwin/tmp/gomodcache/knative.dev/serving@v0.46.5/pkg/reconciler/revision/controller.go:64\nmain.configureKnativeExplorer.func1.1\n\t/Users/tgoodwin/projects/kamera/examples/knative-serving/scenario.go:91\ngithub.com/tgoodwin/kamera/examples/knative-serving/knative.NewKnativeStrategy.func1\n\t/Users/tgoodwin/projects/kamera/examples/knative-serving/knative/harness.go:555\ngithub.com/tgoodwin/kamera/examples/knative-serving/knative.(*KnativeStrategy).ReconcileAtState\n\t/Users/tgoodwin/projects/kamera/examples/knative-serving/knative/harness.go:895\ngithub.com/tgoodwin/kamera/pkg/tracecheck.(*ReconcilerContainer).doReconcile\n\t/Users/tgoodwin/projects/kamera/pkg/tracecheck/reconciler.go:164\ngithub.com/tgoodwin/kamera/pkg/tracecheck.(*Explorer).reconcileAtState\n\t/Users/tgoodwin/projects/kamera/pkg/tracecheck/explore.go:1313\ngithub.com/tgoodwin/kamera/pkg/tracecheck.(*Explorer).takeReconcileStep\n\t/Users/tgoodwin/projects/kamera/pkg/tracecheck/explore.go:1228\ngithub.com/tgoodwin/kamera/pkg/tracecheck.(*Explorer).explore\n\t/Users/tgoodwin/projects/kamera/pkg/tracecheck/explore.go:790\ngithub.com/tgoodwin/kamera/pkg/tracecheck.(*Explorer).Explore.func1\n\t/Users/tgoodwin/projects/kamera/pkg/tracecheck/explore.go:330"}
{"level":"info","ts":1768351669.668664,"logger":"fallback","caller":"revision/reconcile_resources.go:161","msg":"Reconciling PA: kamera-test"}
{"level":"info","ts":"2026-01-13T16:47:49-08:00","logger":"RevisionReconciler.reconcile","msg":"reconcile completed","key":"default/kamera-test","reconciler":"knative.dev.serving.pkg.reconciler.revision.Reconciler","requeue":false,"requeueAfter":0}
{"level":"info","ts":"2026-01-13T16:47:49-08:00","logger":"tracecheck","msg":"Taking reconcile step","Depth":51,"# Distinct States":139,"Total States":139,"Resource States":43}
{"level":"info","ts":"2026-01-13T16:47:49-08:00","logger":"tracecheck","msg":"Updated Deployment status","Depth":51,"# Distinct States":139,"Total States":139,"Resource States":43,"name":"kamera-test-deployment"}
{"level":"info","ts":"2026-01-13T16:47:49-08:00","logger":"tracecheck","msg":"Taking reconcile step","Depth":52,"# Distinct States":140,"Total States":140,"Resource States":43}
{"level":"info","ts":"2026-01-13T16:47:49-08:00","logger":"tracecheck","msg":"Taking reconcile step","Depth":53,"# Distinct States":141,"Total States":141,"Resource States":43}
{"level":"info","ts":"2026-01-13T16:47:49-08:00","logger":"KPAReconciler.seed","msg":"added podscalable to informer","resource":"deployments","namespace":"default","name":"kamera-test-deployment","stage":"podscalable-add","keys":["default/kamera-test-deployment"]}
{"level":"info","ts":"2026-01-13T16:47:49-08:00","logger":"KPAReconciler.seed","msg":"podscalable visible to lister","resource":"deployments","namespace":"default","name":"kamera-test-deployment","stage":"podscalable-lister","object":{"apiVersion":"autoscaling.internal.knative.dev/v1alpha1","kind":"PodScalable","namespace":"default","name":"kamera-test-deployment"}}
{"level":"info","ts":1768351669.782526,"logger":"fallback","caller":"kpa/controller.go:77","msg":"Setting up ConfigMap receivers"}
{"level":"info","ts":1768351669.782644,"logger":"fallback","caller":"kpa/controller.go:91","msg":"Setting up KPA-Class event handlers"}
{"level":"info","ts":1768351669.782756,"logger":"fallback","caller":"kpa/scaler.go:379","msg":"Scaling from 1 to 0"}
{"level":"info","ts":1768351669.784953,"logger":"fallback","caller":"kpa/kpa.go:158","msg":"SKS should be in Proxy mode: want = 0, ebc = 0, #act's = 2 PA Inactive? = true"}
{"level":"info","ts":1768351669.784977,"logger":"fallback","caller":"kpa/kpa.go:178","msg":"PA scale got=1, want=0, desiredPods=0 ebc=0"}
{"level":"info","ts":1768351669.784986,"logger":"fallback","caller":"kpa/kpa.go:188","msg":"Observed pod counts=kpa.podCounts{want:0, ready:1, notReady:0, pending:0, terminating:0}"}
{"level":"info","ts":"2026-01-13T16:47:49-08:00","logger":"KPAReconciler.reconcile","msg":"reconcile completed","key":"default/kamera-test","reconciler":"knative.dev.serving.pkg.reconciler.autoscaling.kpa.Reconciler","requeue":false,"requeueAfter":0}
{"level":"info","ts":"2026-01-13T16:47:49-08:00","logger":"tracecheck","msg":"Taking reconcile step","Depth":47,"# Distinct States":142,"Total States":142,"Resource States":43}
{"level":"info","ts":"2026-01-13T16:47:49-08:00","logger":"RevisionReconciler.seed","msg":"added podscalable to informer","resource":"deployments","namespace":"default","name":"kamera-test-deployment","stage":"podscalable-add","keys":["default/kamera-test-deployment"]}
{"level":"info","ts":"2026-01-13T16:47:49-08:00","logger":"RevisionReconciler.seed","msg":"podscalable visible to lister","resource":"deployments","namespace":"default","name":"kamera-test-deployment","stage":"podscalable-lister","object":{"apiVersion":"autoscaling.internal.knative.dev/v1alpha1","kind":"PodScalable","namespace":"default","name":"kamera-test-deployment"}}
{"level":"error","ts":1768351669.895221,"logger":"fallback","caller":"revision/controller.go:116","msg":"Failed to create resolver transport","error":"open /var/run/secrets/kubernetes.io/serviceaccount/ca.crt: no such file or directory","stacktrace":"knative.dev/serving/pkg/reconciler/revision.newControllerWithOptions\n\t/Users/tgoodwin/tmp/gomodcache/knative.dev/serving@v0.46.5/pkg/reconciler/revision/controller.go:116\nknative.dev/serving/pkg/reconciler/revision.NewController\n\t/Users/tgoodwin/tmp/gomodcache/knative.dev/serving@v0.46.5/pkg/reconciler/revision/controller.go:64\nmain.configureKnativeExplorer.func1.1\n\t/Users/tgoodwin/projects/kamera/examples/knative-serving/scenario.go:91\ngithub.com/tgoodwin/kamera/examples/knative-serving/knative.NewKnativeStrategy.func1\n\t/Users/tgoodwin/projects/kamera/examples/knative-serving/knative/harness.go:555\ngithub.com/tgoodwin/kamera/examples/knative-serving/knative.(*KnativeStrategy).ReconcileAtState\n\t/Users/tgoodwin/projects/kamera/examples/knative-serving/knative/harness.go:895\ngithub.com/tgoodwin/kamera/pkg/tracecheck.(*ReconcilerContainer).doReconcile\n\t/Users/tgoodwin/projects/kamera/pkg/tracecheck/reconciler.go:164\ngithub.com/tgoodwin/kamera/pkg/tracecheck.(*Explorer).reconcileAtState\n\t/Users/tgoodwin/projects/kamera/pkg/tracecheck/explore.go:1313\ngithub.com/tgoodwin/kamera/pkg/tracecheck.(*Explorer).takeReconcileStep\n\t/Users/tgoodwin/projects/kamera/pkg/tracecheck/explore.go:1228\ngithub.com/tgoodwin/kamera/pkg/tracecheck.(*Explorer).explore\n\t/Users/tgoodwin/projects/kamera/pkg/tracecheck/explore.go:790\ngithub.com/tgoodwin/kamera/pkg/tracecheck.(*Explorer).Explore.func1\n\t/Users/tgoodwin/projects/kamera/pkg/tracecheck/explore.go:330"}
{"level":"info","ts":1768351669.8966641,"logger":"fallback","caller":"revision/reconcile_resources.go:161","msg":"Reconciling PA: kamera-test"}
{"level":"info","ts":"2026-01-13T16:47:49-08:00","logger":"RevisionReconciler.reconcile","msg":"reconcile completed","key":"default/kamera-test","reconciler":"knative.dev.serving.pkg.reconciler.revision.Reconciler","requeue":false,"requeueAfter":0}
{"level":"info","ts":"2026-01-13T16:47:49-08:00","logger":"tracecheck","msg":"Taking reconcile step","Depth":48,"# Distinct States":143,"Total States":143,"Resource States":44}
{"level":"info","ts":"2026-01-13T16:47:50-08:00","logger":"ConfigurationReconciler.seed","msg":"added podscalable to informer","resource":"deployments","namespace":"default","name":"kamera-test-deployment","stage":"podscalable-add","keys":["default/kamera-test-deployment"]}
{"level":"info","ts":"2026-01-13T16:47:50-08:00","logger":"ConfigurationReconciler.seed","msg":"podscalable visible to lister","resource":"deployments","namespace":"default","name":"kamera-test-deployment","stage":"podscalable-lister","object":{"apiVersion":"autoscaling.internal.knative.dev/v1alpha1","kind":"PodScalable","namespace":"default","name":"kamera-test-deployment"}}
{"level":"info","ts":1768351670.006464,"logger":"fallback","caller":"configuration/configuration.go:106","msg":"Revision \"kamera-test\" of configuration is ready"}
{"level":"info","ts":"2026-01-13T16:47:50-08:00","logger":"ConfigurationReconciler.reconcile","msg":"reconcile completed","key":"default/demo","reconciler":"knative.dev.serving.pkg.reconciler.configuration.Reconciler","requeue":false,"requeueAfter":0}
{"level":"info","ts":"2026-01-13T16:47:50-08:00","logger":"tracecheck","msg":"Taking reconcile step","Depth":49,"# Distinct States":144,"Total States":144,"Resource States":44}
{"level":"info","ts":"2026-01-13T16:47:50-08:00","logger":"tracecheck","msg":"Taking reconcile step","Depth":50,"# Distinct States":145,"Total States":145,"Resource States":44}
{"level":"info","ts":"2026-01-13T16:47:50-08:00","logger":"tracecheck","msg":"Updated Deployment status","Depth":50,"# Distinct States":145,"Total States":145,"Resource States":44,"name":"kamera-test-deployment"}
{"level":"info","ts":"2026-01-13T16:47:50-08:00","logger":"tracecheck","msg":"Taking reconcile step","Depth":51,"# Distinct States":146,"Total States":146,"Resource States":44}
{"level":"info","ts":"2026-01-13T16:47:50-08:00","logger":"tracecheck","msg":"Taking reconcile step","Depth":52,"# Distinct States":147,"Total States":147,"Resource States":44}
{"level":"info","ts":"2026-01-13T16:47:50-08:00","logger":"KPAReconciler.seed","msg":"added podscalable to informer","resource":"deployments","namespace":"default","name":"kamera-test-deployment","stage":"podscalable-add","keys":["default/kamera-test-deployment"]}
{"level":"info","ts":"2026-01-13T16:47:50-08:00","logger":"KPAReconciler.seed","msg":"podscalable visible to lister","resource":"deployments","namespace":"default","name":"kamera-test-deployment","stage":"podscalable-lister","object":{"apiVersion":"autoscaling.internal.knative.dev/v1alpha1","kind":"PodScalable","namespace":"default","name":"kamera-test-deployment"}}
{"level":"info","ts":1768351670.122932,"logger":"fallback","caller":"kpa/controller.go:77","msg":"Setting up ConfigMap receivers"}
{"level":"info","ts":1768351670.12305,"logger":"fallback","caller":"kpa/controller.go:91","msg":"Setting up KPA-Class event handlers"}
{"level":"info","ts":1768351670.1231732,"logger":"fallback","caller":"kpa/scaler.go:379","msg":"Scaling from 1 to 0"}
{"level":"info","ts":1768351670.125503,"logger":"fallback","caller":"kpa/kpa.go:158","msg":"SKS should be in Proxy mode: want = 0, ebc = 0, #act's = 2 PA Inactive? = true"}
{"level":"info","ts":1768351670.125528,"logger":"fallback","caller":"kpa/kpa.go:178","msg":"PA scale got=1, want=0, desiredPods=0 ebc=0"}
{"level":"info","ts":1768351670.1255481,"logger":"fallback","caller":"kpa/kpa.go:188","msg":"Observed pod counts=kpa.podCounts{want:0, ready:1, notReady:0, pending:0, terminating:0}"}
{"level":"info","ts":"2026-01-13T16:47:50-08:00","logger":"KPAReconciler.reconcile","msg":"reconcile completed","key":"default/kamera-test","reconciler":"knative.dev.serving.pkg.reconciler.autoscaling.kpa.Reconciler","requeue":false,"requeueAfter":0}
{"level":"info","ts":"2026-01-13T16:47:50-08:00","logger":"tracecheck","msg":"Taking reconcile step","Depth":53,"# Distinct States":148,"Total States":148,"Resource States":44}
{"level":"info","ts":"2026-01-13T16:47:50-08:00","logger":"RevisionReconciler.seed","msg":"added podscalable to informer","resource":"deployments","namespace":"default","name":"kamera-test-deployment","stage":"podscalable-add","keys":["default/kamera-test-deployment"]}
{"level":"info","ts":"2026-01-13T16:47:50-08:00","logger":"RevisionReconciler.seed","msg":"podscalable visible to lister","resource":"deployments","namespace":"default","name":"kamera-test-deployment","stage":"podscalable-lister","object":{"apiVersion":"autoscaling.internal.knative.dev/v1alpha1","kind":"PodScalable","namespace":"default","name":"kamera-test-deployment"}}
{"level":"error","ts":1768351670.2362912,"logger":"fallback","caller":"revision/controller.go:116","msg":"Failed to create resolver transport","error":"open /var/run/secrets/kubernetes.io/serviceaccount/ca.crt: no such file or directory","stacktrace":"knative.dev/serving/pkg/reconciler/revision.newControllerWithOptions\n\t/Users/tgoodwin/tmp/gomodcache/knative.dev/serving@v0.46.5/pkg/reconciler/revision/controller.go:116\nknative.dev/serving/pkg/reconciler/revision.NewController\n\t/Users/tgoodwin/tmp/gomodcache/knative.dev/serving@v0.46.5/pkg/reconciler/revision/controller.go:64\nmain.configureKnativeExplorer.func1.1\n\t/Users/tgoodwin/projects/kamera/examples/knative-serving/scenario.go:91\ngithub.com/tgoodwin/kamera/examples/knative-serving/knative.NewKnativeStrategy.func1\n\t/Users/tgoodwin/projects/kamera/examples/knative-serving/knative/harness.go:555\ngithub.com/tgoodwin/kamera/examples/knative-serving/knative.(*KnativeStrategy).ReconcileAtState\n\t/Users/tgoodwin/projects/kamera/examples/knative-serving/knative/harness.go:895\ngithub.com/tgoodwin/kamera/pkg/tracecheck.(*ReconcilerContainer).doReconcile\n\t/Users/tgoodwin/projects/kamera/pkg/tracecheck/reconciler.go:164\ngithub.com/tgoodwin/kamera/pkg/tracecheck.(*Explorer).reconcileAtState\n\t/Users/tgoodwin/projects/kamera/pkg/tracecheck/explore.go:1313\ngithub.com/tgoodwin/kamera/pkg/tracecheck.(*Explorer).takeReconcileStep\n\t/Users/tgoodwin/projects/kamera/pkg/tracecheck/explore.go:1228\ngithub.com/tgoodwin/kamera/pkg/tracecheck.(*Explorer).explore\n\t/Users/tgoodwin/projects/kamera/pkg/tracecheck/explore.go:790\ngithub.com/tgoodwin/kamera/pkg/tracecheck.(*Explorer).Explore.func1\n\t/Users/tgoodwin/projects/kamera/pkg/tracecheck/explore.go:330"}
{"level":"info","ts":1768351670.2368221,"logger":"fallback","caller":"revision/reconcile_resources.go:161","msg":"Reconciling PA: kamera-test"}
{"level":"info","ts":"2026-01-13T16:47:50-08:00","logger":"RevisionReconciler.reconcile","msg":"reconcile completed","key":"default/kamera-test","reconciler":"knative.dev.serving.pkg.reconciler.revision.Reconciler","requeue":false,"requeueAfter":0}
{"level":"info","ts":"2026-01-13T16:47:50-08:00","logger":"tracecheck","msg":"Taking reconcile step","Depth":54,"# Distinct States":149,"Total States":149,"Resource States":44}
{"level":"info","ts":"2026-01-13T16:47:50-08:00","logger":"ConfigurationReconciler.seed","msg":"added podscalable to informer","resource":"deployments","namespace":"default","name":"kamera-test-deployment","stage":"podscalable-add","keys":["default/kamera-test-deployment"]}
{"level":"info","ts":"2026-01-13T16:47:50-08:00","logger":"ConfigurationReconciler.seed","msg":"podscalable visible to lister","resource":"deployments","namespace":"default","name":"kamera-test-deployment","stage":"podscalable-lister","object":{"apiVersion":"autoscaling.internal.knative.dev/v1alpha1","kind":"PodScalable","namespace":"default","name":"kamera-test-deployment"}}
{"level":"info","ts":1768351670.344223,"logger":"fallback","caller":"configuration/configuration.go:106","msg":"Revision \"kamera-test\" of configuration is ready"}
{"level":"info","ts":"2026-01-13T16:47:50-08:00","logger":"ConfigurationReconciler.reconcile","msg":"reconcile completed","key":"default/demo","reconciler":"knative.dev.serving.pkg.reconciler.configuration.Reconciler","requeue":false,"requeueAfter":0}
{"level":"info","ts":"2026-01-13T16:47:50-08:00","logger":"tracecheck","msg":"Taking reconcile step","Depth":55,"# Distinct States":150,"Total States":150,"Resource States":44}
{"level":"info","ts":"2026-01-13T16:47:50-08:00","logger":"RouteReconciler.seed","msg":"added podscalable to informer","resource":"deployments","namespace":"default","name":"kamera-test-deployment","stage":"podscalable-add","keys":["default/kamera-test-deployment"]}
{"level":"info","ts":"2026-01-13T16:47:50-08:00","logger":"RouteReconciler.seed","msg":"podscalable visible to lister","resource":"deployments","namespace":"default","name":"kamera-test-deployment","stage":"podscalable-lister","object":{"apiVersion":"autoscaling.internal.knative.dev/v1alpha1","kind":"PodScalable","namespace":"default","name":"kamera-test-deployment"}}
{"level":"info","ts":1768351670.452747,"logger":"fallback","caller":"route/route.go:465","msg":"Revision default/kamera-test is inactive"}
{"level":"info","ts":1768351670.452787,"logger":"fallback","caller":"route/route.go:487","msg":"All referred targets are routable, marking AllTrafficAssigned with traffic information."}
{"level":"info","ts":1768351670.452811,"logger":"fallback","caller":"route/route.go:140","msg":"Creating placeholder k8s services"}
{"level":"info","ts":1768351670.4530098,"logger":"fallback","caller":"route/reconcile_resources.go:179","msg":"Created service demo"}
{"level":"info","ts":1768351670.453311,"logger":"fallback","caller":"route/route.go:176","msg":"Updating placeholder k8s services with ingress information"}
{"level":"warn","ts":1768351670.453336,"logger":"fallback","caller":"route/reconcile_resources.go:228","msg":"Failed to update k8s service","error":"failed to fetch loadbalancer domain/IP from ingress status"}
{"level":"info","ts":1768351670.4533498,"logger":"fallback","caller":"route/route.go:198","msg":"Route successfully synced"}
{"level":"info","ts":"2026-01-13T16:47:50-08:00","logger":"RouteReconciler.reconcile","msg":"reconcile completed","key":"default/demo","reconciler":"knative.dev.serving.pkg.reconciler.route.Reconciler","requeue":false,"requeueAfter":0}
{"level":"info","ts":"2026-01-13T16:47:50-08:00","logger":"tracecheck","msg":"Taking reconcile step","Depth":56,"# Distinct States":151,"Total States":151,"Resource States":44}
{"level":"info","ts":"2026-01-13T16:47:50-08:00","logger":"ServiceReconciler.seed","msg":"added podscalable to informer","resource":"deployments","namespace":"default","name":"kamera-test-deployment","stage":"podscalable-add","keys":["default/kamera-test-deployment"]}
{"level":"info","ts":"2026-01-13T16:47:50-08:00","logger":"ServiceReconciler.seed","msg":"podscalable visible to lister","resource":"deployments","namespace":"default","name":"kamera-test-deployment","stage":"podscalable-lister","object":{"apiVersion":"autoscaling.internal.knative.dev/v1alpha1","kind":"PodScalable","namespace":"default","name":"kamera-test-deployment"}}
{"level":"info","ts":1768351670.562402,"logger":"fallback","caller":"service/service.go:171","msg":"Service reconciler fetching Route from lister: name=demo, namespace=default"}
{"level":"info","ts":1768351670.5624268,"logger":"fallback","caller":"service/service.go:174","msg":"Service reconciler got Route from lister: name=demo, Generation=1, ObservedGeneration=1, ResourceVersion="}
{"level":"info","ts":1768351670.562457,"logger":"fallback","caller":"service/service.go:126","msg":"Service reconciler checking Route: name=demo, Generation=1, ObservedGeneration=1, Ready=Unknown (reason=IngressNotConfigured, message=Ingress has not yet been reconciled.), generationMatch=true, routeResourceVersion="}
{"level":"info","ts":1768351670.5624661,"logger":"fallback","caller":"service/service.go:136","msg":"Service reconciler calling PropagateRouteStatus() because Generation == ObservedGeneration"}
{"level":"info","ts":"2026-01-13T16:47:50-08:00","logger":"ServiceReconciler.reconcile","msg":"reconcile completed","key":"default/demo","reconciler":"knative.dev.serving.pkg.reconciler.service.Reconciler","requeue":false,"requeueAfter":0}
{"level":"info","ts":"2026-01-13T16:47:50-08:00","logger":"tracecheck","msg":"Taking reconcile step","Depth":57,"# Distinct States":152,"Total States":152,"Resource States":44}
{"level":"info","ts":"2026-01-13T16:47:50-08:00","logger":"tracecheck","msg":"Updated Deployment status","Depth":57,"# Distinct States":152,"Total States":152,"Resource States":44,"name":"kamera-test-deployment"}
{"level":"info","ts":"2026-01-13T16:47:50-08:00","logger":"tracecheck","msg":"Taking reconcile step","Depth":58,"# Distinct States":153,"Total States":153,"Resource States":44}
{"level":"info","ts":"2026-01-13T16:47:50-08:00","logger":"tracecheck","msg":"Taking reconcile step","Depth":59,"# Distinct States":154,"Total States":154,"Resource States":44}
{"level":"info","ts":"2026-01-13T16:47:50-08:00","logger":"KPAReconciler.seed","msg":"added podscalable to informer","resource":"deployments","namespace":"default","name":"kamera-test-deployment","stage":"podscalable-add","keys":["default/kamera-test-deployment"]}
{"level":"info","ts":"2026-01-13T16:47:50-08:00","logger":"KPAReconciler.seed","msg":"podscalable visible to lister","resource":"deployments","namespace":"default","name":"kamera-test-deployment","stage":"podscalable-lister","object":{"apiVersion":"autoscaling.internal.knative.dev/v1alpha1","kind":"PodScalable","namespace":"default","name":"kamera-test-deployment"}}
{"level":"info","ts":1768351670.679299,"logger":"fallback","caller":"kpa/controller.go:77","msg":"Setting up ConfigMap receivers"}
{"level":"info","ts":1768351670.679394,"logger":"fallback","caller":"kpa/controller.go:91","msg":"Setting up KPA-Class event handlers"}
{"level":"info","ts":1768351670.679497,"logger":"fallback","caller":"kpa/kpa.go:158","msg":"SKS should be in Proxy mode: want = 0, ebc = 0, #act's = 2 PA Inactive? = true"}
{"level":"info","ts":1768351670.679515,"logger":"fallback","caller":"kpa/kpa.go:178","msg":"PA scale got=1, want=0, desiredPods=0 ebc=0"}
{"level":"info","ts":1768351670.6795242,"logger":"fallback","caller":"kpa/kpa.go:188","msg":"Observed pod counts=kpa.podCounts{want:0, ready:1, notReady:0, pending:0, terminating:0}"}
{"level":"info","ts":"2026-01-13T16:47:50-08:00","logger":"KPAReconciler.reconcile","msg":"reconcile completed","key":"default/kamera-test","reconciler":"knative.dev.serving.pkg.reconciler.autoscaling.kpa.Reconciler","requeue":false,"requeueAfter":0}
{"level":"info","ts":"2026-01-13T16:47:50-08:00","logger":"tracecheck","msg":"Taking reconcile step","Depth":60,"# Distinct States":155,"Total States":155,"Resource States":44}
{"level":"info","ts":"2026-01-13T16:47:50-08:00","logger":"tracecheck","msg":"Taking reconcile step","Depth":61,"# Distinct States":156,"Total States":156,"Resource States":44}
{"level":"info","ts":"2026-01-13T16:47:50-08:00","logger":"tracecheck","msg":"Taking reconcile step","Depth":62,"# Distinct States":157,"Total States":157,"Resource States":44}
{"level":"info","ts":"2026-01-13T16:47:50-08:00","logger":"RouteReconciler.seed","msg":"added podscalable to informer","resource":"deployments","namespace":"default","name":"kamera-test-deployment","stage":"podscalable-add","keys":["default/kamera-test-deployment"]}
{"level":"info","ts":"2026-01-13T16:47:50-08:00","logger":"RouteReconciler.seed","msg":"podscalable visible to lister","resource":"deployments","namespace":"default","name":"kamera-test-deployment","stage":"podscalable-lister","object":{"apiVersion":"autoscaling.internal.knative.dev/v1alpha1","kind":"PodScalable","namespace":"default","name":"kamera-test-deployment"}}
{"level":"info","ts":1768351670.790518,"logger":"fallback","caller":"route/route.go:465","msg":"Revision default/kamera-test is inactive"}
{"level":"info","ts":1768351670.790543,"logger":"fallback","caller":"route/route.go:487","msg":"All referred targets are routable, marking AllTrafficAssigned with traffic information."}
{"level":"info","ts":1768351670.7905579,"logger":"fallback","caller":"route/route.go:140","msg":"Creating placeholder k8s services"}
{"level":"info","ts":1768351670.790656,"logger":"fallback","caller":"route/route.go:176","msg":"Updating placeholder k8s services with ingress information"}
{"level":"info","ts":1768351670.790944,"logger":"fallback","caller":"route/route.go:198","msg":"Route successfully synced"}
{"level":"info","ts":"2026-01-13T16:47:50-08:00","logger":"RouteReconciler.reconcile","msg":"reconcile completed","key":"default/demo","reconciler":"knative.dev.serving.pkg.reconciler.route.Reconciler","requeue":false,"requeueAfter":0}
{"level":"info","ts":"2026-01-13T16:47:50-08:00","logger":"tracecheck","msg":"Taking reconcile step","Depth":63,"# Distinct States":158,"Total States":158,"Resource States":44}
{"level":"info","ts":"2026-01-13T16:47:50-08:00","logger":"tracecheck","msg":"Taking reconcile step","Depth":64,"# Distinct States":159,"Total States":159,"Resource States":44}
{"level":"info","ts":"2026-01-13T16:47:50-08:00","logger":"ServiceReconciler.seed","msg":"added podscalable to informer","resource":"deployments","namespace":"default","name":"kamera-test-deployment","stage":"podscalable-add","keys":["default/kamera-test-deployment"]}
{"level":"info","ts":"2026-01-13T16:47:50-08:00","logger":"ServiceReconciler.seed","msg":"podscalable visible to lister","resource":"deployments","namespace":"default","name":"kamera-test-deployment","stage":"podscalable-lister","object":{"apiVersion":"autoscaling.internal.knative.dev/v1alpha1","kind":"PodScalable","namespace":"default","name":"kamera-test-deployment"}}
{"level":"info","ts":1768351670.9030101,"logger":"fallback","caller":"service/service.go:171","msg":"Service reconciler fetching Route from lister: name=demo, namespace=default"}
{"level":"info","ts":1768351670.903029,"logger":"fallback","caller":"service/service.go:174","msg":"Service reconciler got Route from lister: name=demo, Generation=1, ObservedGeneration=1, ResourceVersion="}
{"level":"info","ts":1768351670.903052,"logger":"fallback","caller":"service/service.go:126","msg":"Service reconciler checking Route: name=demo, Generation=1, ObservedGeneration=1, Ready=True (reason=, message=), generationMatch=true, routeResourceVersion="}
{"level":"info","ts":1768351670.903059,"logger":"fallback","caller":"service/service.go:136","msg":"Service reconciler calling PropagateRouteStatus() because Generation == ObservedGeneration"}
{"level":"info","ts":"2026-01-13T16:47:50-08:00","logger":"ServiceReconciler.reconcile","msg":"reconcile completed","key":"default/demo","reconciler":"knative.dev.serving.pkg.reconciler.service.Reconciler","requeue":false,"requeueAfter":0}
{"level":"info","ts":"2026-01-13T16:47:50-08:00","logger":"tracecheck","msg":"Taking reconcile step","Depth":65,"# Distinct States":160,"Total States":160,"Resource States":44}
{"level":"info","ts":"2026-01-13T16:47:50-08:00","logger":"tracecheck","msg":"Taking reconcile step","Depth":66,"# Distinct States":161,"Total States":161,"Resource States":44}
{"level":"info","ts":"2026-01-13T16:47:50-08:00","logger":"tracecheck","msg":"Deleting pods","Depth":66,"# Distinct States":161,"Total States":161,"Resource States":44,"count":1}
{"level":"info","ts":"2026-01-13T16:47:50-08:00","logger":"tracecheck","msg":"Taking reconcile step","Depth":48,"# Distinct States":162,"Total States":162,"Resource States":44}
{"level":"info","ts":"2026-01-13T16:47:51-08:00","logger":"RevisionReconciler.seed","msg":"added podscalable to informer","resource":"deployments","namespace":"default","name":"kamera-test-deployment","stage":"podscalable-add","keys":["default/kamera-test-deployment"]}
{"level":"info","ts":"2026-01-13T16:47:51-08:00","logger":"RevisionReconciler.seed","msg":"podscalable visible to lister","resource":"deployments","namespace":"default","name":"kamera-test-deployment","stage":"podscalable-lister","object":{"apiVersion":"autoscaling.internal.knative.dev/v1alpha1","kind":"PodScalable","namespace":"default","name":"kamera-test-deployment"}}
{"level":"error","ts":1768351671.0173812,"logger":"fallback","caller":"revision/controller.go:116","msg":"Failed to create resolver transport","error":"open /var/run/secrets/kubernetes.io/serviceaccount/ca.crt: no such file or directory","stacktrace":"knative.dev/serving/pkg/reconciler/revision.newControllerWithOptions\n\t/Users/tgoodwin/tmp/gomodcache/knative.dev/serving@v0.46.5/pkg/reconciler/revision/controller.go:116\nknative.dev/serving/pkg/reconciler/revision.NewController\n\t/Users/tgoodwin/tmp/gomodcache/knative.dev/serving@v0.46.5/pkg/reconciler/revision/controller.go:64\nmain.configureKnativeExplorer.func1.1\n\t/Users/tgoodwin/projects/kamera/examples/knative-serving/scenario.go:91\ngithub.com/tgoodwin/kamera/examples/knative-serving/knative.NewKnativeStrategy.func1\n\t/Users/tgoodwin/projects/kamera/examples/knative-serving/knative/harness.go:555\ngithub.com/tgoodwin/kamera/examples/knative-serving/knative.(*KnativeStrategy).ReconcileAtState\n\t/Users/tgoodwin/projects/kamera/examples/knative-serving/knative/harness.go:895\ngithub.com/tgoodwin/kamera/pkg/tracecheck.(*ReconcilerContainer).doReconcile\n\t/Users/tgoodwin/projects/kamera/pkg/tracecheck/reconciler.go:164\ngithub.com/tgoodwin/kamera/pkg/tracecheck.(*Explorer).reconcileAtState\n\t/Users/tgoodwin/projects/kamera/pkg/tracecheck/explore.go:1313\ngithub.com/tgoodwin/kamera/pkg/tracecheck.(*Explorer).takeReconcileStep\n\t/Users/tgoodwin/projects/kamera/pkg/tracecheck/explore.go:1228\ngithub.com/tgoodwin/kamera/pkg/tracecheck.(*Explorer).explore\n\t/Users/tgoodwin/projects/kamera/pkg/tracecheck/explore.go:790\ngithub.com/tgoodwin/kamera/pkg/tracecheck.(*Explorer).Explore.func1\n\t/Users/tgoodwin/projects/kamera/pkg/tracecheck/explore.go:330"}
{"level":"info","ts":1768351671.0178208,"logger":"fallback","caller":"revision/reconcile_resources.go:161","msg":"Reconciling PA: kamera-test"}
{"level":"info","ts":"2026-01-13T16:47:51-08:00","logger":"RevisionReconciler.reconcile","msg":"reconcile completed","key":"default/kamera-test","reconciler":"knative.dev.serving.pkg.reconciler.revision.Reconciler","requeue":false,"requeueAfter":0}
{"level":"info","ts":"2026-01-13T16:47:51-08:00","logger":"tracecheck","msg":"Taking reconcile step","Depth":49,"# Distinct States":163,"Total States":163,"Resource States":44}
{"level":"info","ts":"2026-01-13T16:47:51-08:00","logger":"ConfigurationReconciler.seed","msg":"added podscalable to informer","resource":"deployments","namespace":"default","name":"kamera-test-deployment","stage":"podscalable-add","keys":["default/kamera-test-deployment"]}
{"level":"info","ts":"2026-01-13T16:47:51-08:00","logger":"ConfigurationReconciler.seed","msg":"podscalable visible to lister","resource":"deployments","namespace":"default","name":"kamera-test-deployment","stage":"podscalable-lister","object":{"apiVersion":"autoscaling.internal.knative.dev/v1alpha1","kind":"PodScalable","namespace":"default","name":"kamera-test-deployment"}}
{"level":"info","ts":1768351671.124583,"logger":"fallback","caller":"configuration/configuration.go:106","msg":"Revision \"kamera-test\" of configuration is ready"}
{"level":"info","ts":"2026-01-13T16:47:51-08:00","logger":"ConfigurationReconciler.reconcile","msg":"reconcile completed","key":"default/demo","reconciler":"knative.dev.serving.pkg.reconciler.configuration.Reconciler","requeue":false,"requeueAfter":0}
{"level":"info","ts":"2026-01-13T16:47:51-08:00","logger":"tracecheck","msg":"Taking reconcile step","Depth":50,"# Distinct States":164,"Total States":164,"Resource States":44}
{"level":"info","ts":"2026-01-13T16:47:51-08:00","logger":"tracecheck","msg":"Taking reconcile step","Depth":51,"# Distinct States":165,"Total States":165,"Resource States":44}
{"level":"info","ts":"2026-01-13T16:47:51-08:00","logger":"tracecheck","msg":"Updated Deployment status","Depth":51,"# Distinct States":165,"Total States":165,"Resource States":44,"name":"kamera-test-deployment"}
{"level":"info","ts":"2026-01-13T16:47:51-08:00","logger":"tracecheck","msg":"Taking reconcile step","Depth":52,"# Distinct States":166,"Total States":166,"Resource States":44}
{"level":"info","ts":"2026-01-13T16:47:51-08:00","logger":"tracecheck","msg":"Taking reconcile step","Depth":53,"# Distinct States":167,"Total States":167,"Resource States":44}
{"level":"info","ts":"2026-01-13T16:47:51-08:00","logger":"KPAReconciler.seed","msg":"added podscalable to informer","resource":"deployments","namespace":"default","name":"kamera-test-deployment","stage":"podscalable-add","keys":["default/kamera-test-deployment"]}
{"level":"info","ts":"2026-01-13T16:47:51-08:00","logger":"KPAReconciler.seed","msg":"podscalable visible to lister","resource":"deployments","namespace":"default","name":"kamera-test-deployment","stage":"podscalable-lister","object":{"apiVersion":"autoscaling.internal.knative.dev/v1alpha1","kind":"PodScalable","namespace":"default","name":"kamera-test-deployment"}}
{"level":"info","ts":1768351671.2383082,"logger":"fallback","caller":"kpa/controller.go:77","msg":"Setting up ConfigMap receivers"}
{"level":"info","ts":1768351671.2384121,"logger":"fallback","caller":"kpa/controller.go:91","msg":"Setting up KPA-Class event handlers"}
{"level":"info","ts":1768351671.238509,"logger":"fallback","caller":"kpa/scaler.go:379","msg":"Scaling from 1 to 0"}
{"level":"info","ts":1768351671.240303,"logger":"fallback","caller":"kpa/kpa.go:158","msg":"SKS should be in Proxy mode: want = 0, ebc = 0, #act's = 2 PA Inactive? = true"}
{"level":"info","ts":1768351671.240326,"logger":"fallback","caller":"kpa/kpa.go:178","msg":"PA scale got=1, want=0, desiredPods=0 ebc=0"}
{"level":"info","ts":1768351671.240333,"logger":"fallback","caller":"kpa/kpa.go:188","msg":"Observed pod counts=kpa.podCounts{want:0, ready:1, notReady:0, pending:0, terminating:0}"}
{"level":"info","ts":"2026-01-13T16:47:51-08:00","logger":"KPAReconciler.reconcile","msg":"reconcile completed","key":"default/kamera-test","reconciler":"knative.dev.serving.pkg.reconciler.autoscaling.kpa.Reconciler","requeue":false,"requeueAfter":0}
{"level":"info","ts":"2026-01-13T16:47:51-08:00","logger":"tracecheck","msg":"Taking reconcile step","Depth":54,"# Distinct States":168,"Total States":168,"Resource States":44}
{"level":"info","ts":"2026-01-13T16:47:51-08:00","logger":"ConfigurationReconciler.seed","msg":"added podscalable to informer","resource":"deployments","namespace":"default","name":"kamera-test-deployment","stage":"podscalable-add","keys":["default/kamera-test-deployment"]}
{"level":"info","ts":"2026-01-13T16:47:51-08:00","logger":"ConfigurationReconciler.seed","msg":"podscalable visible to lister","resource":"deployments","namespace":"default","name":"kamera-test-deployment","stage":"podscalable-lister","object":{"apiVersion":"autoscaling.internal.knative.dev/v1alpha1","kind":"PodScalable","namespace":"default","name":"kamera-test-deployment"}}
{"level":"info","ts":1768351671.347779,"logger":"fallback","caller":"configuration/configuration.go:106","msg":"Revision \"kamera-test\" of configuration is ready"}
{"level":"info","ts":"2026-01-13T16:47:51-08:00","logger":"ConfigurationReconciler.reconcile","msg":"reconcile completed","key":"default/demo","reconciler":"knative.dev.serving.pkg.reconciler.configuration.Reconciler","requeue":false,"requeueAfter":0}
{"level":"info","ts":"2026-01-13T16:47:51-08:00","logger":"tracecheck","msg":"Taking reconcile step","Depth":55,"# Distinct States":169,"Total States":169,"Resource States":44}
{"level":"info","ts":"2026-01-13T16:47:51-08:00","logger":"RouteReconciler.seed","msg":"added podscalable to informer","resource":"deployments","namespace":"default","name":"kamera-test-deployment","stage":"podscalable-add","keys":["default/kamera-test-deployment"]}
{"level":"info","ts":"2026-01-13T16:47:51-08:00","logger":"RouteReconciler.seed","msg":"podscalable visible to lister","resource":"deployments","namespace":"default","name":"kamera-test-deployment","stage":"podscalable-lister","object":{"apiVersion":"autoscaling.internal.knative.dev/v1alpha1","kind":"PodScalable","namespace":"default","name":"kamera-test-deployment"}}
{"level":"info","ts":1768351671.4537768,"logger":"fallback","caller":"route/route.go:465","msg":"Revision default/kamera-test is inactive"}
{"level":"info","ts":1768351671.453799,"logger":"fallback","caller":"route/route.go:487","msg":"All referred targets are routable, marking AllTrafficAssigned with traffic information."}
{"level":"info","ts":1768351671.453814,"logger":"fallback","caller":"route/route.go:140","msg":"Creating placeholder k8s services"}
{"level":"info","ts":1768351671.453957,"logger":"fallback","caller":"route/reconcile_resources.go:179","msg":"Created service demo"}
{"level":"info","ts":1768351671.454175,"logger":"fallback","caller":"route/route.go:176","msg":"Updating placeholder k8s services with ingress information"}
{"level":"warn","ts":1768351671.45419,"logger":"fallback","caller":"route/reconcile_resources.go:228","msg":"Failed to update k8s service","error":"failed to fetch loadbalancer domain/IP from ingress status"}
{"level":"info","ts":1768351671.4541981,"logger":"fallback","caller":"route/route.go:198","msg":"Route successfully synced"}
{"level":"info","ts":"2026-01-13T16:47:51-08:00","logger":"RouteReconciler.reconcile","msg":"reconcile completed","key":"default/demo","reconciler":"knative.dev.serving.pkg.reconciler.route.Reconciler","requeue":false,"requeueAfter":0}
{"level":"info","ts":"2026-01-13T16:47:51-08:00","logger":"tracecheck","msg":"Taking reconcile step","Depth":56,"# Distinct States":170,"Total States":170,"Resource States":44}
{"level":"info","ts":"2026-01-13T16:47:51-08:00","logger":"ServiceReconciler.seed","msg":"added podscalable to informer","resource":"deployments","namespace":"default","name":"kamera-test-deployment","stage":"podscalable-add","keys":["default/kamera-test-deployment"]}
{"level":"info","ts":"2026-01-13T16:47:51-08:00","logger":"ServiceReconciler.seed","msg":"podscalable visible to lister","resource":"deployments","namespace":"default","name":"kamera-test-deployment","stage":"podscalable-lister","object":{"apiVersion":"autoscaling.internal.knative.dev/v1alpha1","kind":"PodScalable","namespace":"default","name":"kamera-test-deployment"}}
{"level":"info","ts":1768351671.56228,"logger":"fallback","caller":"service/service.go:171","msg":"Service reconciler fetching Route from lister: name=demo, namespace=default"}
{"level":"info","ts":1768351671.5623071,"logger":"fallback","caller":"service/service.go:174","msg":"Service reconciler got Route from lister: name=demo, Generation=1, ObservedGeneration=1, ResourceVersion="}
{"level":"info","ts":1768351671.562386,"logger":"fallback","caller":"service/service.go:126","msg":"Service reconciler checking Route: name=demo, Generation=1, ObservedGeneration=1, Ready=Unknown (reason=IngressNotConfigured, message=Ingress has not yet been reconciled.), generationMatch=true, routeResourceVersion="}
{"level":"info","ts":1768351671.5624042,"logger":"fallback","caller":"service/service.go:136","msg":"Service reconciler calling PropagateRouteStatus() because Generation == ObservedGeneration"}
{"level":"info","ts":"2026-01-13T16:47:51-08:00","logger":"ServiceReconciler.reconcile","msg":"reconcile completed","key":"default/demo","reconciler":"knative.dev.serving.pkg.reconciler.service.Reconciler","requeue":false,"requeueAfter":0}
{"level":"info","ts":"2026-01-13T16:47:51-08:00","logger":"tracecheck","msg":"Taking reconcile step","Depth":57,"# Distinct States":171,"Total States":171,"Resource States":44}
{"level":"info","ts":"2026-01-13T16:47:51-08:00","logger":"tracecheck","msg":"Updated Deployment status","Depth":57,"# Distinct States":171,"Total States":171,"Resource States":44,"name":"kamera-test-deployment"}
{"level":"info","ts":"2026-01-13T16:47:51-08:00","logger":"tracecheck","msg":"Taking reconcile step","Depth":58,"# Distinct States":172,"Total States":172,"Resource States":44}
{"level":"info","ts":"2026-01-13T16:47:51-08:00","logger":"tracecheck","msg":"Taking reconcile step","Depth":59,"# Distinct States":173,"Total States":173,"Resource States":44}
{"level":"info","ts":"2026-01-13T16:47:51-08:00","logger":"RevisionReconciler.seed","msg":"added podscalable to informer","resource":"deployments","namespace":"default","name":"kamera-test-deployment","stage":"podscalable-add","keys":["default/kamera-test-deployment"]}
{"level":"info","ts":"2026-01-13T16:47:51-08:00","logger":"RevisionReconciler.seed","msg":"podscalable visible to lister","resource":"deployments","namespace":"default","name":"kamera-test-deployment","stage":"podscalable-lister","object":{"apiVersion":"autoscaling.internal.knative.dev/v1alpha1","kind":"PodScalable","namespace":"default","name":"kamera-test-deployment"}}
{"level":"error","ts":1768351671.681679,"logger":"fallback","caller":"revision/controller.go:116","msg":"Failed to create resolver transport","error":"open /var/run/secrets/kubernetes.io/serviceaccount/ca.crt: no such file or directory","stacktrace":"knative.dev/serving/pkg/reconciler/revision.newControllerWithOptions\n\t/Users/tgoodwin/tmp/gomodcache/knative.dev/serving@v0.46.5/pkg/reconciler/revision/controller.go:116\nknative.dev/serving/pkg/reconciler/revision.NewController\n\t/Users/tgoodwin/tmp/gomodcache/knative.dev/serving@v0.46.5/pkg/reconciler/revision/controller.go:64\nmain.configureKnativeExplorer.func1.1\n\t/Users/tgoodwin/projects/kamera/examples/knative-serving/scenario.go:91\ngithub.com/tgoodwin/kamera/examples/knative-serving/knative.NewKnativeStrategy.func1\n\t/Users/tgoodwin/projects/kamera/examples/knative-serving/knative/harness.go:555\ngithub.com/tgoodwin/kamera/examples/knative-serving/knative.(*KnativeStrategy).ReconcileAtState\n\t/Users/tgoodwin/projects/kamera/examples/knative-serving/knative/harness.go:895\ngithub.com/tgoodwin/kamera/pkg/tracecheck.(*ReconcilerContainer).doReconcile\n\t/Users/tgoodwin/projects/kamera/pkg/tracecheck/reconciler.go:164\ngithub.com/tgoodwin/kamera/pkg/tracecheck.(*Explorer).reconcileAtState\n\t/Users/tgoodwin/projects/kamera/pkg/tracecheck/explore.go:1313\ngithub.com/tgoodwin/kamera/pkg/tracecheck.(*Explorer).takeReconcileStep\n\t/Users/tgoodwin/projects/kamera/pkg/tracecheck/explore.go:1228\ngithub.com/tgoodwin/kamera/pkg/tracecheck.(*Explorer).explore\n\t/Users/tgoodwin/projects/kamera/pkg/tracecheck/explore.go:790\ngithub.com/tgoodwin/kamera/pkg/tracecheck.(*Explorer).Explore.func1\n\t/Users/tgoodwin/projects/kamera/pkg/tracecheck/explore.go:330"}
{"level":"info","ts":1768351671.682091,"logger":"fallback","caller":"revision/reconcile_resources.go:161","msg":"Reconciling PA: kamera-test"}
{"level":"info","ts":"2026-01-13T16:47:51-08:00","logger":"RevisionReconciler.reconcile","msg":"reconcile completed","key":"default/kamera-test","reconciler":"knative.dev.serving.pkg.reconciler.revision.Reconciler","requeue":false,"requeueAfter":0}
{"level":"info","ts":"2026-01-13T16:47:51-08:00","logger":"tracecheck","msg":"Taking reconcile step","Depth":60,"# Distinct States":174,"Total States":174,"Resource States":44}
{"level":"info","ts":"2026-01-13T16:47:51-08:00","logger":"KPAReconciler.seed","msg":"added podscalable to informer","resource":"deployments","namespace":"default","name":"kamera-test-deployment","stage":"podscalable-add","keys":["default/kamera-test-deployment"]}
{"level":"info","ts":"2026-01-13T16:47:51-08:00","logger":"KPAReconciler.seed","msg":"podscalable visible to lister","resource":"deployments","namespace":"default","name":"kamera-test-deployment","stage":"podscalable-lister","object":{"apiVersion":"autoscaling.internal.knative.dev/v1alpha1","kind":"PodScalable","namespace":"default","name":"kamera-test-deployment"}}
{"level":"info","ts":1768351671.789977,"logger":"fallback","caller":"kpa/controller.go:77","msg":"Setting up ConfigMap receivers"}
{"level":"info","ts":1768351671.7900858,"logger":"fallback","caller":"kpa/controller.go:91","msg":"Setting up KPA-Class event handlers"}
{"level":"info","ts":1768351671.7902029,"logger":"fallback","caller":"kpa/kpa.go:158","msg":"SKS should be in Proxy mode: want = 0, ebc = 0, #act's = 2 PA Inactive? = true"}
{"level":"info","ts":1768351671.7902231,"logger":"fallback","caller":"kpa/kpa.go:178","msg":"PA scale got=1, want=0, desiredPods=0 ebc=0"}
{"level":"info","ts":1768351671.7902322,"logger":"fallback","caller":"kpa/kpa.go:188","msg":"Observed pod counts=kpa.podCounts{want:0, ready:1, notReady:0, pending:0, terminating:0}"}
{"level":"info","ts":"2026-01-13T16:47:51-08:00","logger":"KPAReconciler.reconcile","msg":"reconcile completed","key":"default/kamera-test","reconciler":"knative.dev.serving.pkg.reconciler.autoscaling.kpa.Reconciler","requeue":false,"requeueAfter":0}
{"level":"info","ts":"2026-01-13T16:47:51-08:00","logger":"tracecheck","msg":"Taking reconcile step","Depth":61,"# Distinct States":175,"Total States":175,"Resource States":44}
{"level":"info","ts":"2026-01-13T16:47:51-08:00","logger":"tracecheck","msg":"Taking reconcile step","Depth":62,"# Distinct States":176,"Total States":176,"Resource States":44}
{"level":"info","ts":"2026-01-13T16:47:51-08:00","logger":"tracecheck","msg":"Taking reconcile step","Depth":63,"# Distinct States":177,"Total States":177,"Resource States":44}
{"level":"info","ts":"2026-01-13T16:47:51-08:00","logger":"RouteReconciler.seed","msg":"added podscalable to informer","resource":"deployments","namespace":"default","name":"kamera-test-deployment","stage":"podscalable-add","keys":["default/kamera-test-deployment"]}
{"level":"info","ts":"2026-01-13T16:47:51-08:00","logger":"RouteReconciler.seed","msg":"podscalable visible to lister","resource":"deployments","namespace":"default","name":"kamera-test-deployment","stage":"podscalable-lister","object":{"apiVersion":"autoscaling.internal.knative.dev/v1alpha1","kind":"PodScalable","namespace":"default","name":"kamera-test-deployment"}}
{"level":"info","ts":1768351671.900774,"logger":"fallback","caller":"route/route.go:465","msg":"Revision default/kamera-test is inactive"}
{"level":"info","ts":1768351671.900795,"logger":"fallback","caller":"route/route.go:487","msg":"All referred targets are routable, marking AllTrafficAssigned with traffic information."}
{"level":"info","ts":1768351671.900809,"logger":"fallback","caller":"route/route.go:140","msg":"Creating placeholder k8s services"}
{"level":"info","ts":1768351671.900897,"logger":"fallback","caller":"route/route.go:176","msg":"Updating placeholder k8s services with ingress information"}
{"level":"info","ts":1768351671.901073,"logger":"fallback","caller":"route/route.go:198","msg":"Route successfully synced"}
{"level":"info","ts":"2026-01-13T16:47:51-08:00","logger":"RouteReconciler.reconcile","msg":"reconcile completed","key":"default/demo","reconciler":"knative.dev.serving.pkg.reconciler.route.Reconciler","requeue":false,"requeueAfter":0}
{"level":"info","ts":"2026-01-13T16:47:51-08:00","logger":"tracecheck","msg":"Taking reconcile step","Depth":64,"# Distinct States":178,"Total States":178,"Resource States":44}
{"level":"info","ts":"2026-01-13T16:47:51-08:00","logger":"tracecheck","msg":"Taking reconcile step","Depth":65,"# Distinct States":179,"Total States":179,"Resource States":44}
{"level":"info","ts":"2026-01-13T16:47:52-08:00","logger":"ServiceReconciler.seed","msg":"added podscalable to informer","resource":"deployments","namespace":"default","name":"kamera-test-deployment","stage":"podscalable-add","keys":["default/kamera-test-deployment"]}
{"level":"info","ts":"2026-01-13T16:47:52-08:00","logger":"ServiceReconciler.seed","msg":"podscalable visible to lister","resource":"deployments","namespace":"default","name":"kamera-test-deployment","stage":"podscalable-lister","object":{"apiVersion":"autoscaling.internal.knative.dev/v1alpha1","kind":"PodScalable","namespace":"default","name":"kamera-test-deployment"}}
{"level":"info","ts":1768351672.01234,"logger":"fallback","caller":"service/service.go:171","msg":"Service reconciler fetching Route from lister: name=demo, namespace=default"}
{"level":"info","ts":1768351672.0123641,"logger":"fallback","caller":"service/service.go:174","msg":"Service reconciler got Route from lister: name=demo, Generation=1, ObservedGeneration=1, ResourceVersion="}
{"level":"info","ts":1768351672.0123909,"logger":"fallback","caller":"service/service.go:126","msg":"Service reconciler checking Route: name=demo, Generation=1, ObservedGeneration=1, Ready=True (reason=, message=), generationMatch=true, routeResourceVersion="}
{"level":"info","ts":1768351672.0124002,"logger":"fallback","caller":"service/service.go:136","msg":"Service reconciler calling PropagateRouteStatus() because Generation == ObservedGeneration"}
{"level":"info","ts":"2026-01-13T16:47:52-08:00","logger":"ServiceReconciler.reconcile","msg":"reconcile completed","key":"default/demo","reconciler":"knative.dev.serving.pkg.reconciler.service.Reconciler","requeue":false,"requeueAfter":0}
{"level":"info","ts":"2026-01-13T16:47:52-08:00","logger":"tracecheck","msg":"Taking reconcile step","Depth":66,"# Distinct States":180,"Total States":180,"Resource States":44}
{"level":"info","ts":"2026-01-13T16:47:52-08:00","logger":"tracecheck","msg":"Taking reconcile step","Depth":67,"# Distinct States":181,"Total States":181,"Resource States":44}
{"level":"info","ts":"2026-01-13T16:47:52-08:00","logger":"tracecheck","msg":"Deleting pods","Depth":67,"# Distinct States":181,"Total States":181,"Resource States":44,"count":1}
{"level":"info","ts":"2026-01-13T16:47:52-08:00","logger":"tracecheck","msg":"Taking reconcile step","Depth":44,"# Distinct States":182,"Total States":182,"Resource States":44}
{"level":"info","ts":"2026-01-13T16:47:52-08:00","logger":"RevisionReconciler.seed","msg":"added podscalable to informer","resource":"deployments","namespace":"default","name":"kamera-test-deployment","stage":"podscalable-add","keys":["default/kamera-test-deployment"]}
{"level":"info","ts":"2026-01-13T16:47:52-08:00","logger":"RevisionReconciler.seed","msg":"podscalable visible to lister","resource":"deployments","namespace":"default","name":"kamera-test-deployment","stage":"podscalable-lister","object":{"apiVersion":"autoscaling.internal.knative.dev/v1alpha1","kind":"PodScalable","namespace":"default","name":"kamera-test-deployment"}}
{"level":"error","ts":1768351672.12784,"logger":"fallback","caller":"revision/controller.go:116","msg":"Failed to create resolver transport","error":"open /var/run/secrets/kubernetes.io/serviceaccount/ca.crt: no such file or directory","stacktrace":"knative.dev/serving/pkg/reconciler/revision.newControllerWithOptions\n\t/Users/tgoodwin/tmp/gomodcache/knative.dev/serving@v0.46.5/pkg/reconciler/revision/controller.go:116\nknative.dev/serving/pkg/reconciler/revision.NewController\n\t/Users/tgoodwin/tmp/gomodcache/knative.dev/serving@v0.46.5/pkg/reconciler/revision/controller.go:64\nmain.configureKnativeExplorer.func1.1\n\t/Users/tgoodwin/projects/kamera/examples/knative-serving/scenario.go:91\ngithub.com/tgoodwin/kamera/examples/knative-serving/knative.NewKnativeStrategy.func1\n\t/Users/tgoodwin/projects/kamera/examples/knative-serving/knative/harness.go:555\ngithub.com/tgoodwin/kamera/examples/knative-serving/knative.(*KnativeStrategy).ReconcileAtState\n\t/Users/tgoodwin/projects/kamera/examples/knative-serving/knative/harness.go:895\ngithub.com/tgoodwin/kamera/pkg/tracecheck.(*ReconcilerContainer).doReconcile\n\t/Users/tgoodwin/projects/kamera/pkg/tracecheck/reconciler.go:164\ngithub.com/tgoodwin/kamera/pkg/tracecheck.(*Explorer).reconcileAtState\n\t/Users/tgoodwin/projects/kamera/pkg/tracecheck/explore.go:1313\ngithub.com/tgoodwin/kamera/pkg/tracecheck.(*Explorer).takeReconcileStep\n\t/Users/tgoodwin/projects/kamera/pkg/tracecheck/explore.go:1228\ngithub.com/tgoodwin/kamera/pkg/tracecheck.(*Explorer).explore\n\t/Users/tgoodwin/projects/kamera/pkg/tracecheck/explore.go:790\ngithub.com/tgoodwin/kamera/pkg/tracecheck.(*Explorer).Explore.func1\n\t/Users/tgoodwin/projects/kamera/pkg/tracecheck/explore.go:330"}
{"level":"info","ts":1768351672.128234,"logger":"fallback","caller":"revision/reconcile_resources.go:161","msg":"Reconciling PA: kamera-test"}
{"level":"info","ts":"2026-01-13T16:47:52-08:00","logger":"RevisionReconciler.reconcile","msg":"reconcile completed","key":"default/kamera-test","reconciler":"knative.dev.serving.pkg.reconciler.revision.Reconciler","requeue":false,"requeueAfter":0}
{"level":"info","ts":"2026-01-13T16:47:52-08:00","logger":"tracecheck","msg":"Taking reconcile step","Depth":45,"# Distinct States":183,"Total States":183,"Resource States":44}
{"level":"info","ts":"2026-01-13T16:47:52-08:00","logger":"tracecheck","msg":"Taking reconcile step","Depth":46,"# Distinct States":184,"Total States":184,"Resource States":44}
{"level":"info","ts":"2026-01-13T16:47:52-08:00","logger":"tracecheck","msg":"Updated ReplicaSet status","Depth":46,"# Distinct States":184,"Total States":184,"Resource States":44,"name":"kamera-test-deployment-1488584584"}
{"level":"info","ts":"2026-01-13T16:47:52-08:00","logger":"tracecheck","msg":"Taking reconcile step","Depth":47,"# Distinct States":185,"Total States":185,"Resource States":44}
{"level":"info","ts":"2026-01-13T16:47:52-08:00","logger":"KPAReconciler.seed","msg":"added podscalable to informer","resource":"deployments","namespace":"default","name":"kamera-test-deployment","stage":"podscalable-add","keys":["default/kamera-test-deployment"]}
{"level":"info","ts":"2026-01-13T16:47:52-08:00","logger":"KPAReconciler.seed","msg":"podscalable visible to lister","resource":"deployments","namespace":"default","name":"kamera-test-deployment","stage":"podscalable-lister","object":{"apiVersion":"autoscaling.internal.knative.dev/v1alpha1","kind":"PodScalable","namespace":"default","name":"kamera-test-deployment"}}
{"level":"info","ts":1768351672.242684,"logger":"fallback","caller":"kpa/controller.go:77","msg":"Setting up ConfigMap receivers"}
{"level":"info","ts":1768351672.2428281,"logger":"fallback","caller":"kpa/controller.go:91","msg":"Setting up KPA-Class event handlers"}
{"level":"info","ts":1768351672.2429361,"logger":"fallback","caller":"kpa/scaler.go:229","msg":"Can deactivate PA, was active for 14s"}
{"level":"info","ts":1768351672.2429519,"logger":"fallback","caller":"kpa/kpa.go:158","msg":"SKS should be in Proxy mode: want = 0, ebc = 0, #act's = 2 PA Inactive? = false"}
{"level":"info","ts":1768351672.242968,"logger":"fallback","caller":"kpa/kpa.go:178","msg":"PA scale got=1, want=0, desiredPods=0 ebc=0"}
{"level":"info","ts":1768351672.242976,"logger":"fallback","caller":"kpa/kpa.go:188","msg":"Observed pod counts=kpa.podCounts{want:0, ready:1, notReady:0, pending:0, terminating:0}"}
{"level":"info","ts":"2026-01-13T16:47:52-08:00","logger":"KPAReconciler.reconcile","msg":"reconcile completed","key":"default/kamera-test","reconciler":"knative.dev.serving.pkg.reconciler.autoscaling.kpa.Reconciler","requeue":false,"requeueAfter":0}
{"level":"info","ts":"2026-01-13T16:47:52-08:00","logger":"tracecheck","msg":"Taking reconcile step","Depth":48,"# Distinct States":186,"Total States":186,"Resource States":44}
{"level":"info","ts":"2026-01-13T16:47:52-08:00","logger":"ConfigurationReconciler.seed","msg":"added podscalable to informer","resource":"deployments","namespace":"default","name":"kamera-test-deployment","stage":"podscalable-add","keys":["default/kamera-test-deployment"]}
{"level":"info","ts":"2026-01-13T16:47:52-08:00","logger":"ConfigurationReconciler.seed","msg":"podscalable visible to lister","resource":"deployments","namespace":"default","name":"kamera-test-deployment","stage":"podscalable-lister","object":{"apiVersion":"autoscaling.internal.knative.dev/v1alpha1","kind":"PodScalable","namespace":"default","name":"kamera-test-deployment"}}
{"level":"info","ts":1768351672.3495529,"logger":"fallback","caller":"configuration/configuration.go:106","msg":"Revision \"kamera-test\" of configuration is ready"}
{"level":"info","ts":"2026-01-13T16:47:52-08:00","logger":"ConfigurationReconciler.reconcile","msg":"reconcile completed","key":"default/demo","reconciler":"knative.dev.serving.pkg.reconciler.configuration.Reconciler","requeue":false,"requeueAfter":0}
{"level":"info","ts":"2026-01-13T16:47:52-08:00","logger":"tracecheck","msg":"Taking reconcile step","Depth":49,"# Distinct States":187,"Total States":187,"Resource States":44}
{"level":"info","ts":"2026-01-13T16:47:52-08:00","logger":"tracecheck","msg":"Taking reconcile step","Depth":50,"# Distinct States":188,"Total States":188,"Resource States":44}
{"level":"info","ts":"2026-01-13T16:47:52-08:00","logger":"tracecheck","msg":"Updated Deployment status","Depth":50,"# Distinct States":188,"Total States":188,"Resource States":44,"name":"kamera-test-deployment"}
{"level":"info","ts":"2026-01-13T16:47:52-08:00","logger":"tracecheck","msg":"Taking reconcile step","Depth":51,"# Distinct States":189,"Total States":189,"Resource States":45}
{"level":"info","ts":"2026-01-13T16:47:52-08:00","logger":"tracecheck","msg":"Taking reconcile step","Depth":52,"# Distinct States":190,"Total States":190,"Resource States":45}
{"level":"info","ts":"2026-01-13T16:47:52-08:00","logger":"KPAReconciler.seed","msg":"added podscalable to informer","resource":"deployments","namespace":"default","name":"kamera-test-deployment","stage":"podscalable-add","keys":["default/kamera-test-deployment"]}
{"level":"info","ts":"2026-01-13T16:47:52-08:00","logger":"KPAReconciler.seed","msg":"podscalable visible to lister","resource":"deployments","namespace":"default","name":"kamera-test-deployment","stage":"podscalable-lister","object":{"apiVersion":"autoscaling.internal.knative.dev/v1alpha1","kind":"PodScalable","namespace":"default","name":"kamera-test-deployment"}}
{"level":"info","ts":1768351672.4607759,"logger":"fallback","caller":"kpa/controller.go:77","msg":"Setting up ConfigMap receivers"}
{"level":"info","ts":1768351672.460855,"logger":"fallback","caller":"kpa/controller.go:91","msg":"Setting up KPA-Class event handlers"}
{"level":"info","ts":1768351672.4609568,"logger":"fallback","caller":"kpa/scaler.go:379","msg":"Scaling from 1 to 0"}
{"level":"info","ts":1768351672.461976,"logger":"fallback","caller":"kpa/kpa.go:158","msg":"SKS should be in Proxy mode: want = 0, ebc = 0, #act's = 2 PA Inactive? = true"}
{"level":"info","ts":1768351672.4619908,"logger":"fallback","caller":"kpa/kpa.go:178","msg":"PA scale got=1, want=0, desiredPods=0 ebc=0"}
{"level":"info","ts":1768351672.461996,"logger":"fallback","caller":"kpa/kpa.go:188","msg":"Observed pod counts=kpa.podCounts{want:0, ready:1, notReady:0, pending:0, terminating:0}"}
{"level":"info","ts":"2026-01-13T16:47:52-08:00","logger":"KPAReconciler.reconcile","msg":"reconcile completed","key":"default/kamera-test","reconciler":"knative.dev.serving.pkg.reconciler.autoscaling.kpa.Reconciler","requeue":false,"requeueAfter":0}
{"level":"info","ts":"2026-01-13T16:47:52-08:00","logger":"tracecheck","msg":"Taking reconcile step","Depth":53,"# Distinct States":191,"Total States":191,"Resource States":46}
{"level":"info","ts":"2026-01-13T16:47:52-08:00","logger":"RevisionReconciler.seed","msg":"added podscalable to informer","resource":"deployments","namespace":"default","name":"kamera-test-deployment","stage":"podscalable-add","keys":["default/kamera-test-deployment"]}
{"level":"info","ts":"2026-01-13T16:47:52-08:00","logger":"RevisionReconciler.seed","msg":"podscalable visible to lister","resource":"deployments","namespace":"default","name":"kamera-test-deployment","stage":"podscalable-lister","object":{"apiVersion":"autoscaling.internal.knative.dev/v1alpha1","kind":"PodScalable","namespace":"default","name":"kamera-test-deployment"}}
{"level":"error","ts":1768351672.569752,"logger":"fallback","caller":"revision/controller.go:116","msg":"Failed to create resolver transport","error":"open /var/run/secrets/kubernetes.io/serviceaccount/ca.crt: no such file or directory","stacktrace":"knative.dev/serving/pkg/reconciler/revision.newControllerWithOptions\n\t/Users/tgoodwin/tmp/gomodcache/knative.dev/serving@v0.46.5/pkg/reconciler/revision/controller.go:116\nknative.dev/serving/pkg/reconciler/revision.NewController\n\t/Users/tgoodwin/tmp/gomodcache/knative.dev/serving@v0.46.5/pkg/reconciler/revision/controller.go:64\nmain.configureKnativeExplorer.func1.1\n\t/Users/tgoodwin/projects/kamera/examples/knative-serving/scenario.go:91\ngithub.com/tgoodwin/kamera/examples/knative-serving/knative.NewKnativeStrategy.func1\n\t/Users/tgoodwin/projects/kamera/examples/knative-serving/knative/harness.go:555\ngithub.com/tgoodwin/kamera/examples/knative-serving/knative.(*KnativeStrategy).ReconcileAtState\n\t/Users/tgoodwin/projects/kamera/examples/knative-serving/knative/harness.go:895\ngithub.com/tgoodwin/kamera/pkg/tracecheck.(*ReconcilerContainer).doReconcile\n\t/Users/tgoodwin/projects/kamera/pkg/tracecheck/reconciler.go:164\ngithub.com/tgoodwin/kamera/pkg/tracecheck.(*Explorer).reconcileAtState\n\t/Users/tgoodwin/projects/kamera/pkg/tracecheck/explore.go:1313\ngithub.com/tgoodwin/kamera/pkg/tracecheck.(*Explorer).takeReconcileStep\n\t/Users/tgoodwin/projects/kamera/pkg/tracecheck/explore.go:1228\ngithub.com/tgoodwin/kamera/pkg/tracecheck.(*Explorer).explore\n\t/Users/tgoodwin/projects/kamera/pkg/tracecheck/explore.go:790\ngithub.com/tgoodwin/kamera/pkg/tracecheck.(*Explorer).Explore.func1\n\t/Users/tgoodwin/projects/kamera/pkg/tracecheck/explore.go:330"}
{"level":"info","ts":1768351672.570013,"logger":"fallback","caller":"revision/reconcile_resources.go:161","msg":"Reconciling PA: kamera-test"}
{"level":"info","ts":"2026-01-13T16:47:52-08:00","logger":"RevisionReconciler.reconcile","msg":"reconcile completed","key":"default/kamera-test","reconciler":"knative.dev.serving.pkg.reconciler.revision.Reconciler","requeue":false,"requeueAfter":0}
{"level":"info","ts":"2026-01-13T16:47:52-08:00","logger":"tracecheck","msg":"Taking reconcile step","Depth":54,"# Distinct States":192,"Total States":192,"Resource States":46}
{"level":"info","ts":"2026-01-13T16:47:52-08:00","logger":"ConfigurationReconciler.seed","msg":"added podscalable to informer","resource":"deployments","namespace":"default","name":"kamera-test-deployment","stage":"podscalable-add","keys":["default/kamera-test-deployment"]}
{"level":"info","ts":"2026-01-13T16:47:52-08:00","logger":"ConfigurationReconciler.seed","msg":"podscalable visible to lister","resource":"deployments","namespace":"default","name":"kamera-test-deployment","stage":"podscalable-lister","object":{"apiVersion":"autoscaling.internal.knative.dev/v1alpha1","kind":"PodScalable","namespace":"default","name":"kamera-test-deployment"}}
{"level":"info","ts":1768351672.67512,"logger":"fallback","caller":"configuration/configuration.go:106","msg":"Revision \"kamera-test\" of configuration is ready"}
{"level":"info","ts":"2026-01-13T16:47:52-08:00","logger":"ConfigurationReconciler.reconcile","msg":"reconcile completed","key":"default/demo","reconciler":"knative.dev.serving.pkg.reconciler.configuration.Reconciler","requeue":false,"requeueAfter":0}
{"level":"info","ts":"2026-01-13T16:47:52-08:00","logger":"tracecheck","msg":"Taking reconcile step","Depth":55,"# Distinct States":193,"Total States":193,"Resource States":46}
{"level":"info","ts":"2026-01-13T16:47:52-08:00","logger":"RouteReconciler.seed","msg":"added podscalable to informer","resource":"deployments","namespace":"default","name":"kamera-test-deployment","stage":"podscalable-add","keys":["default/kamera-test-deployment"]}
{"level":"info","ts":"2026-01-13T16:47:52-08:00","logger":"RouteReconciler.seed","msg":"podscalable visible to lister","resource":"deployments","namespace":"default","name":"kamera-test-deployment","stage":"podscalable-lister","object":{"apiVersion":"autoscaling.internal.knative.dev/v1alpha1","kind":"PodScalable","namespace":"default","name":"kamera-test-deployment"}}
{"level":"info","ts":1768351672.7806022,"logger":"fallback","caller":"route/route.go:465","msg":"Revision default/kamera-test is inactive"}
{"level":"info","ts":1768351672.780621,"logger":"fallback","caller":"route/route.go:487","msg":"All referred targets are routable, marking AllTrafficAssigned with traffic information."}
{"level":"info","ts":1768351672.780632,"logger":"fallback","caller":"route/route.go:140","msg":"Creating placeholder k8s services"}
{"level":"info","ts":1768351672.7807171,"logger":"fallback","caller":"route/reconcile_resources.go:179","msg":"Created service demo"}
{"level":"info","ts":1768351672.780837,"logger":"fallback","caller":"route/route.go:176","msg":"Updating placeholder k8s services with ingress information"}
{"level":"warn","ts":1768351672.780847,"logger":"fallback","caller":"route/reconcile_resources.go:228","msg":"Failed to update k8s service","error":"failed to fetch loadbalancer domain/IP from ingress status"}
{"level":"info","ts":1768351672.780851,"logger":"fallback","caller":"route/route.go:198","msg":"Route successfully synced"}
{"level":"info","ts":"2026-01-13T16:47:52-08:00","logger":"RouteReconciler.reconcile","msg":"reconcile completed","key":"default/demo","reconciler":"knative.dev.serving.pkg.reconciler.route.Reconciler","requeue":false,"requeueAfter":0}
{"level":"info","ts":"2026-01-13T16:47:52-08:00","logger":"tracecheck","msg":"Taking reconcile step","Depth":56,"# Distinct States":194,"Total States":194,"Resource States":46}
{"level":"info","ts":"2026-01-13T16:47:52-08:00","logger":"ServiceReconciler.seed","msg":"added podscalable to informer","resource":"deployments","namespace":"default","name":"kamera-test-deployment","stage":"podscalable-add","keys":["default/kamera-test-deployment"]}
{"level":"info","ts":"2026-01-13T16:47:52-08:00","logger":"ServiceReconciler.seed","msg":"podscalable visible to lister","resource":"deployments","namespace":"default","name":"kamera-test-deployment","stage":"podscalable-lister","object":{"apiVersion":"autoscaling.internal.knative.dev/v1alpha1","kind":"PodScalable","namespace":"default","name":"kamera-test-deployment"}}
{"level":"info","ts":1768351672.88733,"logger":"fallback","caller":"service/service.go:171","msg":"Service reconciler fetching Route from lister: name=demo, namespace=default"}
{"level":"info","ts":1768351672.887358,"logger":"fallback","caller":"service/service.go:174","msg":"Service reconciler got Route from lister: name=demo, Generation=1, ObservedGeneration=1, ResourceVersion="}
{"level":"info","ts":1768351672.887389,"logger":"fallback","caller":"service/service.go:126","msg":"Service reconciler checking Route: name=demo, Generation=1, ObservedGeneration=1, Ready=Unknown (reason=IngressNotConfigured, message=Ingress has not yet been reconciled.), generationMatch=true, routeResourceVersion="}
{"level":"info","ts":1768351672.887397,"logger":"fallback","caller":"service/service.go:136","msg":"Service reconciler calling PropagateRouteStatus() because Generation == ObservedGeneration"}
{"level":"info","ts":"2026-01-13T16:47:52-08:00","logger":"ServiceReconciler.reconcile","msg":"reconcile completed","key":"default/demo","reconciler":"knative.dev.serving.pkg.reconciler.service.Reconciler","requeue":false,"requeueAfter":0}
{"level":"info","ts":"2026-01-13T16:47:52-08:00","logger":"tracecheck","msg":"Taking reconcile step","Depth":57,"# Distinct States":195,"Total States":195,"Resource States":46}
{"level":"info","ts":"2026-01-13T16:47:52-08:00","logger":"tracecheck","msg":"Updated Deployment status","Depth":57,"# Distinct States":195,"Total States":195,"Resource States":46,"name":"kamera-test-deployment"}
{"level":"info","ts":"2026-01-13T16:47:52-08:00","logger":"tracecheck","msg":"Taking reconcile step","Depth":58,"# Distinct States":196,"Total States":196,"Resource States":46}
{"level":"info","ts":"2026-01-13T16:47:52-08:00","logger":"tracecheck","msg":"Taking reconcile step","Depth":59,"# Distinct States":197,"Total States":197,"Resource States":46}
{"level":"info","ts":"2026-01-13T16:47:53-08:00","logger":"KPAReconciler.seed","msg":"added podscalable to informer","resource":"deployments","namespace":"default","name":"kamera-test-deployment","stage":"podscalable-add","keys":["default/kamera-test-deployment"]}
{"level":"info","ts":"2026-01-13T16:47:53-08:00","logger":"KPAReconciler.seed","msg":"podscalable visible to lister","resource":"deployments","namespace":"default","name":"kamera-test-deployment","stage":"podscalable-lister","object":{"apiVersion":"autoscaling.internal.knative.dev/v1alpha1","kind":"PodScalable","namespace":"default","name":"kamera-test-deployment"}}
{"level":"info","ts":1768351673.0029702,"logger":"fallback","caller":"kpa/controller.go:77","msg":"Setting up ConfigMap receivers"}
{"level":"info","ts":1768351673.003037,"logger":"fallback","caller":"kpa/controller.go:91","msg":"Setting up KPA-Class event handlers"}
{"level":"info","ts":1768351673.003099,"logger":"fallback","caller":"kpa/kpa.go:158","msg":"SKS should be in Proxy mode: want = 0, ebc = 0, #act's = 2 PA Inactive? = true"}
{"level":"info","ts":1768351673.0031092,"logger":"fallback","caller":"kpa/kpa.go:178","msg":"PA scale got=1, want=0, desiredPods=0 ebc=0"}
{"level":"info","ts":1768351673.003114,"logger":"fallback","caller":"kpa/kpa.go:188","msg":"Observed pod counts=kpa.podCounts{want:0, ready:1, notReady:0, pending:0, terminating:0}"}
{"level":"info","ts":"2026-01-13T16:47:53-08:00","logger":"KPAReconciler.reconcile","msg":"reconcile completed","key":"default/kamera-test","reconciler":"knative.dev.serving.pkg.reconciler.autoscaling.kpa.Reconciler","requeue":false,"requeueAfter":0}
{"level":"info","ts":"2026-01-13T16:47:53-08:00","logger":"tracecheck","msg":"Taking reconcile step","Depth":60,"# Distinct States":198,"Total States":198,"Resource States":46}
{"level":"info","ts":"2026-01-13T16:47:53-08:00","logger":"RevisionReconciler.seed","msg":"added podscalable to informer","resource":"deployments","namespace":"default","name":"kamera-test-deployment","stage":"podscalable-add","keys":["default/kamera-test-deployment"]}
{"level":"info","ts":"2026-01-13T16:47:53-08:00","logger":"RevisionReconciler.seed","msg":"podscalable visible to lister","resource":"deployments","namespace":"default","name":"kamera-test-deployment","stage":"podscalable-lister","object":{"apiVersion":"autoscaling.internal.knative.dev/v1alpha1","kind":"PodScalable","namespace":"default","name":"kamera-test-deployment"}}
{"level":"error","ts":1768351673.108844,"logger":"fallback","caller":"revision/controller.go:116","msg":"Failed to create resolver transport","error":"open /var/run/secrets/kubernetes.io/serviceaccount/ca.crt: no such file or directory","stacktrace":"knative.dev/serving/pkg/reconciler/revision.newControllerWithOptions\n\t/Users/tgoodwin/tmp/gomodcache/knative.dev/serving@v0.46.5/pkg/reconciler/revision/controller.go:116\nknative.dev/serving/pkg/reconciler/revision.NewController\n\t/Users/tgoodwin/tmp/gomodcache/knative.dev/serving@v0.46.5/pkg/reconciler/revision/controller.go:64\nmain.configureKnativeExplorer.func1.1\n\t/Users/tgoodwin/projects/kamera/examples/knative-serving/scenario.go:91\ngithub.com/tgoodwin/kamera/examples/knative-serving/knative.NewKnativeStrategy.func1\n\t/Users/tgoodwin/projects/kamera/examples/knative-serving/knative/harness.go:555\ngithub.com/tgoodwin/kamera/examples/knative-serving/knative.(*KnativeStrategy).ReconcileAtState\n\t/Users/tgoodwin/projects/kamera/examples/knative-serving/knative/harness.go:895\ngithub.com/tgoodwin/kamera/pkg/tracecheck.(*ReconcilerContainer).doReconcile\n\t/Users/tgoodwin/projects/kamera/pkg/tracecheck/reconciler.go:164\ngithub.com/tgoodwin/kamera/pkg/tracecheck.(*Explorer).reconcileAtState\n\t/Users/tgoodwin/projects/kamera/pkg/tracecheck/explore.go:1313\ngithub.com/tgoodwin/kamera/pkg/tracecheck.(*Explorer).takeReconcileStep\n\t/Users/tgoodwin/projects/kamera/pkg/tracecheck/explore.go:1228\ngithub.com/tgoodwin/kamera/pkg/tracecheck.(*Explorer).explore\n\t/Users/tgoodwin/projects/kamera/pkg/tracecheck/explore.go:790\ngithub.com/tgoodwin/kamera/pkg/tracecheck.(*Explorer).Explore.func1\n\t/Users/tgoodwin/projects/kamera/pkg/tracecheck/explore.go:330"}
{"level":"info","ts":1768351673.109099,"logger":"fallback","caller":"revision/reconcile_resources.go:161","msg":"Reconciling PA: kamera-test"}
{"level":"info","ts":"2026-01-13T16:47:53-08:00","logger":"RevisionReconciler.reconcile","msg":"reconcile completed","key":"default/kamera-test","reconciler":"knative.dev.serving.pkg.reconciler.revision.Reconciler","requeue":false,"requeueAfter":0}
{"level":"info","ts":"2026-01-13T16:47:53-08:00","logger":"tracecheck","msg":"Taking reconcile step","Depth":51,"# Distinct States":199,"Total States":200,"Resource States":46}
{"level":"info","ts":"2026-01-13T16:47:53-08:00","logger":"RevisionReconciler.seed","msg":"added podscalable to informer","resource":"deployments","namespace":"default","name":"kamera-test-deployment","stage":"podscalable-add","keys":["default/kamera-test-deployment"]}
{"level":"info","ts":"2026-01-13T16:47:53-08:00","logger":"RevisionReconciler.seed","msg":"podscalable visible to lister","resource":"deployments","namespace":"default","name":"kamera-test-deployment","stage":"podscalable-lister","object":{"apiVersion":"autoscaling.internal.knative.dev/v1alpha1","kind":"PodScalable","namespace":"default","name":"kamera-test-deployment"}}
{"level":"error","ts":1768351673.216089,"logger":"fallback","caller":"revision/controller.go:116","msg":"Failed to create resolver transport","error":"open /var/run/secrets/kubernetes.io/serviceaccount/ca.crt: no such file or directory","stacktrace":"knative.dev/serving/pkg/reconciler/revision.newControllerWithOptions\n\t/Users/tgoodwin/tmp/gomodcache/knative.dev/serving@v0.46.5/pkg/reconciler/revision/controller.go:116\nknative.dev/serving/pkg/reconciler/revision.NewController\n\t/Users/tgoodwin/tmp/gomodcache/knative.dev/serving@v0.46.5/pkg/reconciler/revision/controller.go:64\nmain.configureKnativeExplorer.func1.1\n\t/Users/tgoodwin/projects/kamera/examples/knative-serving/scenario.go:91\ngithub.com/tgoodwin/kamera/examples/knative-serving/knative.NewKnativeStrategy.func1\n\t/Users/tgoodwin/projects/kamera/examples/knative-serving/knative/harness.go:555\ngithub.com/tgoodwin/kamera/examples/knative-serving/knative.(*KnativeStrategy).ReconcileAtState\n\t/Users/tgoodwin/projects/kamera/examples/knative-serving/knative/harness.go:895\ngithub.com/tgoodwin/kamera/pkg/tracecheck.(*ReconcilerContainer).doReconcile\n\t/Users/tgoodwin/projects/kamera/pkg/tracecheck/reconciler.go:164\ngithub.com/tgoodwin/kamera/pkg/tracecheck.(*Explorer).reconcileAtState\n\t/Users/tgoodwin/projects/kamera/pkg/tracecheck/explore.go:1313\ngithub.com/tgoodwin/kamera/pkg/tracecheck.(*Explorer).takeReconcileStep\n\t/Users/tgoodwin/projects/kamera/pkg/tracecheck/explore.go:1228\ngithub.com/tgoodwin/kamera/pkg/tracecheck.(*Explorer).explore\n\t/Users/tgoodwin/projects/kamera/pkg/tracecheck/explore.go:790\ngithub.com/tgoodwin/kamera/pkg/tracecheck.(*Explorer).Explore.func1\n\t/Users/tgoodwin/projects/kamera/pkg/tracecheck/explore.go:330"}
{"level":"info","ts":1768351673.216369,"logger":"fallback","caller":"revision/reconcile_resources.go:161","msg":"Reconciling PA: kamera-test"}
{"level":"info","ts":"2026-01-13T16:47:53-08:00","logger":"RevisionReconciler.reconcile","msg":"reconcile completed","key":"default/kamera-test","reconciler":"knative.dev.serving.pkg.reconciler.revision.Reconciler","requeue":false,"requeueAfter":0}
{"level":"info","ts":"2026-01-13T16:47:53-08:00","logger":"tracecheck","msg":"Taking reconcile step","Depth":41,"# Distinct States":200,"Total States":201,"Resource States":46}
{"level":"info","ts":"2026-01-13T16:47:53-08:00","logger":"RevisionReconciler.seed","msg":"added podscalable to informer","resource":"deployments","namespace":"default","name":"kamera-test-deployment","stage":"podscalable-add","keys":["default/kamera-test-deployment"]}
{"level":"info","ts":"2026-01-13T16:47:53-08:00","logger":"RevisionReconciler.seed","msg":"podscalable visible to lister","resource":"deployments","namespace":"default","name":"kamera-test-deployment","stage":"podscalable-lister","object":{"apiVersion":"autoscaling.internal.knative.dev/v1alpha1","kind":"PodScalable","namespace":"default","name":"kamera-test-deployment"}}
{"level":"error","ts":1768351673.3251588,"logger":"fallback","caller":"revision/controller.go:116","msg":"Failed to create resolver transport","error":"open /var/run/secrets/kubernetes.io/serviceaccount/ca.crt: no such file or directory","stacktrace":"knative.dev/serving/pkg/reconciler/revision.newControllerWithOptions\n\t/Users/tgoodwin/tmp/gomodcache/knative.dev/serving@v0.46.5/pkg/reconciler/revision/controller.go:116\nknative.dev/serving/pkg/reconciler/revision.NewController\n\t/Users/tgoodwin/tmp/gomodcache/knative.dev/serving@v0.46.5/pkg/reconciler/revision/controller.go:64\nmain.configureKnativeExplorer.func1.1\n\t/Users/tgoodwin/projects/kamera/examples/knative-serving/scenario.go:91\ngithub.com/tgoodwin/kamera/examples/knative-serving/knative.NewKnativeStrategy.func1\n\t/Users/tgoodwin/projects/kamera/examples/knative-serving/knative/harness.go:555\ngithub.com/tgoodwin/kamera/examples/knative-serving/knative.(*KnativeStrategy).ReconcileAtState\n\t/Users/tgoodwin/projects/kamera/examples/knative-serving/knative/harness.go:895\ngithub.com/tgoodwin/kamera/pkg/tracecheck.(*ReconcilerContainer).doReconcile\n\t/Users/tgoodwin/projects/kamera/pkg/tracecheck/reconciler.go:164\ngithub.com/tgoodwin/kamera/pkg/tracecheck.(*Explorer).reconcileAtState\n\t/Users/tgoodwin/projects/kamera/pkg/tracecheck/explore.go:1313\ngithub.com/tgoodwin/kamera/pkg/tracecheck.(*Explorer).takeReconcileStep\n\t/Users/tgoodwin/projects/kamera/pkg/tracecheck/explore.go:1228\ngithub.com/tgoodwin/kamera/pkg/tracecheck.(*Explorer).explore\n\t/Users/tgoodwin/projects/kamera/pkg/tracecheck/explore.go:790\ngithub.com/tgoodwin/kamera/pkg/tracecheck.(*Explorer).Explore.func1\n\t/Users/tgoodwin/projects/kamera/pkg/tracecheck/explore.go:330"}
{"level":"info","ts":1768351673.325645,"logger":"fallback","caller":"revision/reconcile_resources.go:161","msg":"Reconciling PA: kamera-test"}
{"level":"info","ts":1768351673.3256772,"logger":"fallback","caller":"revision/revision.go:166","msg":"Revision became ready"}
{"level":"info","ts":"2026-01-13T16:47:53-08:00","logger":"RevisionReconciler.reconcile","msg":"reconcile completed","key":"default/kamera-test","reconciler":"knative.dev.serving.pkg.reconciler.revision.Reconciler","requeue":false,"requeueAfter":0}
{"level":"info","ts":"2026-01-13T16:47:53-08:00","logger":"tracecheck","msg":"Taking reconcile step","Depth":42,"# Distinct States":201,"Total States":202,"Resource States":46}
{"level":"info","ts":"2026-01-13T16:47:53-08:00","logger":"ConfigurationReconciler.seed","msg":"added podscalable to informer","resource":"deployments","namespace":"default","name":"kamera-test-deployment","stage":"podscalable-add","keys":["default/kamera-test-deployment"]}
{"level":"info","ts":"2026-01-13T16:47:53-08:00","logger":"ConfigurationReconciler.seed","msg":"podscalable visible to lister","resource":"deployments","namespace":"default","name":"kamera-test-deployment","stage":"podscalable-lister","object":{"apiVersion":"autoscaling.internal.knative.dev/v1alpha1","kind":"PodScalable","namespace":"default","name":"kamera-test-deployment"}}
{"level":"info","ts":1768351673.436901,"logger":"fallback","caller":"configuration/configuration.go:106","msg":"Revision \"kamera-test\" of configuration is ready"}
{"level":"info","ts":"2026-01-13T16:47:53-08:00","logger":"ConfigurationReconciler.reconcile","msg":"reconcile completed","key":"default/demo","reconciler":"knative.dev.serving.pkg.reconciler.configuration.Reconciler","requeue":false,"requeueAfter":0}
{"level":"info","ts":"2026-01-13T16:47:53-08:00","logger":"tracecheck","msg":"Taking reconcile step","Depth":43,"# Distinct States":202,"Total States":203,"Resource States":47}
{"level":"info","ts":"2026-01-13T16:47:53-08:00","logger":"tracecheck","msg":"Taking reconcile step","Depth":44,"# Distinct States":203,"Total States":204,"Resource States":47}
{"level":"info","ts":"2026-01-13T16:47:53-08:00","logger":"tracecheck","msg":"Taking reconcile step","Depth":45,"# Distinct States":204,"Total States":205,"Resource States":47}
{"level":"info","ts":"2026-01-13T16:47:53-08:00","logger":"tracecheck","msg":"Updated ReplicaSet status","Depth":45,"# Distinct States":204,"Total States":205,"Resource States":47,"name":"kamera-test-deployment-1488584584"}
{"level":"info","ts":"2026-01-13T16:47:53-08:00","logger":"tracecheck","msg":"Taking reconcile step","Depth":46,"# Distinct States":205,"Total States":206,"Resource States":48}
{"level":"info","ts":"2026-01-13T16:47:53-08:00","logger":"KPAReconciler.seed","msg":"added podscalable to informer","resource":"deployments","namespace":"default","name":"kamera-test-deployment","stage":"podscalable-add","keys":["default/kamera-test-deployment"]}
{"level":"info","ts":"2026-01-13T16:47:53-08:00","logger":"KPAReconciler.seed","msg":"podscalable visible to lister","resource":"deployments","namespace":"default","name":"kamera-test-deployment","stage":"podscalable-lister","object":{"apiVersion":"autoscaling.internal.knative.dev/v1alpha1","kind":"PodScalable","namespace":"default","name":"kamera-test-deployment"}}
{"level":"info","ts":1768351673.5503008,"logger":"fallback","caller":"kpa/controller.go:77","msg":"Setting up ConfigMap receivers"}
{"level":"info","ts":1768351673.550403,"logger":"fallback","caller":"kpa/controller.go:91","msg":"Setting up KPA-Class event handlers"}
{"level":"info","ts":1768351673.550509,"logger":"fallback","caller":"kpa/scaler.go:229","msg":"Can deactivate PA, was active for 12s"}
{"level":"info","ts":1768351673.5505269,"logger":"fallback","caller":"kpa/kpa.go:158","msg":"SKS should be in Proxy mode: want = 0, ebc = 0, #act's = 2 PA Inactive? = false"}
{"level":"info","ts":1768351673.550542,"logger":"fallback","caller":"kpa/kpa.go:178","msg":"PA scale got=1, want=0, desiredPods=0 ebc=0"}
{"level":"info","ts":1768351673.550551,"logger":"fallback","caller":"kpa/kpa.go:188","msg":"Observed pod counts=kpa.podCounts{want:0, ready:1, notReady:0, pending:0, terminating:0}"}
{"level":"info","ts":"2026-01-13T16:47:53-08:00","logger":"KPAReconciler.reconcile","msg":"reconcile completed","key":"default/kamera-test","reconciler":"knative.dev.serving.pkg.reconciler.autoscaling.kpa.Reconciler","requeue":false,"requeueAfter":0}
{"level":"info","ts":"2026-01-13T16:47:53-08:00","logger":"tracecheck","msg":"Taking reconcile step","Depth":47,"# Distinct States":206,"Total States":207,"Resource States":48}
{"level":"info","ts":"2026-01-13T16:47:53-08:00","logger":"RevisionReconciler.seed","msg":"added podscalable to informer","resource":"deployments","namespace":"default","name":"kamera-test-deployment","stage":"podscalable-add","keys":["default/kamera-test-deployment"]}
{"level":"info","ts":"2026-01-13T16:47:53-08:00","logger":"RevisionReconciler.seed","msg":"podscalable visible to lister","resource":"deployments","namespace":"default","name":"kamera-test-deployment","stage":"podscalable-lister","object":{"apiVersion":"autoscaling.internal.knative.dev/v1alpha1","kind":"PodScalable","namespace":"default","name":"kamera-test-deployment"}}
{"level":"error","ts":1768351673.657781,"logger":"fallback","caller":"revision/controller.go:116","msg":"Failed to create resolver transport","error":"open /var/run/secrets/kubernetes.io/serviceaccount/ca.crt: no such file or directory","stacktrace":"knative.dev/serving/pkg/reconciler/revision.newControllerWithOptions\n\t/Users/tgoodwin/tmp/gomodcache/knative.dev/serving@v0.46.5/pkg/reconciler/revision/controller.go:116\nknative.dev/serving/pkg/reconciler/revision.NewController\n\t/Users/tgoodwin/tmp/gomodcache/knative.dev/serving@v0.46.5/pkg/reconciler/revision/controller.go:64\nmain.configureKnativeExplorer.func1.1\n\t/Users/tgoodwin/projects/kamera/examples/knative-serving/scenario.go:91\ngithub.com/tgoodwin/kamera/examples/knative-serving/knative.NewKnativeStrategy.func1\n\t/Users/tgoodwin/projects/kamera/examples/knative-serving/knative/harness.go:555\ngithub.com/tgoodwin/kamera/examples/knative-serving/knative.(*KnativeStrategy).ReconcileAtState\n\t/Users/tgoodwin/projects/kamera/examples/knative-serving/knative/harness.go:895\ngithub.com/tgoodwin/kamera/pkg/tracecheck.(*ReconcilerContainer).doReconcile\n\t/Users/tgoodwin/projects/kamera/pkg/tracecheck/reconciler.go:164\ngithub.com/tgoodwin/kamera/pkg/tracecheck.(*Explorer).reconcileAtState\n\t/Users/tgoodwin/projects/kamera/pkg/tracecheck/explore.go:1313\ngithub.com/tgoodwin/kamera/pkg/tracecheck.(*Explorer).takeReconcileStep\n\t/Users/tgoodwin/projects/kamera/pkg/tracecheck/explore.go:1228\ngithub.com/tgoodwin/kamera/pkg/tracecheck.(*Explorer).explore\n\t/Users/tgoodwin/projects/kamera/pkg/tracecheck/explore.go:790\ngithub.com/tgoodwin/kamera/pkg/tracecheck.(*Explorer).Explore.func1\n\t/Users/tgoodwin/projects/kamera/pkg/tracecheck/explore.go:330"}
{"level":"info","ts":1768351673.658284,"logger":"fallback","caller":"revision/reconcile_resources.go:161","msg":"Reconciling PA: kamera-test"}
{"level":"info","ts":"2026-01-13T16:47:53-08:00","logger":"RevisionReconciler.reconcile","msg":"reconcile completed","key":"default/kamera-test","reconciler":"knative.dev.serving.pkg.reconciler.revision.Reconciler","requeue":false,"requeueAfter":0}
{"level":"info","ts":"2026-01-13T16:47:53-08:00","logger":"tracecheck","msg":"Taking reconcile step","Depth":48,"# Distinct States":207,"Total States":208,"Resource States":48}
{"level":"info","ts":"2026-01-13T16:47:53-08:00","logger":"ConfigurationReconciler.seed","msg":"added podscalable to informer","resource":"deployments","namespace":"default","name":"kamera-test-deployment","stage":"podscalable-add","keys":["default/kamera-test-deployment"]}
{"level":"info","ts":"2026-01-13T16:47:53-08:00","logger":"ConfigurationReconciler.seed","msg":"podscalable visible to lister","resource":"deployments","namespace":"default","name":"kamera-test-deployment","stage":"podscalable-lister","object":{"apiVersion":"autoscaling.internal.knative.dev/v1alpha1","kind":"PodScalable","namespace":"default","name":"kamera-test-deployment"}}
{"level":"info","ts":1768351673.765981,"logger":"fallback","caller":"configuration/configuration.go:106","msg":"Revision \"kamera-test\" of configuration is ready"}
{"level":"info","ts":"2026-01-13T16:47:53-08:00","logger":"ConfigurationReconciler.reconcile","msg":"reconcile completed","key":"default/demo","reconciler":"knative.dev.serving.pkg.reconciler.configuration.Reconciler","requeue":false,"requeueAfter":0}
{"level":"info","ts":"2026-01-13T16:47:53-08:00","logger":"tracecheck","msg":"Taking reconcile step","Depth":49,"# Distinct States":208,"Total States":209,"Resource States":48}
{"level":"info","ts":"2026-01-13T16:47:53-08:00","logger":"RouteReconciler.seed","msg":"added podscalable to informer","resource":"deployments","namespace":"default","name":"kamera-test-deployment","stage":"podscalable-add","keys":["default/kamera-test-deployment"]}
{"level":"info","ts":"2026-01-13T16:47:53-08:00","logger":"RouteReconciler.seed","msg":"podscalable visible to lister","resource":"deployments","namespace":"default","name":"kamera-test-deployment","stage":"podscalable-lister","object":{"apiVersion":"autoscaling.internal.knative.dev/v1alpha1","kind":"PodScalable","namespace":"default","name":"kamera-test-deployment"}}
{"level":"info","ts":1768351673.873549,"logger":"fallback","caller":"route/route.go:465","msg":"Revision default/kamera-test is inactive"}
{"level":"info","ts":1768351673.8735812,"logger":"fallback","caller":"route/route.go:487","msg":"All referred targets are routable, marking AllTrafficAssigned with traffic information."}
{"level":"info","ts":1768351673.8735979,"logger":"fallback","caller":"route/route.go:140","msg":"Creating placeholder k8s services"}
{"level":"info","ts":1768351673.8737621,"logger":"fallback","caller":"route/reconcile_resources.go:179","msg":"Created service demo"}
{"level":"info","ts":1768351673.874012,"logger":"fallback","caller":"route/route.go:176","msg":"Updating placeholder k8s services with ingress information"}
{"level":"warn","ts":1768351673.874031,"logger":"fallback","caller":"route/reconcile_resources.go:228","msg":"Failed to update k8s service","error":"failed to fetch loadbalancer domain/IP from ingress status"}
{"level":"info","ts":1768351673.8740401,"logger":"fallback","caller":"route/route.go:198","msg":"Route successfully synced"}
{"level":"info","ts":"2026-01-13T16:47:53-08:00","logger":"RouteReconciler.reconcile","msg":"reconcile completed","key":"default/demo","reconciler":"knative.dev.serving.pkg.reconciler.route.Reconciler","requeue":false,"requeueAfter":0}
{"level":"info","ts":"2026-01-13T16:47:53-08:00","logger":"tracecheck","msg":"Taking reconcile step","Depth":50,"# Distinct States":209,"Total States":210,"Resource States":49}
{"level":"info","ts":"2026-01-13T16:47:53-08:00","logger":"ServiceReconciler.seed","msg":"added podscalable to informer","resource":"deployments","namespace":"default","name":"kamera-test-deployment","stage":"podscalable-add","keys":["default/kamera-test-deployment"]}
{"level":"info","ts":"2026-01-13T16:47:53-08:00","logger":"ServiceReconciler.seed","msg":"podscalable visible to lister","resource":"deployments","namespace":"default","name":"kamera-test-deployment","stage":"podscalable-lister","object":{"apiVersion":"autoscaling.internal.knative.dev/v1alpha1","kind":"PodScalable","namespace":"default","name":"kamera-test-deployment"}}
{"level":"info","ts":1768351673.9831848,"logger":"fallback","caller":"service/service.go:171","msg":"Service reconciler fetching Route from lister: name=demo, namespace=default"}
{"level":"info","ts":1768351673.983221,"logger":"fallback","caller":"service/service.go:174","msg":"Service reconciler got Route from lister: name=demo, Generation=1, ObservedGeneration=1, ResourceVersion="}
{"level":"info","ts":1768351673.9832509,"logger":"fallback","caller":"service/service.go:126","msg":"Service reconciler checking Route: name=demo, Generation=1, ObservedGeneration=1, Ready=Unknown (reason=IngressNotConfigured, message=Ingress has not yet been reconciled.), generationMatch=true, routeResourceVersion="}
{"level":"info","ts":1768351673.983259,"logger":"fallback","caller":"service/service.go:136","msg":"Service reconciler calling PropagateRouteStatus() because Generation == ObservedGeneration"}
{"level":"info","ts":"2026-01-13T16:47:53-08:00","logger":"ServiceReconciler.reconcile","msg":"reconcile completed","key":"default/demo","reconciler":"knative.dev.serving.pkg.reconciler.service.Reconciler","requeue":false,"requeueAfter":0}
{"level":"info","ts":"2026-01-13T16:47:53-08:00","logger":"tracecheck","msg":"Taking reconcile step","Depth":51,"# Distinct States":210,"Total States":211,"Resource States":50}
{"level":"info","ts":"2026-01-13T16:47:53-08:00","logger":"tracecheck","msg":"Updated Deployment status","Depth":51,"# Distinct States":210,"Total States":211,"Resource States":50,"name":"kamera-test-deployment"}
{"level":"info","ts":"2026-01-13T16:47:53-08:00","logger":"tracecheck","msg":"Taking reconcile step","Depth":52,"# Distinct States":211,"Total States":212,"Resource States":51}
{"level":"info","ts":"2026-01-13T16:47:53-08:00","logger":"tracecheck","msg":"Taking reconcile step","Depth":53,"# Distinct States":212,"Total States":213,"Resource States":51}
{"level":"info","ts":"2026-01-13T16:47:54-08:00","logger":"KPAReconciler.seed","msg":"added podscalable to informer","resource":"deployments","namespace":"default","name":"kamera-test-deployment","stage":"podscalable-add","keys":["default/kamera-test-deployment"]}
{"level":"info","ts":"2026-01-13T16:47:54-08:00","logger":"KPAReconciler.seed","msg":"podscalable visible to lister","resource":"deployments","namespace":"default","name":"kamera-test-deployment","stage":"podscalable-lister","object":{"apiVersion":"autoscaling.internal.knative.dev/v1alpha1","kind":"PodScalable","namespace":"default","name":"kamera-test-deployment"}}
{"level":"info","ts":1768351674.10438,"logger":"fallback","caller":"kpa/controller.go:77","msg":"Setting up ConfigMap receivers"}
{"level":"info","ts":1768351674.104527,"logger":"fallback","caller":"kpa/controller.go:91","msg":"Setting up KPA-Class event handlers"}
{"level":"info","ts":1768351674.104629,"logger":"fallback","caller":"kpa/scaler.go:379","msg":"Scaling from 1 to 0"}
{"level":"info","ts":1768351674.106519,"logger":"fallback","caller":"kpa/kpa.go:158","msg":"SKS should be in Proxy mode: want = 0, ebc = 0, #act's = 2 PA Inactive? = true"}
{"level":"info","ts":1768351674.1065521,"logger":"fallback","caller":"kpa/kpa.go:178","msg":"PA scale got=1, want=0, desiredPods=0 ebc=0"}
{"level":"info","ts":1768351674.106561,"logger":"fallback","caller":"kpa/kpa.go:188","msg":"Observed pod counts=kpa.podCounts{want:0, ready:1, notReady:0, pending:0, terminating:0}"}
{"level":"info","ts":"2026-01-13T16:47:54-08:00","logger":"KPAReconciler.reconcile","msg":"reconcile completed","key":"default/kamera-test","reconciler":"knative.dev.serving.pkg.reconciler.autoscaling.kpa.Reconciler","requeue":false,"requeueAfter":0}
{"level":"info","ts":"2026-01-13T16:47:54-08:00","logger":"tracecheck","msg":"Taking reconcile step","Depth":54,"# Distinct States":213,"Total States":214,"Resource States":51}
{"level":"info","ts":"2026-01-13T16:47:54-08:00","logger":"tracecheck","msg":"Taking reconcile step","Depth":55,"# Distinct States":214,"Total States":215,"Resource States":51}
{"level":"info","ts":"2026-01-13T16:47:54-08:00","logger":"RevisionReconciler.seed","msg":"added podscalable to informer","resource":"deployments","namespace":"default","name":"kamera-test-deployment","stage":"podscalable-add","keys":["default/kamera-test-deployment"]}
{"level":"info","ts":"2026-01-13T16:47:54-08:00","logger":"RevisionReconciler.seed","msg":"podscalable visible to lister","resource":"deployments","namespace":"default","name":"kamera-test-deployment","stage":"podscalable-lister","object":{"apiVersion":"autoscaling.internal.knative.dev/v1alpha1","kind":"PodScalable","namespace":"default","name":"kamera-test-deployment"}}
{"level":"error","ts":1768351674.2167869,"logger":"fallback","caller":"revision/controller.go:116","msg":"Failed to create resolver transport","error":"open /var/run/secrets/kubernetes.io/serviceaccount/ca.crt: no such file or directory","stacktrace":"knative.dev/serving/pkg/reconciler/revision.newControllerWithOptions\n\t/Users/tgoodwin/tmp/gomodcache/knative.dev/serving@v0.46.5/pkg/reconciler/revision/controller.go:116\nknative.dev/serving/pkg/reconciler/revision.NewController\n\t/Users/tgoodwin/tmp/gomodcache/knative.dev/serving@v0.46.5/pkg/reconciler/revision/controller.go:64\nmain.configureKnativeExplorer.func1.1\n\t/Users/tgoodwin/projects/kamera/examples/knative-serving/scenario.go:91\ngithub.com/tgoodwin/kamera/examples/knative-serving/knative.NewKnativeStrategy.func1\n\t/Users/tgoodwin/projects/kamera/examples/knative-serving/knative/harness.go:555\ngithub.com/tgoodwin/kamera/examples/knative-serving/knative.(*KnativeStrategy).ReconcileAtState\n\t/Users/tgoodwin/projects/kamera/examples/knative-serving/knative/harness.go:895\ngithub.com/tgoodwin/kamera/pkg/tracecheck.(*ReconcilerContainer).doReconcile\n\t/Users/tgoodwin/projects/kamera/pkg/tracecheck/reconciler.go:164\ngithub.com/tgoodwin/kamera/pkg/tracecheck.(*Explorer).reconcileAtState\n\t/Users/tgoodwin/projects/kamera/pkg/tracecheck/explore.go:1313\ngithub.com/tgoodwin/kamera/pkg/tracecheck.(*Explorer).takeReconcileStep\n\t/Users/tgoodwin/projects/kamera/pkg/tracecheck/explore.go:1228\ngithub.com/tgoodwin/kamera/pkg/tracecheck.(*Explorer).explore\n\t/Users/tgoodwin/projects/kamera/pkg/tracecheck/explore.go:790\ngithub.com/tgoodwin/kamera/pkg/tracecheck.(*Explorer).Explore.func1\n\t/Users/tgoodwin/projects/kamera/pkg/tracecheck/explore.go:330"}
{"level":"info","ts":1768351674.217097,"logger":"fallback","caller":"revision/reconcile_resources.go:161","msg":"Reconciling PA: kamera-test"}
{"level":"info","ts":"2026-01-13T16:47:54-08:00","logger":"RevisionReconciler.reconcile","msg":"reconcile completed","key":"default/kamera-test","reconciler":"knative.dev.serving.pkg.reconciler.revision.Reconciler","requeue":false,"requeueAfter":0}
{"level":"info","ts":"2026-01-13T16:47:54-08:00","logger":"tracecheck","msg":"Taking reconcile step","Depth":56,"# Distinct States":215,"Total States":216,"Resource States":51}
{"level":"info","ts":"2026-01-13T16:47:54-08:00","logger":"tracecheck","msg":"Taking reconcile step","Depth":57,"# Distinct States":216,"Total States":217,"Resource States":51}
{"level":"info","ts":"2026-01-13T16:47:54-08:00","logger":"tracecheck","msg":"Taking reconcile step","Depth":58,"# Distinct States":217,"Total States":218,"Resource States":52}
{"level":"info","ts":"2026-01-13T16:47:54-08:00","logger":"RouteReconciler.seed","msg":"added podscalable to informer","resource":"deployments","namespace":"default","name":"kamera-test-deployment","stage":"podscalable-add","keys":["default/kamera-test-deployment"]}
{"level":"info","ts":"2026-01-13T16:47:54-08:00","logger":"RouteReconciler.seed","msg":"podscalable visible to lister","resource":"deployments","namespace":"default","name":"kamera-test-deployment","stage":"podscalable-lister","object":{"apiVersion":"autoscaling.internal.knative.dev/v1alpha1","kind":"PodScalable","namespace":"default","name":"kamera-test-deployment"}}
{"level":"info","ts":1768351674.3275058,"logger":"fallback","caller":"route/route.go:465","msg":"Revision default/kamera-test is inactive"}
{"level":"info","ts":1768351674.327529,"logger":"fallback","caller":"route/route.go:487","msg":"All referred targets are routable, marking AllTrafficAssigned with traffic information."}
{"level":"info","ts":1768351674.327543,"logger":"fallback","caller":"route/route.go:140","msg":"Creating placeholder k8s services"}
{"level":"info","ts":1768351674.327622,"logger":"fallback","caller":"route/route.go:176","msg":"Updating placeholder k8s services with ingress information"}
{"level":"info","ts":1768351674.327795,"logger":"fallback","caller":"route/route.go:198","msg":"Route successfully synced"}
{"level":"info","ts":"2026-01-13T16:47:54-08:00","logger":"RouteReconciler.reconcile","msg":"reconcile completed","key":"default/demo","reconciler":"knative.dev.serving.pkg.reconciler.route.Reconciler","requeue":false,"requeueAfter":0}
{"level":"info","ts":"2026-01-13T16:47:54-08:00","logger":"tracecheck","msg":"Taking reconcile step","Depth":59,"# Distinct States":218,"Total States":219,"Resource States":53}
{"level":"info","ts":"2026-01-13T16:47:54-08:00","logger":"tracecheck","msg":"Taking reconcile step","Depth":60,"# Distinct States":219,"Total States":220,"Resource States":53}
{"level":"info","ts":"2026-01-13T16:47:54-08:00","logger":"ServiceReconciler.seed","msg":"added podscalable to informer","resource":"deployments","namespace":"default","name":"kamera-test-deployment","stage":"podscalable-add","keys":["default/kamera-test-deployment"]}
{"level":"info","ts":"2026-01-13T16:47:54-08:00","logger":"ServiceReconciler.seed","msg":"podscalable visible to lister","resource":"deployments","namespace":"default","name":"kamera-test-deployment","stage":"podscalable-lister","object":{"apiVersion":"autoscaling.internal.knative.dev/v1alpha1","kind":"PodScalable","namespace":"default","name":"kamera-test-deployment"}}
{"level":"info","ts":1768351674.436836,"logger":"fallback","caller":"service/service.go:171","msg":"Service reconciler fetching Route from lister: name=demo, namespace=default"}
{"level":"info","ts":1768351674.4368541,"logger":"fallback","caller":"service/service.go:174","msg":"Service reconciler got Route from lister: name=demo, Generation=1, ObservedGeneration=1, ResourceVersion="}
{"level":"info","ts":1768351674.436875,"logger":"fallback","caller":"service/service.go:126","msg":"Service reconciler checking Route: name=demo, Generation=1, ObservedGeneration=1, Ready=True (reason=, message=), generationMatch=true, routeResourceVersion="}
{"level":"info","ts":1768351674.4368808,"logger":"fallback","caller":"service/service.go:136","msg":"Service reconciler calling PropagateRouteStatus() because Generation == ObservedGeneration"}
{"level":"info","ts":"2026-01-13T16:47:54-08:00","logger":"ServiceReconciler.reconcile","msg":"reconcile completed","key":"default/demo","reconciler":"knative.dev.serving.pkg.reconciler.service.Reconciler","requeue":false,"requeueAfter":0}
{"level":"info","ts":"2026-01-13T16:47:54-08:00","logger":"tracecheck","msg":"Taking reconcile step","Depth":61,"# Distinct States":220,"Total States":221,"Resource States":54}
{"level":"info","ts":"2026-01-13T16:47:54-08:00","logger":"tracecheck","msg":"Updated Deployment status","Depth":61,"# Distinct States":220,"Total States":221,"Resource States":54,"name":"kamera-test-deployment"}
{"level":"info","ts":"2026-01-13T16:47:54-08:00","logger":"tracecheck","msg":"Taking reconcile step","Depth":62,"# Distinct States":221,"Total States":222,"Resource States":54}
{"level":"info","ts":"2026-01-13T16:47:54-08:00","logger":"KPAReconciler.seed","msg":"added podscalable to informer","resource":"deployments","namespace":"default","name":"kamera-test-deployment","stage":"podscalable-add","keys":["default/kamera-test-deployment"]}
{"level":"info","ts":"2026-01-13T16:47:54-08:00","logger":"KPAReconciler.seed","msg":"podscalable visible to lister","resource":"deployments","namespace":"default","name":"kamera-test-deployment","stage":"podscalable-lister","object":{"apiVersion":"autoscaling.internal.knative.dev/v1alpha1","kind":"PodScalable","namespace":"default","name":"kamera-test-deployment"}}
{"level":"info","ts":1768351674.5547168,"logger":"fallback","caller":"kpa/controller.go:77","msg":"Setting up ConfigMap receivers"}
{"level":"info","ts":1768351674.554825,"logger":"fallback","caller":"kpa/controller.go:91","msg":"Setting up KPA-Class event handlers"}
{"level":"info","ts":1768351674.554938,"logger":"fallback","caller":"kpa/kpa.go:158","msg":"SKS should be in Proxy mode: want = 0, ebc = 0, #act's = 2 PA Inactive? = true"}
{"level":"info","ts":1768351674.554958,"logger":"fallback","caller":"kpa/kpa.go:178","msg":"PA scale got=1, want=0, desiredPods=0 ebc=0"}
{"level":"info","ts":1768351674.554966,"logger":"fallback","caller":"kpa/kpa.go:188","msg":"Observed pod counts=kpa.podCounts{want:0, ready:1, notReady:0, pending:0, terminating:0}"}
{"level":"info","ts":"2026-01-13T16:47:54-08:00","logger":"KPAReconciler.reconcile","msg":"reconcile completed","key":"default/kamera-test","reconciler":"knative.dev.serving.pkg.reconciler.autoscaling.kpa.Reconciler","requeue":false,"requeueAfter":0}
{"level":"info","ts":"2026-01-13T16:47:54-08:00","logger":"tracecheck","msg":"Taking reconcile step","Depth":63,"# Distinct States":222,"Total States":223,"Resource States":54}
{"level":"info","ts":"2026-01-13T16:47:54-08:00","logger":"tracecheck","msg":"Taking reconcile step","Depth":64,"# Distinct States":223,"Total States":224,"Resource States":54}
{"level":"info","ts":"2026-01-13T16:47:54-08:00","logger":"tracecheck","msg":"Taking reconcile step","Depth":65,"# Distinct States":224,"Total States":225,"Resource States":54}
{"level":"info","ts":"2026-01-13T16:47:54-08:00","logger":"RouteReconciler.seed","msg":"added podscalable to informer","resource":"deployments","namespace":"default","name":"kamera-test-deployment","stage":"podscalable-add","keys":["default/kamera-test-deployment"]}
{"level":"info","ts":"2026-01-13T16:47:54-08:00","logger":"RouteReconciler.seed","msg":"podscalable visible to lister","resource":"deployments","namespace":"default","name":"kamera-test-deployment","stage":"podscalable-lister","object":{"apiVersion":"autoscaling.internal.knative.dev/v1alpha1","kind":"PodScalable","namespace":"default","name":"kamera-test-deployment"}}
{"level":"info","ts":1768351674.664024,"logger":"fallback","caller":"route/route.go:465","msg":"Revision default/kamera-test is inactive"}
{"level":"info","ts":1768351674.664051,"logger":"fallback","caller":"route/route.go:487","msg":"All referred targets are routable, marking AllTrafficAssigned with traffic information."}
{"level":"info","ts":1768351674.664062,"logger":"fallback","caller":"route/route.go:140","msg":"Creating placeholder k8s services"}
{"level":"info","ts":1768351674.66413,"logger":"fallback","caller":"route/route.go:176","msg":"Updating placeholder k8s services with ingress information"}
{"level":"info","ts":1768351674.664163,"logger":"fallback","caller":"route/route.go:198","msg":"Route successfully synced"}
{"level":"info","ts":"2026-01-13T16:47:54-08:00","logger":"RouteReconciler.reconcile","msg":"reconcile completed","key":"default/demo","reconciler":"knative.dev.serving.pkg.reconciler.route.Reconciler","requeue":false,"requeueAfter":0}
{"level":"info","ts":"2026-01-13T16:47:54-08:00","logger":"tracecheck","msg":"Taking reconcile step","Depth":66,"# Distinct States":225,"Total States":226,"Resource States":54}
{"level":"info","ts":"2026-01-13T16:47:54-08:00","logger":"ServiceReconciler.seed","msg":"added podscalable to informer","resource":"deployments","namespace":"default","name":"kamera-test-deployment","stage":"podscalable-add","keys":["default/kamera-test-deployment"]}
{"level":"info","ts":"2026-01-13T16:47:54-08:00","logger":"ServiceReconciler.seed","msg":"podscalable visible to lister","resource":"deployments","namespace":"default","name":"kamera-test-deployment","stage":"podscalable-lister","object":{"apiVersion":"autoscaling.internal.knative.dev/v1alpha1","kind":"PodScalable","namespace":"default","name":"kamera-test-deployment"}}
{"level":"info","ts":1768351674.7701051,"logger":"fallback","caller":"service/service.go:171","msg":"Service reconciler fetching Route from lister: name=demo, namespace=default"}
{"level":"info","ts":1768351674.770126,"logger":"fallback","caller":"service/service.go:174","msg":"Service reconciler got Route from lister: name=demo, Generation=1, ObservedGeneration=1, ResourceVersion="}
{"level":"info","ts":1768351674.770151,"logger":"fallback","caller":"service/service.go:126","msg":"Service reconciler checking Route: name=demo, Generation=1, ObservedGeneration=1, Ready=True (reason=, message=), generationMatch=true, routeResourceVersion="}
{"level":"info","ts":1768351674.770159,"logger":"fallback","caller":"service/service.go:136","msg":"Service reconciler calling PropagateRouteStatus() because Generation == ObservedGeneration"}
{"level":"info","ts":"2026-01-13T16:47:54-08:00","logger":"ServiceReconciler.reconcile","msg":"reconcile completed","key":"default/demo","reconciler":"knative.dev.serving.pkg.reconciler.service.Reconciler","requeue":false,"requeueAfter":0}
{"level":"info","ts":"2026-01-13T16:47:54-08:00","logger":"tracecheck","msg":"Taking reconcile step","Depth":67,"# Distinct States":226,"Total States":227,"Resource States":54}
{"level":"info","ts":"2026-01-13T16:47:54-08:00","logger":"tracecheck","msg":"Taking reconcile step","Depth":68,"# Distinct States":227,"Total States":228,"Resource States":54}
{"level":"info","ts":"2026-01-13T16:47:54-08:00","logger":"tracecheck","msg":"Deleting pods","Depth":68,"# Distinct States":227,"Total States":228,"Resource States":54,"count":1}
{"level":"info","ts":"2026-01-13T16:47:54-08:00","logger":"tracecheck","msg":"Taking reconcile step","Depth":69,"# Distinct States":228,"Total States":229,"Resource States":54}
{"level":"info","ts":"2026-01-13T16:47:54-08:00","logger":"tracecheck","msg":"Taking reconcile step","Depth":70,"# Distinct States":229,"Total States":230,"Resource States":54}
{"level":"info","ts":"2026-01-13T16:47:54-08:00","logger":"RevisionReconciler.seed","msg":"added podscalable to informer","resource":"deployments","namespace":"default","name":"kamera-test-deployment","stage":"podscalable-add","keys":["default/kamera-test-deployment"]}
{"level":"info","ts":"2026-01-13T16:47:54-08:00","logger":"RevisionReconciler.seed","msg":"podscalable visible to lister","resource":"deployments","namespace":"default","name":"kamera-test-deployment","stage":"podscalable-lister","object":{"apiVersion":"autoscaling.internal.knative.dev/v1alpha1","kind":"PodScalable","namespace":"default","name":"kamera-test-deployment"}}
{"level":"error","ts":1768351674.8854148,"logger":"fallback","caller":"revision/controller.go:116","msg":"Failed to create resolver transport","error":"open /var/run/secrets/kubernetes.io/serviceaccount/ca.crt: no such file or directory","stacktrace":"knative.dev/serving/pkg/reconciler/revision.newControllerWithOptions\n\t/Users/tgoodwin/tmp/gomodcache/knative.dev/serving@v0.46.5/pkg/reconciler/revision/controller.go:116\nknative.dev/serving/pkg/reconciler/revision.NewController\n\t/Users/tgoodwin/tmp/gomodcache/knative.dev/serving@v0.46.5/pkg/reconciler/revision/controller.go:64\nmain.configureKnativeExplorer.func1.1\n\t/Users/tgoodwin/projects/kamera/examples/knative-serving/scenario.go:91\ngithub.com/tgoodwin/kamera/examples/knative-serving/knative.NewKnativeStrategy.func1\n\t/Users/tgoodwin/projects/kamera/examples/knative-serving/knative/harness.go:555\ngithub.com/tgoodwin/kamera/examples/knative-serving/knative.(*KnativeStrategy).ReconcileAtState\n\t/Users/tgoodwin/projects/kamera/examples/knative-serving/knative/harness.go:895\ngithub.com/tgoodwin/kamera/pkg/tracecheck.(*ReconcilerContainer).doReconcile\n\t/Users/tgoodwin/projects/kamera/pkg/tracecheck/reconciler.go:164\ngithub.com/tgoodwin/kamera/pkg/tracecheck.(*Explorer).reconcileAtState\n\t/Users/tgoodwin/projects/kamera/pkg/tracecheck/explore.go:1313\ngithub.com/tgoodwin/kamera/pkg/tracecheck.(*Explorer).takeReconcileStep\n\t/Users/tgoodwin/projects/kamera/pkg/tracecheck/explore.go:1228\ngithub.com/tgoodwin/kamera/pkg/tracecheck.(*Explorer).explore\n\t/Users/tgoodwin/projects/kamera/pkg/tracecheck/explore.go:790\ngithub.com/tgoodwin/kamera/pkg/tracecheck.(*Explorer).Explore.func1\n\t/Users/tgoodwin/projects/kamera/pkg/tracecheck/explore.go:330"}
{"level":"info","ts":1768351674.885719,"logger":"fallback","caller":"revision/reconcile_resources.go:161","msg":"Reconciling PA: kamera-test"}
{"level":"info","ts":"2026-01-13T16:47:54-08:00","logger":"RevisionReconciler.reconcile","msg":"reconcile completed","key":"default/kamera-test","reconciler":"knative.dev.serving.pkg.reconciler.revision.Reconciler","requeue":false,"requeueAfter":0}
{"level":"info","ts":"2026-01-13T16:47:54-08:00","logger":"tracecheck","msg":"Taking reconcile step","Depth":71,"# Distinct States":230,"Total States":231,"Resource States":54}
{"level":"info","ts":"2026-01-13T16:47:54-08:00","logger":"KPAReconciler.seed","msg":"added podscalable to informer","resource":"deployments","namespace":"default","name":"kamera-test-deployment","stage":"podscalable-add","keys":["default/kamera-test-deployment"]}
{"level":"info","ts":"2026-01-13T16:47:54-08:00","logger":"KPAReconciler.seed","msg":"podscalable visible to lister","resource":"deployments","namespace":"default","name":"kamera-test-deployment","stage":"podscalable-lister","object":{"apiVersion":"autoscaling.internal.knative.dev/v1alpha1","kind":"PodScalable","namespace":"default","name":"kamera-test-deployment"}}
{"level":"info","ts":1768351674.992558,"logger":"fallback","caller":"kpa/controller.go:77","msg":"Setting up ConfigMap receivers"}
{"level":"info","ts":1768351674.992706,"logger":"fallback","caller":"kpa/controller.go:91","msg":"Setting up KPA-Class event handlers"}
{"level":"info","ts":1768351674.992831,"logger":"fallback","caller":"kpa/kpa.go:158","msg":"SKS should be in Proxy mode: want = 0, ebc = 0, #act's = 2 PA Inactive? = true"}
{"level":"info","ts":1768351674.992852,"logger":"fallback","caller":"kpa/kpa.go:178","msg":"PA scale got=0, want=0, desiredPods=0 ebc=0"}
{"level":"info","ts":1768351674.992862,"logger":"fallback","caller":"kpa/kpa.go:188","msg":"Observed pod counts=kpa.podCounts{want:0, ready:0, notReady:1, pending:0, terminating:1}"}
{"level":"info","ts":"2026-01-13T16:47:54-08:00","logger":"KPAReconciler.reconcile","msg":"reconcile completed","key":"default/kamera-test","reconciler":"knative.dev.serving.pkg.reconciler.autoscaling.kpa.Reconciler","requeue":false,"requeueAfter":0}
{"level":"info","ts":"2026-01-13T16:47:54-08:00","logger":"tracecheck","msg":"Taking reconcile step","Depth":72,"# Distinct States":231,"Total States":232,"Resource States":54}
{"level":"info","ts":"2026-01-13T16:47:55-08:00","logger":"RevisionReconciler.seed","msg":"added podscalable to informer","resource":"deployments","namespace":"default","name":"kamera-test-deployment","stage":"podscalable-add","keys":["default/kamera-test-deployment"]}
{"level":"info","ts":"2026-01-13T16:47:55-08:00","logger":"RevisionReconciler.seed","msg":"podscalable visible to lister","resource":"deployments","namespace":"default","name":"kamera-test-deployment","stage":"podscalable-lister","object":{"apiVersion":"autoscaling.internal.knative.dev/v1alpha1","kind":"PodScalable","namespace":"default","name":"kamera-test-deployment"}}
{"level":"error","ts":1768351675.099765,"logger":"fallback","caller":"revision/controller.go:116","msg":"Failed to create resolver transport","error":"open /var/run/secrets/kubernetes.io/serviceaccount/ca.crt: no such file or directory","stacktrace":"knative.dev/serving/pkg/reconciler/revision.newControllerWithOptions\n\t/Users/tgoodwin/tmp/gomodcache/knative.dev/serving@v0.46.5/pkg/reconciler/revision/controller.go:116\nknative.dev/serving/pkg/reconciler/revision.NewController\n\t/Users/tgoodwin/tmp/gomodcache/knative.dev/serving@v0.46.5/pkg/reconciler/revision/controller.go:64\nmain.configureKnativeExplorer.func1.1\n\t/Users/tgoodwin/projects/kamera/examples/knative-serving/scenario.go:91\ngithub.com/tgoodwin/kamera/examples/knative-serving/knative.NewKnativeStrategy.func1\n\t/Users/tgoodwin/projects/kamera/examples/knative-serving/knative/harness.go:555\ngithub.com/tgoodwin/kamera/examples/knative-serving/knative.(*KnativeStrategy).ReconcileAtState\n\t/Users/tgoodwin/projects/kamera/examples/knative-serving/knative/harness.go:895\ngithub.com/tgoodwin/kamera/pkg/tracecheck.(*ReconcilerContainer).doReconcile\n\t/Users/tgoodwin/projects/kamera/pkg/tracecheck/reconciler.go:164\ngithub.com/tgoodwin/kamera/pkg/tracecheck.(*Explorer).reconcileAtState\n\t/Users/tgoodwin/projects/kamera/pkg/tracecheck/explore.go:1313\ngithub.com/tgoodwin/kamera/pkg/tracecheck.(*Explorer).takeReconcileStep\n\t/Users/tgoodwin/projects/kamera/pkg/tracecheck/explore.go:1228\ngithub.com/tgoodwin/kamera/pkg/tracecheck.(*Explorer).explore\n\t/Users/tgoodwin/projects/kamera/pkg/tracecheck/explore.go:790\ngithub.com/tgoodwin/kamera/pkg/tracecheck.(*Explorer).Explore.func1\n\t/Users/tgoodwin/projects/kamera/pkg/tracecheck/explore.go:330"}
{"level":"info","ts":1768351675.100008,"logger":"fallback","caller":"revision/reconcile_resources.go:161","msg":"Reconciling PA: kamera-test"}
{"level":"info","ts":"2026-01-13T16:47:55-08:00","logger":"RevisionReconciler.reconcile","msg":"reconcile completed","key":"default/kamera-test","reconciler":"knative.dev.serving.pkg.reconciler.revision.Reconciler","requeue":false,"requeueAfter":0}
{"level":"info","ts":"2026-01-13T16:47:55-08:00","logger":"tracecheck","msg":"Taking reconcile step","Depth":62,"# Distinct States":232,"Total States":233,"Resource States":54}
{"level":"info","ts":"2026-01-13T16:47:55-08:00","logger":"RevisionReconciler.seed","msg":"added podscalable to informer","resource":"deployments","namespace":"default","name":"kamera-test-deployment","stage":"podscalable-add","keys":["default/kamera-test-deployment"]}
{"level":"info","ts":"2026-01-13T16:47:55-08:00","logger":"RevisionReconciler.seed","msg":"podscalable visible to lister","resource":"deployments","namespace":"default","name":"kamera-test-deployment","stage":"podscalable-lister","object":{"apiVersion":"autoscaling.internal.knative.dev/v1alpha1","kind":"PodScalable","namespace":"default","name":"kamera-test-deployment"}}
{"level":"error","ts":1768351675.2081091,"logger":"fallback","caller":"revision/controller.go:116","msg":"Failed to create resolver transport","error":"open /var/run/secrets/kubernetes.io/serviceaccount/ca.crt: no such file or directory","stacktrace":"knative.dev/serving/pkg/reconciler/revision.newControllerWithOptions\n\t/Users/tgoodwin/tmp/gomodcache/knative.dev/serving@v0.46.5/pkg/reconciler/revision/controller.go:116\nknative.dev/serving/pkg/reconciler/revision.NewController\n\t/Users/tgoodwin/tmp/gomodcache/knative.dev/serving@v0.46.5/pkg/reconciler/revision/controller.go:64\nmain.configureKnativeExplorer.func1.1\n\t/Users/tgoodwin/projects/kamera/examples/knative-serving/scenario.go:91\ngithub.com/tgoodwin/kamera/examples/knative-serving/knative.NewKnativeStrategy.func1\n\t/Users/tgoodwin/projects/kamera/examples/knative-serving/knative/harness.go:555\ngithub.com/tgoodwin/kamera/examples/knative-serving/knative.(*KnativeStrategy).ReconcileAtState\n\t/Users/tgoodwin/projects/kamera/examples/knative-serving/knative/harness.go:895\ngithub.com/tgoodwin/kamera/pkg/tracecheck.(*ReconcilerContainer).doReconcile\n\t/Users/tgoodwin/projects/kamera/pkg/tracecheck/reconciler.go:164\ngithub.com/tgoodwin/kamera/pkg/tracecheck.(*Explorer).reconcileAtState\n\t/Users/tgoodwin/projects/kamera/pkg/tracecheck/explore.go:1313\ngithub.com/tgoodwin/kamera/pkg/tracecheck.(*Explorer).takeReconcileStep\n\t/Users/tgoodwin/projects/kamera/pkg/tracecheck/explore.go:1228\ngithub.com/tgoodwin/kamera/pkg/tracecheck.(*Explorer).explore\n\t/Users/tgoodwin/projects/kamera/pkg/tracecheck/explore.go:790\ngithub.com/tgoodwin/kamera/pkg/tracecheck.(*Explorer).Explore.func1\n\t/Users/tgoodwin/projects/kamera/pkg/tracecheck/explore.go:330"}
{"level":"info","ts":1768351675.208673,"logger":"fallback","caller":"revision/reconcile_resources.go:161","msg":"Reconciling PA: kamera-test"}
{"level":"info","ts":"2026-01-13T16:47:55-08:00","logger":"RevisionReconciler.reconcile","msg":"reconcile completed","key":"default/kamera-test","reconciler":"knative.dev.serving.pkg.reconciler.revision.Reconciler","requeue":false,"requeueAfter":0}
{"level":"info","ts":"2026-01-13T16:47:55-08:00","logger":"tracecheck","msg":"Taking reconcile step","Depth":63,"# Distinct States":233,"Total States":234,"Resource States":54}
{"level":"info","ts":"2026-01-13T16:47:55-08:00","logger":"KPAReconciler.seed","msg":"added podscalable to informer","resource":"deployments","namespace":"default","name":"kamera-test-deployment","stage":"podscalable-add","keys":["default/kamera-test-deployment"]}
{"level":"info","ts":"2026-01-13T16:47:55-08:00","logger":"KPAReconciler.seed","msg":"podscalable visible to lister","resource":"deployments","namespace":"default","name":"kamera-test-deployment","stage":"podscalable-lister","object":{"apiVersion":"autoscaling.internal.knative.dev/v1alpha1","kind":"PodScalable","namespace":"default","name":"kamera-test-deployment"}}
{"level":"info","ts":1768351675.315094,"logger":"fallback","caller":"kpa/controller.go:77","msg":"Setting up ConfigMap receivers"}
{"level":"info","ts":1768351675.3152251,"logger":"fallback","caller":"kpa/controller.go:91","msg":"Setting up KPA-Class event handlers"}
{"level":"info","ts":1768351675.315396,"logger":"fallback","caller":"kpa/kpa.go:158","msg":"SKS should be in Proxy mode: want = 0, ebc = 0, #act's = 2 PA Inactive? = true"}
{"level":"info","ts":1768351675.315423,"logger":"fallback","caller":"kpa/kpa.go:178","msg":"PA scale got=1, want=0, desiredPods=0 ebc=0"}
{"level":"info","ts":1768351675.315433,"logger":"fallback","caller":"kpa/kpa.go:188","msg":"Observed pod counts=kpa.podCounts{want:0, ready:1, notReady:0, pending:0, terminating:0}"}
{"level":"info","ts":"2026-01-13T16:47:55-08:00","logger":"KPAReconciler.reconcile","msg":"reconcile completed","key":"default/kamera-test","reconciler":"knative.dev.serving.pkg.reconciler.autoscaling.kpa.Reconciler","requeue":false,"requeueAfter":0}
{"level":"info","ts":"2026-01-13T16:47:55-08:00","logger":"tracecheck","msg":"Taking reconcile step","Depth":64,"# Distinct States":234,"Total States":235,"Resource States":54}
{"level":"info","ts":"2026-01-13T16:47:55-08:00","logger":"tracecheck","msg":"Taking reconcile step","Depth":65,"# Distinct States":235,"Total States":236,"Resource States":54}
{"level":"info","ts":"2026-01-13T16:47:55-08:00","logger":"tracecheck","msg":"Taking reconcile step","Depth":66,"# Distinct States":236,"Total States":237,"Resource States":54}
{"level":"info","ts":"2026-01-13T16:47:55-08:00","logger":"RouteReconciler.seed","msg":"added podscalable to informer","resource":"deployments","namespace":"default","name":"kamera-test-deployment","stage":"podscalable-add","keys":["default/kamera-test-deployment"]}
{"level":"info","ts":"2026-01-13T16:47:55-08:00","logger":"RouteReconciler.seed","msg":"podscalable visible to lister","resource":"deployments","namespace":"default","name":"kamera-test-deployment","stage":"podscalable-lister","object":{"apiVersion":"autoscaling.internal.knative.dev/v1alpha1","kind":"PodScalable","namespace":"default","name":"kamera-test-deployment"}}
{"level":"info","ts":1768351675.4249332,"logger":"fallback","caller":"route/route.go:465","msg":"Revision default/kamera-test is inactive"}
{"level":"info","ts":1768351675.424961,"logger":"fallback","caller":"route/route.go:487","msg":"All referred targets are routable, marking AllTrafficAssigned with traffic information."}
{"level":"info","ts":1768351675.424978,"logger":"fallback","caller":"route/route.go:140","msg":"Creating placeholder k8s services"}
{"level":"info","ts":1768351675.425081,"logger":"fallback","caller":"route/route.go:176","msg":"Updating placeholder k8s services with ingress information"}
{"level":"info","ts":1768351675.425132,"logger":"fallback","caller":"route/route.go:198","msg":"Route successfully synced"}
{"level":"info","ts":"2026-01-13T16:47:55-08:00","logger":"RouteReconciler.reconcile","msg":"reconcile completed","key":"default/demo","reconciler":"knative.dev.serving.pkg.reconciler.route.Reconciler","requeue":false,"requeueAfter":0}
{"level":"info","ts":"2026-01-13T16:47:55-08:00","logger":"tracecheck","msg":"Taking reconcile step","Depth":67,"# Distinct States":237,"Total States":238,"Resource States":54}
{"level":"info","ts":"2026-01-13T16:47:55-08:00","logger":"ServiceReconciler.seed","msg":"added podscalable to informer","resource":"deployments","namespace":"default","name":"kamera-test-deployment","stage":"podscalable-add","keys":["default/kamera-test-deployment"]}
{"level":"info","ts":"2026-01-13T16:47:55-08:00","logger":"ServiceReconciler.seed","msg":"podscalable visible to lister","resource":"deployments","namespace":"default","name":"kamera-test-deployment","stage":"podscalable-lister","object":{"apiVersion":"autoscaling.internal.knative.dev/v1alpha1","kind":"PodScalable","namespace":"default","name":"kamera-test-deployment"}}
{"level":"info","ts":1768351675.533155,"logger":"fallback","caller":"service/service.go:171","msg":"Service reconciler fetching Route from lister: name=demo, namespace=default"}
{"level":"info","ts":1768351675.533185,"logger":"fallback","caller":"service/service.go:174","msg":"Service reconciler got Route from lister: name=demo, Generation=1, ObservedGeneration=1, ResourceVersion="}
{"level":"info","ts":1768351675.533217,"logger":"fallback","caller":"service/service.go:126","msg":"Service reconciler checking Route: name=demo, Generation=1, ObservedGeneration=1, Ready=True (reason=, message=), generationMatch=true, routeResourceVersion="}
{"level":"info","ts":1768351675.533225,"logger":"fallback","caller":"service/service.go:136","msg":"Service reconciler calling PropagateRouteStatus() because Generation == ObservedGeneration"}
{"level":"info","ts":"2026-01-13T16:47:55-08:00","logger":"ServiceReconciler.reconcile","msg":"reconcile completed","key":"default/demo","reconciler":"knative.dev.serving.pkg.reconciler.service.Reconciler","requeue":false,"requeueAfter":0}
{"level":"info","ts":"2026-01-13T16:47:55-08:00","logger":"tracecheck","msg":"Taking reconcile step","Depth":68,"# Distinct States":238,"Total States":239,"Resource States":54}
{"level":"info","ts":"2026-01-13T16:47:55-08:00","logger":"tracecheck","msg":"Taking reconcile step","Depth":69,"# Distinct States":239,"Total States":240,"Resource States":54}
{"level":"info","ts":"2026-01-13T16:47:55-08:00","logger":"tracecheck","msg":"Deleting pods","Depth":69,"# Distinct States":239,"Total States":240,"Resource States":54,"count":1}
{"level":"info","ts":"2026-01-13T16:47:55-08:00","logger":"tracecheck","msg":"Taking reconcile step","Depth":52,"# Distinct States":241,"Total States":242,"Resource States":54}
{"level":"info","ts":"2026-01-13T16:47:55-08:00","logger":"RevisionReconciler.seed","msg":"added podscalable to informer","resource":"deployments","namespace":"default","name":"kamera-test-deployment","stage":"podscalable-add","keys":["default/kamera-test-deployment"]}
{"level":"info","ts":"2026-01-13T16:47:55-08:00","logger":"RevisionReconciler.seed","msg":"podscalable visible to lister","resource":"deployments","namespace":"default","name":"kamera-test-deployment","stage":"podscalable-lister","object":{"apiVersion":"autoscaling.internal.knative.dev/v1alpha1","kind":"PodScalable","namespace":"default","name":"kamera-test-deployment"}}
{"level":"error","ts":1768351675.644692,"logger":"fallback","caller":"revision/controller.go:116","msg":"Failed to create resolver transport","error":"open /var/run/secrets/kubernetes.io/serviceaccount/ca.crt: no such file or directory","stacktrace":"knative.dev/serving/pkg/reconciler/revision.newControllerWithOptions\n\t/Users/tgoodwin/tmp/gomodcache/knative.dev/serving@v0.46.5/pkg/reconciler/revision/controller.go:116\nknative.dev/serving/pkg/reconciler/revision.NewController\n\t/Users/tgoodwin/tmp/gomodcache/knative.dev/serving@v0.46.5/pkg/reconciler/revision/controller.go:64\nmain.configureKnativeExplorer.func1.1\n\t/Users/tgoodwin/projects/kamera/examples/knative-serving/scenario.go:91\ngithub.com/tgoodwin/kamera/examples/knative-serving/knative.NewKnativeStrategy.func1\n\t/Users/tgoodwin/projects/kamera/examples/knative-serving/knative/harness.go:555\ngithub.com/tgoodwin/kamera/examples/knative-serving/knative.(*KnativeStrategy).ReconcileAtState\n\t/Users/tgoodwin/projects/kamera/examples/knative-serving/knative/harness.go:895\ngithub.com/tgoodwin/kamera/pkg/tracecheck.(*ReconcilerContainer).doReconcile\n\t/Users/tgoodwin/projects/kamera/pkg/tracecheck/reconciler.go:164\ngithub.com/tgoodwin/kamera/pkg/tracecheck.(*Explorer).reconcileAtState\n\t/Users/tgoodwin/projects/kamera/pkg/tracecheck/explore.go:1313\ngithub.com/tgoodwin/kamera/pkg/tracecheck.(*Explorer).takeReconcileStep\n\t/Users/tgoodwin/projects/kamera/pkg/tracecheck/explore.go:1228\ngithub.com/tgoodwin/kamera/pkg/tracecheck.(*Explorer).explore\n\t/Users/tgoodwin/projects/kamera/pkg/tracecheck/explore.go:790\ngithub.com/tgoodwin/kamera/pkg/tracecheck.(*Explorer).Explore.func1\n\t/Users/tgoodwin/projects/kamera/pkg/tracecheck/explore.go:330"}
{"level":"info","ts":1768351675.644895,"logger":"fallback","caller":"revision/reconcile_resources.go:161","msg":"Reconciling PA: kamera-test"}
{"level":"info","ts":"2026-01-13T16:47:55-08:00","logger":"RevisionReconciler.reconcile","msg":"reconcile completed","key":"default/kamera-test","reconciler":"knative.dev.serving.pkg.reconciler.revision.Reconciler","requeue":false,"requeueAfter":0}
{"level":"info","ts":"2026-01-13T16:47:55-08:00","logger":"tracecheck","msg":"Taking reconcile step","Depth":53,"# Distinct States":242,"Total States":243,"Resource States":54}
{"level":"info","ts":"2026-01-13T16:47:55-08:00","logger":"tracecheck","msg":"Taking reconcile step","Depth":54,"# Distinct States":243,"Total States":244,"Resource States":54}
{"level":"info","ts":"2026-01-13T16:47:55-08:00","logger":"KPAReconciler.seed","msg":"added podscalable to informer","resource":"deployments","namespace":"default","name":"kamera-test-deployment","stage":"podscalable-add","keys":["default/kamera-test-deployment"]}
{"level":"info","ts":"2026-01-13T16:47:55-08:00","logger":"KPAReconciler.seed","msg":"podscalable visible to lister","resource":"deployments","namespace":"default","name":"kamera-test-deployment","stage":"podscalable-lister","object":{"apiVersion":"autoscaling.internal.knative.dev/v1alpha1","kind":"PodScalable","namespace":"default","name":"kamera-test-deployment"}}
{"level":"info","ts":1768351675.752626,"logger":"fallback","caller":"kpa/controller.go:77","msg":"Setting up ConfigMap receivers"}
{"level":"info","ts":1768351675.7527418,"logger":"fallback","caller":"kpa/controller.go:91","msg":"Setting up KPA-Class event handlers"}
{"level":"info","ts":1768351675.7528589,"logger":"fallback","caller":"kpa/scaler.go:379","msg":"Scaling from 1 to 0"}
{"level":"info","ts":1768351675.754731,"logger":"fallback","caller":"kpa/kpa.go:158","msg":"SKS should be in Proxy mode: want = 0, ebc = 0, #act's = 2 PA Inactive? = true"}
{"level":"info","ts":1768351675.754758,"logger":"fallback","caller":"kpa/kpa.go:178","msg":"PA scale got=1, want=0, desiredPods=0 ebc=0"}
{"level":"info","ts":1768351675.754765,"logger":"fallback","caller":"kpa/kpa.go:188","msg":"Observed pod counts=kpa.podCounts{want:0, ready:1, notReady:0, pending:0, terminating:0}"}
{"level":"info","ts":"2026-01-13T16:47:55-08:00","logger":"KPAReconciler.reconcile","msg":"reconcile completed","key":"default/kamera-test","reconciler":"knative.dev.serving.pkg.reconciler.autoscaling.kpa.Reconciler","requeue":false,"requeueAfter":0}
{"level":"info","ts":"2026-01-13T16:47:55-08:00","logger":"tracecheck","msg":"Taking reconcile step","Depth":55,"# Distinct States":244,"Total States":245,"Resource States":54}
{"level":"info","ts":"2026-01-13T16:47:55-08:00","logger":"tracecheck","msg":"Taking reconcile step","Depth":56,"# Distinct States":245,"Total States":246,"Resource States":54}
{"level":"info","ts":"2026-01-13T16:47:55-08:00","logger":"tracecheck","msg":"Taking reconcile step","Depth":57,"# Distinct States":246,"Total States":247,"Resource States":54}
{"level":"info","ts":"2026-01-13T16:47:55-08:00","logger":"tracecheck","msg":"Taking reconcile step","Depth":58,"# Distinct States":247,"Total States":248,"Resource States":54}
{"level":"info","ts":"2026-01-13T16:47:55-08:00","logger":"RouteReconciler.seed","msg":"added podscalable to informer","resource":"deployments","namespace":"default","name":"kamera-test-deployment","stage":"podscalable-add","keys":["default/kamera-test-deployment"]}
{"level":"info","ts":"2026-01-13T16:47:55-08:00","logger":"RouteReconciler.seed","msg":"podscalable visible to lister","resource":"deployments","namespace":"default","name":"kamera-test-deployment","stage":"podscalable-lister","object":{"apiVersion":"autoscaling.internal.knative.dev/v1alpha1","kind":"PodScalable","namespace":"default","name":"kamera-test-deployment"}}
{"level":"info","ts":1768351675.8665888,"logger":"fallback","caller":"route/route.go:465","msg":"Revision default/kamera-test is inactive"}
{"level":"info","ts":1768351675.866605,"logger":"fallback","caller":"route/route.go:487","msg":"All referred targets are routable, marking AllTrafficAssigned with traffic information."}
{"level":"info","ts":1768351675.866615,"logger":"fallback","caller":"route/route.go:140","msg":"Creating placeholder k8s services"}
{"level":"info","ts":1768351675.866669,"logger":"fallback","caller":"route/route.go:176","msg":"Updating placeholder k8s services with ingress information"}
{"level":"info","ts":1768351675.8667939,"logger":"fallback","caller":"route/route.go:198","msg":"Route successfully synced"}
{"level":"info","ts":"2026-01-13T16:47:55-08:00","logger":"RouteReconciler.reconcile","msg":"reconcile completed","key":"default/demo","reconciler":"knative.dev.serving.pkg.reconciler.route.Reconciler","requeue":false,"requeueAfter":0}
{"level":"info","ts":"2026-01-13T16:47:55-08:00","logger":"tracecheck","msg":"Taking reconcile step","Depth":59,"# Distinct States":248,"Total States":249,"Resource States":54}
{"level":"info","ts":"2026-01-13T16:47:55-08:00","logger":"tracecheck","msg":"Taking reconcile step","Depth":60,"# Distinct States":249,"Total States":250,"Resource States":54}
{"level":"info","ts":"2026-01-13T16:47:55-08:00","logger":"ServiceReconciler.seed","msg":"added podscalable to informer","resource":"deployments","namespace":"default","name":"kamera-test-deployment","stage":"podscalable-add","keys":["default/kamera-test-deployment"]}
{"level":"info","ts":"2026-01-13T16:47:55-08:00","logger":"ServiceReconciler.seed","msg":"podscalable visible to lister","resource":"deployments","namespace":"default","name":"kamera-test-deployment","stage":"podscalable-lister","object":{"apiVersion":"autoscaling.internal.knative.dev/v1alpha1","kind":"PodScalable","namespace":"default","name":"kamera-test-deployment"}}
{"level":"info","ts":1768351675.9785988,"logger":"fallback","caller":"service/service.go:171","msg":"Service reconciler fetching Route from lister: name=demo, namespace=default"}
{"level":"info","ts":1768351675.9786198,"logger":"fallback","caller":"service/service.go:174","msg":"Service reconciler got Route from lister: name=demo, Generation=1, ObservedGeneration=1, ResourceVersion="}
{"level":"info","ts":1768351675.97865,"logger":"fallback","caller":"service/service.go:126","msg":"Service reconciler checking Route: name=demo, Generation=1, ObservedGeneration=1, Ready=True (reason=, message=), generationMatch=true, routeResourceVersion="}
{"level":"info","ts":1768351675.9786592,"logger":"fallback","caller":"service/service.go:136","msg":"Service reconciler calling PropagateRouteStatus() because Generation == ObservedGeneration"}
{"level":"info","ts":"2026-01-13T16:47:55-08:00","logger":"ServiceReconciler.reconcile","msg":"reconcile completed","key":"default/demo","reconciler":"knative.dev.serving.pkg.reconciler.service.Reconciler","requeue":false,"requeueAfter":0}
{"level":"info","ts":"2026-01-13T16:47:55-08:00","logger":"tracecheck","msg":"Taking reconcile step","Depth":61,"# Distinct States":250,"Total States":251,"Resource States":54}
{"level":"info","ts":"2026-01-13T16:47:55-08:00","logger":"tracecheck","msg":"Updated Deployment status","Depth":61,"# Distinct States":250,"Total States":251,"Resource States":54,"name":"kamera-test-deployment"}
{"level":"info","ts":"2026-01-13T16:47:55-08:00","logger":"tracecheck","msg":"Taking reconcile step","Depth":37,"# Distinct States":251,"Total States":253,"Resource States":54}
{"level":"info","ts":"2026-01-13T16:47:56-08:00","logger":"RevisionReconciler.seed","msg":"added podscalable to informer","resource":"deployments","namespace":"default","name":"kamera-test-deployment","stage":"podscalable-add","keys":["default/kamera-test-deployment"]}
{"level":"info","ts":"2026-01-13T16:47:56-08:00","logger":"RevisionReconciler.seed","msg":"podscalable visible to lister","resource":"deployments","namespace":"default","name":"kamera-test-deployment","stage":"podscalable-lister","object":{"apiVersion":"autoscaling.internal.knative.dev/v1alpha1","kind":"PodScalable","namespace":"default","name":"kamera-test-deployment"}}
{"level":"error","ts":1768351676.0947142,"logger":"fallback","caller":"revision/controller.go:116","msg":"Failed to create resolver transport","error":"open /var/run/secrets/kubernetes.io/serviceaccount/ca.crt: no such file or directory","stacktrace":"knative.dev/serving/pkg/reconciler/revision.newControllerWithOptions\n\t/Users/tgoodwin/tmp/gomodcache/knative.dev/serving@v0.46.5/pkg/reconciler/revision/controller.go:116\nknative.dev/serving/pkg/reconciler/revision.NewController\n\t/Users/tgoodwin/tmp/gomodcache/knative.dev/serving@v0.46.5/pkg/reconciler/revision/controller.go:64\nmain.configureKnativeExplorer.func1.1\n\t/Users/tgoodwin/projects/kamera/examples/knative-serving/scenario.go:91\ngithub.com/tgoodwin/kamera/examples/knative-serving/knative.NewKnativeStrategy.func1\n\t/Users/tgoodwin/projects/kamera/examples/knative-serving/knative/harness.go:555\ngithub.com/tgoodwin/kamera/examples/knative-serving/knative.(*KnativeStrategy).ReconcileAtState\n\t/Users/tgoodwin/projects/kamera/examples/knative-serving/knative/harness.go:895\ngithub.com/tgoodwin/kamera/pkg/tracecheck.(*ReconcilerContainer).doReconcile\n\t/Users/tgoodwin/projects/kamera/pkg/tracecheck/reconciler.go:164\ngithub.com/tgoodwin/kamera/pkg/tracecheck.(*Explorer).reconcileAtState\n\t/Users/tgoodwin/projects/kamera/pkg/tracecheck/explore.go:1313\ngithub.com/tgoodwin/kamera/pkg/tracecheck.(*Explorer).takeReconcileStep\n\t/Users/tgoodwin/projects/kamera/pkg/tracecheck/explore.go:1228\ngithub.com/tgoodwin/kamera/pkg/tracecheck.(*Explorer).explore\n\t/Users/tgoodwin/projects/kamera/pkg/tracecheck/explore.go:790\ngithub.com/tgoodwin/kamera/pkg/tracecheck.(*Explorer).Explore.func1\n\t/Users/tgoodwin/projects/kamera/pkg/tracecheck/explore.go:330"}
{"level":"info","ts":1768351676.095145,"logger":"fallback","caller":"revision/reconcile_resources.go:161","msg":"Reconciling PA: kamera-test"}
{"level":"info","ts":"2026-01-13T16:47:56-08:00","logger":"RevisionReconciler.reconcile","msg":"reconcile completed","key":"default/kamera-test","reconciler":"knative.dev.serving.pkg.reconciler.revision.Reconciler","requeue":false,"requeueAfter":0}
{"level":"info","ts":"2026-01-13T16:47:56-08:00","logger":"tracecheck","msg":"Taking reconcile step","Depth":38,"# Distinct States":252,"Total States":254,"Resource States":54}
{"level":"info","ts":"2026-01-13T16:47:56-08:00","logger":"ServerlessServiceReconciler.seed","msg":"added podscalable to informer","resource":"deployments","namespace":"default","name":"kamera-test-deployment","stage":"podscalable-add","keys":["default/kamera-test-deployment"]}
{"level":"info","ts":"2026-01-13T16:47:56-08:00","logger":"ServerlessServiceReconciler.seed","msg":"podscalable visible to lister","resource":"deployments","namespace":"default","name":"kamera-test-deployment","stage":"podscalable-lister","object":{"apiVersion":"autoscaling.internal.knative.dev/v1alpha1","kind":"PodScalable","namespace":"default","name":"kamera-test-deployment"}}
{"level":"info","ts":1768351676.2014039,"logger":"fallback","caller":"serverlessservice/controller.go:90","msg":"Doing a global resync due to activator endpoint changes"}
{"level":"info","ts":1768351676.20144,"logger":"fallback","caller":"serverlessservice/serverlessservice.go:217","msg":"SKS is in Proxy mode; has 0 endpoints in kamera-test-private; 1 activator endpoints"}
{"level":"info","ts":1768351676.2014499,"logger":"fallback","caller":"serverlessservice/serverlessservice.go:245","msg":"Forcing SKS into Proxy mode, insufficient ready endpoints."}
{"level":"info","ts":1768351676.201459,"logger":"fallback","caller":"serverlessservice/serverlessservice.go:290","msg":"No ready endpoints backing revision"}
{"level":"info","ts":"2026-01-13T16:47:56-08:00","logger":"ServerlessServiceReconciler.reconcile","msg":"reconcile completed","key":"default/kamera-test","reconciler":"knative.dev.serving.pkg.reconciler.serverlessservice.reconciler","requeue":false,"requeueAfter":0}
{"level":"info","ts":"2026-01-13T16:47:56-08:00","logger":"tracecheck","msg":"Taking reconcile step","Depth":39,"# Distinct States":253,"Total States":255,"Resource States":54}
{"level":"info","ts":"2026-01-13T16:47:56-08:00","logger":"tracecheck","msg":"updated pod status","Depth":39,"# Distinct States":253,"Total States":255,"Resource States":54,"phase":"Running","pod":{"name":"kamera-test-deployment-1488584584-0","namespace":"default"}}
{"level":"info","ts":"2026-01-13T16:47:56-08:00","logger":"tracecheck","msg":"Taking reconcile step","Depth":40,"# Distinct States":254,"Total States":256,"Resource States":54}
{"level":"info","ts":"2026-01-13T16:47:56-08:00","logger":"tracecheck","msg":"Taking reconcile step","Depth":41,"# Distinct States":255,"Total States":257,"Resource States":54}
{"level":"info","ts":"2026-01-13T16:47:56-08:00","logger":"KPAReconciler.seed","msg":"added podscalable to informer","resource":"deployments","namespace":"default","name":"kamera-test-deployment","stage":"podscalable-add","keys":["default/kamera-test-deployment"]}
{"level":"info","ts":"2026-01-13T16:47:56-08:00","logger":"KPAReconciler.seed","msg":"podscalable visible to lister","resource":"deployments","namespace":"default","name":"kamera-test-deployment","stage":"podscalable-lister","object":{"apiVersion":"autoscaling.internal.knative.dev/v1alpha1","kind":"PodScalable","namespace":"default","name":"kamera-test-deployment"}}
{"level":"info","ts":1768351676.313079,"logger":"fallback","caller":"kpa/controller.go:77","msg":"Setting up ConfigMap receivers"}
{"level":"info","ts":1768351676.3131719,"logger":"fallback","caller":"kpa/controller.go:91","msg":"Setting up KPA-Class event handlers"}
{"level":"info","ts":1768351676.3132632,"logger":"fallback","caller":"kpa/kpa.go:158","msg":"SKS should be in Proxy mode: want = -1, ebc = 0, #act's = 2 PA Inactive? = false"}
{"level":"info","ts":1768351676.3132842,"logger":"fallback","caller":"kpa/kpa.go:178","msg":"PA scale got=1, want=-1, desiredPods=0 ebc=0"}
{"level":"info","ts":1768351676.313291,"logger":"fallback","caller":"kpa/kpa.go:188","msg":"Observed pod counts=kpa.podCounts{want:-1, ready:1, notReady:0, pending:0, terminating:0}"}
{"level":"info","ts":"2026-01-13T16:47:56-08:00","logger":"KPAReconciler.reconcile","msg":"reconcile completed","key":"default/kamera-test","reconciler":"knative.dev.serving.pkg.reconciler.autoscaling.kpa.Reconciler","requeue":false,"requeueAfter":0}
{"level":"info","ts":"2026-01-13T16:47:56-08:00","logger":"tracecheck","msg":"Taking reconcile step","Depth":42,"# Distinct States":256,"Total States":258,"Resource States":54}
{"level":"info","ts":"2026-01-13T16:47:56-08:00","logger":"ConfigurationReconciler.seed","msg":"added podscalable to informer","resource":"deployments","namespace":"default","name":"kamera-test-deployment","stage":"podscalable-add","keys":["default/kamera-test-deployment"]}
{"level":"info","ts":"2026-01-13T16:47:56-08:00","logger":"ConfigurationReconciler.seed","msg":"podscalable visible to lister","resource":"deployments","namespace":"default","name":"kamera-test-deployment","stage":"podscalable-lister","object":{"apiVersion":"autoscaling.internal.knative.dev/v1alpha1","kind":"PodScalable","namespace":"default","name":"kamera-test-deployment"}}
{"level":"info","ts":1768351676.419691,"logger":"fallback","caller":"configuration/configuration.go:103","msg":"Revision \"kamera-test\" of configuration is not ready"}
{"level":"info","ts":"2026-01-13T16:47:56-08:00","logger":"ConfigurationReconciler.reconcile","msg":"reconcile completed","key":"default/demo","reconciler":"knative.dev.serving.pkg.reconciler.configuration.Reconciler","requeue":false,"requeueAfter":0}
{"level":"info","ts":"2026-01-13T16:47:56-08:00","logger":"tracecheck","msg":"Taking reconcile step","Depth":43,"# Distinct States":257,"Total States":259,"Resource States":54}
{"level":"info","ts":"2026-01-13T16:47:56-08:00","logger":"tracecheck","msg":"Taking reconcile step","Depth":44,"# Distinct States":258,"Total States":260,"Resource States":54}
{"level":"info","ts":"2026-01-13T16:47:56-08:00","logger":"tracecheck","msg":"Taking reconcile step","Depth":45,"# Distinct States":259,"Total States":261,"Resource States":54}
{"level":"info","ts":"2026-01-13T16:47:56-08:00","logger":"tracecheck","msg":"Updated ReplicaSet status","Depth":45,"# Distinct States":259,"Total States":261,"Resource States":54,"name":"kamera-test-deployment-1488584584"}
{"level":"info","ts":"2026-01-13T16:47:56-08:00","logger":"tracecheck","msg":"Taking reconcile step","Depth":46,"# Distinct States":260,"Total States":262,"Resource States":55}
{"level":"info","ts":"2026-01-13T16:47:56-08:00","logger":"KPAReconciler.seed","msg":"added podscalable to informer","resource":"deployments","namespace":"default","name":"kamera-test-deployment","stage":"podscalable-add","keys":["default/kamera-test-deployment"]}
{"level":"info","ts":"2026-01-13T16:47:56-08:00","logger":"KPAReconciler.seed","msg":"podscalable visible to lister","resource":"deployments","namespace":"default","name":"kamera-test-deployment","stage":"podscalable-lister","object":{"apiVersion":"autoscaling.internal.knative.dev/v1alpha1","kind":"PodScalable","namespace":"default","name":"kamera-test-deployment"}}
{"level":"info","ts":1768351676.533107,"logger":"fallback","caller":"kpa/controller.go:77","msg":"Setting up ConfigMap receivers"}
{"level":"info","ts":1768351676.533194,"logger":"fallback","caller":"kpa/controller.go:91","msg":"Setting up KPA-Class event handlers"}
{"level":"info","ts":1768351676.5332868,"logger":"fallback","caller":"kpa/scaler.go:229","msg":"Can deactivate PA, was active for 10s"}
{"level":"info","ts":1768351676.5333009,"logger":"fallback","caller":"kpa/kpa.go:158","msg":"SKS should be in Proxy mode: want = 0, ebc = 0, #act's = 2 PA Inactive? = false"}
{"level":"info","ts":1768351676.5333152,"logger":"fallback","caller":"kpa/kpa.go:178","msg":"PA scale got=1, want=0, desiredPods=0 ebc=0"}
{"level":"info","ts":1768351676.533321,"logger":"fallback","caller":"kpa/kpa.go:188","msg":"Observed pod counts=kpa.podCounts{want:0, ready:1, notReady:0, pending:0, terminating:0}"}
{"level":"info","ts":"2026-01-13T16:47:56-08:00","logger":"KPAReconciler.reconcile","msg":"reconcile completed","key":"default/kamera-test","reconciler":"knative.dev.serving.pkg.reconciler.autoscaling.kpa.Reconciler","requeue":false,"requeueAfter":0}
{"level":"info","ts":"2026-01-13T16:47:56-08:00","logger":"tracecheck","msg":"Taking reconcile step","Depth":47,"# Distinct States":261,"Total States":263,"Resource States":56}
{"level":"info","ts":"2026-01-13T16:47:56-08:00","logger":"RevisionReconciler.seed","msg":"added podscalable to informer","resource":"deployments","namespace":"default","name":"kamera-test-deployment","stage":"podscalable-add","keys":["default/kamera-test-deployment"]}
{"level":"info","ts":"2026-01-13T16:47:56-08:00","logger":"RevisionReconciler.seed","msg":"podscalable visible to lister","resource":"deployments","namespace":"default","name":"kamera-test-deployment","stage":"podscalable-lister","object":{"apiVersion":"autoscaling.internal.knative.dev/v1alpha1","kind":"PodScalable","namespace":"default","name":"kamera-test-deployment"}}
{"level":"error","ts":1768351676.640037,"logger":"fallback","caller":"revision/controller.go:116","msg":"Failed to create resolver transport","error":"open /var/run/secrets/kubernetes.io/serviceaccount/ca.crt: no such file or directory","stacktrace":"knative.dev/serving/pkg/reconciler/revision.newControllerWithOptions\n\t/Users/tgoodwin/tmp/gomodcache/knative.dev/serving@v0.46.5/pkg/reconciler/revision/controller.go:116\nknative.dev/serving/pkg/reconciler/revision.NewController\n\t/Users/tgoodwin/tmp/gomodcache/knative.dev/serving@v0.46.5/pkg/reconciler/revision/controller.go:64\nmain.configureKnativeExplorer.func1.1\n\t/Users/tgoodwin/projects/kamera/examples/knative-serving/scenario.go:91\ngithub.com/tgoodwin/kamera/examples/knative-serving/knative.NewKnativeStrategy.func1\n\t/Users/tgoodwin/projects/kamera/examples/knative-serving/knative/harness.go:555\ngithub.com/tgoodwin/kamera/examples/knative-serving/knative.(*KnativeStrategy).ReconcileAtState\n\t/Users/tgoodwin/projects/kamera/examples/knative-serving/knative/harness.go:895\ngithub.com/tgoodwin/kamera/pkg/tracecheck.(*ReconcilerContainer).doReconcile\n\t/Users/tgoodwin/projects/kamera/pkg/tracecheck/reconciler.go:164\ngithub.com/tgoodwin/kamera/pkg/tracecheck.(*Explorer).reconcileAtState\n\t/Users/tgoodwin/projects/kamera/pkg/tracecheck/explore.go:1313\ngithub.com/tgoodwin/kamera/pkg/tracecheck.(*Explorer).takeReconcileStep\n\t/Users/tgoodwin/projects/kamera/pkg/tracecheck/explore.go:1228\ngithub.com/tgoodwin/kamera/pkg/tracecheck.(*Explorer).explore\n\t/Users/tgoodwin/projects/kamera/pkg/tracecheck/explore.go:790\ngithub.com/tgoodwin/kamera/pkg/tracecheck.(*Explorer).Explore.func1\n\t/Users/tgoodwin/projects/kamera/pkg/tracecheck/explore.go:330"}
{"level":"info","ts":1768351676.640416,"logger":"fallback","caller":"revision/reconcile_resources.go:161","msg":"Reconciling PA: kamera-test"}
{"level":"info","ts":1768351676.640446,"logger":"fallback","caller":"revision/revision.go:166","msg":"Revision became ready"}
{"level":"info","ts":"2026-01-13T16:47:56-08:00","logger":"RevisionReconciler.reconcile","msg":"reconcile completed","key":"default/kamera-test","reconciler":"knative.dev.serving.pkg.reconciler.revision.Reconciler","requeue":false,"requeueAfter":0}
{"level":"info","ts":"2026-01-13T16:47:56-08:00","logger":"tracecheck","msg":"Taking reconcile step","Depth":48,"# Distinct States":262,"Total States":264,"Resource States":56}
{"level":"info","ts":"2026-01-13T16:47:56-08:00","logger":"tracecheck","msg":"Updated Deployment status","Depth":48,"# Distinct States":262,"Total States":264,"Resource States":56,"name":"kamera-test-deployment"}
{"level":"info","ts":"2026-01-13T16:47:56-08:00","logger":"tracecheck","msg":"Taking reconcile step","Depth":49,"# Distinct States":263,"Total States":265,"Resource States":57}
{"level":"info","ts":"2026-01-13T16:47:56-08:00","logger":"tracecheck","msg":"Taking reconcile step","Depth":50,"# Distinct States":264,"Total States":266,"Resource States":57}
{"level":"info","ts":"2026-01-13T16:47:56-08:00","logger":"KPAReconciler.seed","msg":"added podscalable to informer","resource":"deployments","namespace":"default","name":"kamera-test-deployment","stage":"podscalable-add","keys":["default/kamera-test-deployment"]}
{"level":"info","ts":"2026-01-13T16:47:56-08:00","logger":"KPAReconciler.seed","msg":"podscalable visible to lister","resource":"deployments","namespace":"default","name":"kamera-test-deployment","stage":"podscalable-lister","object":{"apiVersion":"autoscaling.internal.knative.dev/v1alpha1","kind":"PodScalable","namespace":"default","name":"kamera-test-deployment"}}
{"level":"info","ts":1768351676.754206,"logger":"fallback","caller":"kpa/controller.go:77","msg":"Setting up ConfigMap receivers"}
{"level":"info","ts":1768351676.754292,"logger":"fallback","caller":"kpa/controller.go:91","msg":"Setting up KPA-Class event handlers"}
{"level":"info","ts":1768351676.754375,"logger":"fallback","caller":"kpa/scaler.go:379","msg":"Scaling from 1 to 0"}
{"level":"info","ts":1768351676.756124,"logger":"fallback","caller":"kpa/kpa.go:158","msg":"SKS should be in Proxy mode: want = 0, ebc = 0, #act's = 2 PA Inactive? = true"}
{"level":"info","ts":1768351676.7561522,"logger":"fallback","caller":"kpa/kpa.go:178","msg":"PA scale got=1, want=0, desiredPods=0 ebc=0"}
{"level":"info","ts":1768351676.75616,"logger":"fallback","caller":"kpa/kpa.go:188","msg":"Observed pod counts=kpa.podCounts{want:0, ready:1, notReady:0, pending:0, terminating:0}"}
{"level":"info","ts":"2026-01-13T16:47:56-08:00","logger":"KPAReconciler.reconcile","msg":"reconcile completed","key":"default/kamera-test","reconciler":"knative.dev.serving.pkg.reconciler.autoscaling.kpa.Reconciler","requeue":false,"requeueAfter":0}
{"level":"info","ts":"2026-01-13T16:47:56-08:00","logger":"tracecheck","msg":"Taking reconcile step","Depth":51,"# Distinct States":265,"Total States":267,"Resource States":58}
{"level":"info","ts":"2026-01-13T16:47:56-08:00","logger":"tracecheck","msg":"Taking reconcile step","Depth":52,"# Distinct States":266,"Total States":268,"Resource States":58}
{"level":"info","ts":"2026-01-13T16:47:56-08:00","logger":"ConfigurationReconciler.seed","msg":"added podscalable to informer","resource":"deployments","namespace":"default","name":"kamera-test-deployment","stage":"podscalable-add","keys":["default/kamera-test-deployment"]}
{"level":"info","ts":"2026-01-13T16:47:56-08:00","logger":"ConfigurationReconciler.seed","msg":"podscalable visible to lister","resource":"deployments","namespace":"default","name":"kamera-test-deployment","stage":"podscalable-lister","object":{"apiVersion":"autoscaling.internal.knative.dev/v1alpha1","kind":"PodScalable","namespace":"default","name":"kamera-test-deployment"}}
{"level":"info","ts":1768351676.865849,"logger":"fallback","caller":"configuration/configuration.go:106","msg":"Revision \"kamera-test\" of configuration is ready"}
{"level":"info","ts":"2026-01-13T16:47:56-08:00","logger":"ConfigurationReconciler.reconcile","msg":"reconcile completed","key":"default/demo","reconciler":"knative.dev.serving.pkg.reconciler.configuration.Reconciler","requeue":false,"requeueAfter":0}
{"level":"info","ts":"2026-01-13T16:47:56-08:00","logger":"tracecheck","msg":"Taking reconcile step","Depth":53,"# Distinct States":267,"Total States":269,"Resource States":58}
{"level":"info","ts":"2026-01-13T16:47:56-08:00","logger":"RevisionReconciler.seed","msg":"added podscalable to informer","resource":"deployments","namespace":"default","name":"kamera-test-deployment","stage":"podscalable-add","keys":["default/kamera-test-deployment"]}
{"level":"info","ts":"2026-01-13T16:47:56-08:00","logger":"RevisionReconciler.seed","msg":"podscalable visible to lister","resource":"deployments","namespace":"default","name":"kamera-test-deployment","stage":"podscalable-lister","object":{"apiVersion":"autoscaling.internal.knative.dev/v1alpha1","kind":"PodScalable","namespace":"default","name":"kamera-test-deployment"}}
{"level":"error","ts":1768351676.972599,"logger":"fallback","caller":"revision/controller.go:116","msg":"Failed to create resolver transport","error":"open /var/run/secrets/kubernetes.io/serviceaccount/ca.crt: no such file or directory","stacktrace":"knative.dev/serving/pkg/reconciler/revision.newControllerWithOptions\n\t/Users/tgoodwin/tmp/gomodcache/knative.dev/serving@v0.46.5/pkg/reconciler/revision/controller.go:116\nknative.dev/serving/pkg/reconciler/revision.NewController\n\t/Users/tgoodwin/tmp/gomodcache/knative.dev/serving@v0.46.5/pkg/reconciler/revision/controller.go:64\nmain.configureKnativeExplorer.func1.1\n\t/Users/tgoodwin/projects/kamera/examples/knative-serving/scenario.go:91\ngithub.com/tgoodwin/kamera/examples/knative-serving/knative.NewKnativeStrategy.func1\n\t/Users/tgoodwin/projects/kamera/examples/knative-serving/knative/harness.go:555\ngithub.com/tgoodwin/kamera/examples/knative-serving/knative.(*KnativeStrategy).ReconcileAtState\n\t/Users/tgoodwin/projects/kamera/examples/knative-serving/knative/harness.go:895\ngithub.com/tgoodwin/kamera/pkg/tracecheck.(*ReconcilerContainer).doReconcile\n\t/Users/tgoodwin/projects/kamera/pkg/tracecheck/reconciler.go:164\ngithub.com/tgoodwin/kamera/pkg/tracecheck.(*Explorer).reconcileAtState\n\t/Users/tgoodwin/projects/kamera/pkg/tracecheck/explore.go:1313\ngithub.com/tgoodwin/kamera/pkg/tracecheck.(*Explorer).takeReconcileStep\n\t/Users/tgoodwin/projects/kamera/pkg/tracecheck/explore.go:1228\ngithub.com/tgoodwin/kamera/pkg/tracecheck.(*Explorer).explore\n\t/Users/tgoodwin/projects/kamera/pkg/tracecheck/explore.go:790\ngithub.com/tgoodwin/kamera/pkg/tracecheck.(*Explorer).Explore.func1\n\t/Users/tgoodwin/projects/kamera/pkg/tracecheck/explore.go:330"}
{"level":"info","ts":1768351676.972851,"logger":"fallback","caller":"revision/reconcile_resources.go:161","msg":"Reconciling PA: kamera-test"}
{"level":"info","ts":"2026-01-13T16:47:56-08:00","logger":"RevisionReconciler.reconcile","msg":"reconcile completed","key":"default/kamera-test","reconciler":"knative.dev.serving.pkg.reconciler.revision.Reconciler","requeue":false,"requeueAfter":0}
{"level":"info","ts":"2026-01-13T16:47:56-08:00","logger":"tracecheck","msg":"Taking reconcile step","Depth":54,"# Distinct States":268,"Total States":270,"Resource States":58}
{"level":"info","ts":"2026-01-13T16:47:56-08:00","logger":"tracecheck","msg":"Updated Deployment status","Depth":54,"# Distinct States":268,"Total States":270,"Resource States":58,"name":"kamera-test-deployment"}
{"level":"info","ts":"2026-01-13T16:47:56-08:00","logger":"tracecheck","msg":"Taking reconcile step","Depth":55,"# Distinct States":269,"Total States":271,"Resource States":59}
{"level":"info","ts":"2026-01-13T16:47:57-08:00","logger":"KPAReconciler.seed","msg":"added podscalable to informer","resource":"deployments","namespace":"default","name":"kamera-test-deployment","stage":"podscalable-add","keys":["default/kamera-test-deployment"]}
{"level":"info","ts":"2026-01-13T16:47:57-08:00","logger":"KPAReconciler.seed","msg":"podscalable visible to lister","resource":"deployments","namespace":"default","name":"kamera-test-deployment","stage":"podscalable-lister","object":{"apiVersion":"autoscaling.internal.knative.dev/v1alpha1","kind":"PodScalable","namespace":"default","name":"kamera-test-deployment"}}
{"level":"info","ts":1768351677.084812,"logger":"fallback","caller":"kpa/controller.go:77","msg":"Setting up ConfigMap receivers"}
{"level":"info","ts":1768351677.0849202,"logger":"fallback","caller":"kpa/controller.go:91","msg":"Setting up KPA-Class event handlers"}
{"level":"info","ts":1768351677.0850718,"logger":"fallback","caller":"kpa/kpa.go:158","msg":"SKS should be in Proxy mode: want = 0, ebc = 0, #act's = 2 PA Inactive? = true"}
{"level":"info","ts":1768351677.085094,"logger":"fallback","caller":"kpa/kpa.go:178","msg":"PA scale got=1, want=0, desiredPods=0 ebc=0"}
{"level":"info","ts":1768351677.085103,"logger":"fallback","caller":"kpa/kpa.go:188","msg":"Observed pod counts=kpa.podCounts{want:0, ready:1, notReady:0, pending:0, terminating:0}"}
{"level":"info","ts":"2026-01-13T16:47:57-08:00","logger":"KPAReconciler.reconcile","msg":"reconcile completed","key":"default/kamera-test","reconciler":"knative.dev.serving.pkg.reconciler.autoscaling.kpa.Reconciler","requeue":false,"requeueAfter":0}
{"level":"info","ts":"2026-01-13T16:47:57-08:00","logger":"tracecheck","msg":"Taking reconcile step","Depth":56,"# Distinct States":270,"Total States":272,"Resource States":59}
{"level":"info","ts":"2026-01-13T16:47:57-08:00","logger":"ConfigurationReconciler.seed","msg":"added podscalable to informer","resource":"deployments","namespace":"default","name":"kamera-test-deployment","stage":"podscalable-add","keys":["default/kamera-test-deployment"]}
{"level":"info","ts":"2026-01-13T16:47:57-08:00","logger":"ConfigurationReconciler.seed","msg":"podscalable visible to lister","resource":"deployments","namespace":"default","name":"kamera-test-deployment","stage":"podscalable-lister","object":{"apiVersion":"autoscaling.internal.knative.dev/v1alpha1","kind":"PodScalable","namespace":"default","name":"kamera-test-deployment"}}
{"level":"info","ts":1768351677.1929338,"logger":"fallback","caller":"configuration/configuration.go:106","msg":"Revision \"kamera-test\" of configuration is ready"}
{"level":"info","ts":"2026-01-13T16:47:57-08:00","logger":"ConfigurationReconciler.reconcile","msg":"reconcile completed","key":"default/demo","reconciler":"knative.dev.serving.pkg.reconciler.configuration.Reconciler","requeue":false,"requeueAfter":0}
{"level":"info","ts":"2026-01-13T16:47:57-08:00","logger":"tracecheck","msg":"Taking reconcile step","Depth":57,"# Distinct States":271,"Total States":273,"Resource States":59}
{"level":"info","ts":"2026-01-13T16:47:57-08:00","logger":"RouteReconciler.seed","msg":"added podscalable to informer","resource":"deployments","namespace":"default","name":"kamera-test-deployment","stage":"podscalable-add","keys":["default/kamera-test-deployment"]}
{"level":"info","ts":"2026-01-13T16:47:57-08:00","logger":"RouteReconciler.seed","msg":"podscalable visible to lister","resource":"deployments","namespace":"default","name":"kamera-test-deployment","stage":"podscalable-lister","object":{"apiVersion":"autoscaling.internal.knative.dev/v1alpha1","kind":"PodScalable","namespace":"default","name":"kamera-test-deployment"}}
{"level":"info","ts":1768351677.298208,"logger":"fallback","caller":"route/route.go:465","msg":"Revision default/kamera-test is inactive"}
{"level":"info","ts":1768351677.2982268,"logger":"fallback","caller":"route/route.go:487","msg":"All referred targets are routable, marking AllTrafficAssigned with traffic information."}
{"level":"info","ts":1768351677.298239,"logger":"fallback","caller":"route/route.go:140","msg":"Creating placeholder k8s services"}
{"level":"info","ts":1768351677.298379,"logger":"fallback","caller":"route/reconcile_resources.go:179","msg":"Created service demo"}
{"level":"info","ts":1768351677.2985861,"logger":"fallback","caller":"route/route.go:176","msg":"Updating placeholder k8s services with ingress information"}
{"level":"warn","ts":1768351677.2986,"logger":"fallback","caller":"route/reconcile_resources.go:228","msg":"Failed to update k8s service","error":"failed to fetch loadbalancer domain/IP from ingress status"}
{"level":"info","ts":1768351677.298608,"logger":"fallback","caller":"route/route.go:198","msg":"Route successfully synced"}
{"level":"info","ts":"2026-01-13T16:47:57-08:00","logger":"RouteReconciler.reconcile","msg":"reconcile completed","key":"default/demo","reconciler":"knative.dev.serving.pkg.reconciler.route.Reconciler","requeue":false,"requeueAfter":0}
{"level":"info","ts":"2026-01-13T16:47:57-08:00","logger":"tracecheck","msg":"Taking reconcile step","Depth":58,"# Distinct States":272,"Total States":274,"Resource States":60}
{"level":"info","ts":"2026-01-13T16:47:57-08:00","logger":"ServiceReconciler.seed","msg":"added podscalable to informer","resource":"deployments","namespace":"default","name":"kamera-test-deployment","stage":"podscalable-add","keys":["default/kamera-test-deployment"]}
{"level":"info","ts":"2026-01-13T16:47:57-08:00","logger":"ServiceReconciler.seed","msg":"podscalable visible to lister","resource":"deployments","namespace":"default","name":"kamera-test-deployment","stage":"podscalable-lister","object":{"apiVersion":"autoscaling.internal.knative.dev/v1alpha1","kind":"PodScalable","namespace":"default","name":"kamera-test-deployment"}}
{"level":"info","ts":1768351677.405246,"logger":"fallback","caller":"service/service.go:171","msg":"Service reconciler fetching Route from lister: name=demo, namespace=default"}
{"level":"info","ts":1768351677.405264,"logger":"fallback","caller":"service/service.go:174","msg":"Service reconciler got Route from lister: name=demo, Generation=1, ObservedGeneration=1, ResourceVersion="}
{"level":"info","ts":1768351677.405287,"logger":"fallback","caller":"service/service.go:126","msg":"Service reconciler checking Route: name=demo, Generation=1, ObservedGeneration=1, Ready=Unknown (reason=IngressNotConfigured, message=Ingress has not yet been reconciled.), generationMatch=true, routeResourceVersion="}
{"level":"info","ts":1768351677.4052942,"logger":"fallback","caller":"service/service.go:136","msg":"Service reconciler calling PropagateRouteStatus() because Generation == ObservedGeneration"}
{"level":"info","ts":"2026-01-13T16:47:57-08:00","logger":"ServiceReconciler.reconcile","msg":"reconcile completed","key":"default/demo","reconciler":"knative.dev.serving.pkg.reconciler.service.Reconciler","requeue":false,"requeueAfter":0}
{"level":"info","ts":"2026-01-13T16:47:57-08:00","logger":"tracecheck","msg":"Taking reconcile step","Depth":59,"# Distinct States":273,"Total States":275,"Resource States":60}
{"level":"info","ts":"2026-01-13T16:47:57-08:00","logger":"tracecheck","msg":"Taking reconcile step","Depth":60,"# Distinct States":274,"Total States":276,"Resource States":60}
{"level":"info","ts":"2026-01-13T16:47:57-08:00","logger":"tracecheck","msg":"Deleting pods","Depth":60,"# Distinct States":274,"Total States":276,"Resource States":60,"count":1}
{"level":"info","ts":"2026-01-13T16:47:57-08:00","logger":"tracecheck","msg":"Taking reconcile step","Depth":61,"# Distinct States":275,"Total States":277,"Resource States":61}
{"level":"info","ts":"2026-01-13T16:47:57-08:00","logger":"tracecheck","msg":"Taking reconcile step","Depth":62,"# Distinct States":276,"Total States":278,"Resource States":61}
{"level":"info","ts":"2026-01-13T16:47:57-08:00","logger":"RevisionReconciler.seed","msg":"added podscalable to informer","resource":"deployments","namespace":"default","name":"kamera-test-deployment","stage":"podscalable-add","keys":["default/kamera-test-deployment"]}
{"level":"info","ts":"2026-01-13T16:47:57-08:00","logger":"RevisionReconciler.seed","msg":"podscalable visible to lister","resource":"deployments","namespace":"default","name":"kamera-test-deployment","stage":"podscalable-lister","object":{"apiVersion":"autoscaling.internal.knative.dev/v1alpha1","kind":"PodScalable","namespace":"default","name":"kamera-test-deployment"}}
{"level":"error","ts":1768351677.51941,"logger":"fallback","caller":"revision/controller.go:116","msg":"Failed to create resolver transport","error":"open /var/run/secrets/kubernetes.io/serviceaccount/ca.crt: no such file or directory","stacktrace":"knative.dev/serving/pkg/reconciler/revision.newControllerWithOptions\n\t/Users/tgoodwin/tmp/gomodcache/knative.dev/serving@v0.46.5/pkg/reconciler/revision/controller.go:116\nknative.dev/serving/pkg/reconciler/revision.NewController\n\t/Users/tgoodwin/tmp/gomodcache/knative.dev/serving@v0.46.5/pkg/reconciler/revision/controller.go:64\nmain.configureKnativeExplorer.func1.1\n\t/Users/tgoodwin/projects/kamera/examples/knative-serving/scenario.go:91\ngithub.com/tgoodwin/kamera/examples/knative-serving/knative.NewKnativeStrategy.func1\n\t/Users/tgoodwin/projects/kamera/examples/knative-serving/knative/harness.go:555\ngithub.com/tgoodwin/kamera/examples/knative-serving/knative.(*KnativeStrategy).ReconcileAtState\n\t/Users/tgoodwin/projects/kamera/examples/knative-serving/knative/harness.go:895\ngithub.com/tgoodwin/kamera/pkg/tracecheck.(*ReconcilerContainer).doReconcile\n\t/Users/tgoodwin/projects/kamera/pkg/tracecheck/reconciler.go:164\ngithub.com/tgoodwin/kamera/pkg/tracecheck.(*Explorer).reconcileAtState\n\t/Users/tgoodwin/projects/kamera/pkg/tracecheck/explore.go:1313\ngithub.com/tgoodwin/kamera/pkg/tracecheck.(*Explorer).takeReconcileStep\n\t/Users/tgoodwin/projects/kamera/pkg/tracecheck/explore.go:1228\ngithub.com/tgoodwin/kamera/pkg/tracecheck.(*Explorer).explore\n\t/Users/tgoodwin/projects/kamera/pkg/tracecheck/explore.go:790\ngithub.com/tgoodwin/kamera/pkg/tracecheck.(*Explorer).Explore.func1\n\t/Users/tgoodwin/projects/kamera/pkg/tracecheck/explore.go:330"}
{"level":"info","ts":1768351677.51969,"logger":"fallback","caller":"revision/reconcile_resources.go:161","msg":"Reconciling PA: kamera-test"}
{"level":"info","ts":"2026-01-13T16:47:57-08:00","logger":"RevisionReconciler.reconcile","msg":"reconcile completed","key":"default/kamera-test","reconciler":"knative.dev.serving.pkg.reconciler.revision.Reconciler","requeue":false,"requeueAfter":0}
{"level":"info","ts":"2026-01-13T16:47:57-08:00","logger":"tracecheck","msg":"Taking reconcile step","Depth":63,"# Distinct States":277,"Total States":279,"Resource States":61}
{"level":"info","ts":"2026-01-13T16:47:57-08:00","logger":"KPAReconciler.seed","msg":"added podscalable to informer","resource":"deployments","namespace":"default","name":"kamera-test-deployment","stage":"podscalable-add","keys":["default/kamera-test-deployment"]}
{"level":"info","ts":"2026-01-13T16:47:57-08:00","logger":"KPAReconciler.seed","msg":"podscalable visible to lister","resource":"deployments","namespace":"default","name":"kamera-test-deployment","stage":"podscalable-lister","object":{"apiVersion":"autoscaling.internal.knative.dev/v1alpha1","kind":"PodScalable","namespace":"default","name":"kamera-test-deployment"}}
{"level":"info","ts":1768351677.6260831,"logger":"fallback","caller":"kpa/controller.go:77","msg":"Setting up ConfigMap receivers"}
{"level":"info","ts":1768351677.6261811,"logger":"fallback","caller":"kpa/controller.go:91","msg":"Setting up KPA-Class event handlers"}
{"level":"info","ts":1768351677.6262841,"logger":"fallback","caller":"kpa/kpa.go:158","msg":"SKS should be in Proxy mode: want = 0, ebc = 0, #act's = 2 PA Inactive? = true"}
{"level":"info","ts":1768351677.626303,"logger":"fallback","caller":"kpa/kpa.go:178","msg":"PA scale got=0, want=0, desiredPods=0 ebc=0"}
{"level":"info","ts":1768351677.626312,"logger":"fallback","caller":"kpa/kpa.go:188","msg":"Observed pod counts=kpa.podCounts{want:0, ready:0, notReady:1, pending:0, terminating:1}"}
{"level":"info","ts":"2026-01-13T16:47:57-08:00","logger":"KPAReconciler.reconcile","msg":"reconcile completed","key":"default/kamera-test","reconciler":"knative.dev.serving.pkg.reconciler.autoscaling.kpa.Reconciler","requeue":false,"requeueAfter":0}
{"level":"info","ts":"2026-01-13T16:47:57-08:00","logger":"tracecheck","msg":"Taking reconcile step","Depth":64,"# Distinct States":278,"Total States":280,"Resource States":62}
{"level":"info","ts":"2026-01-13T16:47:57-08:00","logger":"tracecheck","msg":"Taking reconcile step","Depth":65,"# Distinct States":279,"Total States":281,"Resource States":62}
{"level":"info","ts":"2026-01-13T16:47:57-08:00","logger":"tracecheck","msg":"Taking reconcile step","Depth":66,"# Distinct States":280,"Total States":282,"Resource States":63}
{"level":"info","ts":"2026-01-13T16:47:57-08:00","logger":"RouteReconciler.seed","msg":"added podscalable to informer","resource":"deployments","namespace":"default","name":"kamera-test-deployment","stage":"podscalable-add","keys":["default/kamera-test-deployment"]}
{"level":"info","ts":"2026-01-13T16:47:57-08:00","logger":"RouteReconciler.seed","msg":"podscalable visible to lister","resource":"deployments","namespace":"default","name":"kamera-test-deployment","stage":"podscalable-lister","object":{"apiVersion":"autoscaling.internal.knative.dev/v1alpha1","kind":"PodScalable","namespace":"default","name":"kamera-test-deployment"}}
{"level":"info","ts":1768351677.738069,"logger":"fallback","caller":"route/route.go:465","msg":"Revision default/kamera-test is inactive"}
{"level":"info","ts":1768351677.7380931,"logger":"fallback","caller":"route/route.go:487","msg":"All referred targets are routable, marking AllTrafficAssigned with traffic information."}
{"level":"info","ts":1768351677.73811,"logger":"fallback","caller":"route/route.go:140","msg":"Creating placeholder k8s services"}
{"level":"info","ts":1768351677.738196,"logger":"fallback","caller":"route/route.go:176","msg":"Updating placeholder k8s services with ingress information"}
{"level":"info","ts":1768351677.738379,"logger":"fallback","caller":"route/route.go:198","msg":"Route successfully synced"}
{"level":"info","ts":"2026-01-13T16:47:57-08:00","logger":"RouteReconciler.reconcile","msg":"reconcile completed","key":"default/demo","reconciler":"knative.dev.serving.pkg.reconciler.route.Reconciler","requeue":false,"requeueAfter":0}
{"level":"info","ts":"2026-01-13T16:47:57-08:00","logger":"tracecheck","msg":"Taking reconcile step","Depth":67,"# Distinct States":281,"Total States":283,"Resource States":64}
{"level":"info","ts":"2026-01-13T16:47:57-08:00","logger":"tracecheck","msg":"Taking reconcile step","Depth":68,"# Distinct States":282,"Total States":284,"Resource States":64}
{"level":"info","ts":"2026-01-13T16:47:57-08:00","logger":"ServiceReconciler.seed","msg":"added podscalable to informer","resource":"deployments","namespace":"default","name":"kamera-test-deployment","stage":"podscalable-add","keys":["default/kamera-test-deployment"]}
{"level":"info","ts":"2026-01-13T16:47:57-08:00","logger":"ServiceReconciler.seed","msg":"podscalable visible to lister","resource":"deployments","namespace":"default","name":"kamera-test-deployment","stage":"podscalable-lister","object":{"apiVersion":"autoscaling.internal.knative.dev/v1alpha1","kind":"PodScalable","namespace":"default","name":"kamera-test-deployment"}}
{"level":"info","ts":1768351677.847779,"logger":"fallback","caller":"service/service.go:171","msg":"Service reconciler fetching Route from lister: name=demo, namespace=default"}
{"level":"info","ts":1768351677.847798,"logger":"fallback","caller":"service/service.go:174","msg":"Service reconciler got Route from lister: name=demo, Generation=1, ObservedGeneration=1, ResourceVersion="}
{"level":"info","ts":1768351677.847826,"logger":"fallback","caller":"service/service.go:126","msg":"Service reconciler checking Route: name=demo, Generation=1, ObservedGeneration=1, Ready=True (reason=, message=), generationMatch=true, routeResourceVersion="}
{"level":"info","ts":1768351677.8478332,"logger":"fallback","caller":"service/service.go:136","msg":"Service reconciler calling PropagateRouteStatus() because Generation == ObservedGeneration"}
{"level":"info","ts":"2026-01-13T16:47:57-08:00","logger":"ServiceReconciler.reconcile","msg":"reconcile completed","key":"default/demo","reconciler":"knative.dev.serving.pkg.reconciler.service.Reconciler","requeue":false,"requeueAfter":0}
{"level":"info","ts":"2026-01-13T16:47:57-08:00","logger":"tracecheck","msg":"Taking reconcile step","Depth":69,"# Distinct States":283,"Total States":285,"Resource States":64}
{"level":"error","ts":"2026-01-13T16:47:57-08:00","logger":"tracegen","msg":"setting root context","Kind":"/v1, Kind=Pod","Name":"kamera-test-deployment-1488584584-0","NewRootID":"","labels":{"app":"kamera-test","discrete.events/sleeve-object-id":"37jmqvjn","pod-template-hash":"1488584584","serving.knative.dev/configuration":"demo","serving.knative.dev/configurationGeneration":"1","serving.knative.dev/revision":"kamera-test","serving.knative.dev/revisionUID":"","serving.knative.dev/service":"demo"},"error":"no root ID set on object - is this namespace handled by the sleeve webhook?","stacktrace":"github.com/tgoodwin/kamera/pkg/tracegen.(*ContextTracker).setRootContextFromObservation\n\t/Users/tgoodwin/projects/kamera/pkg/tracegen/context.go:153\ngithub.com/tgoodwin/kamera/pkg/tracegen.(*ContextTracker).TrackOperation\n\t/Users/tgoodwin/projects/kamera/pkg/tracegen/context.go:197\ngithub.com/tgoodwin/kamera/pkg/tracegen.(*Client).Get\n\t/Users/tgoodwin/projects/kamera/pkg/tracegen/client.go:177\ngithub.com/tgoodwin/kamera/sleevectrl/pkg/controller.(*FinalizerReconciler).Reconcile\n\t/Users/tgoodwin/projects/kamera/sleevectrl/pkg/controller/sleeve_finalizer_controller.go:41\ngithub.com/tgoodwin/kamera/pkg/tracecheck.(*ControllerRuntimeStrategy).ReconcileAtState\n\t/Users/tgoodwin/projects/kamera/pkg/tracecheck/reconciler.go:82\ngithub.com/tgoodwin/kamera/pkg/tracecheck.(*ReconcilerContainer).doReconcile\n\t/Users/tgoodwin/projects/kamera/pkg/tracecheck/reconciler.go:164\ngithub.com/tgoodwin/kamera/pkg/tracecheck.(*Explorer).reconcileAtState\n\t/Users/tgoodwin/projects/kamera/pkg/tracecheck/explore.go:1313\ngithub.com/tgoodwin/kamera/pkg/tracecheck.(*Explorer).takeReconcileStep\n\t/Users/tgoodwin/projects/kamera/pkg/tracecheck/explore.go:1228\ngithub.com/tgoodwin/kamera/pkg/tracecheck.(*Explorer).explore\n\t/Users/tgoodwin/projects/kamera/pkg/tracecheck/explore.go:790\ngithub.com/tgoodwin/kamera/pkg/tracecheck.(*Explorer).Explore.func1\n\t/Users/tgoodwin/projects/kamera/pkg/tracecheck/explore.go:330"}
{"level":"error","ts":"2026-01-13T16:47:57-08:00","logger":"tracegen","msg":"rootID is empty","Kind":"/v1, Kind=Pod","Name":"kamera-test-deployment-1488584584-0","NewRootID":"","stacktrace":"github.com/tgoodwin/kamera/pkg/tracegen.(*ContextTracker).setRootContextFromObservation\n\t/Users/tgoodwin/projects/kamera/pkg/tracegen/context.go:157\ngithub.com/tgoodwin/kamera/pkg/tracegen.(*ContextTracker).TrackOperation\n\t/Users/tgoodwin/projects/kamera/pkg/tracegen/context.go:197\ngithub.com/tgoodwin/kamera/pkg/tracegen.(*Client).Get\n\t/Users/tgoodwin/projects/kamera/pkg/tracegen/client.go:177\ngithub.com/tgoodwin/kamera/sleevectrl/pkg/controller.(*FinalizerReconciler).Reconcile\n\t/Users/tgoodwin/projects/kamera/sleevectrl/pkg/controller/sleeve_finalizer_controller.go:41\ngithub.com/tgoodwin/kamera/pkg/tracecheck.(*ControllerRuntimeStrategy).ReconcileAtState\n\t/Users/tgoodwin/projects/kamera/pkg/tracecheck/reconciler.go:82\ngithub.com/tgoodwin/kamera/pkg/tracecheck.(*ReconcilerContainer).doReconcile\n\t/Users/tgoodwin/projects/kamera/pkg/tracecheck/reconciler.go:164\ngithub.com/tgoodwin/kamera/pkg/tracecheck.(*Explorer).reconcileAtState\n\t/Users/tgoodwin/projects/kamera/pkg/tracecheck/explore.go:1313\ngithub.com/tgoodwin/kamera/pkg/tracecheck.(*Explorer).takeReconcileStep\n\t/Users/tgoodwin/projects/kamera/pkg/tracecheck/explore.go:1228\ngithub.com/tgoodwin/kamera/pkg/tracecheck.(*Explorer).explore\n\t/Users/tgoodwin/projects/kamera/pkg/tracecheck/explore.go:790\ngithub.com/tgoodwin/kamera/pkg/tracecheck.(*Explorer).Explore.func1\n\t/Users/tgoodwin/projects/kamera/pkg/tracecheck/explore.go:330"}
{"level":"error","ts":"2026-01-13T16:47:57-08:00","logger":"tracegen","msg":"creating event","error":"failed to get change ID: Event does not have a change ID","stacktrace":"github.com/tgoodwin/kamera/pkg/tracegen.(*Client).LogOperation\n\t/Users/tgoodwin/projects/kamera/pkg/tracegen/client.go:106\ngithub.com/tgoodwin/kamera/pkg/tracegen.(*Client).Get\n\t/Users/tgoodwin/projects/kamera/pkg/tracegen/client.go:178\ngithub.com/tgoodwin/kamera/sleevectrl/pkg/controller.(*FinalizerReconciler).Reconcile\n\t/Users/tgoodwin/projects/kamera/sleevectrl/pkg/controller/sleeve_finalizer_controller.go:41\ngithub.com/tgoodwin/kamera/pkg/tracecheck.(*ControllerRuntimeStrategy).ReconcileAtState\n\t/Users/tgoodwin/projects/kamera/pkg/tracecheck/reconciler.go:82\ngithub.com/tgoodwin/kamera/pkg/tracecheck.(*ReconcilerContainer).doReconcile\n\t/Users/tgoodwin/projects/kamera/pkg/tracecheck/reconciler.go:164\ngithub.com/tgoodwin/kamera/pkg/tracecheck.(*Explorer).reconcileAtState\n\t/Users/tgoodwin/projects/kamera/pkg/tracecheck/explore.go:1313\ngithub.com/tgoodwin/kamera/pkg/tracecheck.(*Explorer).takeReconcileStep\n\t/Users/tgoodwin/projects/kamera/pkg/tracecheck/explore.go:1228\ngithub.com/tgoodwin/kamera/pkg/tracecheck.(*Explorer).explore\n\t/Users/tgoodwin/projects/kamera/pkg/tracecheck/explore.go:790\ngithub.com/tgoodwin/kamera/pkg/tracecheck.(*Explorer).Explore.func1\n\t/Users/tgoodwin/projects/kamera/pkg/tracecheck/explore.go:330"}
{"level":"error","ts":"2026-01-13T16:47:57-08:00","logger":"tracegen","msg":"creating event","error":"failed to get change ID: Event does not have a change ID","stacktrace":"github.com/tgoodwin/kamera/pkg/tracegen.(*Client).LogOperation\n\t/Users/tgoodwin/projects/kamera/pkg/tracegen/client.go:106\ngithub.com/tgoodwin/kamera/sleevectrl/pkg/controller.(*FinalizerReconciler).Reconcile\n\t/Users/tgoodwin/projects/kamera/sleevectrl/pkg/controller/sleeve_finalizer_controller.go:69\ngithub.com/tgoodwin/kamera/pkg/tracecheck.(*ControllerRuntimeStrategy).ReconcileAtState\n\t/Users/tgoodwin/projects/kamera/pkg/tracecheck/reconciler.go:82\ngithub.com/tgoodwin/kamera/pkg/tracecheck.(*ReconcilerContainer).doReconcile\n\t/Users/tgoodwin/projects/kamera/pkg/tracecheck/reconciler.go:164\ngithub.com/tgoodwin/kamera/pkg/tracecheck.(*Explorer).reconcileAtState\n\t/Users/tgoodwin/projects/kamera/pkg/tracecheck/explore.go:1313\ngithub.com/tgoodwin/kamera/pkg/tracecheck.(*Explorer).takeReconcileStep\n\t/Users/tgoodwin/projects/kamera/pkg/tracecheck/explore.go:1228\ngithub.com/tgoodwin/kamera/pkg/tracecheck.(*Explorer).explore\n\t/Users/tgoodwin/projects/kamera/pkg/tracecheck/explore.go:790\ngithub.com/tgoodwin/kamera/pkg/tracecheck.(*Explorer).Explore.func1\n\t/Users/tgoodwin/projects/kamera/pkg/tracecheck/explore.go:330"}
{"level":"info","ts":"2026-01-13T16:47:57-08:00","logger":"tracecheck","msg":"Taking reconcile step","Depth":70,"# Distinct States":284,"Total States":286,"Resource States":64}
{"level":"info","ts":"2026-01-13T16:47:57-08:00","logger":"tracecheck","msg":"Taking reconcile step","Depth":71,"# Distinct States":285,"Total States":287,"Resource States":64}
{"level":"info","ts":"2026-01-13T16:47:57-08:00","logger":"tracecheck","msg":"Updated ReplicaSet status","Depth":71,"# Distinct States":285,"Total States":287,"Resource States":64,"name":"kamera-test-deployment-1488584584"}
{"level":"info","ts":"2026-01-13T16:47:57-08:00","logger":"tracecheck","msg":"Taking reconcile step","Depth":72,"# Distinct States":286,"Total States":288,"Resource States":64}
{"level":"info","ts":"2026-01-13T16:47:57-08:00","logger":"KPAReconciler.seed","msg":"added podscalable to informer","resource":"deployments","namespace":"default","name":"kamera-test-deployment","stage":"podscalable-add","keys":["default/kamera-test-deployment"]}
{"level":"info","ts":"2026-01-13T16:47:57-08:00","logger":"KPAReconciler.seed","msg":"podscalable visible to lister","resource":"deployments","namespace":"default","name":"kamera-test-deployment","stage":"podscalable-lister","object":{"apiVersion":"autoscaling.internal.knative.dev/v1alpha1","kind":"PodScalable","namespace":"default","name":"kamera-test-deployment"}}
{"level":"info","ts":1768351677.9687092,"logger":"fallback","caller":"kpa/controller.go:77","msg":"Setting up ConfigMap receivers"}
{"level":"info","ts":1768351677.968811,"logger":"fallback","caller":"kpa/controller.go:91","msg":"Setting up KPA-Class event handlers"}
{"level":"info","ts":1768351677.968906,"logger":"fallback","caller":"kpa/kpa.go:158","msg":"SKS should be in Proxy mode: want = 0, ebc = 0, #act's = 2 PA Inactive? = true"}
{"level":"info","ts":1768351677.968927,"logger":"fallback","caller":"kpa/kpa.go:178","msg":"PA scale got=0, want=0, desiredPods=0 ebc=0"}
{"level":"info","ts":1768351677.968936,"logger":"fallback","caller":"kpa/kpa.go:188","msg":"Observed pod counts=kpa.podCounts{want:0, ready:0, notReady:0, pending:0, terminating:0}"}
{"level":"info","ts":"2026-01-13T16:47:57-08:00","logger":"KPAReconciler.reconcile","msg":"reconcile completed","key":"default/kamera-test","reconciler":"knative.dev.serving.pkg.reconciler.autoscaling.kpa.Reconciler","requeue":false,"requeueAfter":0}
{"level":"info","ts":"2026-01-13T16:47:57-08:00","logger":"tracecheck","msg":"Taking reconcile step","Depth":73,"# Distinct States":287,"Total States":289,"Resource States":64}
{"level":"info","ts":"2026-01-13T16:47:57-08:00","logger":"tracecheck","msg":"Taking reconcile step","Depth":74,"# Distinct States":288,"Total States":290,"Resource States":64}
{"level":"info","ts":"2026-01-13T16:47:58-08:00","logger":"RevisionReconciler.seed","msg":"added podscalable to informer","resource":"deployments","namespace":"default","name":"kamera-test-deployment","stage":"podscalable-add","keys":["default/kamera-test-deployment"]}
{"level":"info","ts":"2026-01-13T16:47:58-08:00","logger":"RevisionReconciler.seed","msg":"podscalable visible to lister","resource":"deployments","namespace":"default","name":"kamera-test-deployment","stage":"podscalable-lister","object":{"apiVersion":"autoscaling.internal.knative.dev/v1alpha1","kind":"PodScalable","namespace":"default","name":"kamera-test-deployment"}}
{"level":"error","ts":1768351678.077111,"logger":"fallback","caller":"revision/controller.go:116","msg":"Failed to create resolver transport","error":"open /var/run/secrets/kubernetes.io/serviceaccount/ca.crt: no such file or directory","stacktrace":"knative.dev/serving/pkg/reconciler/revision.newControllerWithOptions\n\t/Users/tgoodwin/tmp/gomodcache/knative.dev/serving@v0.46.5/pkg/reconciler/revision/controller.go:116\nknative.dev/serving/pkg/reconciler/revision.NewController\n\t/Users/tgoodwin/tmp/gomodcache/knative.dev/serving@v0.46.5/pkg/reconciler/revision/controller.go:64\nmain.configureKnativeExplorer.func1.1\n\t/Users/tgoodwin/projects/kamera/examples/knative-serving/scenario.go:91\ngithub.com/tgoodwin/kamera/examples/knative-serving/knative.NewKnativeStrategy.func1\n\t/Users/tgoodwin/projects/kamera/examples/knative-serving/knative/harness.go:555\ngithub.com/tgoodwin/kamera/examples/knative-serving/knative.(*KnativeStrategy).ReconcileAtState\n\t/Users/tgoodwin/projects/kamera/examples/knative-serving/knative/harness.go:895\ngithub.com/tgoodwin/kamera/pkg/tracecheck.(*ReconcilerContainer).doReconcile\n\t/Users/tgoodwin/projects/kamera/pkg/tracecheck/reconciler.go:164\ngithub.com/tgoodwin/kamera/pkg/tracecheck.(*Explorer).reconcileAtState\n\t/Users/tgoodwin/projects/kamera/pkg/tracecheck/explore.go:1313\ngithub.com/tgoodwin/kamera/pkg/tracecheck.(*Explorer).takeReconcileStep\n\t/Users/tgoodwin/projects/kamera/pkg/tracecheck/explore.go:1228\ngithub.com/tgoodwin/kamera/pkg/tracecheck.(*Explorer).explore\n\t/Users/tgoodwin/projects/kamera/pkg/tracecheck/explore.go:790\ngithub.com/tgoodwin/kamera/pkg/tracecheck.(*Explorer).Explore.func1\n\t/Users/tgoodwin/projects/kamera/pkg/tracecheck/explore.go:330"}
{"level":"info","ts":1768351678.077684,"logger":"fallback","caller":"revision/reconcile_resources.go:161","msg":"Reconciling PA: kamera-test"}
{"level":"info","ts":"2026-01-13T16:47:58-08:00","logger":"RevisionReconciler.reconcile","msg":"reconcile completed","key":"default/kamera-test","reconciler":"knative.dev.serving.pkg.reconciler.revision.Reconciler","requeue":false,"requeueAfter":0}
{"level":"info","ts":"2026-01-13T16:47:58-08:00","logger":"tracecheck","msg":"Taking reconcile step","Depth":75,"# Distinct States":289,"Total States":291,"Resource States":64}
{"level":"info","ts":"2026-01-13T16:47:58-08:00","logger":"tracecheck","msg":"Taking reconcile step","Depth":76,"# Distinct States":290,"Total States":292,"Resource States":64}
{"level":"info","ts":"2026-01-13T16:47:58-08:00","logger":"tracecheck","msg":"Taking reconcile step","Depth":77,"# Distinct States":291,"Total States":293,"Resource States":64}
{"level":"info","ts":"2026-01-13T16:47:58-08:00","logger":"RouteReconciler.seed","msg":"added podscalable to informer","resource":"deployments","namespace":"default","name":"kamera-test-deployment","stage":"podscalable-add","keys":["default/kamera-test-deployment"]}
{"level":"info","ts":"2026-01-13T16:47:58-08:00","logger":"RouteReconciler.seed","msg":"podscalable visible to lister","resource":"deployments","namespace":"default","name":"kamera-test-deployment","stage":"podscalable-lister","object":{"apiVersion":"autoscaling.internal.knative.dev/v1alpha1","kind":"PodScalable","namespace":"default","name":"kamera-test-deployment"}}
{"level":"info","ts":1768351678.187457,"logger":"fallback","caller":"route/route.go:465","msg":"Revision default/kamera-test is inactive"}
{"level":"info","ts":1768351678.1874838,"logger":"fallback","caller":"route/route.go:487","msg":"All referred targets are routable, marking AllTrafficAssigned with traffic information."}
{"level":"info","ts":1768351678.187501,"logger":"fallback","caller":"route/route.go:140","msg":"Creating placeholder k8s services"}
{"level":"info","ts":1768351678.187587,"logger":"fallback","caller":"route/route.go:176","msg":"Updating placeholder k8s services with ingress information"}
{"level":"info","ts":1768351678.187629,"logger":"fallback","caller":"route/route.go:198","msg":"Route successfully synced"}
{"level":"info","ts":"2026-01-13T16:47:58-08:00","logger":"RouteReconciler.reconcile","msg":"reconcile completed","key":"default/demo","reconciler":"knative.dev.serving.pkg.reconciler.route.Reconciler","requeue":false,"requeueAfter":0}
{"level":"info","ts":"2026-01-13T16:47:58-08:00","logger":"tracecheck","msg":"Taking reconcile step","Depth":78,"# Distinct States":292,"Total States":294,"Resource States":64}
{"level":"info","ts":"2026-01-13T16:47:58-08:00","logger":"ServiceReconciler.seed","msg":"added podscalable to informer","resource":"deployments","namespace":"default","name":"kamera-test-deployment","stage":"podscalable-add","keys":["default/kamera-test-deployment"]}
{"level":"info","ts":"2026-01-13T16:47:58-08:00","logger":"ServiceReconciler.seed","msg":"podscalable visible to lister","resource":"deployments","namespace":"default","name":"kamera-test-deployment","stage":"podscalable-lister","object":{"apiVersion":"autoscaling.internal.knative.dev/v1alpha1","kind":"PodScalable","namespace":"default","name":"kamera-test-deployment"}}
{"level":"info","ts":1768351678.294711,"logger":"fallback","caller":"service/service.go:171","msg":"Service reconciler fetching Route from lister: name=demo, namespace=default"}
{"level":"info","ts":1768351678.294729,"logger":"fallback","caller":"service/service.go:174","msg":"Service reconciler got Route from lister: name=demo, Generation=1, ObservedGeneration=1, ResourceVersion="}
{"level":"info","ts":1768351678.294771,"logger":"fallback","caller":"service/service.go:126","msg":"Service reconciler checking Route: name=demo, Generation=1, ObservedGeneration=1, Ready=True (reason=, message=), generationMatch=true, routeResourceVersion="}
{"level":"info","ts":1768351678.294781,"logger":"fallback","caller":"service/service.go:136","msg":"Service reconciler calling PropagateRouteStatus() because Generation == ObservedGeneration"}
{"level":"info","ts":"2026-01-13T16:47:58-08:00","logger":"ServiceReconciler.reconcile","msg":"reconcile completed","key":"default/demo","reconciler":"knative.dev.serving.pkg.reconciler.service.Reconciler","requeue":false,"requeueAfter":0}
{"level":"info","ts":"2026-01-13T16:47:58-08:00","logger":"tracecheck","msg":"Taking reconcile step","Depth":64,"# Distinct States":293,"Total States":295,"Resource States":64}
{"level":"info","ts":"2026-01-13T16:47:58-08:00","logger":"RevisionReconciler.seed","msg":"added podscalable to informer","resource":"deployments","namespace":"default","name":"kamera-test-deployment","stage":"podscalable-add","keys":["default/kamera-test-deployment"]}
{"level":"info","ts":"2026-01-13T16:47:58-08:00","logger":"RevisionReconciler.seed","msg":"podscalable visible to lister","resource":"deployments","namespace":"default","name":"kamera-test-deployment","stage":"podscalable-lister","object":{"apiVersion":"autoscaling.internal.knative.dev/v1alpha1","kind":"PodScalable","namespace":"default","name":"kamera-test-deployment"}}
{"level":"error","ts":1768351678.401351,"logger":"fallback","caller":"revision/controller.go:116","msg":"Failed to create resolver transport","error":"open /var/run/secrets/kubernetes.io/serviceaccount/ca.crt: no such file or directory","stacktrace":"knative.dev/serving/pkg/reconciler/revision.newControllerWithOptions\n\t/Users/tgoodwin/tmp/gomodcache/knative.dev/serving@v0.46.5/pkg/reconciler/revision/controller.go:116\nknative.dev/serving/pkg/reconciler/revision.NewController\n\t/Users/tgoodwin/tmp/gomodcache/knative.dev/serving@v0.46.5/pkg/reconciler/revision/controller.go:64\nmain.configureKnativeExplorer.func1.1\n\t/Users/tgoodwin/projects/kamera/examples/knative-serving/scenario.go:91\ngithub.com/tgoodwin/kamera/examples/knative-serving/knative.NewKnativeStrategy.func1\n\t/Users/tgoodwin/projects/kamera/examples/knative-serving/knative/harness.go:555\ngithub.com/tgoodwin/kamera/examples/knative-serving/knative.(*KnativeStrategy).ReconcileAtState\n\t/Users/tgoodwin/projects/kamera/examples/knative-serving/knative/harness.go:895\ngithub.com/tgoodwin/kamera/pkg/tracecheck.(*ReconcilerContainer).doReconcile\n\t/Users/tgoodwin/projects/kamera/pkg/tracecheck/reconciler.go:164\ngithub.com/tgoodwin/kamera/pkg/tracecheck.(*Explorer).reconcileAtState\n\t/Users/tgoodwin/projects/kamera/pkg/tracecheck/explore.go:1313\ngithub.com/tgoodwin/kamera/pkg/tracecheck.(*Explorer).takeReconcileStep\n\t/Users/tgoodwin/projects/kamera/pkg/tracecheck/explore.go:1228\ngithub.com/tgoodwin/kamera/pkg/tracecheck.(*Explorer).explore\n\t/Users/tgoodwin/projects/kamera/pkg/tracecheck/explore.go:790\ngithub.com/tgoodwin/kamera/pkg/tracecheck.(*Explorer).Explore.func1\n\t/Users/tgoodwin/projects/kamera/pkg/tracecheck/explore.go:330"}
{"level":"info","ts":1768351678.401671,"logger":"fallback","caller":"revision/reconcile_resources.go:161","msg":"Reconciling PA: kamera-test"}
{"level":"info","ts":"2026-01-13T16:47:58-08:00","logger":"RevisionReconciler.reconcile","msg":"reconcile completed","key":"default/kamera-test","reconciler":"knative.dev.serving.pkg.reconciler.revision.Reconciler","requeue":false,"requeueAfter":0}
{"level":"info","ts":"2026-01-13T16:47:58-08:00","logger":"tracecheck","msg":"Taking reconcile step","Depth":65,"# Distinct States":294,"Total States":296,"Resource States":65}
{"level":"info","ts":"2026-01-13T16:47:58-08:00","logger":"tracecheck","msg":"Taking reconcile step","Depth":66,"# Distinct States":295,"Total States":297,"Resource States":65}
{"level":"info","ts":"2026-01-13T16:47:58-08:00","logger":"tracecheck","msg":"Taking reconcile step","Depth":67,"# Distinct States":296,"Total States":298,"Resource States":66}
{"level":"info","ts":"2026-01-13T16:47:58-08:00","logger":"RouteReconciler.seed","msg":"added podscalable to informer","resource":"deployments","namespace":"default","name":"kamera-test-deployment","stage":"podscalable-add","keys":["default/kamera-test-deployment"]}
{"level":"info","ts":"2026-01-13T16:47:58-08:00","logger":"RouteReconciler.seed","msg":"podscalable visible to lister","resource":"deployments","namespace":"default","name":"kamera-test-deployment","stage":"podscalable-lister","object":{"apiVersion":"autoscaling.internal.knative.dev/v1alpha1","kind":"PodScalable","namespace":"default","name":"kamera-test-deployment"}}
{"level":"info","ts":1768351678.5139132,"logger":"fallback","caller":"route/route.go:465","msg":"Revision default/kamera-test is inactive"}
{"level":"info","ts":1768351678.513933,"logger":"fallback","caller":"route/route.go:487","msg":"All referred targets are routable, marking AllTrafficAssigned with traffic information."}
{"level":"info","ts":1768351678.513946,"logger":"fallback","caller":"route/route.go:140","msg":"Creating placeholder k8s services"}
{"level":"info","ts":1768351678.5140228,"logger":"fallback","caller":"route/route.go:176","msg":"Updating placeholder k8s services with ingress information"}
{"level":"info","ts":1768351678.5141902,"logger":"fallback","caller":"route/route.go:198","msg":"Route successfully synced"}
{"level":"info","ts":"2026-01-13T16:47:58-08:00","logger":"RouteReconciler.reconcile","msg":"reconcile completed","key":"default/demo","reconciler":"knative.dev.serving.pkg.reconciler.route.Reconciler","requeue":false,"requeueAfter":0}
{"level":"info","ts":"2026-01-13T16:47:58-08:00","logger":"tracecheck","msg":"Taking reconcile step","Depth":68,"# Distinct States":297,"Total States":299,"Resource States":67}
{"level":"info","ts":"2026-01-13T16:47:58-08:00","logger":"tracecheck","msg":"Taking reconcile step","Depth":69,"# Distinct States":298,"Total States":300,"Resource States":67}
{"level":"info","ts":"2026-01-13T16:47:58-08:00","logger":"ServiceReconciler.seed","msg":"added podscalable to informer","resource":"deployments","namespace":"default","name":"kamera-test-deployment","stage":"podscalable-add","keys":["default/kamera-test-deployment"]}
{"level":"info","ts":"2026-01-13T16:47:58-08:00","logger":"ServiceReconciler.seed","msg":"podscalable visible to lister","resource":"deployments","namespace":"default","name":"kamera-test-deployment","stage":"podscalable-lister","object":{"apiVersion":"autoscaling.internal.knative.dev/v1alpha1","kind":"PodScalable","namespace":"default","name":"kamera-test-deployment"}}
{"level":"info","ts":1768351678.6237671,"logger":"fallback","caller":"service/service.go:171","msg":"Service reconciler fetching Route from lister: name=demo, namespace=default"}
{"level":"info","ts":1768351678.623788,"logger":"fallback","caller":"service/service.go:174","msg":"Service reconciler got Route from lister: name=demo, Generation=1, ObservedGeneration=1, ResourceVersion="}
{"level":"info","ts":1768351678.623819,"logger":"fallback","caller":"service/service.go:126","msg":"Service reconciler checking Route: name=demo, Generation=1, ObservedGeneration=1, Ready=True (reason=, message=), generationMatch=true, routeResourceVersion="}
{"level":"info","ts":1768351678.623828,"logger":"fallback","caller":"service/service.go:136","msg":"Service reconciler calling PropagateRouteStatus() because Generation == ObservedGeneration"}
{"level":"info","ts":"2026-01-13T16:47:58-08:00","logger":"ServiceReconciler.reconcile","msg":"reconcile completed","key":"default/demo","reconciler":"knative.dev.serving.pkg.reconciler.service.Reconciler","requeue":false,"requeueAfter":0}
{"level":"info","ts":"2026-01-13T16:47:58-08:00","logger":"tracecheck","msg":"Taking reconcile step","Depth":70,"# Distinct States":299,"Total States":301,"Resource States":67}
{"level":"error","ts":"2026-01-13T16:47:58-08:00","logger":"tracegen","msg":"setting root context","Kind":"/v1, Kind=Pod","Name":"kamera-test-deployment-1488584584-0","NewRootID":"","labels":{"app":"kamera-test","discrete.events/sleeve-object-id":"37jmqvjn","pod-template-hash":"1488584584","serving.knative.dev/configuration":"demo","serving.knative.dev/configurationGeneration":"1","serving.knative.dev/revision":"kamera-test","serving.knative.dev/revisionUID":"","serving.knative.dev/service":"demo"},"error":"no root ID set on object - is this namespace handled by the sleeve webhook?","stacktrace":"github.com/tgoodwin/kamera/pkg/tracegen.(*ContextTracker).setRootContextFromObservation\n\t/Users/tgoodwin/projects/kamera/pkg/tracegen/context.go:153\ngithub.com/tgoodwin/kamera/pkg/tracegen.(*ContextTracker).TrackOperation\n\t/Users/tgoodwin/projects/kamera/pkg/tracegen/context.go:197\ngithub.com/tgoodwin/kamera/pkg/tracegen.(*Client).Get\n\t/Users/tgoodwin/projects/kamera/pkg/tracegen/client.go:177\ngithub.com/tgoodwin/kamera/sleevectrl/pkg/controller.(*FinalizerReconciler).Reconcile\n\t/Users/tgoodwin/projects/kamera/sleevectrl/pkg/controller/sleeve_finalizer_controller.go:41\ngithub.com/tgoodwin/kamera/pkg/tracecheck.(*ControllerRuntimeStrategy).ReconcileAtState\n\t/Users/tgoodwin/projects/kamera/pkg/tracecheck/reconciler.go:82\ngithub.com/tgoodwin/kamera/pkg/tracecheck.(*ReconcilerContainer).doReconcile\n\t/Users/tgoodwin/projects/kamera/pkg/tracecheck/reconciler.go:164\ngithub.com/tgoodwin/kamera/pkg/tracecheck.(*Explorer).reconcileAtState\n\t/Users/tgoodwin/projects/kamera/pkg/tracecheck/explore.go:1313\ngithub.com/tgoodwin/kamera/pkg/tracecheck.(*Explorer).takeReconcileStep\n\t/Users/tgoodwin/projects/kamera/pkg/tracecheck/explore.go:1228\ngithub.com/tgoodwin/kamera/pkg/tracecheck.(*Explorer).explore\n\t/Users/tgoodwin/projects/kamera/pkg/tracecheck/explore.go:790\ngithub.com/tgoodwin/kamera/pkg/tracecheck.(*Explorer).Explore.func1\n\t/Users/tgoodwin/projects/kamera/pkg/tracecheck/explore.go:330"}
{"level":"error","ts":"2026-01-13T16:47:58-08:00","logger":"tracegen","msg":"rootID is empty","Kind":"/v1, Kind=Pod","Name":"kamera-test-deployment-1488584584-0","NewRootID":"","stacktrace":"github.com/tgoodwin/kamera/pkg/tracegen.(*ContextTracker).setRootContextFromObservation\n\t/Users/tgoodwin/projects/kamera/pkg/tracegen/context.go:157\ngithub.com/tgoodwin/kamera/pkg/tracegen.(*ContextTracker).TrackOperation\n\t/Users/tgoodwin/projects/kamera/pkg/tracegen/context.go:197\ngithub.com/tgoodwin/kamera/pkg/tracegen.(*Client).Get\n\t/Users/tgoodwin/projects/kamera/pkg/tracegen/client.go:177\ngithub.com/tgoodwin/kamera/sleevectrl/pkg/controller.(*FinalizerReconciler).Reconcile\n\t/Users/tgoodwin/projects/kamera/sleevectrl/pkg/controller/sleeve_finalizer_controller.go:41\ngithub.com/tgoodwin/kamera/pkg/tracecheck.(*ControllerRuntimeStrategy).ReconcileAtState\n\t/Users/tgoodwin/projects/kamera/pkg/tracecheck/reconciler.go:82\ngithub.com/tgoodwin/kamera/pkg/tracecheck.(*ReconcilerContainer).doReconcile\n\t/Users/tgoodwin/projects/kamera/pkg/tracecheck/reconciler.go:164\ngithub.com/tgoodwin/kamera/pkg/tracecheck.(*Explorer).reconcileAtState\n\t/Users/tgoodwin/projects/kamera/pkg/tracecheck/explore.go:1313\ngithub.com/tgoodwin/kamera/pkg/tracecheck.(*Explorer).takeReconcileStep\n\t/Users/tgoodwin/projects/kamera/pkg/tracecheck/explore.go:1228\ngithub.com/tgoodwin/kamera/pkg/tracecheck.(*Explorer).explore\n\t/Users/tgoodwin/projects/kamera/pkg/tracecheck/explore.go:790\ngithub.com/tgoodwin/kamera/pkg/tracecheck.(*Explorer).Explore.func1\n\t/Users/tgoodwin/projects/kamera/pkg/tracecheck/explore.go:330"}
{"level":"error","ts":"2026-01-13T16:47:58-08:00","logger":"tracegen","msg":"creating event","error":"failed to get change ID: Event does not have a change ID","stacktrace":"github.com/tgoodwin/kamera/pkg/tracegen.(*Client).LogOperation\n\t/Users/tgoodwin/projects/kamera/pkg/tracegen/client.go:106\ngithub.com/tgoodwin/kamera/pkg/tracegen.(*Client).Get\n\t/Users/tgoodwin/projects/kamera/pkg/tracegen/client.go:178\ngithub.com/tgoodwin/kamera/sleevectrl/pkg/controller.(*FinalizerReconciler).Reconcile\n\t/Users/tgoodwin/projects/kamera/sleevectrl/pkg/controller/sleeve_finalizer_controller.go:41\ngithub.com/tgoodwin/kamera/pkg/tracecheck.(*ControllerRuntimeStrategy).ReconcileAtState\n\t/Users/tgoodwin/projects/kamera/pkg/tracecheck/reconciler.go:82\ngithub.com/tgoodwin/kamera/pkg/tracecheck.(*ReconcilerContainer).doReconcile\n\t/Users/tgoodwin/projects/kamera/pkg/tracecheck/reconciler.go:164\ngithub.com/tgoodwin/kamera/pkg/tracecheck.(*Explorer).reconcileAtState\n\t/Users/tgoodwin/projects/kamera/pkg/tracecheck/explore.go:1313\ngithub.com/tgoodwin/kamera/pkg/tracecheck.(*Explorer).takeReconcileStep\n\t/Users/tgoodwin/projects/kamera/pkg/tracecheck/explore.go:1228\ngithub.com/tgoodwin/kamera/pkg/tracecheck.(*Explorer).explore\n\t/Users/tgoodwin/projects/kamera/pkg/tracecheck/explore.go:790\ngithub.com/tgoodwin/kamera/pkg/tracecheck.(*Explorer).Explore.func1\n\t/Users/tgoodwin/projects/kamera/pkg/tracecheck/explore.go:330"}
{"level":"error","ts":"2026-01-13T16:47:58-08:00","logger":"tracegen","msg":"creating event","error":"failed to get change ID: Event does not have a change ID","stacktrace":"github.com/tgoodwin/kamera/pkg/tracegen.(*Client).LogOperation\n\t/Users/tgoodwin/projects/kamera/pkg/tracegen/client.go:106\ngithub.com/tgoodwin/kamera/sleevectrl/pkg/controller.(*FinalizerReconciler).Reconcile\n\t/Users/tgoodwin/projects/kamera/sleevectrl/pkg/controller/sleeve_finalizer_controller.go:69\ngithub.com/tgoodwin/kamera/pkg/tracecheck.(*ControllerRuntimeStrategy).ReconcileAtState\n\t/Users/tgoodwin/projects/kamera/pkg/tracecheck/reconciler.go:82\ngithub.com/tgoodwin/kamera/pkg/tracecheck.(*ReconcilerContainer).doReconcile\n\t/Users/tgoodwin/projects/kamera/pkg/tracecheck/reconciler.go:164\ngithub.com/tgoodwin/kamera/pkg/tracecheck.(*Explorer).reconcileAtState\n\t/Users/tgoodwin/projects/kamera/pkg/tracecheck/explore.go:1313\ngithub.com/tgoodwin/kamera/pkg/tracecheck.(*Explorer).takeReconcileStep\n\t/Users/tgoodwin/projects/kamera/pkg/tracecheck/explore.go:1228\ngithub.com/tgoodwin/kamera/pkg/tracecheck.(*Explorer).explore\n\t/Users/tgoodwin/projects/kamera/pkg/tracecheck/explore.go:790\ngithub.com/tgoodwin/kamera/pkg/tracecheck.(*Explorer).Explore.func1\n\t/Users/tgoodwin/projects/kamera/pkg/tracecheck/explore.go:330"}
{"level":"info","ts":"2026-01-13T16:47:58-08:00","logger":"tracecheck","msg":"Taking reconcile step","Depth":71,"# Distinct States":300,"Total States":302,"Resource States":67}
{"level":"info","ts":"2026-01-13T16:47:58-08:00","logger":"tracecheck","msg":"Taking reconcile step","Depth":72,"# Distinct States":301,"Total States":303,"Resource States":67}
{"level":"info","ts":"2026-01-13T16:47:58-08:00","logger":"tracecheck","msg":"Updated ReplicaSet status","Depth":72,"# Distinct States":301,"Total States":303,"Resource States":67,"name":"kamera-test-deployment-1488584584"}
{"level":"info","ts":"2026-01-13T16:47:58-08:00","logger":"tracecheck","msg":"Taking reconcile step","Depth":73,"# Distinct States":302,"Total States":304,"Resource States":67}
{"level":"info","ts":"2026-01-13T16:47:58-08:00","logger":"KPAReconciler.seed","msg":"added podscalable to informer","resource":"deployments","namespace":"default","name":"kamera-test-deployment","stage":"podscalable-add","keys":["default/kamera-test-deployment"]}
{"level":"info","ts":"2026-01-13T16:47:58-08:00","logger":"KPAReconciler.seed","msg":"podscalable visible to lister","resource":"deployments","namespace":"default","name":"kamera-test-deployment","stage":"podscalable-lister","object":{"apiVersion":"autoscaling.internal.knative.dev/v1alpha1","kind":"PodScalable","namespace":"default","name":"kamera-test-deployment"}}
{"level":"info","ts":1768351678.7413492,"logger":"fallback","caller":"kpa/controller.go:77","msg":"Setting up ConfigMap receivers"}
{"level":"info","ts":1768351678.74144,"logger":"fallback","caller":"kpa/controller.go:91","msg":"Setting up KPA-Class event handlers"}
{"level":"info","ts":1768351678.741536,"logger":"fallback","caller":"kpa/kpa.go:158","msg":"SKS should be in Proxy mode: want = 0, ebc = 0, #act's = 2 PA Inactive? = true"}
{"level":"info","ts":1768351678.741554,"logger":"fallback","caller":"kpa/kpa.go:178","msg":"PA scale got=0, want=0, desiredPods=0 ebc=0"}
{"level":"info","ts":1768351678.7415628,"logger":"fallback","caller":"kpa/kpa.go:188","msg":"Observed pod counts=kpa.podCounts{want:0, ready:0, notReady:0, pending:0, terminating:0}"}
{"level":"info","ts":"2026-01-13T16:47:58-08:00","logger":"KPAReconciler.reconcile","msg":"reconcile completed","key":"default/kamera-test","reconciler":"knative.dev.serving.pkg.reconciler.autoscaling.kpa.Reconciler","requeue":false,"requeueAfter":0}
{"level":"info","ts":"2026-01-13T16:47:58-08:00","logger":"tracecheck","msg":"Taking reconcile step","Depth":74,"# Distinct States":303,"Total States":305,"Resource States":67}
{"level":"info","ts":"2026-01-13T16:47:58-08:00","logger":"tracecheck","msg":"Taking reconcile step","Depth":75,"# Distinct States":304,"Total States":306,"Resource States":67}
{"level":"info","ts":"2026-01-13T16:47:58-08:00","logger":"ConfigurationReconciler.seed","msg":"added podscalable to informer","resource":"deployments","namespace":"default","name":"kamera-test-deployment","stage":"podscalable-add","keys":["default/kamera-test-deployment"]}
{"level":"info","ts":"2026-01-13T16:47:58-08:00","logger":"ConfigurationReconciler.seed","msg":"podscalable visible to lister","resource":"deployments","namespace":"default","name":"kamera-test-deployment","stage":"podscalable-lister","object":{"apiVersion":"autoscaling.internal.knative.dev/v1alpha1","kind":"PodScalable","namespace":"default","name":"kamera-test-deployment"}}
{"level":"info","ts":1768351678.849817,"logger":"fallback","caller":"configuration/configuration.go:106","msg":"Revision \"kamera-test\" of configuration is ready"}
{"level":"info","ts":"2026-01-13T16:47:58-08:00","logger":"ConfigurationReconciler.reconcile","msg":"reconcile completed","key":"default/demo","reconciler":"knative.dev.serving.pkg.reconciler.configuration.Reconciler","requeue":false,"requeueAfter":0}
{"level":"info","ts":"2026-01-13T16:47:58-08:00","logger":"tracecheck","msg":"Taking reconcile step","Depth":76,"# Distinct States":305,"Total States":307,"Resource States":67}
{"level":"info","ts":"2026-01-13T16:47:58-08:00","logger":"RevisionReconciler.seed","msg":"added podscalable to informer","resource":"deployments","namespace":"default","name":"kamera-test-deployment","stage":"podscalable-add","keys":["default/kamera-test-deployment"]}
{"level":"info","ts":"2026-01-13T16:47:58-08:00","logger":"RevisionReconciler.seed","msg":"podscalable visible to lister","resource":"deployments","namespace":"default","name":"kamera-test-deployment","stage":"podscalable-lister","object":{"apiVersion":"autoscaling.internal.knative.dev/v1alpha1","kind":"PodScalable","namespace":"default","name":"kamera-test-deployment"}}
{"level":"error","ts":1768351678.95706,"logger":"fallback","caller":"revision/controller.go:116","msg":"Failed to create resolver transport","error":"open /var/run/secrets/kubernetes.io/serviceaccount/ca.crt: no such file or directory","stacktrace":"knative.dev/serving/pkg/reconciler/revision.newControllerWithOptions\n\t/Users/tgoodwin/tmp/gomodcache/knative.dev/serving@v0.46.5/pkg/reconciler/revision/controller.go:116\nknative.dev/serving/pkg/reconciler/revision.NewController\n\t/Users/tgoodwin/tmp/gomodcache/knative.dev/serving@v0.46.5/pkg/reconciler/revision/controller.go:64\nmain.configureKnativeExplorer.func1.1\n\t/Users/tgoodwin/projects/kamera/examples/knative-serving/scenario.go:91\ngithub.com/tgoodwin/kamera/examples/knative-serving/knative.NewKnativeStrategy.func1\n\t/Users/tgoodwin/projects/kamera/examples/knative-serving/knative/harness.go:555\ngithub.com/tgoodwin/kamera/examples/knative-serving/knative.(*KnativeStrategy).ReconcileAtState\n\t/Users/tgoodwin/projects/kamera/examples/knative-serving/knative/harness.go:895\ngithub.com/tgoodwin/kamera/pkg/tracecheck.(*ReconcilerContainer).doReconcile\n\t/Users/tgoodwin/projects/kamera/pkg/tracecheck/reconciler.go:164\ngithub.com/tgoodwin/kamera/pkg/tracecheck.(*Explorer).reconcileAtState\n\t/Users/tgoodwin/projects/kamera/pkg/tracecheck/explore.go:1313\ngithub.com/tgoodwin/kamera/pkg/tracecheck.(*Explorer).takeReconcileStep\n\t/Users/tgoodwin/projects/kamera/pkg/tracecheck/explore.go:1228\ngithub.com/tgoodwin/kamera/pkg/tracecheck.(*Explorer).explore\n\t/Users/tgoodwin/projects/kamera/pkg/tracecheck/explore.go:790\ngithub.com/tgoodwin/kamera/pkg/tracecheck.(*Explorer).Explore.func1\n\t/Users/tgoodwin/projects/kamera/pkg/tracecheck/explore.go:330"}
{"level":"info","ts":1768351678.9573572,"logger":"fallback","caller":"revision/reconcile_resources.go:161","msg":"Reconciling PA: kamera-test"}
{"level":"info","ts":"2026-01-13T16:47:58-08:00","logger":"RevisionReconciler.reconcile","msg":"reconcile completed","key":"default/kamera-test","reconciler":"knative.dev.serving.pkg.reconciler.revision.Reconciler","requeue":false,"requeueAfter":0}
{"level":"info","ts":"2026-01-13T16:47:58-08:00","logger":"tracecheck","msg":"Taking reconcile step","Depth":77,"# Distinct States":306,"Total States":308,"Resource States":67}
{"level":"info","ts":"2026-01-13T16:47:58-08:00","logger":"tracecheck","msg":"Taking reconcile step","Depth":78,"# Distinct States":307,"Total States":309,"Resource States":67}
{"level":"info","ts":"2026-01-13T16:47:58-08:00","logger":"tracecheck","msg":"Taking reconcile step","Depth":79,"# Distinct States":308,"Total States":310,"Resource States":67}
{"level":"info","ts":"2026-01-13T16:47:59-08:00","logger":"RouteReconciler.seed","msg":"added podscalable to informer","resource":"deployments","namespace":"default","name":"kamera-test-deployment","stage":"podscalable-add","keys":["default/kamera-test-deployment"]}
{"level":"info","ts":"2026-01-13T16:47:59-08:00","logger":"RouteReconciler.seed","msg":"podscalable visible to lister","resource":"deployments","namespace":"default","name":"kamera-test-deployment","stage":"podscalable-lister","object":{"apiVersion":"autoscaling.internal.knative.dev/v1alpha1","kind":"PodScalable","namespace":"default","name":"kamera-test-deployment"}}
{"level":"info","ts":1768351679.0664809,"logger":"fallback","caller":"route/route.go:465","msg":"Revision default/kamera-test is inactive"}
{"level":"info","ts":1768351679.0665002,"logger":"fallback","caller":"route/route.go:487","msg":"All referred targets are routable, marking AllTrafficAssigned with traffic information."}
{"level":"info","ts":1768351679.0665128,"logger":"fallback","caller":"route/route.go:140","msg":"Creating placeholder k8s services"}
{"level":"info","ts":1768351679.066591,"logger":"fallback","caller":"route/route.go:176","msg":"Updating placeholder k8s services with ingress information"}
{"level":"info","ts":1768351679.066628,"logger":"fallback","caller":"route/route.go:198","msg":"Route successfully synced"}
{"level":"info","ts":"2026-01-13T16:47:59-08:00","logger":"RouteReconciler.reconcile","msg":"reconcile completed","key":"default/demo","reconciler":"knative.dev.serving.pkg.reconciler.route.Reconciler","requeue":false,"requeueAfter":0}
{"level":"info","ts":"2026-01-13T16:47:59-08:00","logger":"tracecheck","msg":"Taking reconcile step","Depth":80,"# Distinct States":309,"Total States":311,"Resource States":67}
{"level":"info","ts":"2026-01-13T16:47:59-08:00","logger":"ServiceReconciler.seed","msg":"added podscalable to informer","resource":"deployments","namespace":"default","name":"kamera-test-deployment","stage":"podscalable-add","keys":["default/kamera-test-deployment"]}
{"level":"info","ts":"2026-01-13T16:47:59-08:00","logger":"ServiceReconciler.seed","msg":"podscalable visible to lister","resource":"deployments","namespace":"default","name":"kamera-test-deployment","stage":"podscalable-lister","object":{"apiVersion":"autoscaling.internal.knative.dev/v1alpha1","kind":"PodScalable","namespace":"default","name":"kamera-test-deployment"}}
{"level":"info","ts":1768351679.173422,"logger":"fallback","caller":"service/service.go:171","msg":"Service reconciler fetching Route from lister: name=demo, namespace=default"}
{"level":"info","ts":1768351679.1734421,"logger":"fallback","caller":"service/service.go:174","msg":"Service reconciler got Route from lister: name=demo, Generation=1, ObservedGeneration=1, ResourceVersion="}
{"level":"info","ts":1768351679.173465,"logger":"fallback","caller":"service/service.go:126","msg":"Service reconciler checking Route: name=demo, Generation=1, ObservedGeneration=1, Ready=True (reason=, message=), generationMatch=true, routeResourceVersion="}
{"level":"info","ts":1768351679.1734788,"logger":"fallback","caller":"service/service.go:136","msg":"Service reconciler calling PropagateRouteStatus() because Generation == ObservedGeneration"}
{"level":"info","ts":"2026-01-13T16:47:59-08:00","logger":"ServiceReconciler.reconcile","msg":"reconcile completed","key":"default/demo","reconciler":"knative.dev.serving.pkg.reconciler.service.Reconciler","requeue":false,"requeueAfter":0}
{"level":"info","ts":"2026-01-13T16:47:59-08:00","logger":"tracecheck","msg":"Taking reconcile step","Depth":65,"# Distinct States":310,"Total States":312,"Resource States":67}
{"level":"info","ts":"2026-01-13T16:47:59-08:00","logger":"RevisionReconciler.seed","msg":"added podscalable to informer","resource":"deployments","namespace":"default","name":"kamera-test-deployment","stage":"podscalable-add","keys":["default/kamera-test-deployment"]}
{"level":"info","ts":"2026-01-13T16:47:59-08:00","logger":"RevisionReconciler.seed","msg":"podscalable visible to lister","resource":"deployments","namespace":"default","name":"kamera-test-deployment","stage":"podscalable-lister","object":{"apiVersion":"autoscaling.internal.knative.dev/v1alpha1","kind":"PodScalable","namespace":"default","name":"kamera-test-deployment"}}
{"level":"error","ts":1768351679.2789881,"logger":"fallback","caller":"revision/controller.go:116","msg":"Failed to create resolver transport","error":"open /var/run/secrets/kubernetes.io/serviceaccount/ca.crt: no such file or directory","stacktrace":"knative.dev/serving/pkg/reconciler/revision.newControllerWithOptions\n\t/Users/tgoodwin/tmp/gomodcache/knative.dev/serving@v0.46.5/pkg/reconciler/revision/controller.go:116\nknative.dev/serving/pkg/reconciler/revision.NewController\n\t/Users/tgoodwin/tmp/gomodcache/knative.dev/serving@v0.46.5/pkg/reconciler/revision/controller.go:64\nmain.configureKnativeExplorer.func1.1\n\t/Users/tgoodwin/projects/kamera/examples/knative-serving/scenario.go:91\ngithub.com/tgoodwin/kamera/examples/knative-serving/knative.NewKnativeStrategy.func1\n\t/Users/tgoodwin/projects/kamera/examples/knative-serving/knative/harness.go:555\ngithub.com/tgoodwin/kamera/examples/knative-serving/knative.(*KnativeStrategy).ReconcileAtState\n\t/Users/tgoodwin/projects/kamera/examples/knative-serving/knative/harness.go:895\ngithub.com/tgoodwin/kamera/pkg/tracecheck.(*ReconcilerContainer).doReconcile\n\t/Users/tgoodwin/projects/kamera/pkg/tracecheck/reconciler.go:164\ngithub.com/tgoodwin/kamera/pkg/tracecheck.(*Explorer).reconcileAtState\n\t/Users/tgoodwin/projects/kamera/pkg/tracecheck/explore.go:1313\ngithub.com/tgoodwin/kamera/pkg/tracecheck.(*Explorer).takeReconcileStep\n\t/Users/tgoodwin/projects/kamera/pkg/tracecheck/explore.go:1228\ngithub.com/tgoodwin/kamera/pkg/tracecheck.(*Explorer).explore\n\t/Users/tgoodwin/projects/kamera/pkg/tracecheck/explore.go:790\ngithub.com/tgoodwin/kamera/pkg/tracecheck.(*Explorer).Explore.func1\n\t/Users/tgoodwin/projects/kamera/pkg/tracecheck/explore.go:330"}
{"level":"info","ts":1768351679.279316,"logger":"fallback","caller":"revision/reconcile_resources.go:161","msg":"Reconciling PA: kamera-test"}
{"level":"info","ts":"2026-01-13T16:47:59-08:00","logger":"RevisionReconciler.reconcile","msg":"reconcile completed","key":"default/kamera-test","reconciler":"knative.dev.serving.pkg.reconciler.revision.Reconciler","requeue":false,"requeueAfter":0}
{"level":"info","ts":"2026-01-13T16:47:59-08:00","logger":"tracecheck","msg":"Taking reconcile step","Depth":66,"# Distinct States":311,"Total States":313,"Resource States":67}
{"level":"info","ts":"2026-01-13T16:47:59-08:00","logger":"tracecheck","msg":"Taking reconcile step","Depth":67,"# Distinct States":312,"Total States":314,"Resource States":67}
{"level":"info","ts":"2026-01-13T16:47:59-08:00","logger":"tracecheck","msg":"Taking reconcile step","Depth":68,"# Distinct States":313,"Total States":315,"Resource States":67}
{"level":"info","ts":"2026-01-13T16:47:59-08:00","logger":"RouteReconciler.seed","msg":"added podscalable to informer","resource":"deployments","namespace":"default","name":"kamera-test-deployment","stage":"podscalable-add","keys":["default/kamera-test-deployment"]}
{"level":"info","ts":"2026-01-13T16:47:59-08:00","logger":"RouteReconciler.seed","msg":"podscalable visible to lister","resource":"deployments","namespace":"default","name":"kamera-test-deployment","stage":"podscalable-lister","object":{"apiVersion":"autoscaling.internal.knative.dev/v1alpha1","kind":"PodScalable","namespace":"default","name":"kamera-test-deployment"}}
{"level":"info","ts":1768351679.3904908,"logger":"fallback","caller":"route/route.go:465","msg":"Revision default/kamera-test is inactive"}
{"level":"info","ts":1768351679.3905149,"logger":"fallback","caller":"route/route.go:487","msg":"All referred targets are routable, marking AllTrafficAssigned with traffic information."}
{"level":"info","ts":1768351679.390529,"logger":"fallback","caller":"route/route.go:140","msg":"Creating placeholder k8s services"}
{"level":"info","ts":1768351679.390611,"logger":"fallback","caller":"route/route.go:176","msg":"Updating placeholder k8s services with ingress information"}
{"level":"info","ts":1768351679.390804,"logger":"fallback","caller":"route/route.go:198","msg":"Route successfully synced"}
{"level":"info","ts":"2026-01-13T16:47:59-08:00","logger":"RouteReconciler.reconcile","msg":"reconcile completed","key":"default/demo","reconciler":"knative.dev.serving.pkg.reconciler.route.Reconciler","requeue":false,"requeueAfter":0}
{"level":"info","ts":"2026-01-13T16:47:59-08:00","logger":"tracecheck","msg":"Taking reconcile step","Depth":69,"# Distinct States":314,"Total States":316,"Resource States":67}
{"level":"info","ts":"2026-01-13T16:47:59-08:00","logger":"tracecheck","msg":"Taking reconcile step","Depth":70,"# Distinct States":315,"Total States":317,"Resource States":67}
{"level":"info","ts":"2026-01-13T16:47:59-08:00","logger":"ServiceReconciler.seed","msg":"added podscalable to informer","resource":"deployments","namespace":"default","name":"kamera-test-deployment","stage":"podscalable-add","keys":["default/kamera-test-deployment"]}
{"level":"info","ts":"2026-01-13T16:47:59-08:00","logger":"ServiceReconciler.seed","msg":"podscalable visible to lister","resource":"deployments","namespace":"default","name":"kamera-test-deployment","stage":"podscalable-lister","object":{"apiVersion":"autoscaling.internal.knative.dev/v1alpha1","kind":"PodScalable","namespace":"default","name":"kamera-test-deployment"}}
{"level":"info","ts":1768351679.4998012,"logger":"fallback","caller":"service/service.go:171","msg":"Service reconciler fetching Route from lister: name=demo, namespace=default"}
{"level":"info","ts":1768351679.499815,"logger":"fallback","caller":"service/service.go:174","msg":"Service reconciler got Route from lister: name=demo, Generation=1, ObservedGeneration=1, ResourceVersion="}
{"level":"info","ts":1768351679.499839,"logger":"fallback","caller":"service/service.go:126","msg":"Service reconciler checking Route: name=demo, Generation=1, ObservedGeneration=1, Ready=True (reason=, message=), generationMatch=true, routeResourceVersion="}
{"level":"info","ts":1768351679.499845,"logger":"fallback","caller":"service/service.go:136","msg":"Service reconciler calling PropagateRouteStatus() because Generation == ObservedGeneration"}
{"level":"info","ts":"2026-01-13T16:47:59-08:00","logger":"ServiceReconciler.reconcile","msg":"reconcile completed","key":"default/demo","reconciler":"knative.dev.serving.pkg.reconciler.service.Reconciler","requeue":false,"requeueAfter":0}
{"level":"info","ts":"2026-01-13T16:47:59-08:00","logger":"tracecheck","msg":"Taking reconcile step","Depth":71,"# Distinct States":316,"Total States":318,"Resource States":67}
{"level":"error","ts":"2026-01-13T16:47:59-08:00","logger":"tracegen","msg":"setting root context","Kind":"/v1, Kind=Pod","Name":"kamera-test-deployment-1488584584-0","NewRootID":"","labels":{"app":"kamera-test","discrete.events/sleeve-object-id":"37jmqvjn","pod-template-hash":"1488584584","serving.knative.dev/configuration":"demo","serving.knative.dev/configurationGeneration":"1","serving.knative.dev/revision":"kamera-test","serving.knative.dev/revisionUID":"","serving.knative.dev/service":"demo"},"error":"no root ID set on object - is this namespace handled by the sleeve webhook?","stacktrace":"github.com/tgoodwin/kamera/pkg/tracegen.(*ContextTracker).setRootContextFromObservation\n\t/Users/tgoodwin/projects/kamera/pkg/tracegen/context.go:153\ngithub.com/tgoodwin/kamera/pkg/tracegen.(*ContextTracker).TrackOperation\n\t/Users/tgoodwin/projects/kamera/pkg/tracegen/context.go:197\ngithub.com/tgoodwin/kamera/pkg/tracegen.(*Client).Get\n\t/Users/tgoodwin/projects/kamera/pkg/tracegen/client.go:177\ngithub.com/tgoodwin/kamera/sleevectrl/pkg/controller.(*FinalizerReconciler).Reconcile\n\t/Users/tgoodwin/projects/kamera/sleevectrl/pkg/controller/sleeve_finalizer_controller.go:41\ngithub.com/tgoodwin/kamera/pkg/tracecheck.(*ControllerRuntimeStrategy).ReconcileAtState\n\t/Users/tgoodwin/projects/kamera/pkg/tracecheck/reconciler.go:82\ngithub.com/tgoodwin/kamera/pkg/tracecheck.(*ReconcilerContainer).doReconcile\n\t/Users/tgoodwin/projects/kamera/pkg/tracecheck/reconciler.go:164\ngithub.com/tgoodwin/kamera/pkg/tracecheck.(*Explorer).reconcileAtState\n\t/Users/tgoodwin/projects/kamera/pkg/tracecheck/explore.go:1313\ngithub.com/tgoodwin/kamera/pkg/tracecheck.(*Explorer).takeReconcileStep\n\t/Users/tgoodwin/projects/kamera/pkg/tracecheck/explore.go:1228\ngithub.com/tgoodwin/kamera/pkg/tracecheck.(*Explorer).explore\n\t/Users/tgoodwin/projects/kamera/pkg/tracecheck/explore.go:790\ngithub.com/tgoodwin/kamera/pkg/tracecheck.(*Explorer).Explore.func1\n\t/Users/tgoodwin/projects/kamera/pkg/tracecheck/explore.go:330"}
{"level":"error","ts":"2026-01-13T16:47:59-08:00","logger":"tracegen","msg":"rootID is empty","Kind":"/v1, Kind=Pod","Name":"kamera-test-deployment-1488584584-0","NewRootID":"","stacktrace":"github.com/tgoodwin/kamera/pkg/tracegen.(*ContextTracker).setRootContextFromObservation\n\t/Users/tgoodwin/projects/kamera/pkg/tracegen/context.go:157\ngithub.com/tgoodwin/kamera/pkg/tracegen.(*ContextTracker).TrackOperation\n\t/Users/tgoodwin/projects/kamera/pkg/tracegen/context.go:197\ngithub.com/tgoodwin/kamera/pkg/tracegen.(*Client).Get\n\t/Users/tgoodwin/projects/kamera/pkg/tracegen/client.go:177\ngithub.com/tgoodwin/kamera/sleevectrl/pkg/controller.(*FinalizerReconciler).Reconcile\n\t/Users/tgoodwin/projects/kamera/sleevectrl/pkg/controller/sleeve_finalizer_controller.go:41\ngithub.com/tgoodwin/kamera/pkg/tracecheck.(*ControllerRuntimeStrategy).ReconcileAtState\n\t/Users/tgoodwin/projects/kamera/pkg/tracecheck/reconciler.go:82\ngithub.com/tgoodwin/kamera/pkg/tracecheck.(*ReconcilerContainer).doReconcile\n\t/Users/tgoodwin/projects/kamera/pkg/tracecheck/reconciler.go:164\ngithub.com/tgoodwin/kamera/pkg/tracecheck.(*Explorer).reconcileAtState\n\t/Users/tgoodwin/projects/kamera/pkg/tracecheck/explore.go:1313\ngithub.com/tgoodwin/kamera/pkg/tracecheck.(*Explorer).takeReconcileStep\n\t/Users/tgoodwin/projects/kamera/pkg/tracecheck/explore.go:1228\ngithub.com/tgoodwin/kamera/pkg/tracecheck.(*Explorer).explore\n\t/Users/tgoodwin/projects/kamera/pkg/tracecheck/explore.go:790\ngithub.com/tgoodwin/kamera/pkg/tracecheck.(*Explorer).Explore.func1\n\t/Users/tgoodwin/projects/kamera/pkg/tracecheck/explore.go:330"}
{"level":"error","ts":"2026-01-13T16:47:59-08:00","logger":"tracegen","msg":"creating event","error":"failed to get change ID: Event does not have a change ID","stacktrace":"github.com/tgoodwin/kamera/pkg/tracegen.(*Client).LogOperation\n\t/Users/tgoodwin/projects/kamera/pkg/tracegen/client.go:106\ngithub.com/tgoodwin/kamera/pkg/tracegen.(*Client).Get\n\t/Users/tgoodwin/projects/kamera/pkg/tracegen/client.go:178\ngithub.com/tgoodwin/kamera/sleevectrl/pkg/controller.(*FinalizerReconciler).Reconcile\n\t/Users/tgoodwin/projects/kamera/sleevectrl/pkg/controller/sleeve_finalizer_controller.go:41\ngithub.com/tgoodwin/kamera/pkg/tracecheck.(*ControllerRuntimeStrategy).ReconcileAtState\n\t/Users/tgoodwin/projects/kamera/pkg/tracecheck/reconciler.go:82\ngithub.com/tgoodwin/kamera/pkg/tracecheck.(*ReconcilerContainer).doReconcile\n\t/Users/tgoodwin/projects/kamera/pkg/tracecheck/reconciler.go:164\ngithub.com/tgoodwin/kamera/pkg/tracecheck.(*Explorer).reconcileAtState\n\t/Users/tgoodwin/projects/kamera/pkg/tracecheck/explore.go:1313\ngithub.com/tgoodwin/kamera/pkg/tracecheck.(*Explorer).takeReconcileStep\n\t/Users/tgoodwin/projects/kamera/pkg/tracecheck/explore.go:1228\ngithub.com/tgoodwin/kamera/pkg/tracecheck.(*Explorer).explore\n\t/Users/tgoodwin/projects/kamera/pkg/tracecheck/explore.go:790\ngithub.com/tgoodwin/kamera/pkg/tracecheck.(*Explorer).Explore.func1\n\t/Users/tgoodwin/projects/kamera/pkg/tracecheck/explore.go:330"}
{"level":"error","ts":"2026-01-13T16:47:59-08:00","logger":"tracegen","msg":"creating event","error":"failed to get change ID: Event does not have a change ID","stacktrace":"github.com/tgoodwin/kamera/pkg/tracegen.(*Client).LogOperation\n\t/Users/tgoodwin/projects/kamera/pkg/tracegen/client.go:106\ngithub.com/tgoodwin/kamera/sleevectrl/pkg/controller.(*FinalizerReconciler).Reconcile\n\t/Users/tgoodwin/projects/kamera/sleevectrl/pkg/controller/sleeve_finalizer_controller.go:69\ngithub.com/tgoodwin/kamera/pkg/tracecheck.(*ControllerRuntimeStrategy).ReconcileAtState\n\t/Users/tgoodwin/projects/kamera/pkg/tracecheck/reconciler.go:82\ngithub.com/tgoodwin/kamera/pkg/tracecheck.(*ReconcilerContainer).doReconcile\n\t/Users/tgoodwin/projects/kamera/pkg/tracecheck/reconciler.go:164\ngithub.com/tgoodwin/kamera/pkg/tracecheck.(*Explorer).reconcileAtState\n\t/Users/tgoodwin/projects/kamera/pkg/tracecheck/explore.go:1313\ngithub.com/tgoodwin/kamera/pkg/tracecheck.(*Explorer).takeReconcileStep\n\t/Users/tgoodwin/projects/kamera/pkg/tracecheck/explore.go:1228\ngithub.com/tgoodwin/kamera/pkg/tracecheck.(*Explorer).explore\n\t/Users/tgoodwin/projects/kamera/pkg/tracecheck/explore.go:790\ngithub.com/tgoodwin/kamera/pkg/tracecheck.(*Explorer).Explore.func1\n\t/Users/tgoodwin/projects/kamera/pkg/tracecheck/explore.go:330"}
{"level":"info","ts":"2026-01-13T16:47:59-08:00","logger":"tracecheck","msg":"Taking reconcile step","Depth":72,"# Distinct States":317,"Total States":319,"Resource States":67}
{"level":"info","ts":"2026-01-13T16:47:59-08:00","logger":"tracecheck","msg":"Taking reconcile step","Depth":73,"# Distinct States":318,"Total States":320,"Resource States":67}
{"level":"info","ts":"2026-01-13T16:47:59-08:00","logger":"tracecheck","msg":"Updated ReplicaSet status","Depth":73,"# Distinct States":318,"Total States":320,"Resource States":67,"name":"kamera-test-deployment-1488584584"}
{"level":"info","ts":"2026-01-13T16:47:59-08:00","logger":"tracecheck","msg":"Taking reconcile step","Depth":74,"# Distinct States":319,"Total States":321,"Resource States":67}
{"level":"info","ts":"2026-01-13T16:47:59-08:00","logger":"KPAReconciler.seed","msg":"added podscalable to informer","resource":"deployments","namespace":"default","name":"kamera-test-deployment","stage":"podscalable-add","keys":["default/kamera-test-deployment"]}
{"level":"info","ts":"2026-01-13T16:47:59-08:00","logger":"KPAReconciler.seed","msg":"podscalable visible to lister","resource":"deployments","namespace":"default","name":"kamera-test-deployment","stage":"podscalable-lister","object":{"apiVersion":"autoscaling.internal.knative.dev/v1alpha1","kind":"PodScalable","namespace":"default","name":"kamera-test-deployment"}}
{"level":"info","ts":1768351679.614795,"logger":"fallback","caller":"kpa/controller.go:77","msg":"Setting up ConfigMap receivers"}
{"level":"info","ts":1768351679.614901,"logger":"fallback","caller":"kpa/controller.go:91","msg":"Setting up KPA-Class event handlers"}
{"level":"info","ts":1768351679.6150038,"logger":"fallback","caller":"kpa/kpa.go:158","msg":"SKS should be in Proxy mode: want = 0, ebc = 0, #act's = 2 PA Inactive? = true"}
{"level":"info","ts":1768351679.615021,"logger":"fallback","caller":"kpa/kpa.go:178","msg":"PA scale got=0, want=0, desiredPods=0 ebc=0"}
{"level":"info","ts":1768351679.615029,"logger":"fallback","caller":"kpa/kpa.go:188","msg":"Observed pod counts=kpa.podCounts{want:0, ready:0, notReady:0, pending:0, terminating:0}"}
{"level":"info","ts":"2026-01-13T16:47:59-08:00","logger":"KPAReconciler.reconcile","msg":"reconcile completed","key":"default/kamera-test","reconciler":"knative.dev.serving.pkg.reconciler.autoscaling.kpa.Reconciler","requeue":false,"requeueAfter":0}
{"level":"info","ts":"2026-01-13T16:47:59-08:00","logger":"tracecheck","msg":"Taking reconcile step","Depth":75,"# Distinct States":320,"Total States":322,"Resource States":67}
{"level":"info","ts":"2026-01-13T16:47:59-08:00","logger":"tracecheck","msg":"Taking reconcile step","Depth":55,"# Distinct States":322,"Total States":324,"Resource States":67}
{"level":"info","ts":"2026-01-13T16:47:59-08:00","logger":"RevisionReconciler.seed","msg":"added podscalable to informer","resource":"deployments","namespace":"default","name":"kamera-test-deployment","stage":"podscalable-add","keys":["default/kamera-test-deployment"]}
{"level":"info","ts":"2026-01-13T16:47:59-08:00","logger":"RevisionReconciler.seed","msg":"podscalable visible to lister","resource":"deployments","namespace":"default","name":"kamera-test-deployment","stage":"podscalable-lister","object":{"apiVersion":"autoscaling.internal.knative.dev/v1alpha1","kind":"PodScalable","namespace":"default","name":"kamera-test-deployment"}}
{"level":"error","ts":1768351679.722336,"logger":"fallback","caller":"revision/controller.go:116","msg":"Failed to create resolver transport","error":"open /var/run/secrets/kubernetes.io/serviceaccount/ca.crt: no such file or directory","stacktrace":"knative.dev/serving/pkg/reconciler/revision.newControllerWithOptions\n\t/Users/tgoodwin/tmp/gomodcache/knative.dev/serving@v0.46.5/pkg/reconciler/revision/controller.go:116\nknative.dev/serving/pkg/reconciler/revision.NewController\n\t/Users/tgoodwin/tmp/gomodcache/knative.dev/serving@v0.46.5/pkg/reconciler/revision/controller.go:64\nmain.configureKnativeExplorer.func1.1\n\t/Users/tgoodwin/projects/kamera/examples/knative-serving/scenario.go:91\ngithub.com/tgoodwin/kamera/examples/knative-serving/knative.NewKnativeStrategy.func1\n\t/Users/tgoodwin/projects/kamera/examples/knative-serving/knative/harness.go:555\ngithub.com/tgoodwin/kamera/examples/knative-serving/knative.(*KnativeStrategy).ReconcileAtState\n\t/Users/tgoodwin/projects/kamera/examples/knative-serving/knative/harness.go:895\ngithub.com/tgoodwin/kamera/pkg/tracecheck.(*ReconcilerContainer).doReconcile\n\t/Users/tgoodwin/projects/kamera/pkg/tracecheck/reconciler.go:164\ngithub.com/tgoodwin/kamera/pkg/tracecheck.(*Explorer).reconcileAtState\n\t/Users/tgoodwin/projects/kamera/pkg/tracecheck/explore.go:1313\ngithub.com/tgoodwin/kamera/pkg/tracecheck.(*Explorer).takeReconcileStep\n\t/Users/tgoodwin/projects/kamera/pkg/tracecheck/explore.go:1228\ngithub.com/tgoodwin/kamera/pkg/tracecheck.(*Explorer).explore\n\t/Users/tgoodwin/projects/kamera/pkg/tracecheck/explore.go:790\ngithub.com/tgoodwin/kamera/pkg/tracecheck.(*Explorer).Explore.func1\n\t/Users/tgoodwin/projects/kamera/pkg/tracecheck/explore.go:330"}
{"level":"info","ts":1768351679.722625,"logger":"fallback","caller":"revision/reconcile_resources.go:161","msg":"Reconciling PA: kamera-test"}
{"level":"info","ts":"2026-01-13T16:47:59-08:00","logger":"RevisionReconciler.reconcile","msg":"reconcile completed","key":"default/kamera-test","reconciler":"knative.dev.serving.pkg.reconciler.revision.Reconciler","requeue":false,"requeueAfter":0}
{"level":"info","ts":"2026-01-13T16:47:59-08:00","logger":"tracecheck","msg":"Taking reconcile step","Depth":56,"# Distinct States":323,"Total States":325,"Resource States":67}
{"level":"info","ts":"2026-01-13T16:47:59-08:00","logger":"KPAReconciler.seed","msg":"added podscalable to informer","resource":"deployments","namespace":"default","name":"kamera-test-deployment","stage":"podscalable-add","keys":["default/kamera-test-deployment"]}
{"level":"info","ts":"2026-01-13T16:47:59-08:00","logger":"KPAReconciler.seed","msg":"podscalable visible to lister","resource":"deployments","namespace":"default","name":"kamera-test-deployment","stage":"podscalable-lister","object":{"apiVersion":"autoscaling.internal.knative.dev/v1alpha1","kind":"PodScalable","namespace":"default","name":"kamera-test-deployment"}}
{"level":"info","ts":1768351679.828956,"logger":"fallback","caller":"kpa/controller.go:77","msg":"Setting up ConfigMap receivers"}
{"level":"info","ts":1768351679.82905,"logger":"fallback","caller":"kpa/controller.go:91","msg":"Setting up KPA-Class event handlers"}
{"level":"info","ts":1768351679.8291562,"logger":"fallback","caller":"kpa/kpa.go:158","msg":"SKS should be in Proxy mode: want = 0, ebc = 0, #act's = 2 PA Inactive? = true"}
{"level":"info","ts":1768351679.829174,"logger":"fallback","caller":"kpa/kpa.go:178","msg":"PA scale got=1, want=0, desiredPods=0 ebc=0"}
{"level":"info","ts":1768351679.829182,"logger":"fallback","caller":"kpa/kpa.go:188","msg":"Observed pod counts=kpa.podCounts{want:0, ready:1, notReady:0, pending:0, terminating:0}"}
{"level":"info","ts":"2026-01-13T16:47:59-08:00","logger":"KPAReconciler.reconcile","msg":"reconcile completed","key":"default/kamera-test","reconciler":"knative.dev.serving.pkg.reconciler.autoscaling.kpa.Reconciler","requeue":false,"requeueAfter":0}
{"level":"info","ts":"2026-01-13T16:47:59-08:00","logger":"tracecheck","msg":"Taking reconcile step","Depth":57,"# Distinct States":324,"Total States":326,"Resource States":67}
{"level":"info","ts":"2026-01-13T16:47:59-08:00","logger":"ConfigurationReconciler.seed","msg":"added podscalable to informer","resource":"deployments","namespace":"default","name":"kamera-test-deployment","stage":"podscalable-add","keys":["default/kamera-test-deployment"]}
{"level":"info","ts":"2026-01-13T16:47:59-08:00","logger":"ConfigurationReconciler.seed","msg":"podscalable visible to lister","resource":"deployments","namespace":"default","name":"kamera-test-deployment","stage":"podscalable-lister","object":{"apiVersion":"autoscaling.internal.knative.dev/v1alpha1","kind":"PodScalable","namespace":"default","name":"kamera-test-deployment"}}
{"level":"info","ts":1768351679.9353821,"logger":"fallback","caller":"configuration/configuration.go:106","msg":"Revision \"kamera-test\" of configuration is ready"}
{"level":"info","ts":"2026-01-13T16:47:59-08:00","logger":"ConfigurationReconciler.reconcile","msg":"reconcile completed","key":"default/demo","reconciler":"knative.dev.serving.pkg.reconciler.configuration.Reconciler","requeue":false,"requeueAfter":0}
{"level":"info","ts":"2026-01-13T16:47:59-08:00","logger":"tracecheck","msg":"Taking reconcile step","Depth":58,"# Distinct States":325,"Total States":327,"Resource States":67}
{"level":"info","ts":"2026-01-13T16:48:00-08:00","logger":"RouteReconciler.seed","msg":"added podscalable to informer","resource":"deployments","namespace":"default","name":"kamera-test-deployment","stage":"podscalable-add","keys":["default/kamera-test-deployment"]}
{"level":"info","ts":"2026-01-13T16:48:00-08:00","logger":"RouteReconciler.seed","msg":"podscalable visible to lister","resource":"deployments","namespace":"default","name":"kamera-test-deployment","stage":"podscalable-lister","object":{"apiVersion":"autoscaling.internal.knative.dev/v1alpha1","kind":"PodScalable","namespace":"default","name":"kamera-test-deployment"}}
{"level":"info","ts":1768351680.043144,"logger":"fallback","caller":"route/route.go:465","msg":"Revision default/kamera-test is inactive"}
{"level":"info","ts":1768351680.04319,"logger":"fallback","caller":"route/route.go:487","msg":"All referred targets are routable, marking AllTrafficAssigned with traffic information."}
{"level":"info","ts":1768351680.043215,"logger":"fallback","caller":"route/route.go:140","msg":"Creating placeholder k8s services"}
{"level":"info","ts":1768351680.043437,"logger":"fallback","caller":"route/reconcile_resources.go:179","msg":"Created service demo"}
{"level":"info","ts":1768351680.043755,"logger":"fallback","caller":"route/route.go:176","msg":"Updating placeholder k8s services with ingress information"}
{"level":"warn","ts":1768351680.043783,"logger":"fallback","caller":"route/reconcile_resources.go:228","msg":"Failed to update k8s service","error":"failed to fetch loadbalancer domain/IP from ingress status"}
{"level":"info","ts":1768351680.043797,"logger":"fallback","caller":"route/route.go:198","msg":"Route successfully synced"}
{"level":"info","ts":"2026-01-13T16:48:00-08:00","logger":"RouteReconciler.reconcile","msg":"reconcile completed","key":"default/demo","reconciler":"knative.dev.serving.pkg.reconciler.route.Reconciler","requeue":false,"requeueAfter":0}
{"level":"info","ts":"2026-01-13T16:48:00-08:00","logger":"tracecheck","msg":"Taking reconcile step","Depth":59,"# Distinct States":326,"Total States":328,"Resource States":67}
{"level":"info","ts":"2026-01-13T16:48:00-08:00","logger":"ServiceReconciler.seed","msg":"added podscalable to informer","resource":"deployments","namespace":"default","name":"kamera-test-deployment","stage":"podscalable-add","keys":["default/kamera-test-deployment"]}
{"level":"info","ts":"2026-01-13T16:48:00-08:00","logger":"ServiceReconciler.seed","msg":"podscalable visible to lister","resource":"deployments","namespace":"default","name":"kamera-test-deployment","stage":"podscalable-lister","object":{"apiVersion":"autoscaling.internal.knative.dev/v1alpha1","kind":"PodScalable","namespace":"default","name":"kamera-test-deployment"}}
{"level":"info","ts":1768351680.153663,"logger":"fallback","caller":"service/service.go:171","msg":"Service reconciler fetching Route from lister: name=demo, namespace=default"}
{"level":"info","ts":1768351680.153706,"logger":"fallback","caller":"service/service.go:174","msg":"Service reconciler got Route from lister: name=demo, Generation=1, ObservedGeneration=1, ResourceVersion="}
{"level":"info","ts":1768351680.153756,"logger":"fallback","caller":"service/service.go:126","msg":"Service reconciler checking Route: name=demo, Generation=1, ObservedGeneration=1, Ready=Unknown (reason=IngressNotConfigured, message=Ingress has not yet been reconciled.), generationMatch=true, routeResourceVersion="}
{"level":"info","ts":1768351680.15377,"logger":"fallback","caller":"service/service.go:136","msg":"Service reconciler calling PropagateRouteStatus() because Generation == ObservedGeneration"}
{"level":"info","ts":"2026-01-13T16:48:00-08:00","logger":"ServiceReconciler.reconcile","msg":"reconcile completed","key":"default/demo","reconciler":"knative.dev.serving.pkg.reconciler.service.Reconciler","requeue":false,"requeueAfter":0}
{"level":"info","ts":"2026-01-13T16:48:00-08:00","logger":"tracecheck","msg":"Taking reconcile step","Depth":60,"# Distinct States":327,"Total States":329,"Resource States":67}
{"level":"info","ts":"2026-01-13T16:48:00-08:00","logger":"tracecheck","msg":"Taking reconcile step","Depth":61,"# Distinct States":328,"Total States":330,"Resource States":67}
{"level":"info","ts":"2026-01-13T16:48:00-08:00","logger":"tracecheck","msg":"Deleting pods","Depth":61,"# Distinct States":328,"Total States":330,"Resource States":67,"count":1}
{"level":"info","ts":"2026-01-13T16:48:00-08:00","logger":"tracecheck","msg":"Taking reconcile step","Depth":51,"# Distinct States":330,"Total States":332,"Resource States":67}
{"level":"info","ts":"2026-01-13T16:48:00-08:00","logger":"RevisionReconciler.seed","msg":"added podscalable to informer","resource":"deployments","namespace":"default","name":"kamera-test-deployment","stage":"podscalable-add","keys":["default/kamera-test-deployment"]}
{"level":"info","ts":"2026-01-13T16:48:00-08:00","logger":"RevisionReconciler.seed","msg":"podscalable visible to lister","resource":"deployments","namespace":"default","name":"kamera-test-deployment","stage":"podscalable-lister","object":{"apiVersion":"autoscaling.internal.knative.dev/v1alpha1","kind":"PodScalable","namespace":"default","name":"kamera-test-deployment"}}
{"level":"error","ts":1768351680.271297,"logger":"fallback","caller":"revision/controller.go:116","msg":"Failed to create resolver transport","error":"open /var/run/secrets/kubernetes.io/serviceaccount/ca.crt: no such file or directory","stacktrace":"knative.dev/serving/pkg/reconciler/revision.newControllerWithOptions\n\t/Users/tgoodwin/tmp/gomodcache/knative.dev/serving@v0.46.5/pkg/reconciler/revision/controller.go:116\nknative.dev/serving/pkg/reconciler/revision.NewController\n\t/Users/tgoodwin/tmp/gomodcache/knative.dev/serving@v0.46.5/pkg/reconciler/revision/controller.go:64\nmain.configureKnativeExplorer.func1.1\n\t/Users/tgoodwin/projects/kamera/examples/knative-serving/scenario.go:91\ngithub.com/tgoodwin/kamera/examples/knative-serving/knative.NewKnativeStrategy.func1\n\t/Users/tgoodwin/projects/kamera/examples/knative-serving/knative/harness.go:555\ngithub.com/tgoodwin/kamera/examples/knative-serving/knative.(*KnativeStrategy).ReconcileAtState\n\t/Users/tgoodwin/projects/kamera/examples/knative-serving/knative/harness.go:895\ngithub.com/tgoodwin/kamera/pkg/tracecheck.(*ReconcilerContainer).doReconcile\n\t/Users/tgoodwin/projects/kamera/pkg/tracecheck/reconciler.go:164\ngithub.com/tgoodwin/kamera/pkg/tracecheck.(*Explorer).reconcileAtState\n\t/Users/tgoodwin/projects/kamera/pkg/tracecheck/explore.go:1313\ngithub.com/tgoodwin/kamera/pkg/tracecheck.(*Explorer).takeReconcileStep\n\t/Users/tgoodwin/projects/kamera/pkg/tracecheck/explore.go:1228\ngithub.com/tgoodwin/kamera/pkg/tracecheck.(*Explorer).explore\n\t/Users/tgoodwin/projects/kamera/pkg/tracecheck/explore.go:790\ngithub.com/tgoodwin/kamera/pkg/tracecheck.(*Explorer).Explore.func1\n\t/Users/tgoodwin/projects/kamera/pkg/tracecheck/explore.go:330"}
{"level":"info","ts":1768351680.271882,"logger":"fallback","caller":"revision/reconcile_resources.go:161","msg":"Reconciling PA: kamera-test"}
{"level":"info","ts":"2026-01-13T16:48:00-08:00","logger":"RevisionReconciler.reconcile","msg":"reconcile completed","key":"default/kamera-test","reconciler":"knative.dev.serving.pkg.reconciler.revision.Reconciler","requeue":false,"requeueAfter":0}
{"level":"info","ts":"2026-01-13T16:48:00-08:00","logger":"tracecheck","msg":"Taking reconcile step","Depth":52,"# Distinct States":331,"Total States":333,"Resource States":67}
{"level":"info","ts":"2026-01-13T16:48:00-08:00","logger":"tracecheck","msg":"Taking reconcile step","Depth":49,"# Distinct States":333,"Total States":335,"Resource States":67}
{"level":"info","ts":"2026-01-13T16:48:00-08:00","logger":"RevisionReconciler.seed","msg":"added podscalable to informer","resource":"deployments","namespace":"default","name":"kamera-test-deployment","stage":"podscalable-add","keys":["default/kamera-test-deployment"]}
{"level":"info","ts":"2026-01-13T16:48:00-08:00","logger":"RevisionReconciler.seed","msg":"podscalable visible to lister","resource":"deployments","namespace":"default","name":"kamera-test-deployment","stage":"podscalable-lister","object":{"apiVersion":"autoscaling.internal.knative.dev/v1alpha1","kind":"PodScalable","namespace":"default","name":"kamera-test-deployment"}}
{"level":"error","ts":1768351680.382442,"logger":"fallback","caller":"revision/controller.go:116","msg":"Failed to create resolver transport","error":"open /var/run/secrets/kubernetes.io/serviceaccount/ca.crt: no such file or directory","stacktrace":"knative.dev/serving/pkg/reconciler/revision.newControllerWithOptions\n\t/Users/tgoodwin/tmp/gomodcache/knative.dev/serving@v0.46.5/pkg/reconciler/revision/controller.go:116\nknative.dev/serving/pkg/reconciler/revision.NewController\n\t/Users/tgoodwin/tmp/gomodcache/knative.dev/serving@v0.46.5/pkg/reconciler/revision/controller.go:64\nmain.configureKnativeExplorer.func1.1\n\t/Users/tgoodwin/projects/kamera/examples/knative-serving/scenario.go:91\ngithub.com/tgoodwin/kamera/examples/knative-serving/knative.NewKnativeStrategy.func1\n\t/Users/tgoodwin/projects/kamera/examples/knative-serving/knative/harness.go:555\ngithub.com/tgoodwin/kamera/examples/knative-serving/knative.(*KnativeStrategy).ReconcileAtState\n\t/Users/tgoodwin/projects/kamera/examples/knative-serving/knative/harness.go:895\ngithub.com/tgoodwin/kamera/pkg/tracecheck.(*ReconcilerContainer).doReconcile\n\t/Users/tgoodwin/projects/kamera/pkg/tracecheck/reconciler.go:164\ngithub.com/tgoodwin/kamera/pkg/tracecheck.(*Explorer).reconcileAtState\n\t/Users/tgoodwin/projects/kamera/pkg/tracecheck/explore.go:1313\ngithub.com/tgoodwin/kamera/pkg/tracecheck.(*Explorer).takeReconcileStep\n\t/Users/tgoodwin/projects/kamera/pkg/tracecheck/explore.go:1228\ngithub.com/tgoodwin/kamera/pkg/tracecheck.(*Explorer).explore\n\t/Users/tgoodwin/projects/kamera/pkg/tracecheck/explore.go:790\ngithub.com/tgoodwin/kamera/pkg/tracecheck.(*Explorer).Explore.func1\n\t/Users/tgoodwin/projects/kamera/pkg/tracecheck/explore.go:330"}
{"level":"info","ts":1768351680.382994,"logger":"fallback","caller":"revision/reconcile_resources.go:161","msg":"Reconciling PA: kamera-test"}
{"level":"info","ts":"2026-01-13T16:48:00-08:00","logger":"RevisionReconciler.reconcile","msg":"reconcile completed","key":"default/kamera-test","reconciler":"knative.dev.serving.pkg.reconciler.revision.Reconciler","requeue":false,"requeueAfter":0}
{"level":"info","ts":"2026-01-13T16:48:00-08:00","logger":"tracecheck","msg":"Taking reconcile step","Depth":50,"# Distinct States":334,"Total States":336,"Resource States":67}
{"level":"info","ts":"2026-01-13T16:48:00-08:00","logger":"tracecheck","msg":"Taking reconcile step","Depth":51,"# Distinct States":335,"Total States":337,"Resource States":67}
{"level":"info","ts":"2026-01-13T16:48:00-08:00","logger":"KPAReconciler.seed","msg":"added podscalable to informer","resource":"deployments","namespace":"default","name":"kamera-test-deployment","stage":"podscalable-add","keys":["default/kamera-test-deployment"]}
{"level":"info","ts":"2026-01-13T16:48:00-08:00","logger":"KPAReconciler.seed","msg":"podscalable visible to lister","resource":"deployments","namespace":"default","name":"kamera-test-deployment","stage":"podscalable-lister","object":{"apiVersion":"autoscaling.internal.knative.dev/v1alpha1","kind":"PodScalable","namespace":"default","name":"kamera-test-deployment"}}
{"level":"info","ts":1768351680.493195,"logger":"fallback","caller":"kpa/controller.go:77","msg":"Setting up ConfigMap receivers"}
{"level":"info","ts":1768351680.493276,"logger":"fallback","caller":"kpa/controller.go:91","msg":"Setting up KPA-Class event handlers"}
{"level":"info","ts":1768351680.4933681,"logger":"fallback","caller":"kpa/scaler.go:379","msg":"Scaling from 1 to 0"}
{"level":"info","ts":1768351680.4953291,"logger":"fallback","caller":"kpa/kpa.go:158","msg":"SKS should be in Proxy mode: want = 0, ebc = 0, #act's = 2 PA Inactive? = true"}
{"level":"info","ts":1768351680.495355,"logger":"fallback","caller":"kpa/kpa.go:178","msg":"PA scale got=1, want=0, desiredPods=0 ebc=0"}
{"level":"info","ts":1768351680.4953651,"logger":"fallback","caller":"kpa/kpa.go:188","msg":"Observed pod counts=kpa.podCounts{want:0, ready:1, notReady:0, pending:0, terminating:0}"}
{"level":"info","ts":"2026-01-13T16:48:00-08:00","logger":"KPAReconciler.reconcile","msg":"reconcile completed","key":"default/kamera-test","reconciler":"knative.dev.serving.pkg.reconciler.autoscaling.kpa.Reconciler","requeue":false,"requeueAfter":0}
{"level":"info","ts":"2026-01-13T16:48:00-08:00","logger":"tracecheck","msg":"Taking reconcile step","Depth":52,"# Distinct States":336,"Total States":338,"Resource States":67}
{"level":"info","ts":"2026-01-13T16:48:00-08:00","logger":"tracecheck","msg":"Taking reconcile step","Depth":53,"# Distinct States":337,"Total States":339,"Resource States":67}
{"level":"info","ts":"2026-01-13T16:48:00-08:00","logger":"ConfigurationReconciler.seed","msg":"added podscalable to informer","resource":"deployments","namespace":"default","name":"kamera-test-deployment","stage":"podscalable-add","keys":["default/kamera-test-deployment"]}
{"level":"info","ts":"2026-01-13T16:48:00-08:00","logger":"ConfigurationReconciler.seed","msg":"podscalable visible to lister","resource":"deployments","namespace":"default","name":"kamera-test-deployment","stage":"podscalable-lister","object":{"apiVersion":"autoscaling.internal.knative.dev/v1alpha1","kind":"PodScalable","namespace":"default","name":"kamera-test-deployment"}}
{"level":"info","ts":1768351680.6060748,"logger":"fallback","caller":"configuration/configuration.go:106","msg":"Revision \"kamera-test\" of configuration is ready"}
{"level":"info","ts":"2026-01-13T16:48:00-08:00","logger":"ConfigurationReconciler.reconcile","msg":"reconcile completed","key":"default/demo","reconciler":"knative.dev.serving.pkg.reconciler.configuration.Reconciler","requeue":false,"requeueAfter":0}
{"level":"info","ts":"2026-01-13T16:48:00-08:00","logger":"tracecheck","msg":"Taking reconcile step","Depth":54,"# Distinct States":338,"Total States":340,"Resource States":67}
{"level":"info","ts":"2026-01-13T16:48:00-08:00","logger":"tracecheck","msg":"Updated Deployment status","Depth":54,"# Distinct States":338,"Total States":340,"Resource States":67,"name":"kamera-test-deployment"}
{"level":"info","ts":"2026-01-13T16:48:00-08:00","logger":"tracecheck","msg":"Taking reconcile step","Depth":32,"# Distinct States":339,"Total States":342,"Resource States":67}
{"level":"info","ts":"2026-01-13T16:48:00-08:00","logger":"RevisionReconciler.seed","msg":"added podscalable to informer","resource":"deployments","namespace":"default","name":"kamera-test-deployment","stage":"podscalable-add","keys":["default/kamera-test-deployment"]}
{"level":"info","ts":"2026-01-13T16:48:00-08:00","logger":"RevisionReconciler.seed","msg":"podscalable visible to lister","resource":"deployments","namespace":"default","name":"kamera-test-deployment","stage":"podscalable-lister","object":{"apiVersion":"autoscaling.internal.knative.dev/v1alpha1","kind":"PodScalable","namespace":"default","name":"kamera-test-deployment"}}
{"level":"error","ts":1768351680.7190511,"logger":"fallback","caller":"revision/controller.go:116","msg":"Failed to create resolver transport","error":"open /var/run/secrets/kubernetes.io/serviceaccount/ca.crt: no such file or directory","stacktrace":"knative.dev/serving/pkg/reconciler/revision.newControllerWithOptions\n\t/Users/tgoodwin/tmp/gomodcache/knative.dev/serving@v0.46.5/pkg/reconciler/revision/controller.go:116\nknative.dev/serving/pkg/reconciler/revision.NewController\n\t/Users/tgoodwin/tmp/gomodcache/knative.dev/serving@v0.46.5/pkg/reconciler/revision/controller.go:64\nmain.configureKnativeExplorer.func1.1\n\t/Users/tgoodwin/projects/kamera/examples/knative-serving/scenario.go:91\ngithub.com/tgoodwin/kamera/examples/knative-serving/knative.NewKnativeStrategy.func1\n\t/Users/tgoodwin/projects/kamera/examples/knative-serving/knative/harness.go:555\ngithub.com/tgoodwin/kamera/examples/knative-serving/knative.(*KnativeStrategy).ReconcileAtState\n\t/Users/tgoodwin/projects/kamera/examples/knative-serving/knative/harness.go:895\ngithub.com/tgoodwin/kamera/pkg/tracecheck.(*ReconcilerContainer).doReconcile\n\t/Users/tgoodwin/projects/kamera/pkg/tracecheck/reconciler.go:164\ngithub.com/tgoodwin/kamera/pkg/tracecheck.(*Explorer).reconcileAtState\n\t/Users/tgoodwin/projects/kamera/pkg/tracecheck/explore.go:1313\ngithub.com/tgoodwin/kamera/pkg/tracecheck.(*Explorer).takeReconcileStep\n\t/Users/tgoodwin/projects/kamera/pkg/tracecheck/explore.go:1228\ngithub.com/tgoodwin/kamera/pkg/tracecheck.(*Explorer).explore\n\t/Users/tgoodwin/projects/kamera/pkg/tracecheck/explore.go:790\ngithub.com/tgoodwin/kamera/pkg/tracecheck.(*Explorer).Explore.func1\n\t/Users/tgoodwin/projects/kamera/pkg/tracecheck/explore.go:330"}
{"level":"info","ts":1768351680.719392,"logger":"fallback","caller":"revision/reconcile_resources.go:161","msg":"Reconciling PA: kamera-test"}
{"level":"info","ts":"2026-01-13T16:48:00-08:00","logger":"RevisionReconciler.reconcile","msg":"reconcile completed","key":"default/kamera-test","reconciler":"knative.dev.serving.pkg.reconciler.revision.Reconciler","requeue":false,"requeueAfter":0}
{"level":"info","ts":"2026-01-13T16:48:00-08:00","logger":"tracecheck","msg":"Taking reconcile step","Depth":33,"# Distinct States":340,"Total States":343,"Resource States":67}
{"level":"info","ts":"2026-01-13T16:48:00-08:00","logger":"tracecheck","msg":"Taking reconcile step","Depth":34,"# Distinct States":341,"Total States":344,"Resource States":67}
{"level":"info","ts":"2026-01-13T16:48:00-08:00","logger":"tracecheck","msg":"Taking reconcile step","Depth":35,"# Distinct States":342,"Total States":345,"Resource States":67}
{"level":"info","ts":"2026-01-13T16:48:00-08:00","logger":"KPAReconciler.seed","msg":"added podscalable to informer","resource":"deployments","namespace":"default","name":"kamera-test-deployment","stage":"podscalable-add","keys":["default/kamera-test-deployment"]}
{"level":"info","ts":"2026-01-13T16:48:00-08:00","logger":"KPAReconciler.seed","msg":"podscalable visible to lister","resource":"deployments","namespace":"default","name":"kamera-test-deployment","stage":"podscalable-lister","object":{"apiVersion":"autoscaling.internal.knative.dev/v1alpha1","kind":"PodScalable","namespace":"default","name":"kamera-test-deployment"}}
{"level":"info","ts":1768351680.829826,"logger":"fallback","caller":"kpa/controller.go:77","msg":"Setting up ConfigMap receivers"}
{"level":"info","ts":1768351680.829921,"logger":"fallback","caller":"kpa/controller.go:91","msg":"Setting up KPA-Class event handlers"}
{"level":"info","ts":1768351680.830025,"logger":"fallback","caller":"kpa/kpa.go:158","msg":"SKS should be in Proxy mode: want = -1, ebc = 0, #act's = 2 PA Inactive? = false"}
{"level":"info","ts":1768351680.8300438,"logger":"fallback","caller":"kpa/kpa.go:178","msg":"PA scale got=0, want=-1, desiredPods=0 ebc=0"}
{"level":"info","ts":1768351680.83005,"logger":"fallback","caller":"kpa/kpa.go:188","msg":"Observed pod counts=kpa.podCounts{want:-1, ready:0, notReady:1, pending:0, terminating:0}"}
{"level":"info","ts":"2026-01-13T16:48:00-08:00","logger":"KPAReconciler.reconcile","msg":"reconcile completed","key":"default/kamera-test","reconciler":"knative.dev.serving.pkg.reconciler.autoscaling.kpa.Reconciler","requeue":false,"requeueAfter":0}
{"level":"info","ts":"2026-01-13T16:48:00-08:00","logger":"tracecheck","msg":"Taking reconcile step","Depth":36,"# Distinct States":343,"Total States":346,"Resource States":67}
{"level":"info","ts":"2026-01-13T16:48:00-08:00","logger":"tracecheck","msg":"Taking reconcile step","Depth":37,"# Distinct States":344,"Total States":347,"Resource States":67}
{"level":"info","ts":"2026-01-13T16:48:00-08:00","logger":"ServerlessServiceReconciler.seed","msg":"added podscalable to informer","resource":"deployments","namespace":"default","name":"kamera-test-deployment","stage":"podscalable-add","keys":["default/kamera-test-deployment"]}
{"level":"info","ts":"2026-01-13T16:48:00-08:00","logger":"ServerlessServiceReconciler.seed","msg":"podscalable visible to lister","resource":"deployments","namespace":"default","name":"kamera-test-deployment","stage":"podscalable-lister","object":{"apiVersion":"autoscaling.internal.knative.dev/v1alpha1","kind":"PodScalable","namespace":"default","name":"kamera-test-deployment"}}
{"level":"info","ts":1768351680.937195,"logger":"fallback","caller":"serverlessservice/controller.go:90","msg":"Doing a global resync due to activator endpoint changes"}
{"level":"info","ts":1768351680.9372292,"logger":"fallback","caller":"serverlessservice/serverlessservice.go:217","msg":"SKS is in Proxy mode; has 0 endpoints in kamera-test-private; 1 activator endpoints"}
{"level":"info","ts":1768351680.937243,"logger":"fallback","caller":"serverlessservice/serverlessservice.go:245","msg":"Forcing SKS into Proxy mode, insufficient ready endpoints."}
{"level":"info","ts":1768351680.9372532,"logger":"fallback","caller":"serverlessservice/serverlessservice.go:290","msg":"No ready endpoints backing revision"}
{"level":"info","ts":"2026-01-13T16:48:00-08:00","logger":"ServerlessServiceReconciler.reconcile","msg":"reconcile completed","key":"default/kamera-test","reconciler":"knative.dev.serving.pkg.reconciler.serverlessservice.reconciler","requeue":false,"requeueAfter":0}
{"level":"info","ts":"2026-01-13T16:48:00-08:00","logger":"tracecheck","msg":"Taking reconcile step","Depth":38,"# Distinct States":345,"Total States":348,"Resource States":67}
{"level":"info","ts":"2026-01-13T16:48:00-08:00","logger":"tracecheck","msg":"updated pod status","Depth":38,"# Distinct States":345,"Total States":348,"Resource States":67,"phase":"Running","pod":{"name":"kamera-test-deployment-1488584584-0","namespace":"default"}}
{"level":"info","ts":"2026-01-13T16:48:00-08:00","logger":"tracecheck","msg":"Taking reconcile step","Depth":39,"# Distinct States":346,"Total States":349,"Resource States":67}
{"level":"info","ts":"2026-01-13T16:48:00-08:00","logger":"tracecheck","msg":"Taking reconcile step","Depth":40,"# Distinct States":347,"Total States":350,"Resource States":67}
{"level":"info","ts":"2026-01-13T16:48:01-08:00","logger":"ConfigurationReconciler.seed","msg":"added podscalable to informer","resource":"deployments","namespace":"default","name":"kamera-test-deployment","stage":"podscalable-add","keys":["default/kamera-test-deployment"]}
{"level":"info","ts":"2026-01-13T16:48:01-08:00","logger":"ConfigurationReconciler.seed","msg":"podscalable visible to lister","resource":"deployments","namespace":"default","name":"kamera-test-deployment","stage":"podscalable-lister","object":{"apiVersion":"autoscaling.internal.knative.dev/v1alpha1","kind":"PodScalable","namespace":"default","name":"kamera-test-deployment"}}
{"level":"info","ts":1768351681.049758,"logger":"fallback","caller":"configuration/configuration.go:103","msg":"Revision \"kamera-test\" of configuration is not ready"}
{"level":"info","ts":"2026-01-13T16:48:01-08:00","logger":"ConfigurationReconciler.reconcile","msg":"reconcile completed","key":"default/demo","reconciler":"knative.dev.serving.pkg.reconciler.configuration.Reconciler","requeue":false,"requeueAfter":0}
{"level":"info","ts":"2026-01-13T16:48:01-08:00","logger":"tracecheck","msg":"Taking reconcile step","Depth":41,"# Distinct States":348,"Total States":351,"Resource States":67}
{"level":"info","ts":"2026-01-13T16:48:01-08:00","logger":"RevisionReconciler.seed","msg":"added podscalable to informer","resource":"deployments","namespace":"default","name":"kamera-test-deployment","stage":"podscalable-add","keys":["default/kamera-test-deployment"]}
{"level":"info","ts":"2026-01-13T16:48:01-08:00","logger":"RevisionReconciler.seed","msg":"podscalable visible to lister","resource":"deployments","namespace":"default","name":"kamera-test-deployment","stage":"podscalable-lister","object":{"apiVersion":"autoscaling.internal.knative.dev/v1alpha1","kind":"PodScalable","namespace":"default","name":"kamera-test-deployment"}}
{"level":"error","ts":1768351681.156488,"logger":"fallback","caller":"revision/controller.go:116","msg":"Failed to create resolver transport","error":"open /var/run/secrets/kubernetes.io/serviceaccount/ca.crt: no such file or directory","stacktrace":"knative.dev/serving/pkg/reconciler/revision.newControllerWithOptions\n\t/Users/tgoodwin/tmp/gomodcache/knative.dev/serving@v0.46.5/pkg/reconciler/revision/controller.go:116\nknative.dev/serving/pkg/reconciler/revision.NewController\n\t/Users/tgoodwin/tmp/gomodcache/knative.dev/serving@v0.46.5/pkg/reconciler/revision/controller.go:64\nmain.configureKnativeExplorer.func1.1\n\t/Users/tgoodwin/projects/kamera/examples/knative-serving/scenario.go:91\ngithub.com/tgoodwin/kamera/examples/knative-serving/knative.NewKnativeStrategy.func1\n\t/Users/tgoodwin/projects/kamera/examples/knative-serving/knative/harness.go:555\ngithub.com/tgoodwin/kamera/examples/knative-serving/knative.(*KnativeStrategy).ReconcileAtState\n\t/Users/tgoodwin/projects/kamera/examples/knative-serving/knative/harness.go:895\ngithub.com/tgoodwin/kamera/pkg/tracecheck.(*ReconcilerContainer).doReconcile\n\t/Users/tgoodwin/projects/kamera/pkg/tracecheck/reconciler.go:164\ngithub.com/tgoodwin/kamera/pkg/tracecheck.(*Explorer).reconcileAtState\n\t/Users/tgoodwin/projects/kamera/pkg/tracecheck/explore.go:1313\ngithub.com/tgoodwin/kamera/pkg/tracecheck.(*Explorer).takeReconcileStep\n\t/Users/tgoodwin/projects/kamera/pkg/tracecheck/explore.go:1228\ngithub.com/tgoodwin/kamera/pkg/tracecheck.(*Explorer).explore\n\t/Users/tgoodwin/projects/kamera/pkg/tracecheck/explore.go:790\ngithub.com/tgoodwin/kamera/pkg/tracecheck.(*Explorer).Explore.func1\n\t/Users/tgoodwin/projects/kamera/pkg/tracecheck/explore.go:330"}
{"level":"info","ts":1768351681.156845,"logger":"fallback","caller":"revision/reconcile_resources.go:161","msg":"Reconciling PA: kamera-test"}
{"level":"info","ts":"2026-01-13T16:48:01-08:00","logger":"RevisionReconciler.reconcile","msg":"reconcile completed","key":"default/kamera-test","reconciler":"knative.dev.serving.pkg.reconciler.revision.Reconciler","requeue":false,"requeueAfter":0}
{"level":"info","ts":"2026-01-13T16:48:01-08:00","logger":"tracecheck","msg":"Taking reconcile step","Depth":42,"# Distinct States":349,"Total States":352,"Resource States":67}
{"level":"info","ts":"2026-01-13T16:48:01-08:00","logger":"KPAReconciler.seed","msg":"added podscalable to informer","resource":"deployments","namespace":"default","name":"kamera-test-deployment","stage":"podscalable-add","keys":["default/kamera-test-deployment"]}
{"level":"info","ts":"2026-01-13T16:48:01-08:00","logger":"KPAReconciler.seed","msg":"podscalable visible to lister","resource":"deployments","namespace":"default","name":"kamera-test-deployment","stage":"podscalable-lister","object":{"apiVersion":"autoscaling.internal.knative.dev/v1alpha1","kind":"PodScalable","namespace":"default","name":"kamera-test-deployment"}}
{"level":"info","ts":1768351681.263395,"logger":"fallback","caller":"kpa/controller.go:77","msg":"Setting up ConfigMap receivers"}
{"level":"info","ts":1768351681.263508,"logger":"fallback","caller":"kpa/controller.go:91","msg":"Setting up KPA-Class event handlers"}
{"level":"info","ts":1768351681.2636302,"logger":"fallback","caller":"kpa/kpa.go:158","msg":"SKS should be in Proxy mode: want = -1, ebc = 0, #act's = 2 PA Inactive? = false"}
{"level":"info","ts":1768351681.263655,"logger":"fallback","caller":"kpa/kpa.go:178","msg":"PA scale got=1, want=-1, desiredPods=0 ebc=0"}
{"level":"info","ts":1768351681.263665,"logger":"fallback","caller":"kpa/kpa.go:188","msg":"Observed pod counts=kpa.podCounts{want:-1, ready:1, notReady:0, pending:0, terminating:0}"}
{"level":"info","ts":"2026-01-13T16:48:01-08:00","logger":"KPAReconciler.reconcile","msg":"reconcile completed","key":"default/kamera-test","reconciler":"knative.dev.serving.pkg.reconciler.autoscaling.kpa.Reconciler","requeue":false,"requeueAfter":0}
{"level":"info","ts":"2026-01-13T16:48:01-08:00","logger":"tracecheck","msg":"Taking reconcile step","Depth":43,"# Distinct States":350,"Total States":353,"Resource States":67}
{"level":"info","ts":"2026-01-13T16:48:01-08:00","logger":"tracecheck","msg":"Taking reconcile step","Depth":44,"# Distinct States":351,"Total States":354,"Resource States":67}
{"level":"info","ts":"2026-01-13T16:48:01-08:00","logger":"tracecheck","msg":"Updated ReplicaSet status","Depth":44,"# Distinct States":351,"Total States":354,"Resource States":67,"name":"kamera-test-deployment-1488584584"}
{"level":"info","ts":"2026-01-13T16:48:01-08:00","logger":"tracecheck","msg":"Taking reconcile step","Depth":45,"# Distinct States":352,"Total States":355,"Resource States":67}
{"level":"info","ts":"2026-01-13T16:48:01-08:00","logger":"KPAReconciler.seed","msg":"added podscalable to informer","resource":"deployments","namespace":"default","name":"kamera-test-deployment","stage":"podscalable-add","keys":["default/kamera-test-deployment"]}
{"level":"info","ts":"2026-01-13T16:48:01-08:00","logger":"KPAReconciler.seed","msg":"podscalable visible to lister","resource":"deployments","namespace":"default","name":"kamera-test-deployment","stage":"podscalable-lister","object":{"apiVersion":"autoscaling.internal.knative.dev/v1alpha1","kind":"PodScalable","namespace":"default","name":"kamera-test-deployment"}}
{"level":"info","ts":1768351681.379227,"logger":"fallback","caller":"kpa/controller.go:77","msg":"Setting up ConfigMap receivers"}
{"level":"info","ts":1768351681.379315,"logger":"fallback","caller":"kpa/controller.go:91","msg":"Setting up KPA-Class event handlers"}
{"level":"info","ts":1768351681.379402,"logger":"fallback","caller":"kpa/scaler.go:229","msg":"Can deactivate PA, was active for 6s"}
{"level":"info","ts":1768351681.3794181,"logger":"fallback","caller":"kpa/kpa.go:158","msg":"SKS should be in Proxy mode: want = 0, ebc = 0, #act's = 2 PA Inactive? = false"}
{"level":"info","ts":1768351681.379433,"logger":"fallback","caller":"kpa/kpa.go:178","msg":"PA scale got=1, want=0, desiredPods=0 ebc=0"}
{"level":"info","ts":1768351681.37944,"logger":"fallback","caller":"kpa/kpa.go:188","msg":"Observed pod counts=kpa.podCounts{want:0, ready:1, notReady:0, pending:0, terminating:0}"}
{"level":"info","ts":"2026-01-13T16:48:01-08:00","logger":"KPAReconciler.reconcile","msg":"reconcile completed","key":"default/kamera-test","reconciler":"knative.dev.serving.pkg.reconciler.autoscaling.kpa.Reconciler","requeue":false,"requeueAfter":0}
{"level":"info","ts":"2026-01-13T16:48:01-08:00","logger":"tracecheck","msg":"Taking reconcile step","Depth":46,"# Distinct States":353,"Total States":356,"Resource States":67}
{"level":"info","ts":"2026-01-13T16:48:01-08:00","logger":"tracecheck","msg":"Taking reconcile step","Depth":47,"# Distinct States":354,"Total States":357,"Resource States":67}
{"level":"info","ts":"2026-01-13T16:48:01-08:00","logger":"RevisionReconciler.seed","msg":"added podscalable to informer","resource":"deployments","namespace":"default","name":"kamera-test-deployment","stage":"podscalable-add","keys":["default/kamera-test-deployment"]}
{"level":"info","ts":"2026-01-13T16:48:01-08:00","logger":"RevisionReconciler.seed","msg":"podscalable visible to lister","resource":"deployments","namespace":"default","name":"kamera-test-deployment","stage":"podscalable-lister","object":{"apiVersion":"autoscaling.internal.knative.dev/v1alpha1","kind":"PodScalable","namespace":"default","name":"kamera-test-deployment"}}
{"level":"error","ts":1768351681.48785,"logger":"fallback","caller":"revision/controller.go:116","msg":"Failed to create resolver transport","error":"open /var/run/secrets/kubernetes.io/serviceaccount/ca.crt: no such file or directory","stacktrace":"knative.dev/serving/pkg/reconciler/revision.newControllerWithOptions\n\t/Users/tgoodwin/tmp/gomodcache/knative.dev/serving@v0.46.5/pkg/reconciler/revision/controller.go:116\nknative.dev/serving/pkg/reconciler/revision.NewController\n\t/Users/tgoodwin/tmp/gomodcache/knative.dev/serving@v0.46.5/pkg/reconciler/revision/controller.go:64\nmain.configureKnativeExplorer.func1.1\n\t/Users/tgoodwin/projects/kamera/examples/knative-serving/scenario.go:91\ngithub.com/tgoodwin/kamera/examples/knative-serving/knative.NewKnativeStrategy.func1\n\t/Users/tgoodwin/projects/kamera/examples/knative-serving/knative/harness.go:555\ngithub.com/tgoodwin/kamera/examples/knative-serving/knative.(*KnativeStrategy).ReconcileAtState\n\t/Users/tgoodwin/projects/kamera/examples/knative-serving/knative/harness.go:895\ngithub.com/tgoodwin/kamera/pkg/tracecheck.(*ReconcilerContainer).doReconcile\n\t/Users/tgoodwin/projects/kamera/pkg/tracecheck/reconciler.go:164\ngithub.com/tgoodwin/kamera/pkg/tracecheck.(*Explorer).reconcileAtState\n\t/Users/tgoodwin/projects/kamera/pkg/tracecheck/explore.go:1313\ngithub.com/tgoodwin/kamera/pkg/tracecheck.(*Explorer).takeReconcileStep\n\t/Users/tgoodwin/projects/kamera/pkg/tracecheck/explore.go:1228\ngithub.com/tgoodwin/kamera/pkg/tracecheck.(*Explorer).explore\n\t/Users/tgoodwin/projects/kamera/pkg/tracecheck/explore.go:790\ngithub.com/tgoodwin/kamera/pkg/tracecheck.(*Explorer).Explore.func1\n\t/Users/tgoodwin/projects/kamera/pkg/tracecheck/explore.go:330"}
{"level":"info","ts":1768351681.488152,"logger":"fallback","caller":"revision/reconcile_resources.go:161","msg":"Reconciling PA: kamera-test"}
{"level":"info","ts":1768351681.4881752,"logger":"fallback","caller":"revision/revision.go:166","msg":"Revision became ready"}
{"level":"info","ts":"2026-01-13T16:48:01-08:00","logger":"RevisionReconciler.reconcile","msg":"reconcile completed","key":"default/kamera-test","reconciler":"knative.dev.serving.pkg.reconciler.revision.Reconciler","requeue":false,"requeueAfter":0}
{"level":"info","ts":"2026-01-13T16:48:01-08:00","logger":"tracecheck","msg":"Taking reconcile step","Depth":48,"# Distinct States":355,"Total States":358,"Resource States":67}
{"level":"info","ts":"2026-01-13T16:48:01-08:00","logger":"tracecheck","msg":"Updated Deployment status","Depth":48,"# Distinct States":355,"Total States":358,"Resource States":67,"name":"kamera-test-deployment"}
{"level":"info","ts":"2026-01-13T16:48:01-08:00","logger":"tracecheck","msg":"Taking reconcile step","Depth":49,"# Distinct States":356,"Total States":359,"Resource States":67}
{"level":"info","ts":"2026-01-13T16:48:01-08:00","logger":"tracecheck","msg":"Taking reconcile step","Depth":50,"# Distinct States":357,"Total States":360,"Resource States":67}
{"level":"info","ts":"2026-01-13T16:48:01-08:00","logger":"KPAReconciler.seed","msg":"added podscalable to informer","resource":"deployments","namespace":"default","name":"kamera-test-deployment","stage":"podscalable-add","keys":["default/kamera-test-deployment"]}
{"level":"info","ts":"2026-01-13T16:48:01-08:00","logger":"KPAReconciler.seed","msg":"podscalable visible to lister","resource":"deployments","namespace":"default","name":"kamera-test-deployment","stage":"podscalable-lister","object":{"apiVersion":"autoscaling.internal.knative.dev/v1alpha1","kind":"PodScalable","namespace":"default","name":"kamera-test-deployment"}}
{"level":"info","ts":1768351681.599713,"logger":"fallback","caller":"kpa/controller.go:77","msg":"Setting up ConfigMap receivers"}
{"level":"info","ts":1768351681.59983,"logger":"fallback","caller":"kpa/controller.go:91","msg":"Setting up KPA-Class event handlers"}
{"level":"info","ts":1768351681.599974,"logger":"fallback","caller":"kpa/scaler.go:379","msg":"Scaling from 1 to 0"}
{"level":"info","ts":1768351681.601713,"logger":"fallback","caller":"kpa/kpa.go:158","msg":"SKS should be in Proxy mode: want = 0, ebc = 0, #act's = 2 PA Inactive? = true"}
{"level":"info","ts":1768351681.601731,"logger":"fallback","caller":"kpa/kpa.go:178","msg":"PA scale got=1, want=0, desiredPods=0 ebc=0"}
{"level":"info","ts":1768351681.601739,"logger":"fallback","caller":"kpa/kpa.go:188","msg":"Observed pod counts=kpa.podCounts{want:0, ready:1, notReady:0, pending:0, terminating:0}"}
{"level":"info","ts":"2026-01-13T16:48:01-08:00","logger":"KPAReconciler.reconcile","msg":"reconcile completed","key":"default/kamera-test","reconciler":"knative.dev.serving.pkg.reconciler.autoscaling.kpa.Reconciler","requeue":false,"requeueAfter":0}
{"level":"info","ts":"2026-01-13T16:48:01-08:00","logger":"tracecheck","msg":"Taking reconcile step","Depth":51,"# Distinct States":358,"Total States":361,"Resource States":67}
{"level":"info","ts":"2026-01-13T16:48:01-08:00","logger":"ConfigurationReconciler.seed","msg":"added podscalable to informer","resource":"deployments","namespace":"default","name":"kamera-test-deployment","stage":"podscalable-add","keys":["default/kamera-test-deployment"]}
{"level":"info","ts":"2026-01-13T16:48:01-08:00","logger":"ConfigurationReconciler.seed","msg":"podscalable visible to lister","resource":"deployments","namespace":"default","name":"kamera-test-deployment","stage":"podscalable-lister","object":{"apiVersion":"autoscaling.internal.knative.dev/v1alpha1","kind":"PodScalable","namespace":"default","name":"kamera-test-deployment"}}
{"level":"info","ts":1768351681.710134,"logger":"fallback","caller":"configuration/configuration.go:106","msg":"Revision \"kamera-test\" of configuration is ready"}
{"level":"info","ts":"2026-01-13T16:48:01-08:00","logger":"ConfigurationReconciler.reconcile","msg":"reconcile completed","key":"default/demo","reconciler":"knative.dev.serving.pkg.reconciler.configuration.Reconciler","requeue":false,"requeueAfter":0}
{"level":"info","ts":"2026-01-13T16:48:01-08:00","logger":"tracecheck","msg":"Taking reconcile step","Depth":52,"# Distinct States":359,"Total States":362,"Resource States":67}
{"level":"info","ts":"2026-01-13T16:48:01-08:00","logger":"tracecheck","msg":"Taking reconcile step","Depth":43,"# Distinct States":360,"Total States":363,"Resource States":67}
{"level":"info","ts":"2026-01-13T16:48:01-08:00","logger":"RevisionReconciler.seed","msg":"added podscalable to informer","resource":"deployments","namespace":"default","name":"kamera-test-deployment","stage":"podscalable-add","keys":["default/kamera-test-deployment"]}
{"level":"info","ts":"2026-01-13T16:48:01-08:00","logger":"RevisionReconciler.seed","msg":"podscalable visible to lister","resource":"deployments","namespace":"default","name":"kamera-test-deployment","stage":"podscalable-lister","object":{"apiVersion":"autoscaling.internal.knative.dev/v1alpha1","kind":"PodScalable","namespace":"default","name":"kamera-test-deployment"}}
{"level":"error","ts":1768351681.81853,"logger":"fallback","caller":"revision/controller.go:116","msg":"Failed to create resolver transport","error":"open /var/run/secrets/kubernetes.io/serviceaccount/ca.crt: no such file or directory","stacktrace":"knative.dev/serving/pkg/reconciler/revision.newControllerWithOptions\n\t/Users/tgoodwin/tmp/gomodcache/knative.dev/serving@v0.46.5/pkg/reconciler/revision/controller.go:116\nknative.dev/serving/pkg/reconciler/revision.NewController\n\t/Users/tgoodwin/tmp/gomodcache/knative.dev/serving@v0.46.5/pkg/reconciler/revision/controller.go:64\nmain.configureKnativeExplorer.func1.1\n\t/Users/tgoodwin/projects/kamera/examples/knative-serving/scenario.go:91\ngithub.com/tgoodwin/kamera/examples/knative-serving/knative.NewKnativeStrategy.func1\n\t/Users/tgoodwin/projects/kamera/examples/knative-serving/knative/harness.go:555\ngithub.com/tgoodwin/kamera/examples/knative-serving/knative.(*KnativeStrategy).ReconcileAtState\n\t/Users/tgoodwin/projects/kamera/examples/knative-serving/knative/harness.go:895\ngithub.com/tgoodwin/kamera/pkg/tracecheck.(*ReconcilerContainer).doReconcile\n\t/Users/tgoodwin/projects/kamera/pkg/tracecheck/reconciler.go:164\ngithub.com/tgoodwin/kamera/pkg/tracecheck.(*Explorer).reconcileAtState\n\t/Users/tgoodwin/projects/kamera/pkg/tracecheck/explore.go:1313\ngithub.com/tgoodwin/kamera/pkg/tracecheck.(*Explorer).takeReconcileStep\n\t/Users/tgoodwin/projects/kamera/pkg/tracecheck/explore.go:1228\ngithub.com/tgoodwin/kamera/pkg/tracecheck.(*Explorer).explore\n\t/Users/tgoodwin/projects/kamera/pkg/tracecheck/explore.go:790\ngithub.com/tgoodwin/kamera/pkg/tracecheck.(*Explorer).Explore.func1\n\t/Users/tgoodwin/projects/kamera/pkg/tracecheck/explore.go:330"}
{"level":"info","ts":1768351681.818906,"logger":"fallback","caller":"revision/reconcile_resources.go:161","msg":"Reconciling PA: kamera-test"}
{"level":"info","ts":1768351681.818933,"logger":"fallback","caller":"revision/revision.go:166","msg":"Revision became ready"}
{"level":"info","ts":"2026-01-13T16:48:01-08:00","logger":"RevisionReconciler.reconcile","msg":"reconcile completed","key":"default/kamera-test","reconciler":"knative.dev.serving.pkg.reconciler.revision.Reconciler","requeue":false,"requeueAfter":0}
{"level":"info","ts":"2026-01-13T16:48:01-08:00","logger":"tracecheck","msg":"Taking reconcile step","Depth":44,"# Distinct States":361,"Total States":364,"Resource States":67}
{"level":"info","ts":"2026-01-13T16:48:01-08:00","logger":"tracecheck","msg":"Taking reconcile step","Depth":45,"# Distinct States":362,"Total States":365,"Resource States":67}
{"level":"info","ts":"2026-01-13T16:48:01-08:00","logger":"tracecheck","msg":"Updated ReplicaSet status","Depth":45,"# Distinct States":362,"Total States":365,"Resource States":67,"name":"kamera-test-deployment-1488584584"}
{"level":"info","ts":"2026-01-13T16:48:01-08:00","logger":"tracecheck","msg":"Taking reconcile step","Depth":46,"# Distinct States":363,"Total States":366,"Resource States":67}
{"level":"info","ts":"2026-01-13T16:48:01-08:00","logger":"KPAReconciler.seed","msg":"added podscalable to informer","resource":"deployments","namespace":"default","name":"kamera-test-deployment","stage":"podscalable-add","keys":["default/kamera-test-deployment"]}
{"level":"info","ts":"2026-01-13T16:48:01-08:00","logger":"KPAReconciler.seed","msg":"podscalable visible to lister","resource":"deployments","namespace":"default","name":"kamera-test-deployment","stage":"podscalable-lister","object":{"apiVersion":"autoscaling.internal.knative.dev/v1alpha1","kind":"PodScalable","namespace":"default","name":"kamera-test-deployment"}}
{"level":"info","ts":1768351681.931605,"logger":"fallback","caller":"kpa/controller.go:77","msg":"Setting up ConfigMap receivers"}
{"level":"info","ts":1768351681.9316962,"logger":"fallback","caller":"kpa/controller.go:91","msg":"Setting up KPA-Class event handlers"}
{"level":"info","ts":1768351681.931788,"logger":"fallback","caller":"kpa/scaler.go:229","msg":"Can deactivate PA, was active for 8s"}
{"level":"info","ts":1768351681.931803,"logger":"fallback","caller":"kpa/kpa.go:158","msg":"SKS should be in Proxy mode: want = 0, ebc = 0, #act's = 2 PA Inactive? = false"}
{"level":"info","ts":1768351681.93182,"logger":"fallback","caller":"kpa/kpa.go:178","msg":"PA scale got=1, want=0, desiredPods=0 ebc=0"}
{"level":"info","ts":1768351681.931828,"logger":"fallback","caller":"kpa/kpa.go:188","msg":"Observed pod counts=kpa.podCounts{want:0, ready:1, notReady:0, pending:0, terminating:0}"}
{"level":"info","ts":"2026-01-13T16:48:01-08:00","logger":"KPAReconciler.reconcile","msg":"reconcile completed","key":"default/kamera-test","reconciler":"knative.dev.serving.pkg.reconciler.autoscaling.kpa.Reconciler","requeue":false,"requeueAfter":0}
{"level":"info","ts":"2026-01-13T16:48:01-08:00","logger":"tracecheck","msg":"Taking reconcile step","Depth":47,"# Distinct States":364,"Total States":367,"Resource States":67}
{"level":"info","ts":"2026-01-13T16:48:01-08:00","logger":"tracecheck","msg":"Taking reconcile step","Depth":27,"# Distinct States":366,"Total States":369,"Resource States":67}
{"level":"info","ts":"2026-01-13T16:48:02-08:00","logger":"RevisionReconciler.seed","msg":"added podscalable to informer","resource":"deployments","namespace":"default","name":"kamera-test-deployment","stage":"podscalable-add","keys":["default/kamera-test-deployment"]}
{"level":"info","ts":"2026-01-13T16:48:02-08:00","logger":"RevisionReconciler.seed","msg":"podscalable visible to lister","resource":"deployments","namespace":"default","name":"kamera-test-deployment","stage":"podscalable-lister","object":{"apiVersion":"autoscaling.internal.knative.dev/v1alpha1","kind":"PodScalable","namespace":"default","name":"kamera-test-deployment"}}
{"level":"error","ts":1768351682.04036,"logger":"fallback","caller":"revision/controller.go:116","msg":"Failed to create resolver transport","error":"open /var/run/secrets/kubernetes.io/serviceaccount/ca.crt: no such file or directory","stacktrace":"knative.dev/serving/pkg/reconciler/revision.newControllerWithOptions\n\t/Users/tgoodwin/tmp/gomodcache/knative.dev/serving@v0.46.5/pkg/reconciler/revision/controller.go:116\nknative.dev/serving/pkg/reconciler/revision.NewController\n\t/Users/tgoodwin/tmp/gomodcache/knative.dev/serving@v0.46.5/pkg/reconciler/revision/controller.go:64\nmain.configureKnativeExplorer.func1.1\n\t/Users/tgoodwin/projects/kamera/examples/knative-serving/scenario.go:91\ngithub.com/tgoodwin/kamera/examples/knative-serving/knative.NewKnativeStrategy.func1\n\t/Users/tgoodwin/projects/kamera/examples/knative-serving/knative/harness.go:555\ngithub.com/tgoodwin/kamera/examples/knative-serving/knative.(*KnativeStrategy).ReconcileAtState\n\t/Users/tgoodwin/projects/kamera/examples/knative-serving/knative/harness.go:895\ngithub.com/tgoodwin/kamera/pkg/tracecheck.(*ReconcilerContainer).doReconcile\n\t/Users/tgoodwin/projects/kamera/pkg/tracecheck/reconciler.go:164\ngithub.com/tgoodwin/kamera/pkg/tracecheck.(*Explorer).reconcileAtState\n\t/Users/tgoodwin/projects/kamera/pkg/tracecheck/explore.go:1313\ngithub.com/tgoodwin/kamera/pkg/tracecheck.(*Explorer).takeReconcileStep\n\t/Users/tgoodwin/projects/kamera/pkg/tracecheck/explore.go:1228\ngithub.com/tgoodwin/kamera/pkg/tracecheck.(*Explorer).explore\n\t/Users/tgoodwin/projects/kamera/pkg/tracecheck/explore.go:790\ngithub.com/tgoodwin/kamera/pkg/tracecheck.(*Explorer).Explore.func1\n\t/Users/tgoodwin/projects/kamera/pkg/tracecheck/explore.go:330"}
{"level":"info","ts":1768351682.040777,"logger":"fallback","caller":"revision/reconcile_resources.go:161","msg":"Reconciling PA: kamera-test"}
{"level":"info","ts":"2026-01-13T16:48:02-08:00","logger":"RevisionReconciler.reconcile","msg":"reconcile completed","key":"default/kamera-test","reconciler":"knative.dev.serving.pkg.reconciler.revision.Reconciler","requeue":false,"requeueAfter":0}
{"level":"info","ts":"2026-01-13T16:48:02-08:00","logger":"tracecheck","msg":"Taking reconcile step","Depth":28,"# Distinct States":367,"Total States":370,"Resource States":68}
{"level":"info","ts":"2026-01-13T16:48:02-08:00","logger":"ServerlessServiceReconciler.seed","msg":"added podscalable to informer","resource":"deployments","namespace":"default","name":"kamera-test-deployment","stage":"podscalable-add","keys":["default/kamera-test-deployment"]}
{"level":"info","ts":"2026-01-13T16:48:02-08:00","logger":"ServerlessServiceReconciler.seed","msg":"podscalable visible to lister","resource":"deployments","namespace":"default","name":"kamera-test-deployment","stage":"podscalable-lister","object":{"apiVersion":"autoscaling.internal.knative.dev/v1alpha1","kind":"PodScalable","namespace":"default","name":"kamera-test-deployment"}}
{"level":"info","ts":1768351682.148997,"logger":"fallback","caller":"serverlessservice/serverlessservice.go:217","msg":"SKS is in Proxy mode; has 0 endpoints in kamera-test-private; 1 activator endpoints"}
{"level":"info","ts":1768351682.1490188,"logger":"fallback","caller":"serverlessservice/serverlessservice.go:245","msg":"Forcing SKS into Proxy mode, insufficient ready endpoints."}
{"level":"info","ts":1768351682.148996,"logger":"fallback","caller":"serverlessservice/controller.go:90","msg":"Doing a global resync due to activator endpoint changes"}
{"level":"info","ts":1768351682.1490712,"logger":"fallback","caller":"serverlessservice/serverlessservice.go:265","msg":"Public endpoints object does not exist; creating."}
{"level":"info","ts":1768351682.149392,"logger":"fallback","caller":"serverlessservice/serverlessservice.go:270","msg":"Created K8s Endpoints: kamera-test"}
{"level":"info","ts":1768351682.149408,"logger":"fallback","caller":"serverlessservice/serverlessservice.go:290","msg":"No ready endpoints backing revision"}
{"level":"info","ts":"2026-01-13T16:48:02-08:00","logger":"ServerlessServiceReconciler.reconcile","msg":"reconcile completed","key":"default/kamera-test","reconciler":"knative.dev.serving.pkg.reconciler.serverlessservice.reconciler","requeue":false,"requeueAfter":0}
{"level":"info","ts":"2026-01-13T16:48:02-08:00","logger":"tracecheck","msg":"Taking reconcile step","Depth":29,"# Distinct States":368,"Total States":371,"Resource States":69}
{"level":"info","ts":"2026-01-13T16:48:02-08:00","logger":"tracecheck","msg":"Taking reconcile step","Depth":30,"# Distinct States":369,"Total States":372,"Resource States":69}
{"level":"info","ts":"2026-01-13T16:48:02-08:00","logger":"tracecheck","msg":"Taking reconcile step","Depth":31,"# Distinct States":370,"Total States":373,"Resource States":69}
{"level":"info","ts":"2026-01-13T16:48:02-08:00","logger":"tracecheck","msg":"updated pod status","Depth":31,"# Distinct States":370,"Total States":373,"Resource States":69,"phase":"Running","pod":{"name":"kamera-test-deployment-1488584584-0","namespace":"default"}}
{"level":"info","ts":"2026-01-13T16:48:02-08:00","logger":"tracecheck","msg":"Taking reconcile step","Depth":32,"# Distinct States":371,"Total States":374,"Resource States":70}
{"level":"info","ts":"2026-01-13T16:48:02-08:00","logger":"tracecheck","msg":"Updated Deployment status","Depth":32,"# Distinct States":371,"Total States":374,"Resource States":70,"name":"kamera-test-deployment"}
{"level":"info","ts":"2026-01-13T16:48:02-08:00","logger":"tracecheck","msg":"Taking reconcile step","Depth":33,"# Distinct States":372,"Total States":375,"Resource States":70}
{"level":"info","ts":"2026-01-13T16:48:02-08:00","logger":"tracecheck","msg":"Taking reconcile step","Depth":34,"# Distinct States":373,"Total States":376,"Resource States":70}
{"level":"info","ts":"2026-01-13T16:48:02-08:00","logger":"tracecheck","msg":"Taking reconcile step","Depth":35,"# Distinct States":374,"Total States":377,"Resource States":70}
{"level":"info","ts":"2026-01-13T16:48:02-08:00","logger":"KPAReconciler.seed","msg":"added podscalable to informer","resource":"deployments","namespace":"default","name":"kamera-test-deployment","stage":"podscalable-add","keys":["default/kamera-test-deployment"]}
{"level":"info","ts":"2026-01-13T16:48:02-08:00","logger":"KPAReconciler.seed","msg":"podscalable visible to lister","resource":"deployments","namespace":"default","name":"kamera-test-deployment","stage":"podscalable-lister","object":{"apiVersion":"autoscaling.internal.knative.dev/v1alpha1","kind":"PodScalable","namespace":"default","name":"kamera-test-deployment"}}
{"level":"info","ts":1768351682.275302,"logger":"fallback","caller":"kpa/controller.go:77","msg":"Setting up ConfigMap receivers"}
{"level":"info","ts":1768351682.275394,"logger":"fallback","caller":"kpa/controller.go:91","msg":"Setting up KPA-Class event handlers"}
{"level":"info","ts":1768351682.275508,"logger":"fallback","caller":"kpa/kpa.go:158","msg":"SKS should be in Proxy mode: want = -1, ebc = 0, #act's = 2 PA Inactive? = false"}
{"level":"info","ts":1768351682.275528,"logger":"fallback","caller":"kpa/kpa.go:178","msg":"PA scale got=0, want=-1, desiredPods=0 ebc=0"}
{"level":"info","ts":1768351682.2755358,"logger":"fallback","caller":"kpa/kpa.go:188","msg":"Observed pod counts=kpa.podCounts{want:-1, ready:0, notReady:1, pending:0, terminating:0}"}
{"level":"info","ts":"2026-01-13T16:48:02-08:00","logger":"KPAReconciler.reconcile","msg":"reconcile completed","key":"default/kamera-test","reconciler":"knative.dev.serving.pkg.reconciler.autoscaling.kpa.Reconciler","requeue":false,"requeueAfter":0}
{"level":"info","ts":"2026-01-13T16:48:02-08:00","logger":"tracecheck","msg":"Taking reconcile step","Depth":36,"# Distinct States":375,"Total States":378,"Resource States":70}
{"level":"info","ts":"2026-01-13T16:48:02-08:00","logger":"tracecheck","msg":"Taking reconcile step","Depth":37,"# Distinct States":376,"Total States":379,"Resource States":70}
{"level":"info","ts":"2026-01-13T16:48:02-08:00","logger":"ConfigurationReconciler.seed","msg":"added podscalable to informer","resource":"deployments","namespace":"default","name":"kamera-test-deployment","stage":"podscalable-add","keys":["default/kamera-test-deployment"]}
{"level":"info","ts":"2026-01-13T16:48:02-08:00","logger":"ConfigurationReconciler.seed","msg":"podscalable visible to lister","resource":"deployments","namespace":"default","name":"kamera-test-deployment","stage":"podscalable-lister","object":{"apiVersion":"autoscaling.internal.knative.dev/v1alpha1","kind":"PodScalable","namespace":"default","name":"kamera-test-deployment"}}
{"level":"info","ts":1768351682.3827891,"logger":"fallback","caller":"configuration/configuration.go:103","msg":"Revision \"kamera-test\" of configuration is not ready"}
{"level":"info","ts":"2026-01-13T16:48:02-08:00","logger":"ConfigurationReconciler.reconcile","msg":"reconcile completed","key":"default/demo","reconciler":"knative.dev.serving.pkg.reconciler.configuration.Reconciler","requeue":false,"requeueAfter":0}
{"level":"info","ts":"2026-01-13T16:48:02-08:00","logger":"tracecheck","msg":"Taking reconcile step","Depth":38,"# Distinct States":377,"Total States":380,"Resource States":70}
{"level":"info","ts":"2026-01-13T16:48:02-08:00","logger":"RevisionReconciler.seed","msg":"added podscalable to informer","resource":"deployments","namespace":"default","name":"kamera-test-deployment","stage":"podscalable-add","keys":["default/kamera-test-deployment"]}
{"level":"info","ts":"2026-01-13T16:48:02-08:00","logger":"RevisionReconciler.seed","msg":"podscalable visible to lister","resource":"deployments","namespace":"default","name":"kamera-test-deployment","stage":"podscalable-lister","object":{"apiVersion":"autoscaling.internal.knative.dev/v1alpha1","kind":"PodScalable","namespace":"default","name":"kamera-test-deployment"}}
{"level":"error","ts":1768351682.488992,"logger":"fallback","caller":"revision/controller.go:116","msg":"Failed to create resolver transport","error":"open /var/run/secrets/kubernetes.io/serviceaccount/ca.crt: no such file or directory","stacktrace":"knative.dev/serving/pkg/reconciler/revision.newControllerWithOptions\n\t/Users/tgoodwin/tmp/gomodcache/knative.dev/serving@v0.46.5/pkg/reconciler/revision/controller.go:116\nknative.dev/serving/pkg/reconciler/revision.NewController\n\t/Users/tgoodwin/tmp/gomodcache/knative.dev/serving@v0.46.5/pkg/reconciler/revision/controller.go:64\nmain.configureKnativeExplorer.func1.1\n\t/Users/tgoodwin/projects/kamera/examples/knative-serving/scenario.go:91\ngithub.com/tgoodwin/kamera/examples/knative-serving/knative.NewKnativeStrategy.func1\n\t/Users/tgoodwin/projects/kamera/examples/knative-serving/knative/harness.go:555\ngithub.com/tgoodwin/kamera/examples/knative-serving/knative.(*KnativeStrategy).ReconcileAtState\n\t/Users/tgoodwin/projects/kamera/examples/knative-serving/knative/harness.go:895\ngithub.com/tgoodwin/kamera/pkg/tracecheck.(*ReconcilerContainer).doReconcile\n\t/Users/tgoodwin/projects/kamera/pkg/tracecheck/reconciler.go:164\ngithub.com/tgoodwin/kamera/pkg/tracecheck.(*Explorer).reconcileAtState\n\t/Users/tgoodwin/projects/kamera/pkg/tracecheck/explore.go:1313\ngithub.com/tgoodwin/kamera/pkg/tracecheck.(*Explorer).takeReconcileStep\n\t/Users/tgoodwin/projects/kamera/pkg/tracecheck/explore.go:1228\ngithub.com/tgoodwin/kamera/pkg/tracecheck.(*Explorer).explore\n\t/Users/tgoodwin/projects/kamera/pkg/tracecheck/explore.go:790\ngithub.com/tgoodwin/kamera/pkg/tracecheck.(*Explorer).Explore.func1\n\t/Users/tgoodwin/projects/kamera/pkg/tracecheck/explore.go:330"}
{"level":"info","ts":1768351682.489474,"logger":"fallback","caller":"revision/reconcile_resources.go:161","msg":"Reconciling PA: kamera-test"}
{"level":"info","ts":"2026-01-13T16:48:02-08:00","logger":"RevisionReconciler.reconcile","msg":"reconcile completed","key":"default/kamera-test","reconciler":"knative.dev.serving.pkg.reconciler.revision.Reconciler","requeue":false,"requeueAfter":0}
{"level":"info","ts":"2026-01-13T16:48:02-08:00","logger":"tracecheck","msg":"Taking reconcile step","Depth":39,"# Distinct States":378,"Total States":381,"Resource States":70}
{"level":"info","ts":"2026-01-13T16:48:02-08:00","logger":"ServerlessServiceReconciler.seed","msg":"added podscalable to informer","resource":"deployments","namespace":"default","name":"kamera-test-deployment","stage":"podscalable-add","keys":["default/kamera-test-deployment"]}
{"level":"info","ts":"2026-01-13T16:48:02-08:00","logger":"ServerlessServiceReconciler.seed","msg":"podscalable visible to lister","resource":"deployments","namespace":"default","name":"kamera-test-deployment","stage":"podscalable-lister","object":{"apiVersion":"autoscaling.internal.knative.dev/v1alpha1","kind":"PodScalable","namespace":"default","name":"kamera-test-deployment"}}
{"level":"info","ts":1768351682.5965078,"logger":"fallback","caller":"serverlessservice/controller.go:90","msg":"Doing a global resync due to activator endpoint changes"}
{"level":"info","ts":1768351682.596549,"logger":"fallback","caller":"serverlessservice/serverlessservice.go:217","msg":"SKS is in Proxy mode; has 0 endpoints in kamera-test-private; 1 activator endpoints"}
{"level":"info","ts":1768351682.596562,"logger":"fallback","caller":"serverlessservice/serverlessservice.go:245","msg":"Forcing SKS into Proxy mode, insufficient ready endpoints."}
{"level":"info","ts":1768351682.5965729,"logger":"fallback","caller":"serverlessservice/serverlessservice.go:290","msg":"No ready endpoints backing revision"}
{"level":"info","ts":"2026-01-13T16:48:02-08:00","logger":"ServerlessServiceReconciler.reconcile","msg":"reconcile completed","key":"default/kamera-test","reconciler":"knative.dev.serving.pkg.reconciler.serverlessservice.reconciler","requeue":false,"requeueAfter":0}
{"level":"info","ts":"2026-01-13T16:48:02-08:00","logger":"tracecheck","msg":"Taking reconcile step","Depth":40,"# Distinct States":379,"Total States":382,"Resource States":70}
{"level":"info","ts":"2026-01-13T16:48:02-08:00","logger":"tracecheck","msg":"updated pod status","Depth":40,"# Distinct States":379,"Total States":382,"Resource States":70,"phase":"Running","pod":{"name":"kamera-test-deployment-1488584584-0","namespace":"default"}}
{"level":"info","ts":"2026-01-13T16:48:02-08:00","logger":"tracecheck","msg":"Taking reconcile step","Depth":41,"# Distinct States":380,"Total States":383,"Resource States":70}
{"level":"info","ts":"2026-01-13T16:48:02-08:00","logger":"tracecheck","msg":"Taking reconcile step","Depth":28,"# Distinct States":381,"Total States":384,"Resource States":70}
{"level":"info","ts":"2026-01-13T16:48:02-08:00","logger":"RevisionReconciler.seed","msg":"added podscalable to informer","resource":"deployments","namespace":"default","name":"kamera-test-deployment","stage":"podscalable-add","keys":["default/kamera-test-deployment"]}
{"level":"info","ts":"2026-01-13T16:48:02-08:00","logger":"RevisionReconciler.seed","msg":"podscalable visible to lister","resource":"deployments","namespace":"default","name":"kamera-test-deployment","stage":"podscalable-lister","object":{"apiVersion":"autoscaling.internal.knative.dev/v1alpha1","kind":"PodScalable","namespace":"default","name":"kamera-test-deployment"}}
{"level":"error","ts":1768351682.7097442,"logger":"fallback","caller":"revision/controller.go:116","msg":"Failed to create resolver transport","error":"open /var/run/secrets/kubernetes.io/serviceaccount/ca.crt: no such file or directory","stacktrace":"knative.dev/serving/pkg/reconciler/revision.newControllerWithOptions\n\t/Users/tgoodwin/tmp/gomodcache/knative.dev/serving@v0.46.5/pkg/reconciler/revision/controller.go:116\nknative.dev/serving/pkg/reconciler/revision.NewController\n\t/Users/tgoodwin/tmp/gomodcache/knative.dev/serving@v0.46.5/pkg/reconciler/revision/controller.go:64\nmain.configureKnativeExplorer.func1.1\n\t/Users/tgoodwin/projects/kamera/examples/knative-serving/scenario.go:91\ngithub.com/tgoodwin/kamera/examples/knative-serving/knative.NewKnativeStrategy.func1\n\t/Users/tgoodwin/projects/kamera/examples/knative-serving/knative/harness.go:555\ngithub.com/tgoodwin/kamera/examples/knative-serving/knative.(*KnativeStrategy).ReconcileAtState\n\t/Users/tgoodwin/projects/kamera/examples/knative-serving/knative/harness.go:895\ngithub.com/tgoodwin/kamera/pkg/tracecheck.(*ReconcilerContainer).doReconcile\n\t/Users/tgoodwin/projects/kamera/pkg/tracecheck/reconciler.go:164\ngithub.com/tgoodwin/kamera/pkg/tracecheck.(*Explorer).reconcileAtState\n\t/Users/tgoodwin/projects/kamera/pkg/tracecheck/explore.go:1313\ngithub.com/tgoodwin/kamera/pkg/tracecheck.(*Explorer).takeReconcileStep\n\t/Users/tgoodwin/projects/kamera/pkg/tracecheck/explore.go:1228\ngithub.com/tgoodwin/kamera/pkg/tracecheck.(*Explorer).explore\n\t/Users/tgoodwin/projects/kamera/pkg/tracecheck/explore.go:790\ngithub.com/tgoodwin/kamera/pkg/tracecheck.(*Explorer).Explore.func1\n\t/Users/tgoodwin/projects/kamera/pkg/tracecheck/explore.go:330"}
{"level":"info","ts":1768351682.7101882,"logger":"fallback","caller":"revision/reconcile_resources.go:161","msg":"Reconciling PA: kamera-test"}
{"level":"info","ts":"2026-01-13T16:48:02-08:00","logger":"RevisionReconciler.reconcile","msg":"reconcile completed","key":"default/kamera-test","reconciler":"knative.dev.serving.pkg.reconciler.revision.Reconciler","requeue":false,"requeueAfter":0}
{"level":"info","ts":"2026-01-13T16:48:02-08:00","logger":"tracecheck","msg":"Taking reconcile step","Depth":29,"# Distinct States":382,"Total States":385,"Resource States":70}
{"level":"info","ts":"2026-01-13T16:48:02-08:00","logger":"ServerlessServiceReconciler.seed","msg":"added podscalable to informer","resource":"deployments","namespace":"default","name":"kamera-test-deployment","stage":"podscalable-add","keys":["default/kamera-test-deployment"]}
{"level":"info","ts":"2026-01-13T16:48:02-08:00","logger":"ServerlessServiceReconciler.seed","msg":"podscalable visible to lister","resource":"deployments","namespace":"default","name":"kamera-test-deployment","stage":"podscalable-lister","object":{"apiVersion":"autoscaling.internal.knative.dev/v1alpha1","kind":"PodScalable","namespace":"default","name":"kamera-test-deployment"}}
{"level":"info","ts":1768351682.81682,"logger":"fallback","caller":"serverlessservice/controller.go:90","msg":"Doing a global resync due to activator endpoint changes"}
{"level":"info","ts":1768351682.8168619,"logger":"fallback","caller":"serverlessservice/serverlessservice.go:217","msg":"SKS is in Proxy mode; has 0 endpoints in kamera-test-private; 1 activator endpoints"}
{"level":"info","ts":1768351682.816875,"logger":"fallback","caller":"serverlessservice/serverlessservice.go:245","msg":"Forcing SKS into Proxy mode, insufficient ready endpoints."}
{"level":"info","ts":1768351682.816885,"logger":"fallback","caller":"serverlessservice/serverlessservice.go:265","msg":"Public endpoints object does not exist; creating."}
{"level":"info","ts":1768351682.817142,"logger":"fallback","caller":"serverlessservice/serverlessservice.go:270","msg":"Created K8s Endpoints: kamera-test"}
{"level":"info","ts":1768351682.817154,"logger":"fallback","caller":"serverlessservice/serverlessservice.go:290","msg":"No ready endpoints backing revision"}
{"level":"info","ts":"2026-01-13T16:48:02-08:00","logger":"ServerlessServiceReconciler.reconcile","msg":"reconcile completed","key":"default/kamera-test","reconciler":"knative.dev.serving.pkg.reconciler.serverlessservice.reconciler","requeue":false,"requeueAfter":0}
{"level":"info","ts":"2026-01-13T16:48:02-08:00","logger":"tracecheck","msg":"Taking reconcile step","Depth":30,"# Distinct States":383,"Total States":386,"Resource States":70}
{"level":"info","ts":"2026-01-13T16:48:02-08:00","logger":"tracecheck","msg":"Taking reconcile step","Depth":31,"# Distinct States":384,"Total States":387,"Resource States":70}
{"level":"info","ts":"2026-01-13T16:48:02-08:00","logger":"tracecheck","msg":"Taking reconcile step","Depth":32,"# Distinct States":385,"Total States":388,"Resource States":70}
{"level":"info","ts":"2026-01-13T16:48:02-08:00","logger":"tracecheck","msg":"updated pod status","Depth":32,"# Distinct States":385,"Total States":388,"Resource States":70,"phase":"Running","pod":{"name":"kamera-test-deployment-1488584584-0","namespace":"default"}}
{"level":"info","ts":"2026-01-13T16:48:02-08:00","logger":"tracecheck","msg":"Taking reconcile step","Depth":33,"# Distinct States":386,"Total States":389,"Resource States":70}
{"level":"info","ts":"2026-01-13T16:48:02-08:00","logger":"tracecheck","msg":"Updated Deployment status","Depth":33,"# Distinct States":386,"Total States":389,"Resource States":70,"name":"kamera-test-deployment"}
{"level":"info","ts":"2026-01-13T16:48:02-08:00","logger":"tracecheck","msg":"Taking reconcile step","Depth":34,"# Distinct States":387,"Total States":390,"Resource States":70}
{"level":"info","ts":"2026-01-13T16:48:02-08:00","logger":"tracecheck","msg":"Taking reconcile step","Depth":35,"# Distinct States":388,"Total States":391,"Resource States":70}
{"level":"info","ts":"2026-01-13T16:48:02-08:00","logger":"tracecheck","msg":"Taking reconcile step","Depth":36,"# Distinct States":389,"Total States":392,"Resource States":70}
{"level":"info","ts":"2026-01-13T16:48:02-08:00","logger":"KPAReconciler.seed","msg":"added podscalable to informer","resource":"deployments","namespace":"default","name":"kamera-test-deployment","stage":"podscalable-add","keys":["default/kamera-test-deployment"]}
{"level":"info","ts":"2026-01-13T16:48:02-08:00","logger":"KPAReconciler.seed","msg":"podscalable visible to lister","resource":"deployments","namespace":"default","name":"kamera-test-deployment","stage":"podscalable-lister","object":{"apiVersion":"autoscaling.internal.knative.dev/v1alpha1","kind":"PodScalable","namespace":"default","name":"kamera-test-deployment"}}
{"level":"info","ts":1768351682.9415932,"logger":"fallback","caller":"kpa/controller.go:77","msg":"Setting up ConfigMap receivers"}
{"level":"info","ts":1768351682.941708,"logger":"fallback","caller":"kpa/controller.go:91","msg":"Setting up KPA-Class event handlers"}
{"level":"info","ts":1768351682.941822,"logger":"fallback","caller":"kpa/kpa.go:158","msg":"SKS should be in Proxy mode: want = -1, ebc = 0, #act's = 2 PA Inactive? = false"}
{"level":"info","ts":1768351682.941847,"logger":"fallback","caller":"kpa/kpa.go:178","msg":"PA scale got=0, want=-1, desiredPods=0 ebc=0"}
{"level":"info","ts":1768351682.941859,"logger":"fallback","caller":"kpa/kpa.go:188","msg":"Observed pod counts=kpa.podCounts{want:-1, ready:0, notReady:1, pending:0, terminating:0}"}
{"level":"info","ts":"2026-01-13T16:48:02-08:00","logger":"KPAReconciler.reconcile","msg":"reconcile completed","key":"default/kamera-test","reconciler":"knative.dev.serving.pkg.reconciler.autoscaling.kpa.Reconciler","requeue":false,"requeueAfter":0}
{"level":"info","ts":"2026-01-13T16:48:02-08:00","logger":"tracecheck","msg":"Taking reconcile step","Depth":37,"# Distinct States":390,"Total States":393,"Resource States":70}
{"level":"info","ts":"2026-01-13T16:48:02-08:00","logger":"tracecheck","msg":"Taking reconcile step","Depth":38,"# Distinct States":391,"Total States":394,"Resource States":70}
{"level":"info","ts":"2026-01-13T16:48:03-08:00","logger":"ConfigurationReconciler.seed","msg":"added podscalable to informer","resource":"deployments","namespace":"default","name":"kamera-test-deployment","stage":"podscalable-add","keys":["default/kamera-test-deployment"]}
{"level":"info","ts":"2026-01-13T16:48:03-08:00","logger":"ConfigurationReconciler.seed","msg":"podscalable visible to lister","resource":"deployments","namespace":"default","name":"kamera-test-deployment","stage":"podscalable-lister","object":{"apiVersion":"autoscaling.internal.knative.dev/v1alpha1","kind":"PodScalable","namespace":"default","name":"kamera-test-deployment"}}
{"level":"info","ts":1768351683.053858,"logger":"fallback","caller":"configuration/configuration.go:103","msg":"Revision \"kamera-test\" of configuration is not ready"}
{"level":"info","ts":"2026-01-13T16:48:03-08:00","logger":"ConfigurationReconciler.reconcile","msg":"reconcile completed","key":"default/demo","reconciler":"knative.dev.serving.pkg.reconciler.configuration.Reconciler","requeue":false,"requeueAfter":0}
{"level":"info","ts":"2026-01-13T16:48:03-08:00","logger":"tracecheck","msg":"Taking reconcile step","Depth":39,"# Distinct States":392,"Total States":395,"Resource States":70}
{"level":"info","ts":"2026-01-13T16:48:03-08:00","logger":"ServerlessServiceReconciler.seed","msg":"added podscalable to informer","resource":"deployments","namespace":"default","name":"kamera-test-deployment","stage":"podscalable-add","keys":["default/kamera-test-deployment"]}
{"level":"info","ts":"2026-01-13T16:48:03-08:00","logger":"ServerlessServiceReconciler.seed","msg":"podscalable visible to lister","resource":"deployments","namespace":"default","name":"kamera-test-deployment","stage":"podscalable-lister","object":{"apiVersion":"autoscaling.internal.knative.dev/v1alpha1","kind":"PodScalable","namespace":"default","name":"kamera-test-deployment"}}
{"level":"info","ts":1768351683.160985,"logger":"fallback","caller":"serverlessservice/controller.go:90","msg":"Doing a global resync due to activator endpoint changes"}
{"level":"info","ts":1768351683.161037,"logger":"fallback","caller":"serverlessservice/serverlessservice.go:217","msg":"SKS is in Proxy mode; has 0 endpoints in kamera-test-private; 1 activator endpoints"}
{"level":"info","ts":1768351683.16105,"logger":"fallback","caller":"serverlessservice/serverlessservice.go:245","msg":"Forcing SKS into Proxy mode, insufficient ready endpoints."}
{"level":"info","ts":1768351683.161063,"logger":"fallback","caller":"serverlessservice/serverlessservice.go:290","msg":"No ready endpoints backing revision"}
{"level":"info","ts":"2026-01-13T16:48:03-08:00","logger":"ServerlessServiceReconciler.reconcile","msg":"reconcile completed","key":"default/kamera-test","reconciler":"knative.dev.serving.pkg.reconciler.serverlessservice.reconciler","requeue":false,"requeueAfter":0}
{"level":"info","ts":"2026-01-13T16:48:03-08:00","logger":"tracecheck","msg":"Taking reconcile step","Depth":40,"# Distinct States":393,"Total States":396,"Resource States":70}
{"level":"info","ts":"2026-01-13T16:48:03-08:00","logger":"tracecheck","msg":"updated pod status","Depth":40,"# Distinct States":393,"Total States":396,"Resource States":70,"phase":"Running","pod":{"name":"kamera-test-deployment-1488584584-0","namespace":"default"}}
{"level":"info","ts":"2026-01-13T16:48:03-08:00","logger":"tracecheck","msg":"Taking reconcile step","Depth":41,"# Distinct States":394,"Total States":397,"Resource States":70}
{"level":"info","ts":"2026-01-13T16:48:03-08:00","logger":"tracecheck","msg":"Taking reconcile step","Depth":14,"# Distinct States":395,"Total States":398,"Resource States":70}
{"level":"info","ts":"2026-01-13T16:48:03-08:00","logger":"RevisionReconciler.seed","msg":"added podscalable to informer","resource":"deployments","namespace":"default","name":"kamera-test-deployment","stage":"podscalable-add","keys":["default/kamera-test-deployment"]}
{"level":"info","ts":"2026-01-13T16:48:03-08:00","logger":"RevisionReconciler.seed","msg":"podscalable visible to lister","resource":"deployments","namespace":"default","name":"kamera-test-deployment","stage":"podscalable-lister","object":{"apiVersion":"autoscaling.internal.knative.dev/v1alpha1","kind":"PodScalable","namespace":"default","name":"kamera-test-deployment"}}
{"level":"error","ts":1768351683.27281,"logger":"fallback","caller":"revision/controller.go:116","msg":"Failed to create resolver transport","error":"open /var/run/secrets/kubernetes.io/serviceaccount/ca.crt: no such file or directory","stacktrace":"knative.dev/serving/pkg/reconciler/revision.newControllerWithOptions\n\t/Users/tgoodwin/tmp/gomodcache/knative.dev/serving@v0.46.5/pkg/reconciler/revision/controller.go:116\nknative.dev/serving/pkg/reconciler/revision.NewController\n\t/Users/tgoodwin/tmp/gomodcache/knative.dev/serving@v0.46.5/pkg/reconciler/revision/controller.go:64\nmain.configureKnativeExplorer.func1.1\n\t/Users/tgoodwin/projects/kamera/examples/knative-serving/scenario.go:91\ngithub.com/tgoodwin/kamera/examples/knative-serving/knative.NewKnativeStrategy.func1\n\t/Users/tgoodwin/projects/kamera/examples/knative-serving/knative/harness.go:555\ngithub.com/tgoodwin/kamera/examples/knative-serving/knative.(*KnativeStrategy).ReconcileAtState\n\t/Users/tgoodwin/projects/kamera/examples/knative-serving/knative/harness.go:895\ngithub.com/tgoodwin/kamera/pkg/tracecheck.(*ReconcilerContainer).doReconcile\n\t/Users/tgoodwin/projects/kamera/pkg/tracecheck/reconciler.go:164\ngithub.com/tgoodwin/kamera/pkg/tracecheck.(*Explorer).reconcileAtState\n\t/Users/tgoodwin/projects/kamera/pkg/tracecheck/explore.go:1313\ngithub.com/tgoodwin/kamera/pkg/tracecheck.(*Explorer).takeReconcileStep\n\t/Users/tgoodwin/projects/kamera/pkg/tracecheck/explore.go:1228\ngithub.com/tgoodwin/kamera/pkg/tracecheck.(*Explorer).explore\n\t/Users/tgoodwin/projects/kamera/pkg/tracecheck/explore.go:790\ngithub.com/tgoodwin/kamera/pkg/tracecheck.(*Explorer).Explore.func1\n\t/Users/tgoodwin/projects/kamera/pkg/tracecheck/explore.go:330"}
{"level":"info","ts":1768351683.273371,"logger":"fallback","caller":"revision/reconcile_resources.go:161","msg":"Reconciling PA: kamera-test"}
{"level":"info","ts":"2026-01-13T16:48:03-08:00","logger":"RevisionReconciler.reconcile","msg":"reconcile completed","key":"default/kamera-test","reconciler":"knative.dev.serving.pkg.reconciler.revision.Reconciler","requeue":false,"requeueAfter":0}
{"level":"info","ts":"2026-01-13T16:48:03-08:00","logger":"tracecheck","msg":"Taking reconcile step","Depth":15,"# Distinct States":396,"Total States":399,"Resource States":70}
{"level":"info","ts":"2026-01-13T16:48:03-08:00","logger":"tracecheck","msg":"Taking reconcile step","Depth":16,"# Distinct States":397,"Total States":400,"Resource States":70}
{"level":"info","ts":"2026-01-13T16:48:03-08:00","logger":"tracecheck","msg":"Creating pods","Depth":16,"# Distinct States":397,"Total States":400,"Resource States":70,"count":1}
{"level":"info","ts":"2026-01-13T16:48:03-08:00","logger":"tracecheck","msg":"Updated ReplicaSet status","Depth":16,"# Distinct States":397,"Total States":400,"Resource States":70,"name":"kamera-test-deployment-1488584584"}
{"level":"info","ts":"2026-01-13T16:48:03-08:00","logger":"tracecheck","msg":"Taking reconcile step","Depth":17,"# Distinct States":398,"Total States":401,"Resource States":70}
{"level":"info","ts":"2026-01-13T16:48:03-08:00","logger":"tracecheck","msg":"Taking reconcile step","Depth":18,"# Distinct States":399,"Total States":402,"Resource States":70}
{"level":"info","ts":"2026-01-13T16:48:03-08:00","logger":"KPAReconciler.seed","msg":"added podscalable to informer","resource":"deployments","namespace":"default","name":"kamera-test-deployment","stage":"podscalable-add","keys":["default/kamera-test-deployment"]}
{"level":"info","ts":"2026-01-13T16:48:03-08:00","logger":"KPAReconciler.seed","msg":"podscalable visible to lister","resource":"deployments","namespace":"default","name":"kamera-test-deployment","stage":"podscalable-lister","object":{"apiVersion":"autoscaling.internal.knative.dev/v1alpha1","kind":"PodScalable","namespace":"default","name":"kamera-test-deployment"}}
{"level":"info","ts":1768351683.386204,"logger":"fallback","caller":"kpa/controller.go:77","msg":"Setting up ConfigMap receivers"}
{"level":"info","ts":1768351683.386415,"logger":"fallback","caller":"kpa/controller.go:91","msg":"Setting up KPA-Class event handlers"}
{"level":"info","ts":"2026-01-13T16:48:03-08:00","logger":"KPAReconciler.reconcile","msg":"reconcile completed","key":"default/kamera-test","reconciler":"knative.dev.serving.pkg.reconciler.autoscaling.kpa.Reconciler","requeue":false,"requeueAfter":0}
{"level":"info","ts":"2026-01-13T16:48:03-08:00","logger":"tracecheck","msg":"Taking reconcile step","Depth":19,"# Distinct States":400,"Total States":403,"Resource States":70}
{"level":"info","ts":"2026-01-13T16:48:03-08:00","logger":"ServerlessServiceReconciler.seed","msg":"added podscalable to informer","resource":"deployments","namespace":"default","name":"kamera-test-deployment","stage":"podscalable-add","keys":["default/kamera-test-deployment"]}
{"level":"info","ts":"2026-01-13T16:48:03-08:00","logger":"ServerlessServiceReconciler.seed","msg":"podscalable visible to lister","resource":"deployments","namespace":"default","name":"kamera-test-deployment","stage":"podscalable-lister","object":{"apiVersion":"autoscaling.internal.knative.dev/v1alpha1","kind":"PodScalable","namespace":"default","name":"kamera-test-deployment"}}
{"level":"info","ts":1768351683.493501,"logger":"fallback","caller":"serverlessservice/controller.go:90","msg":"Doing a global resync due to activator endpoint changes"}
{"level":"info","ts":1768351683.4935622,"logger":"fallback","caller":"serverlessservice/serverlessservice.go:316","msg":"SKS has no private service; creating."}
{"level":"info","ts":1768351683.4938061,"logger":"fallback","caller":"serverlessservice/serverlessservice.go:323","msg":"Created private K8s service: kamera-test-private"}
{"level":"info","ts":1768351683.493818,"logger":"fallback","caller":"serverlessservice/serverlessservice.go:97","msg":"K8s public service does not exist; creating."}
{"level":"info","ts":1768351683.493952,"logger":"fallback","caller":"serverlessservice/serverlessservice.go:105","msg":"Created public K8s service: kamera-test"}
{"level":"error","ts":1768351683.494124,"logger":"fallback","caller":"serverlessservice/reconciler.go:303","msg":"Returned an error","targetMethod":"ReconcileKind","error":"failed to get private K8s Service endpoints: endpoints \"kamera-test-private\" not found","stacktrace":"knative.dev/networking/pkg/client/injection/reconciler/networking/v1alpha1/serverlessservice.(*reconcilerImpl).Reconcile\n\t/Users/tgoodwin/tmp/gomodcache/knative.dev/networking@v0.0.0-20250909015233-e3b68fc57bea/pkg/client/injection/reconciler/networking/v1alpha1/serverlessservice/reconciler.go:303\ngithub.com/tgoodwin/kamera/examples/knative-serving/knative.(*KnativeStrategy).ReconcileAtState\n\t/Users/tgoodwin/projects/kamera/examples/knative-serving/knative/harness.go:905\ngithub.com/tgoodwin/kamera/pkg/tracecheck.(*ReconcilerContainer).doReconcile\n\t/Users/tgoodwin/projects/kamera/pkg/tracecheck/reconciler.go:164\ngithub.com/tgoodwin/kamera/pkg/tracecheck.(*Explorer).reconcileAtState\n\t/Users/tgoodwin/projects/kamera/pkg/tracecheck/explore.go:1313\ngithub.com/tgoodwin/kamera/pkg/tracecheck.(*Explorer).takeReconcileStep\n\t/Users/tgoodwin/projects/kamera/pkg/tracecheck/explore.go:1228\ngithub.com/tgoodwin/kamera/pkg/tracecheck.(*Explorer).explore\n\t/Users/tgoodwin/projects/kamera/pkg/tracecheck/explore.go:790\ngithub.com/tgoodwin/kamera/pkg/tracecheck.(*Explorer).Explore.func1\n\t/Users/tgoodwin/projects/kamera/pkg/tracecheck/explore.go:330"}
{"level":"info","ts":"2026-01-13T16:48:03-08:00","logger":"ServerlessServiceReconciler.reconcile","msg":"transient not found; requeueing","key":"default/kamera-test","reconciler":"knative.dev.serving.pkg.reconciler.serverlessservice.reconciler","error":"failed to get private K8s Service endpoints: endpoints \"kamera-test-private\" not found"}
{"level":"info","ts":"2026-01-13T16:48:03-08:00","logger":"tracecheck","msg":"Taking reconcile step","Depth":12,"# Distinct States":402,"Total States":406,"Resource States":70}
{"level":"info","ts":"2026-01-13T16:48:03-08:00","logger":"RevisionReconciler.seed","msg":"added podscalable to informer","resource":"deployments","namespace":"default","name":"kamera-test-deployment","stage":"podscalable-add","keys":["default/kamera-test-deployment"]}
{"level":"info","ts":"2026-01-13T16:48:03-08:00","logger":"RevisionReconciler.seed","msg":"podscalable visible to lister","resource":"deployments","namespace":"default","name":"kamera-test-deployment","stage":"podscalable-lister","object":{"apiVersion":"autoscaling.internal.knative.dev/v1alpha1","kind":"PodScalable","namespace":"default","name":"kamera-test-deployment"}}
{"level":"error","ts":1768351683.600652,"logger":"fallback","caller":"revision/controller.go:116","msg":"Failed to create resolver transport","error":"open /var/run/secrets/kubernetes.io/serviceaccount/ca.crt: no such file or directory","stacktrace":"knative.dev/serving/pkg/reconciler/revision.newControllerWithOptions\n\t/Users/tgoodwin/tmp/gomodcache/knative.dev/serving@v0.46.5/pkg/reconciler/revision/controller.go:116\nknative.dev/serving/pkg/reconciler/revision.NewController\n\t/Users/tgoodwin/tmp/gomodcache/knative.dev/serving@v0.46.5/pkg/reconciler/revision/controller.go:64\nmain.configureKnativeExplorer.func1.1\n\t/Users/tgoodwin/projects/kamera/examples/knative-serving/scenario.go:91\ngithub.com/tgoodwin/kamera/examples/knative-serving/knative.NewKnativeStrategy.func1\n\t/Users/tgoodwin/projects/kamera/examples/knative-serving/knative/harness.go:555\ngithub.com/tgoodwin/kamera/examples/knative-serving/knative.(*KnativeStrategy).ReconcileAtState\n\t/Users/tgoodwin/projects/kamera/examples/knative-serving/knative/harness.go:895\ngithub.com/tgoodwin/kamera/pkg/tracecheck.(*ReconcilerContainer).doReconcile\n\t/Users/tgoodwin/projects/kamera/pkg/tracecheck/reconciler.go:164\ngithub.com/tgoodwin/kamera/pkg/tracecheck.(*Explorer).reconcileAtState\n\t/Users/tgoodwin/projects/kamera/pkg/tracecheck/explore.go:1313\ngithub.com/tgoodwin/kamera/pkg/tracecheck.(*Explorer).takeReconcileStep\n\t/Users/tgoodwin/projects/kamera/pkg/tracecheck/explore.go:1228\ngithub.com/tgoodwin/kamera/pkg/tracecheck.(*Explorer).explore\n\t/Users/tgoodwin/projects/kamera/pkg/tracecheck/explore.go:790\ngithub.com/tgoodwin/kamera/pkg/tracecheck.(*Explorer).Explore.func1\n\t/Users/tgoodwin/projects/kamera/pkg/tracecheck/explore.go:330"}
{"level":"info","ts":1768351683.600924,"logger":"fallback","caller":"revision/reconcile_resources.go:161","msg":"Reconciling PA: kamera-test"}
{"level":"info","ts":"2026-01-13T16:48:03-08:00","logger":"RevisionReconciler.reconcile","msg":"reconcile completed","key":"default/kamera-test","reconciler":"knative.dev.serving.pkg.reconciler.revision.Reconciler","requeue":false,"requeueAfter":0}
{"level":"info","ts":"2026-01-13T16:48:03-08:00","logger":"tracecheck","msg":"Taking reconcile step","Depth":13,"# Distinct States":403,"Total States":407,"Resource States":70}
{"level":"info","ts":"2026-01-13T16:48:03-08:00","logger":"KPAReconciler.seed","msg":"added podscalable to informer","resource":"deployments","namespace":"default","name":"kamera-test-deployment","stage":"podscalable-add","keys":["default/kamera-test-deployment"]}
{"level":"info","ts":"2026-01-13T16:48:03-08:00","logger":"KPAReconciler.seed","msg":"podscalable visible to lister","resource":"deployments","namespace":"default","name":"kamera-test-deployment","stage":"podscalable-lister","object":{"apiVersion":"autoscaling.internal.knative.dev/v1alpha1","kind":"PodScalable","namespace":"default","name":"kamera-test-deployment"}}
{"level":"info","ts":1768351683.7046359,"logger":"fallback","caller":"kpa/controller.go:77","msg":"Setting up ConfigMap receivers"}
{"level":"info","ts":1768351683.704724,"logger":"fallback","caller":"kpa/controller.go:91","msg":"Setting up KPA-Class event handlers"}
{"level":"info","ts":1768351683.7047849,"logger":"fallback","caller":"autoscaling/reconciler.go:56","msg":"SKS does not exist; creating."}
{"level":"info","ts":1768351683.704913,"logger":"fallback","caller":"autoscaling/reconciler.go:61","msg":"Created SKS"}
{"level":"info","ts":"2026-01-13T16:48:03-08:00","logger":"KPAReconciler.reconcile","msg":"reconcile completed","key":"default/kamera-test","reconciler":"knative.dev.serving.pkg.reconciler.autoscaling.kpa.Reconciler","requeue":false,"requeueAfter":0}
{"level":"info","ts":"2026-01-13T16:48:03-08:00","logger":"tracecheck","msg":"Taking reconcile step","Depth":14,"# Distinct States":404,"Total States":408,"Resource States":70}
{"level":"info","ts":"2026-01-13T16:48:03-08:00","logger":"tracecheck","msg":"Taking reconcile step","Depth":15,"# Distinct States":405,"Total States":409,"Resource States":70}
{"level":"info","ts":"2026-01-13T16:48:03-08:00","logger":"tracecheck","msg":"Creating pods","Depth":15,"# Distinct States":405,"Total States":409,"Resource States":70,"count":1}
{"level":"info","ts":"2026-01-13T16:48:03-08:00","logger":"tracecheck","msg":"Updated ReplicaSet status","Depth":15,"# Distinct States":405,"Total States":409,"Resource States":70,"name":"kamera-test-deployment-1488584584"}
{"level":"info","ts":"2026-01-13T16:48:03-08:00","logger":"tracecheck","msg":"Taking reconcile step","Depth":16,"# Distinct States":406,"Total States":410,"Resource States":71}
{"level":"info","ts":"2026-01-13T16:48:03-08:00","logger":"tracecheck","msg":"Taking reconcile step","Depth":17,"# Distinct States":407,"Total States":411,"Resource States":71}
{"level":"info","ts":"2026-01-13T16:48:03-08:00","logger":"KPAReconciler.seed","msg":"added podscalable to informer","resource":"deployments","namespace":"default","name":"kamera-test-deployment","stage":"podscalable-add","keys":["default/kamera-test-deployment"]}
{"level":"info","ts":"2026-01-13T16:48:03-08:00","logger":"KPAReconciler.seed","msg":"podscalable visible to lister","resource":"deployments","namespace":"default","name":"kamera-test-deployment","stage":"podscalable-lister","object":{"apiVersion":"autoscaling.internal.knative.dev/v1alpha1","kind":"PodScalable","namespace":"default","name":"kamera-test-deployment"}}
{"level":"info","ts":1768351683.8198621,"logger":"fallback","caller":"kpa/controller.go:77","msg":"Setting up ConfigMap receivers"}
{"level":"info","ts":1768351683.8200378,"logger":"fallback","caller":"kpa/controller.go:91","msg":"Setting up KPA-Class event handlers"}
{"level":"info","ts":"2026-01-13T16:48:03-08:00","logger":"KPAReconciler.reconcile","msg":"reconcile completed","key":"default/kamera-test","reconciler":"knative.dev.serving.pkg.reconciler.autoscaling.kpa.Reconciler","requeue":false,"requeueAfter":0}
{"level":"info","ts":"2026-01-13T16:48:03-08:00","logger":"tracecheck","msg":"Taking reconcile step","Depth":18,"# Distinct States":408,"Total States":412,"Resource States":71}
{"level":"info","ts":"2026-01-13T16:48:03-08:00","logger":"RevisionReconciler.seed","msg":"added podscalable to informer","resource":"deployments","namespace":"default","name":"kamera-test-deployment","stage":"podscalable-add","keys":["default/kamera-test-deployment"]}
{"level":"info","ts":"2026-01-13T16:48:03-08:00","logger":"RevisionReconciler.seed","msg":"podscalable visible to lister","resource":"deployments","namespace":"default","name":"kamera-test-deployment","stage":"podscalable-lister","object":{"apiVersion":"autoscaling.internal.knative.dev/v1alpha1","kind":"PodScalable","namespace":"default","name":"kamera-test-deployment"}}
{"level":"error","ts":1768351683.928173,"logger":"fallback","caller":"revision/controller.go:116","msg":"Failed to create resolver transport","error":"open /var/run/secrets/kubernetes.io/serviceaccount/ca.crt: no such file or directory","stacktrace":"knative.dev/serving/pkg/reconciler/revision.newControllerWithOptions\n\t/Users/tgoodwin/tmp/gomodcache/knative.dev/serving@v0.46.5/pkg/reconciler/revision/controller.go:116\nknative.dev/serving/pkg/reconciler/revision.NewController\n\t/Users/tgoodwin/tmp/gomodcache/knative.dev/serving@v0.46.5/pkg/reconciler/revision/controller.go:64\nmain.configureKnativeExplorer.func1.1\n\t/Users/tgoodwin/projects/kamera/examples/knative-serving/scenario.go:91\ngithub.com/tgoodwin/kamera/examples/knative-serving/knative.NewKnativeStrategy.func1\n\t/Users/tgoodwin/projects/kamera/examples/knative-serving/knative/harness.go:555\ngithub.com/tgoodwin/kamera/examples/knative-serving/knative.(*KnativeStrategy).ReconcileAtState\n\t/Users/tgoodwin/projects/kamera/examples/knative-serving/knative/harness.go:895\ngithub.com/tgoodwin/kamera/pkg/tracecheck.(*ReconcilerContainer).doReconcile\n\t/Users/tgoodwin/projects/kamera/pkg/tracecheck/reconciler.go:164\ngithub.com/tgoodwin/kamera/pkg/tracecheck.(*Explorer).reconcileAtState\n\t/Users/tgoodwin/projects/kamera/pkg/tracecheck/explore.go:1313\ngithub.com/tgoodwin/kamera/pkg/tracecheck.(*Explorer).takeReconcileStep\n\t/Users/tgoodwin/projects/kamera/pkg/tracecheck/explore.go:1228\ngithub.com/tgoodwin/kamera/pkg/tracecheck.(*Explorer).explore\n\t/Users/tgoodwin/projects/kamera/pkg/tracecheck/explore.go:790\ngithub.com/tgoodwin/kamera/pkg/tracecheck.(*Explorer).Explore.func1\n\t/Users/tgoodwin/projects/kamera/pkg/tracecheck/explore.go:330"}
{"level":"info","ts":1768351683.928898,"logger":"fallback","caller":"revision/reconcile_resources.go:161","msg":"Reconciling PA: kamera-test"}
{"level":"info","ts":"2026-01-13T16:48:03-08:00","logger":"RevisionReconciler.reconcile","msg":"reconcile completed","key":"default/kamera-test","reconciler":"knative.dev.serving.pkg.reconciler.revision.Reconciler","requeue":false,"requeueAfter":0}
{"level":"info","ts":"2026-01-13T16:48:03-08:00","logger":"tracecheck","msg":"Taking reconcile step","Depth":19,"# Distinct States":409,"Total States":413,"Resource States":71}
{"level":"info","ts":"2026-01-13T16:48:04-08:00","logger":"ServerlessServiceReconciler.seed","msg":"added podscalable to informer","resource":"deployments","namespace":"default","name":"kamera-test-deployment","stage":"podscalable-add","keys":["default/kamera-test-deployment"]}
{"level":"info","ts":"2026-01-13T16:48:04-08:00","logger":"ServerlessServiceReconciler.seed","msg":"podscalable visible to lister","resource":"deployments","namespace":"default","name":"kamera-test-deployment","stage":"podscalable-lister","object":{"apiVersion":"autoscaling.internal.knative.dev/v1alpha1","kind":"PodScalable","namespace":"default","name":"kamera-test-deployment"}}
{"level":"info","ts":1768351684.03749,"logger":"fallback","caller":"serverlessservice/controller.go:90","msg":"Doing a global resync due to activator endpoint changes"}
{"level":"info","ts":1768351684.0375118,"logger":"fallback","caller":"serverlessservice/serverlessservice.go:316","msg":"SKS has no private service; creating."}
{"level":"info","ts":1768351684.037795,"logger":"fallback","caller":"serverlessservice/serverlessservice.go:323","msg":"Created private K8s service: kamera-test-private"}
{"level":"info","ts":1768351684.037807,"logger":"fallback","caller":"serverlessservice/serverlessservice.go:97","msg":"K8s public service does not exist; creating."}
{"level":"info","ts":1768351684.037958,"logger":"fallback","caller":"serverlessservice/serverlessservice.go:105","msg":"Created public K8s service: kamera-test"}
{"level":"error","ts":1768351684.038152,"logger":"fallback","caller":"serverlessservice/reconciler.go:303","msg":"Returned an error","targetMethod":"ReconcileKind","error":"failed to get private K8s Service endpoints: endpoints \"kamera-test-private\" not found","stacktrace":"knative.dev/networking/pkg/client/injection/reconciler/networking/v1alpha1/serverlessservice.(*reconcilerImpl).Reconcile\n\t/Users/tgoodwin/tmp/gomodcache/knative.dev/networking@v0.0.0-20250909015233-e3b68fc57bea/pkg/client/injection/reconciler/networking/v1alpha1/serverlessservice/reconciler.go:303\ngithub.com/tgoodwin/kamera/examples/knative-serving/knative.(*KnativeStrategy).ReconcileAtState\n\t/Users/tgoodwin/projects/kamera/examples/knative-serving/knative/harness.go:905\ngithub.com/tgoodwin/kamera/pkg/tracecheck.(*ReconcilerContainer).doReconcile\n\t/Users/tgoodwin/projects/kamera/pkg/tracecheck/reconciler.go:164\ngithub.com/tgoodwin/kamera/pkg/tracecheck.(*Explorer).reconcileAtState\n\t/Users/tgoodwin/projects/kamera/pkg/tracecheck/explore.go:1313\ngithub.com/tgoodwin/kamera/pkg/tracecheck.(*Explorer).takeReconcileStep\n\t/Users/tgoodwin/projects/kamera/pkg/tracecheck/explore.go:1228\ngithub.com/tgoodwin/kamera/pkg/tracecheck.(*Explorer).explore\n\t/Users/tgoodwin/projects/kamera/pkg/tracecheck/explore.go:790\ngithub.com/tgoodwin/kamera/pkg/tracecheck.(*Explorer).Explore.func1\n\t/Users/tgoodwin/projects/kamera/pkg/tracecheck/explore.go:330"}
{"level":"info","ts":"2026-01-13T16:48:04-08:00","logger":"ServerlessServiceReconciler.reconcile","msg":"transient not found; requeueing","key":"default/kamera-test","reconciler":"knative.dev.serving.pkg.reconciler.serverlessservice.reconciler","error":"failed to get private K8s Service endpoints: endpoints \"kamera-test-private\" not found"}
{"level":"info","ts":"2026-01-13T16:48:04-08:00","logger":"tracecheck","msg":"Taking reconcile step","Depth":20,"# Distinct States":410,"Total States":414,"Resource States":71}
{"level":"info","ts":"2026-01-13T16:48:04-08:00","logger":"tracecheck","msg":"Taking reconcile step","Depth":21,"# Distinct States":411,"Total States":415,"Resource States":71}
{"level":"info","ts":"2026-01-13T16:48:04-08:00","logger":"tracecheck","msg":"updated pod status","Depth":21,"# Distinct States":411,"Total States":415,"Resource States":71,"phase":"Pending","pod":{"name":"kamera-test-deployment-1488584584-0","namespace":"default"}}
{"level":"info","ts":"2026-01-13T16:48:04-08:00","logger":"tracecheck","msg":"Taking reconcile step","Depth":22,"# Distinct States":412,"Total States":416,"Resource States":71}
{"level":"info","ts":"2026-01-13T16:48:04-08:00","logger":"tracecheck","msg":"Updated ReplicaSet status","Depth":22,"# Distinct States":412,"Total States":416,"Resource States":71,"name":"kamera-test-deployment-1488584584"}
{"level":"info","ts":"2026-01-13T16:48:04-08:00","logger":"tracecheck","msg":"Taking reconcile step","Depth":23,"# Distinct States":413,"Total States":417,"Resource States":71}
{"level":"info","ts":"2026-01-13T16:48:04-08:00","logger":"ConfigurationReconciler.seed","msg":"added podscalable to informer","resource":"deployments","namespace":"default","name":"kamera-test-deployment","stage":"podscalable-add","keys":["default/kamera-test-deployment"]}
{"level":"info","ts":"2026-01-13T16:48:04-08:00","logger":"ConfigurationReconciler.seed","msg":"podscalable visible to lister","resource":"deployments","namespace":"default","name":"kamera-test-deployment","stage":"podscalable-lister","object":{"apiVersion":"autoscaling.internal.knative.dev/v1alpha1","kind":"PodScalable","namespace":"default","name":"kamera-test-deployment"}}
{"level":"info","ts":1768351684.157485,"logger":"fallback","caller":"configuration/configuration.go:103","msg":"Revision \"kamera-test\" of configuration is not ready"}
{"level":"info","ts":"2026-01-13T16:48:04-08:00","logger":"ConfigurationReconciler.reconcile","msg":"reconcile completed","key":"default/demo","reconciler":"knative.dev.serving.pkg.reconciler.configuration.Reconciler","requeue":false,"requeueAfter":0}
{"level":"info","ts":"2026-01-13T16:48:04-08:00","logger":"tracecheck","msg":"Taking reconcile step","Depth":24,"# Distinct States":414,"Total States":418,"Resource States":71}
{"level":"info","ts":"2026-01-13T16:48:04-08:00","logger":"tracecheck","msg":"Taking reconcile step","Depth":25,"# Distinct States":415,"Total States":419,"Resource States":71}
{"level":"info","ts":"2026-01-13T16:48:04-08:00","logger":"RevisionReconciler.seed","msg":"added podscalable to informer","resource":"deployments","namespace":"default","name":"kamera-test-deployment","stage":"podscalable-add","keys":["default/kamera-test-deployment"]}
{"level":"info","ts":"2026-01-13T16:48:04-08:00","logger":"RevisionReconciler.seed","msg":"podscalable visible to lister","resource":"deployments","namespace":"default","name":"kamera-test-deployment","stage":"podscalable-lister","object":{"apiVersion":"autoscaling.internal.knative.dev/v1alpha1","kind":"PodScalable","namespace":"default","name":"kamera-test-deployment"}}
{"level":"error","ts":1768351684.268322,"logger":"fallback","caller":"revision/controller.go:116","msg":"Failed to create resolver transport","error":"open /var/run/secrets/kubernetes.io/serviceaccount/ca.crt: no such file or directory","stacktrace":"knative.dev/serving/pkg/reconciler/revision.newControllerWithOptions\n\t/Users/tgoodwin/tmp/gomodcache/knative.dev/serving@v0.46.5/pkg/reconciler/revision/controller.go:116\nknative.dev/serving/pkg/reconciler/revision.NewController\n\t/Users/tgoodwin/tmp/gomodcache/knative.dev/serving@v0.46.5/pkg/reconciler/revision/controller.go:64\nmain.configureKnativeExplorer.func1.1\n\t/Users/tgoodwin/projects/kamera/examples/knative-serving/scenario.go:91\ngithub.com/tgoodwin/kamera/examples/knative-serving/knative.NewKnativeStrategy.func1\n\t/Users/tgoodwin/projects/kamera/examples/knative-serving/knative/harness.go:555\ngithub.com/tgoodwin/kamera/examples/knative-serving/knative.(*KnativeStrategy).ReconcileAtState\n\t/Users/tgoodwin/projects/kamera/examples/knative-serving/knative/harness.go:895\ngithub.com/tgoodwin/kamera/pkg/tracecheck.(*ReconcilerContainer).doReconcile\n\t/Users/tgoodwin/projects/kamera/pkg/tracecheck/reconciler.go:164\ngithub.com/tgoodwin/kamera/pkg/tracecheck.(*Explorer).reconcileAtState\n\t/Users/tgoodwin/projects/kamera/pkg/tracecheck/explore.go:1313\ngithub.com/tgoodwin/kamera/pkg/tracecheck.(*Explorer).takeReconcileStep\n\t/Users/tgoodwin/projects/kamera/pkg/tracecheck/explore.go:1228\ngithub.com/tgoodwin/kamera/pkg/tracecheck.(*Explorer).explore\n\t/Users/tgoodwin/projects/kamera/pkg/tracecheck/explore.go:790\ngithub.com/tgoodwin/kamera/pkg/tracecheck.(*Explorer).Explore.func1\n\t/Users/tgoodwin/projects/kamera/pkg/tracecheck/explore.go:330"}
{"level":"info","ts":1768351684.268699,"logger":"fallback","caller":"revision/reconcile_resources.go:161","msg":"Reconciling PA: kamera-test"}
{"level":"info","ts":"2026-01-13T16:48:04-08:00","logger":"RevisionReconciler.reconcile","msg":"reconcile completed","key":"default/kamera-test","reconciler":"knative.dev.serving.pkg.reconciler.revision.Reconciler","requeue":false,"requeueAfter":0}
{"level":"info","ts":"2026-01-13T16:48:04-08:00","logger":"tracecheck","msg":"Taking reconcile step","Depth":19,"# Distinct States":416,"Total States":420,"Resource States":71}
{"level":"info","ts":"2026-01-13T16:48:04-08:00","logger":"RevisionReconciler.seed","msg":"added podscalable to informer","resource":"deployments","namespace":"default","name":"kamera-test-deployment","stage":"podscalable-add","keys":["default/kamera-test-deployment"]}
{"level":"info","ts":"2026-01-13T16:48:04-08:00","logger":"RevisionReconciler.seed","msg":"podscalable visible to lister","resource":"deployments","namespace":"default","name":"kamera-test-deployment","stage":"podscalable-lister","object":{"apiVersion":"autoscaling.internal.knative.dev/v1alpha1","kind":"PodScalable","namespace":"default","name":"kamera-test-deployment"}}
{"level":"error","ts":1768351684.375329,"logger":"fallback","caller":"revision/controller.go:116","msg":"Failed to create resolver transport","error":"open /var/run/secrets/kubernetes.io/serviceaccount/ca.crt: no such file or directory","stacktrace":"knative.dev/serving/pkg/reconciler/revision.newControllerWithOptions\n\t/Users/tgoodwin/tmp/gomodcache/knative.dev/serving@v0.46.5/pkg/reconciler/revision/controller.go:116\nknative.dev/serving/pkg/reconciler/revision.NewController\n\t/Users/tgoodwin/tmp/gomodcache/knative.dev/serving@v0.46.5/pkg/reconciler/revision/controller.go:64\nmain.configureKnativeExplorer.func1.1\n\t/Users/tgoodwin/projects/kamera/examples/knative-serving/scenario.go:91\ngithub.com/tgoodwin/kamera/examples/knative-serving/knative.NewKnativeStrategy.func1\n\t/Users/tgoodwin/projects/kamera/examples/knative-serving/knative/harness.go:555\ngithub.com/tgoodwin/kamera/examples/knative-serving/knative.(*KnativeStrategy).ReconcileAtState\n\t/Users/tgoodwin/projects/kamera/examples/knative-serving/knative/harness.go:895\ngithub.com/tgoodwin/kamera/pkg/tracecheck.(*ReconcilerContainer).doReconcile\n\t/Users/tgoodwin/projects/kamera/pkg/tracecheck/reconciler.go:164\ngithub.com/tgoodwin/kamera/pkg/tracecheck.(*Explorer).reconcileAtState\n\t/Users/tgoodwin/projects/kamera/pkg/tracecheck/explore.go:1313\ngithub.com/tgoodwin/kamera/pkg/tracecheck.(*Explorer).takeReconcileStep\n\t/Users/tgoodwin/projects/kamera/pkg/tracecheck/explore.go:1228\ngithub.com/tgoodwin/kamera/pkg/tracecheck.(*Explorer).explore\n\t/Users/tgoodwin/projects/kamera/pkg/tracecheck/explore.go:790\ngithub.com/tgoodwin/kamera/pkg/tracecheck.(*Explorer).Explore.func1\n\t/Users/tgoodwin/projects/kamera/pkg/tracecheck/explore.go:330"}
{"level":"info","ts":1768351684.375824,"logger":"fallback","caller":"revision/reconcile_resources.go:161","msg":"Reconciling PA: kamera-test"}
{"level":"info","ts":"2026-01-13T16:48:04-08:00","logger":"RevisionReconciler.reconcile","msg":"reconcile completed","key":"default/kamera-test","reconciler":"knative.dev.serving.pkg.reconciler.revision.Reconciler","requeue":false,"requeueAfter":0}
{"level":"info","ts":"2026-01-13T16:48:04-08:00","logger":"tracecheck","msg":"Taking reconcile step","Depth":20,"# Distinct States":417,"Total States":421,"Resource States":71}
{"level":"info","ts":"2026-01-13T16:48:04-08:00","logger":"ServerlessServiceReconciler.seed","msg":"added podscalable to informer","resource":"deployments","namespace":"default","name":"kamera-test-deployment","stage":"podscalable-add","keys":["default/kamera-test-deployment"]}
{"level":"info","ts":"2026-01-13T16:48:04-08:00","logger":"ServerlessServiceReconciler.seed","msg":"podscalable visible to lister","resource":"deployments","namespace":"default","name":"kamera-test-deployment","stage":"podscalable-lister","object":{"apiVersion":"autoscaling.internal.knative.dev/v1alpha1","kind":"PodScalable","namespace":"default","name":"kamera-test-deployment"}}
{"level":"info","ts":1768351684.482173,"logger":"fallback","caller":"serverlessservice/controller.go:90","msg":"Doing a global resync due to activator endpoint changes"}
{"level":"info","ts":1768351684.482185,"logger":"fallback","caller":"serverlessservice/serverlessservice.go:316","msg":"SKS has no private service; creating."}
{"level":"info","ts":1768351684.482462,"logger":"fallback","caller":"serverlessservice/serverlessservice.go:323","msg":"Created private K8s service: kamera-test-private"}
{"level":"info","ts":1768351684.482476,"logger":"fallback","caller":"serverlessservice/serverlessservice.go:97","msg":"K8s public service does not exist; creating."}
{"level":"info","ts":1768351684.482631,"logger":"fallback","caller":"serverlessservice/serverlessservice.go:105","msg":"Created public K8s service: kamera-test"}
{"level":"error","ts":1768351684.482826,"logger":"fallback","caller":"serverlessservice/reconciler.go:303","msg":"Returned an error","targetMethod":"ReconcileKind","error":"failed to get private K8s Service endpoints: endpoints \"kamera-test-private\" not found","stacktrace":"knative.dev/networking/pkg/client/injection/reconciler/networking/v1alpha1/serverlessservice.(*reconcilerImpl).Reconcile\n\t/Users/tgoodwin/tmp/gomodcache/knative.dev/networking@v0.0.0-20250909015233-e3b68fc57bea/pkg/client/injection/reconciler/networking/v1alpha1/serverlessservice/reconciler.go:303\ngithub.com/tgoodwin/kamera/examples/knative-serving/knative.(*KnativeStrategy).ReconcileAtState\n\t/Users/tgoodwin/projects/kamera/examples/knative-serving/knative/harness.go:905\ngithub.com/tgoodwin/kamera/pkg/tracecheck.(*ReconcilerContainer).doReconcile\n\t/Users/tgoodwin/projects/kamera/pkg/tracecheck/reconciler.go:164\ngithub.com/tgoodwin/kamera/pkg/tracecheck.(*Explorer).reconcileAtState\n\t/Users/tgoodwin/projects/kamera/pkg/tracecheck/explore.go:1313\ngithub.com/tgoodwin/kamera/pkg/tracecheck.(*Explorer).takeReconcileStep\n\t/Users/tgoodwin/projects/kamera/pkg/tracecheck/explore.go:1228\ngithub.com/tgoodwin/kamera/pkg/tracecheck.(*Explorer).explore\n\t/Users/tgoodwin/projects/kamera/pkg/tracecheck/explore.go:790\ngithub.com/tgoodwin/kamera/pkg/tracecheck.(*Explorer).Explore.func1\n\t/Users/tgoodwin/projects/kamera/pkg/tracecheck/explore.go:330"}
{"level":"info","ts":"2026-01-13T16:48:04-08:00","logger":"ServerlessServiceReconciler.reconcile","msg":"transient not found; requeueing","key":"default/kamera-test","reconciler":"knative.dev.serving.pkg.reconciler.serverlessservice.reconciler","error":"failed to get private K8s Service endpoints: endpoints \"kamera-test-private\" not found"}
{"level":"info","ts":"2026-01-13T16:48:04-08:00","logger":"tracecheck","msg":"Taking reconcile step","Depth":21,"# Distinct States":418,"Total States":422,"Resource States":71}
{"level":"info","ts":"2026-01-13T16:48:04-08:00","logger":"tracecheck","msg":"Taking reconcile step","Depth":22,"# Distinct States":419,"Total States":423,"Resource States":71}
{"level":"info","ts":"2026-01-13T16:48:04-08:00","logger":"tracecheck","msg":"updated pod status","Depth":22,"# Distinct States":419,"Total States":423,"Resource States":71,"phase":"Pending","pod":{"name":"kamera-test-deployment-1488584584-0","namespace":"default"}}
{"level":"info","ts":"2026-01-13T16:48:04-08:00","logger":"tracecheck","msg":"Taking reconcile step","Depth":23,"# Distinct States":420,"Total States":424,"Resource States":71}
{"level":"info","ts":"2026-01-13T16:48:04-08:00","logger":"tracecheck","msg":"Updated ReplicaSet status","Depth":23,"# Distinct States":420,"Total States":424,"Resource States":71,"name":"kamera-test-deployment-1488584584"}
{"level":"info","ts":"2026-01-13T16:48:04-08:00","logger":"tracecheck","msg":"Taking reconcile step","Depth":24,"# Distinct States":421,"Total States":425,"Resource States":71}
{"level":"info","ts":"2026-01-13T16:48:04-08:00","logger":"ConfigurationReconciler.seed","msg":"added podscalable to informer","resource":"deployments","namespace":"default","name":"kamera-test-deployment","stage":"podscalable-add","keys":["default/kamera-test-deployment"]}
{"level":"info","ts":"2026-01-13T16:48:04-08:00","logger":"ConfigurationReconciler.seed","msg":"podscalable visible to lister","resource":"deployments","namespace":"default","name":"kamera-test-deployment","stage":"podscalable-lister","object":{"apiVersion":"autoscaling.internal.knative.dev/v1alpha1","kind":"PodScalable","namespace":"default","name":"kamera-test-deployment"}}
{"level":"info","ts":1768351684.6008692,"logger":"fallback","caller":"configuration/configuration.go:103","msg":"Revision \"kamera-test\" of configuration is not ready"}
{"level":"info","ts":"2026-01-13T16:48:04-08:00","logger":"ConfigurationReconciler.reconcile","msg":"reconcile completed","key":"default/demo","reconciler":"knative.dev.serving.pkg.reconciler.configuration.Reconciler","requeue":false,"requeueAfter":0}
{"level":"info","ts":"2026-01-13T16:48:04-08:00","logger":"tracecheck","msg":"Taking reconcile step","Depth":7,"# Distinct States":423,"Total States":427,"Resource States":71}
{"level":"info","ts":"2026-01-13T16:48:04-08:00","logger":"RevisionReconciler.seed","msg":"added podscalable to informer","resource":"deployments","namespace":"default","name":"kamera-test-deployment","stage":"podscalable-add","keys":["default/kamera-test-deployment"]}
{"level":"info","ts":"2026-01-13T16:48:04-08:00","logger":"RevisionReconciler.seed","msg":"podscalable visible to lister","resource":"deployments","namespace":"default","name":"kamera-test-deployment","stage":"podscalable-lister","object":{"apiVersion":"autoscaling.internal.knative.dev/v1alpha1","kind":"PodScalable","namespace":"default","name":"kamera-test-deployment"}}
{"level":"error","ts":1768351684.708538,"logger":"fallback","caller":"revision/controller.go:116","msg":"Failed to create resolver transport","error":"open /var/run/secrets/kubernetes.io/serviceaccount/ca.crt: no such file or directory","stacktrace":"knative.dev/serving/pkg/reconciler/revision.newControllerWithOptions\n\t/Users/tgoodwin/tmp/gomodcache/knative.dev/serving@v0.46.5/pkg/reconciler/revision/controller.go:116\nknative.dev/serving/pkg/reconciler/revision.NewController\n\t/Users/tgoodwin/tmp/gomodcache/knative.dev/serving@v0.46.5/pkg/reconciler/revision/controller.go:64\nmain.configureKnativeExplorer.func1.1\n\t/Users/tgoodwin/projects/kamera/examples/knative-serving/scenario.go:91\ngithub.com/tgoodwin/kamera/examples/knative-serving/knative.NewKnativeStrategy.func1\n\t/Users/tgoodwin/projects/kamera/examples/knative-serving/knative/harness.go:555\ngithub.com/tgoodwin/kamera/examples/knative-serving/knative.(*KnativeStrategy).ReconcileAtState\n\t/Users/tgoodwin/projects/kamera/examples/knative-serving/knative/harness.go:895\ngithub.com/tgoodwin/kamera/pkg/tracecheck.(*ReconcilerContainer).doReconcile\n\t/Users/tgoodwin/projects/kamera/pkg/tracecheck/reconciler.go:164\ngithub.com/tgoodwin/kamera/pkg/tracecheck.(*Explorer).reconcileAtState\n\t/Users/tgoodwin/projects/kamera/pkg/tracecheck/explore.go:1313\ngithub.com/tgoodwin/kamera/pkg/tracecheck.(*Explorer).takeReconcileStep\n\t/Users/tgoodwin/projects/kamera/pkg/tracecheck/explore.go:1228\ngithub.com/tgoodwin/kamera/pkg/tracecheck.(*Explorer).explore\n\t/Users/tgoodwin/projects/kamera/pkg/tracecheck/explore.go:790\ngithub.com/tgoodwin/kamera/pkg/tracecheck.(*Explorer).Explore.func1\n\t/Users/tgoodwin/projects/kamera/pkg/tracecheck/explore.go:330"}
{"level":"info","ts":1768351684.709215,"logger":"fallback","caller":"revision/reconcile_resources.go:161","msg":"Reconciling PA: kamera-test"}
{"level":"info","ts":"2026-01-13T16:48:04-08:00","logger":"RevisionReconciler.reconcile","msg":"reconcile completed","key":"default/kamera-test","reconciler":"knative.dev.serving.pkg.reconciler.revision.Reconciler","requeue":false,"requeueAfter":0}
{"level":"info","ts":"2026-01-13T16:48:04-08:00","logger":"tracecheck","msg":"Taking reconcile step","Depth":8,"# Distinct States":424,"Total States":428,"Resource States":71}
{"level":"info","ts":"2026-01-13T16:48:04-08:00","logger":"RouteReconciler.seed","msg":"added podscalable to informer","resource":"deployments","namespace":"default","name":"kamera-test-deployment","stage":"podscalable-add","keys":["default/kamera-test-deployment"]}
{"level":"info","ts":"2026-01-13T16:48:04-08:00","logger":"RouteReconciler.seed","msg":"podscalable visible to lister","resource":"deployments","namespace":"default","name":"kamera-test-deployment","stage":"podscalable-lister","object":{"apiVersion":"autoscaling.internal.knative.dev/v1alpha1","kind":"PodScalable","namespace":"default","name":"kamera-test-deployment"}}
{"level":"info","ts":1768351684.816566,"logger":"fallback","caller":"route/route.go:480","msg":"Marking bad traffic target: Configuration \"demo\" not ready, isFailure=false"}
{"level":"info","ts":"2026-01-13T16:48:04-08:00","logger":"RouteReconciler.reconcile","msg":"reconcile completed","key":"default/demo","reconciler":"knative.dev.serving.pkg.reconciler.route.Reconciler","requeue":false,"requeueAfter":0}
{"level":"info","ts":"2026-01-13T16:48:04-08:00","logger":"tracecheck","msg":"Taking reconcile step","Depth":9,"# Distinct States":425,"Total States":429,"Resource States":71}
{"level":"info","ts":"2026-01-13T16:48:04-08:00","logger":"ServiceReconciler.seed","msg":"added podscalable to informer","resource":"deployments","namespace":"default","name":"kamera-test-deployment","stage":"podscalable-add","keys":["default/kamera-test-deployment"]}
{"level":"info","ts":"2026-01-13T16:48:04-08:00","logger":"ServiceReconciler.seed","msg":"podscalable visible to lister","resource":"deployments","namespace":"default","name":"kamera-test-deployment","stage":"podscalable-lister","object":{"apiVersion":"autoscaling.internal.knative.dev/v1alpha1","kind":"PodScalable","namespace":"default","name":"kamera-test-deployment"}}
{"level":"info","ts":1768351684.922576,"logger":"fallback","caller":"service/service.go:171","msg":"Service reconciler fetching Route from lister: name=demo, namespace=default"}
{"level":"info","ts":1768351684.9225972,"logger":"fallback","caller":"service/service.go:174","msg":"Service reconciler got Route from lister: name=demo, Generation=1, ObservedGeneration=1, ResourceVersion="}
{"level":"info","ts":1768351684.922626,"logger":"fallback","caller":"service/service.go:126","msg":"Service reconciler checking Route: name=demo, Generation=1, ObservedGeneration=1, Ready=Unknown (reason=RevisionMissing, message=Configuration \"demo\" is waiting for a Revision to become ready.), generationMatch=true, routeResourceVersion="}
{"level":"info","ts":1768351684.922635,"logger":"fallback","caller":"service/service.go:136","msg":"Service reconciler calling PropagateRouteStatus() because Generation == ObservedGeneration"}
{"level":"info","ts":"2026-01-13T16:48:04-08:00","logger":"ServiceReconciler.reconcile","msg":"reconcile completed","key":"default/demo","reconciler":"knative.dev.serving.pkg.reconciler.service.Reconciler","requeue":false,"requeueAfter":0}
{"level":"info","ts":"2026-01-13T16:48:04-08:00","logger":"tracecheck","msg":"Taking reconcile step","Depth":10,"# Distinct States":426,"Total States":430,"Resource States":71}
{"level":"info","ts":"2026-01-13T16:48:05-08:00","logger":"ConfigurationReconciler.seed","msg":"added podscalable to informer","resource":"deployments","namespace":"default","name":"kamera-test-deployment","stage":"podscalable-add","keys":["default/kamera-test-deployment"]}
{"level":"info","ts":"2026-01-13T16:48:05-08:00","logger":"ConfigurationReconciler.seed","msg":"podscalable visible to lister","resource":"deployments","namespace":"default","name":"kamera-test-deployment","stage":"podscalable-lister","object":{"apiVersion":"autoscaling.internal.knative.dev/v1alpha1","kind":"PodScalable","namespace":"default","name":"kamera-test-deployment"}}
{"level":"info","ts":1768351685.028927,"logger":"fallback","caller":"configuration/configuration.go:103","msg":"Revision \"kamera-test\" of configuration is not ready"}
{"level":"info","ts":"2026-01-13T16:48:05-08:00","logger":"ConfigurationReconciler.reconcile","msg":"reconcile completed","key":"default/demo","reconciler":"knative.dev.serving.pkg.reconciler.configuration.Reconciler","requeue":false,"requeueAfter":0}
{"level":"info","ts":"2026-01-13T16:48:05-08:00","logger":"tracecheck","msg":"Taking reconcile step","Depth":11,"# Distinct States":427,"Total States":431,"Resource States":71}
{"level":"info","ts":"2026-01-13T16:48:05-08:00","logger":"tracecheck","msg":"Taking reconcile step","Depth":12,"# Distinct States":428,"Total States":432,"Resource States":71}
{"level":"info","ts":"2026-01-13T16:48:05-08:00","logger":"tracecheck","msg":"Updated Deployment status","Depth":12,"# Distinct States":428,"Total States":432,"Resource States":71,"name":"kamera-test-deployment"}
{"level":"info","ts":"2026-01-13T16:48:05-08:00","logger":"tracecheck","msg":"Taking reconcile step","Depth":13,"# Distinct States":429,"Total States":433,"Resource States":71}
{"level":"info","ts":"2026-01-13T16:48:05-08:00","logger":"KPAReconciler.seed","msg":"added podscalable to informer","resource":"deployments","namespace":"default","name":"kamera-test-deployment","stage":"podscalable-add","keys":["default/kamera-test-deployment"]}
{"level":"info","ts":"2026-01-13T16:48:05-08:00","logger":"KPAReconciler.seed","msg":"podscalable visible to lister","resource":"deployments","namespace":"default","name":"kamera-test-deployment","stage":"podscalable-lister","object":{"apiVersion":"autoscaling.internal.knative.dev/v1alpha1","kind":"PodScalable","namespace":"default","name":"kamera-test-deployment"}}
{"level":"info","ts":1768351685.1423721,"logger":"fallback","caller":"kpa/controller.go:77","msg":"Setting up ConfigMap receivers"}
{"level":"info","ts":1768351685.1425211,"logger":"fallback","caller":"kpa/controller.go:91","msg":"Setting up KPA-Class event handlers"}
{"level":"info","ts":1768351685.142623,"logger":"fallback","caller":"autoscaling/reconciler.go:56","msg":"SKS does not exist; creating."}
{"level":"info","ts":1768351685.14281,"logger":"fallback","caller":"autoscaling/reconciler.go:61","msg":"Created SKS"}
{"level":"info","ts":"2026-01-13T16:48:05-08:00","logger":"KPAReconciler.reconcile","msg":"reconcile completed","key":"default/kamera-test","reconciler":"knative.dev.serving.pkg.reconciler.autoscaling.kpa.Reconciler","requeue":false,"requeueAfter":0}
{"level":"info","ts":"2026-01-13T16:48:05-08:00","logger":"tracecheck","msg":"Taking reconcile step","Depth":14,"# Distinct States":430,"Total States":434,"Resource States":71}
{"level":"info","ts":"2026-01-13T16:48:05-08:00","logger":"tracecheck","msg":"Taking reconcile step","Depth":15,"# Distinct States":431,"Total States":435,"Resource States":71}
{"level":"info","ts":"2026-01-13T16:48:05-08:00","logger":"tracecheck","msg":"Creating pods","Depth":15,"# Distinct States":431,"Total States":435,"Resource States":71,"count":1}
{"level":"info","ts":"2026-01-13T16:48:05-08:00","logger":"tracecheck","msg":"Updated ReplicaSet status","Depth":15,"# Distinct States":431,"Total States":435,"Resource States":71,"name":"kamera-test-deployment-1488584584"}
{"level":"info","ts":"2026-01-13T16:48:05-08:00","logger":"tracecheck","msg":"Taking reconcile step","Depth":16,"# Distinct States":432,"Total States":436,"Resource States":71}
{"level":"info","ts":"2026-01-13T16:48:05-08:00","logger":"tracecheck","msg":"Taking reconcile step","Depth":17,"# Distinct States":433,"Total States":437,"Resource States":71}
{"level":"info","ts":"2026-01-13T16:48:05-08:00","logger":"RevisionReconciler.seed","msg":"added podscalable to informer","resource":"deployments","namespace":"default","name":"kamera-test-deployment","stage":"podscalable-add","keys":["default/kamera-test-deployment"]}
{"level":"info","ts":"2026-01-13T16:48:05-08:00","logger":"RevisionReconciler.seed","msg":"podscalable visible to lister","resource":"deployments","namespace":"default","name":"kamera-test-deployment","stage":"podscalable-lister","object":{"apiVersion":"autoscaling.internal.knative.dev/v1alpha1","kind":"PodScalable","namespace":"default","name":"kamera-test-deployment"}}
{"level":"error","ts":1768351685.2577658,"logger":"fallback","caller":"revision/controller.go:116","msg":"Failed to create resolver transport","error":"open /var/run/secrets/kubernetes.io/serviceaccount/ca.crt: no such file or directory","stacktrace":"knative.dev/serving/pkg/reconciler/revision.newControllerWithOptions\n\t/Users/tgoodwin/tmp/gomodcache/knative.dev/serving@v0.46.5/pkg/reconciler/revision/controller.go:116\nknative.dev/serving/pkg/reconciler/revision.NewController\n\t/Users/tgoodwin/tmp/gomodcache/knative.dev/serving@v0.46.5/pkg/reconciler/revision/controller.go:64\nmain.configureKnativeExplorer.func1.1\n\t/Users/tgoodwin/projects/kamera/examples/knative-serving/scenario.go:91\ngithub.com/tgoodwin/kamera/examples/knative-serving/knative.NewKnativeStrategy.func1\n\t/Users/tgoodwin/projects/kamera/examples/knative-serving/knative/harness.go:555\ngithub.com/tgoodwin/kamera/examples/knative-serving/knative.(*KnativeStrategy).ReconcileAtState\n\t/Users/tgoodwin/projects/kamera/examples/knative-serving/knative/harness.go:895\ngithub.com/tgoodwin/kamera/pkg/tracecheck.(*ReconcilerContainer).doReconcile\n\t/Users/tgoodwin/projects/kamera/pkg/tracecheck/reconciler.go:164\ngithub.com/tgoodwin/kamera/pkg/tracecheck.(*Explorer).reconcileAtState\n\t/Users/tgoodwin/projects/kamera/pkg/tracecheck/explore.go:1313\ngithub.com/tgoodwin/kamera/pkg/tracecheck.(*Explorer).takeReconcileStep\n\t/Users/tgoodwin/projects/kamera/pkg/tracecheck/explore.go:1228\ngithub.com/tgoodwin/kamera/pkg/tracecheck.(*Explorer).explore\n\t/Users/tgoodwin/projects/kamera/pkg/tracecheck/explore.go:790\ngithub.com/tgoodwin/kamera/pkg/tracecheck.(*Explorer).Explore.func1\n\t/Users/tgoodwin/projects/kamera/pkg/tracecheck/explore.go:330"}
{"level":"info","ts":1768351685.258174,"logger":"fallback","caller":"revision/reconcile_resources.go:161","msg":"Reconciling PA: kamera-test"}
{"level":"info","ts":"2026-01-13T16:48:05-08:00","logger":"RevisionReconciler.reconcile","msg":"reconcile completed","key":"default/kamera-test","reconciler":"knative.dev.serving.pkg.reconciler.revision.Reconciler","requeue":false,"requeueAfter":0}
{"level":"info","ts":"2026-01-13T16:48:05-08:00","logger":"tracecheck","msg":"Taking reconcile step","Depth":2,"# Distinct States":435,"Total States":440,"Resource States":71}
{"level":"error","ts":1768351685.263545,"logger":"fallback","caller":"revision/controller.go:116","msg":"Failed to create resolver transport","error":"open /var/run/secrets/kubernetes.io/serviceaccount/ca.crt: no such file or directory","stacktrace":"knative.dev/serving/pkg/reconciler/revision.newControllerWithOptions\n\t/Users/tgoodwin/tmp/gomodcache/knative.dev/serving@v0.46.5/pkg/reconciler/revision/controller.go:116\nknative.dev/serving/pkg/reconciler/revision.NewController\n\t/Users/tgoodwin/tmp/gomodcache/knative.dev/serving@v0.46.5/pkg/reconciler/revision/controller.go:64\nmain.configureKnativeExplorer.func1.1\n\t/Users/tgoodwin/projects/kamera/examples/knative-serving/scenario.go:91\ngithub.com/tgoodwin/kamera/examples/knative-serving/knative.NewKnativeStrategy.func1\n\t/Users/tgoodwin/projects/kamera/examples/knative-serving/knative/harness.go:555\ngithub.com/tgoodwin/kamera/examples/knative-serving/knative.(*KnativeStrategy).ReconcileAtState\n\t/Users/tgoodwin/projects/kamera/examples/knative-serving/knative/harness.go:895\ngithub.com/tgoodwin/kamera/pkg/tracecheck.(*ReconcilerContainer).doReconcile\n\t/Users/tgoodwin/projects/kamera/pkg/tracecheck/reconciler.go:164\ngithub.com/tgoodwin/kamera/pkg/tracecheck.(*Explorer).reconcileAtState\n\t/Users/tgoodwin/projects/kamera/pkg/tracecheck/explore.go:1313\ngithub.com/tgoodwin/kamera/pkg/tracecheck.(*Explorer).takeReconcileStep\n\t/Users/tgoodwin/projects/kamera/pkg/tracecheck/explore.go:1228\ngithub.com/tgoodwin/kamera/pkg/tracecheck.(*Explorer).explore\n\t/Users/tgoodwin/projects/kamera/pkg/tracecheck/explore.go:790\ngithub.com/tgoodwin/kamera/pkg/tracecheck.(*Explorer).Explore.func1\n\t/Users/tgoodwin/projects/kamera/pkg/tracecheck/explore.go:330"}
{"level":"info","ts":1768351685.26419,"logger":"fallback","caller":"revision/reconcile_resources.go:59","msg":"Created deployment \"kamera-test-deployment\"","knative.dev/deployment":"kamera-test-deployment"}
{"level":"info","ts":1768351685.264286,"logger":"fallback","caller":"revision/reconcile_resources.go:142","msg":"Created image cache \"kamera-test-cache-user-container\""}
{"level":"info","ts":1768351685.264294,"logger":"fallback","caller":"revision/reconcile_resources.go:161","msg":"Reconciling PA: kamera-test"}
{"level":"info","ts":1768351685.264384,"logger":"fallback","caller":"revision/reconcile_resources.go:170","msg":"Created PA: kamera-test"}
{"level":"info","ts":"2026-01-13T16:48:05-08:00","logger":"RevisionReconciler.reconcile","msg":"reconcile completed","key":"default/kamera-test","reconciler":"knative.dev.serving.pkg.reconciler.revision.Reconciler","requeue":false,"requeueAfter":0}
{"level":"info","ts":"2026-01-13T16:48:05-08:00","logger":"tracecheck","msg":"Taking reconcile step","Depth":3,"# Distinct States":436,"Total States":441,"Resource States":72}
{"level":"info","ts":"2026-01-13T16:48:05-08:00","logger":"RouteReconciler.seed","msg":"added podscalable to informer","resource":"deployments","namespace":"default","name":"kamera-test-deployment","stage":"podscalable-add","keys":["default/kamera-test-deployment"]}
{"level":"info","ts":"2026-01-13T16:48:05-08:00","logger":"RouteReconciler.seed","msg":"podscalable visible to lister","resource":"deployments","namespace":"default","name":"kamera-test-deployment","stage":"podscalable-lister","object":{"apiVersion":"autoscaling.internal.knative.dev/v1alpha1","kind":"PodScalable","namespace":"default","name":"kamera-test-deployment"}}
{"level":"info","ts":1768351685.3707678,"logger":"fallback","caller":"route/route.go:480","msg":"Marking bad traffic target: Configuration \"demo\" not ready, isFailure=false"}
{"level":"info","ts":"2026-01-13T16:48:05-08:00","logger":"RouteReconciler.reconcile","msg":"reconcile completed","key":"default/demo","reconciler":"knative.dev.serving.pkg.reconciler.route.Reconciler","requeue":false,"requeueAfter":0}
{"level":"info","ts":"2026-01-13T16:48:05-08:00","logger":"tracecheck","msg":"Taking reconcile step","Depth":4,"# Distinct States":437,"Total States":442,"Resource States":73}
{"level":"info","ts":"2026-01-13T16:48:05-08:00","logger":"ServiceReconciler.seed","msg":"added podscalable to informer","resource":"deployments","namespace":"default","name":"kamera-test-deployment","stage":"podscalable-add","keys":["default/kamera-test-deployment"]}
{"level":"info","ts":"2026-01-13T16:48:05-08:00","logger":"ServiceReconciler.seed","msg":"podscalable visible to lister","resource":"deployments","namespace":"default","name":"kamera-test-deployment","stage":"podscalable-lister","object":{"apiVersion":"autoscaling.internal.knative.dev/v1alpha1","kind":"PodScalable","namespace":"default","name":"kamera-test-deployment"}}
{"level":"info","ts":1768351685.479,"logger":"fallback","caller":"service/service.go:171","msg":"Service reconciler fetching Route from lister: name=demo, namespace=default"}
{"level":"info","ts":1768351685.479037,"logger":"fallback","caller":"service/service.go:174","msg":"Service reconciler got Route from lister: name=demo, Generation=1, ObservedGeneration=1, ResourceVersion="}
{"level":"info","ts":1768351685.4790888,"logger":"fallback","caller":"service/service.go:126","msg":"Service reconciler checking Route: name=demo, Generation=1, ObservedGeneration=1, Ready=Unknown (reason=RevisionMissing, message=Configuration \"demo\" is waiting for a Revision to become ready.), generationMatch=true, routeResourceVersion="}
{"level":"info","ts":1768351685.479102,"logger":"fallback","caller":"service/service.go:136","msg":"Service reconciler calling PropagateRouteStatus() because Generation == ObservedGeneration"}
{"level":"info","ts":"2026-01-13T16:48:05-08:00","logger":"ServiceReconciler.reconcile","msg":"reconcile completed","key":"default/demo","reconciler":"knative.dev.serving.pkg.reconciler.service.Reconciler","requeue":false,"requeueAfter":0}
{"level":"info","ts":"2026-01-13T16:48:05-08:00","logger":"tracecheck","msg":"Taking reconcile step","Depth":5,"# Distinct States":438,"Total States":443,"Resource States":73}
{"level":"info","ts":"2026-01-13T16:48:05-08:00","logger":"ConfigurationReconciler.seed","msg":"added podscalable to informer","resource":"deployments","namespace":"default","name":"kamera-test-deployment","stage":"podscalable-add","keys":["default/kamera-test-deployment"]}
{"level":"info","ts":"2026-01-13T16:48:05-08:00","logger":"ConfigurationReconciler.seed","msg":"podscalable visible to lister","resource":"deployments","namespace":"default","name":"kamera-test-deployment","stage":"podscalable-lister","object":{"apiVersion":"autoscaling.internal.knative.dev/v1alpha1","kind":"PodScalable","namespace":"default","name":"kamera-test-deployment"}}
{"level":"info","ts":1768351685.587696,"logger":"fallback","caller":"configuration/configuration.go:103","msg":"Revision \"kamera-test\" of configuration is not ready"}
{"level":"info","ts":"2026-01-13T16:48:05-08:00","logger":"ConfigurationReconciler.reconcile","msg":"reconcile completed","key":"default/demo","reconciler":"knative.dev.serving.pkg.reconciler.configuration.Reconciler","requeue":false,"requeueAfter":0}
{"level":"info","ts":"2026-01-13T16:48:05-08:00","logger":"tracecheck","msg":"Taking reconcile step","Depth":6,"# Distinct States":439,"Total States":444,"Resource States":73}
{"level":"info","ts":"2026-01-13T16:48:05-08:00","logger":"tracecheck","msg":"Taking reconcile step","Depth":7,"# Distinct States":440,"Total States":445,"Resource States":73}
{"level":"info","ts":"2026-01-13T16:48:05-08:00","logger":"tracecheck","msg":"Updated Deployment status","Depth":7,"# Distinct States":440,"Total States":445,"Resource States":73,"name":"kamera-test-deployment"}
{"level":"info","ts":"2026-01-13T16:48:05-08:00","logger":"tracecheck","msg":"Taking reconcile step","Depth":8,"# Distinct States":441,"Total States":446,"Resource States":73}
{"level":"info","ts":"2026-01-13T16:48:05-08:00","logger":"KPAReconciler.seed","msg":"added podscalable to informer","resource":"deployments","namespace":"default","name":"kamera-test-deployment","stage":"podscalable-add","keys":["default/kamera-test-deployment"]}
{"level":"info","ts":"2026-01-13T16:48:05-08:00","logger":"KPAReconciler.seed","msg":"podscalable visible to lister","resource":"deployments","namespace":"default","name":"kamera-test-deployment","stage":"podscalable-lister","object":{"apiVersion":"autoscaling.internal.knative.dev/v1alpha1","kind":"PodScalable","namespace":"default","name":"kamera-test-deployment"}}
{"level":"info","ts":1768351685.695945,"logger":"fallback","caller":"kpa/controller.go:77","msg":"Setting up ConfigMap receivers"}
{"level":"info","ts":1768351685.696026,"logger":"fallback","caller":"kpa/controller.go:91","msg":"Setting up KPA-Class event handlers"}
{"level":"info","ts":1768351685.696078,"logger":"fallback","caller":"autoscaling/reconciler.go:56","msg":"SKS does not exist; creating."}
{"level":"info","ts":1768351685.696191,"logger":"fallback","caller":"autoscaling/reconciler.go:61","msg":"Created SKS"}
{"level":"info","ts":"2026-01-13T16:48:05-08:00","logger":"KPAReconciler.reconcile","msg":"reconcile completed","key":"default/kamera-test","reconciler":"knative.dev.serving.pkg.reconciler.autoscaling.kpa.Reconciler","requeue":false,"requeueAfter":0}
{"level":"info","ts":"2026-01-13T16:48:05-08:00","logger":"tracecheck","msg":"Taking reconcile step","Depth":9,"# Distinct States":442,"Total States":447,"Resource States":73}
{"level":"info","ts":"2026-01-13T16:48:05-08:00","logger":"RevisionReconciler.seed","msg":"added podscalable to informer","resource":"deployments","namespace":"default","name":"kamera-test-deployment","stage":"podscalable-add","keys":["default/kamera-test-deployment"]}
{"level":"info","ts":"2026-01-13T16:48:05-08:00","logger":"RevisionReconciler.seed","msg":"podscalable visible to lister","resource":"deployments","namespace":"default","name":"kamera-test-deployment","stage":"podscalable-lister","object":{"apiVersion":"autoscaling.internal.knative.dev/v1alpha1","kind":"PodScalable","namespace":"default","name":"kamera-test-deployment"}}
{"level":"error","ts":1768351685.801627,"logger":"fallback","caller":"revision/controller.go:116","msg":"Failed to create resolver transport","error":"open /var/run/secrets/kubernetes.io/serviceaccount/ca.crt: no such file or directory","stacktrace":"knative.dev/serving/pkg/reconciler/revision.newControllerWithOptions\n\t/Users/tgoodwin/tmp/gomodcache/knative.dev/serving@v0.46.5/pkg/reconciler/revision/controller.go:116\nknative.dev/serving/pkg/reconciler/revision.NewController\n\t/Users/tgoodwin/tmp/gomodcache/knative.dev/serving@v0.46.5/pkg/reconciler/revision/controller.go:64\nmain.configureKnativeExplorer.func1.1\n\t/Users/tgoodwin/projects/kamera/examples/knative-serving/scenario.go:91\ngithub.com/tgoodwin/kamera/examples/knative-serving/knative.NewKnativeStrategy.func1\n\t/Users/tgoodwin/projects/kamera/examples/knative-serving/knative/harness.go:555\ngithub.com/tgoodwin/kamera/examples/knative-serving/knative.(*KnativeStrategy).ReconcileAtState\n\t/Users/tgoodwin/projects/kamera/examples/knative-serving/knative/harness.go:895\ngithub.com/tgoodwin/kamera/pkg/tracecheck.(*ReconcilerContainer).doReconcile\n\t/Users/tgoodwin/projects/kamera/pkg/tracecheck/reconciler.go:164\ngithub.com/tgoodwin/kamera/pkg/tracecheck.(*Explorer).reconcileAtState\n\t/Users/tgoodwin/projects/kamera/pkg/tracecheck/explore.go:1313\ngithub.com/tgoodwin/kamera/pkg/tracecheck.(*Explorer).takeReconcileStep\n\t/Users/tgoodwin/projects/kamera/pkg/tracecheck/explore.go:1228\ngithub.com/tgoodwin/kamera/pkg/tracecheck.(*Explorer).explore\n\t/Users/tgoodwin/projects/kamera/pkg/tracecheck/explore.go:790\ngithub.com/tgoodwin/kamera/pkg/tracecheck.(*Explorer).Explore.func1\n\t/Users/tgoodwin/projects/kamera/pkg/tracecheck/explore.go:330"}
{"level":"info","ts":1768351685.802065,"logger":"fallback","caller":"revision/reconcile_resources.go:161","msg":"Reconciling PA: kamera-test"}
{"level":"info","ts":"2026-01-13T16:48:05-08:00","logger":"RevisionReconciler.reconcile","msg":"reconcile completed","key":"default/kamera-test","reconciler":"knative.dev.serving.pkg.reconciler.revision.Reconciler","requeue":false,"requeueAfter":0}
{"level":"info","ts":"2026-01-13T16:48:05-08:00","logger":"tracecheck","msg":"Taking reconcile step","Depth":10,"# Distinct States":443,"Total States":448,"Resource States":73}
{"level":"info","ts":"2026-01-13T16:48:05-08:00","logger":"RouteReconciler.seed","msg":"added podscalable to informer","resource":"deployments","namespace":"default","name":"kamera-test-deployment","stage":"podscalable-add","keys":["default/kamera-test-deployment"]}
{"level":"info","ts":"2026-01-13T16:48:05-08:00","logger":"RouteReconciler.seed","msg":"podscalable visible to lister","resource":"deployments","namespace":"default","name":"kamera-test-deployment","stage":"podscalable-lister","object":{"apiVersion":"autoscaling.internal.knative.dev/v1alpha1","kind":"PodScalable","namespace":"default","name":"kamera-test-deployment"}}
{"level":"info","ts":1768351685.909503,"logger":"fallback","caller":"route/route.go:480","msg":"Marking bad traffic target: Configuration \"demo\" not ready, isFailure=false"}
{"level":"info","ts":"2026-01-13T16:48:05-08:00","logger":"RouteReconciler.reconcile","msg":"reconcile completed","key":"default/demo","reconciler":"knative.dev.serving.pkg.reconciler.route.Reconciler","requeue":false,"requeueAfter":0}
{"level":"info","ts":"2026-01-13T16:48:05-08:00","logger":"tracecheck","msg":"Taking reconcile step","Depth":11,"# Distinct States":444,"Total States":449,"Resource States":73}
{"level":"info","ts":"2026-01-13T16:48:06-08:00","logger":"ServiceReconciler.seed","msg":"added podscalable to informer","resource":"deployments","namespace":"default","name":"kamera-test-deployment","stage":"podscalable-add","keys":["default/kamera-test-deployment"]}
{"level":"info","ts":"2026-01-13T16:48:06-08:00","logger":"ServiceReconciler.seed","msg":"podscalable visible to lister","resource":"deployments","namespace":"default","name":"kamera-test-deployment","stage":"podscalable-lister","object":{"apiVersion":"autoscaling.internal.knative.dev/v1alpha1","kind":"PodScalable","namespace":"default","name":"kamera-test-deployment"}}
{"level":"info","ts":1768351686.0163999,"logger":"fallback","caller":"service/service.go:171","msg":"Service reconciler fetching Route from lister: name=demo, namespace=default"}
{"level":"info","ts":1768351686.0164301,"logger":"fallback","caller":"service/service.go:174","msg":"Service reconciler got Route from lister: name=demo, Generation=1, ObservedGeneration=1, ResourceVersion="}
{"level":"info","ts":1768351686.016463,"logger":"fallback","caller":"service/service.go:126","msg":"Service reconciler checking Route: name=demo, Generation=1, ObservedGeneration=1, Ready=Unknown (reason=RevisionMissing, message=Configuration \"demo\" is waiting for a Revision to become ready.), generationMatch=true, routeResourceVersion="}
{"level":"info","ts":1768351686.0164711,"logger":"fallback","caller":"service/service.go:136","msg":"Service reconciler calling PropagateRouteStatus() because Generation == ObservedGeneration"}
{"level":"info","ts":"2026-01-13T16:48:06-08:00","logger":"ServiceReconciler.reconcile","msg":"reconcile completed","key":"default/demo","reconciler":"knative.dev.serving.pkg.reconciler.service.Reconciler","requeue":false,"requeueAfter":0}
{"level":"info","ts":"2026-01-13T16:48:06-08:00","logger":"tracecheck","msg":"Taking reconcile step","Depth":3,"# Distinct States":445,"Total States":451,"Resource States":73}
{"level":"info","ts":"2026-01-13T16:48:06-08:00","logger":"RevisionReconciler.seed","msg":"added podscalable to informer","resource":"deployments","namespace":"default","name":"kamera-test-deployment","stage":"podscalable-add","keys":["default/kamera-test-deployment"]}
{"level":"info","ts":"2026-01-13T16:48:06-08:00","logger":"RevisionReconciler.seed","msg":"podscalable visible to lister","resource":"deployments","namespace":"default","name":"kamera-test-deployment","stage":"podscalable-lister","object":{"apiVersion":"autoscaling.internal.knative.dev/v1alpha1","kind":"PodScalable","namespace":"default","name":"kamera-test-deployment"}}
{"level":"error","ts":1768351686.1232681,"logger":"fallback","caller":"revision/controller.go:116","msg":"Failed to create resolver transport","error":"open /var/run/secrets/kubernetes.io/serviceaccount/ca.crt: no such file or directory","stacktrace":"knative.dev/serving/pkg/reconciler/revision.newControllerWithOptions\n\t/Users/tgoodwin/tmp/gomodcache/knative.dev/serving@v0.46.5/pkg/reconciler/revision/controller.go:116\nknative.dev/serving/pkg/reconciler/revision.NewController\n\t/Users/tgoodwin/tmp/gomodcache/knative.dev/serving@v0.46.5/pkg/reconciler/revision/controller.go:64\nmain.configureKnativeExplorer.func1.1\n\t/Users/tgoodwin/projects/kamera/examples/knative-serving/scenario.go:91\ngithub.com/tgoodwin/kamera/examples/knative-serving/knative.NewKnativeStrategy.func1\n\t/Users/tgoodwin/projects/kamera/examples/knative-serving/knative/harness.go:555\ngithub.com/tgoodwin/kamera/examples/knative-serving/knative.(*KnativeStrategy).ReconcileAtState\n\t/Users/tgoodwin/projects/kamera/examples/knative-serving/knative/harness.go:895\ngithub.com/tgoodwin/kamera/pkg/tracecheck.(*ReconcilerContainer).doReconcile\n\t/Users/tgoodwin/projects/kamera/pkg/tracecheck/reconciler.go:164\ngithub.com/tgoodwin/kamera/pkg/tracecheck.(*Explorer).reconcileAtState\n\t/Users/tgoodwin/projects/kamera/pkg/tracecheck/explore.go:1313\ngithub.com/tgoodwin/kamera/pkg/tracecheck.(*Explorer).takeReconcileStep\n\t/Users/tgoodwin/projects/kamera/pkg/tracecheck/explore.go:1228\ngithub.com/tgoodwin/kamera/pkg/tracecheck.(*Explorer).explore\n\t/Users/tgoodwin/projects/kamera/pkg/tracecheck/explore.go:790\ngithub.com/tgoodwin/kamera/pkg/tracecheck.(*Explorer).Explore.func1\n\t/Users/tgoodwin/projects/kamera/pkg/tracecheck/explore.go:330"}
{"level":"info","ts":1768351686.123657,"logger":"fallback","caller":"revision/reconcile_resources.go:161","msg":"Reconciling PA: kamera-test"}
{"level":"info","ts":"2026-01-13T16:48:06-08:00","logger":"RevisionReconciler.reconcile","msg":"reconcile completed","key":"default/kamera-test","reconciler":"knative.dev.serving.pkg.reconciler.revision.Reconciler","requeue":false,"requeueAfter":0}
{"level":"info","ts":"2026-01-13T16:48:06-08:00","logger":"tracecheck","msg":"Taking reconcile step","Depth":4,"# Distinct States":446,"Total States":452,"Resource States":73}
{"level":"info","ts":"2026-01-13T16:48:06-08:00","logger":"RouteReconciler.seed","msg":"added podscalable to informer","resource":"deployments","namespace":"default","name":"kamera-test-deployment","stage":"podscalable-add","keys":["default/kamera-test-deployment"]}
{"level":"info","ts":"2026-01-13T16:48:06-08:00","logger":"RouteReconciler.seed","msg":"podscalable visible to lister","resource":"deployments","namespace":"default","name":"kamera-test-deployment","stage":"podscalable-lister","object":{"apiVersion":"autoscaling.internal.knative.dev/v1alpha1","kind":"PodScalable","namespace":"default","name":"kamera-test-deployment"}}
{"level":"info","ts":1768351686.229951,"logger":"fallback","caller":"route/route.go:480","msg":"Marking bad traffic target: Configuration \"demo\" not ready, isFailure=false"}
{"level":"info","ts":"2026-01-13T16:48:06-08:00","logger":"RouteReconciler.reconcile","msg":"reconcile completed","key":"default/demo","reconciler":"knative.dev.serving.pkg.reconciler.route.Reconciler","requeue":false,"requeueAfter":0}
{"level":"info","ts":"2026-01-13T16:48:06-08:00","logger":"tracecheck","msg":"Taking reconcile step","Depth":5,"# Distinct States":447,"Total States":453,"Resource States":73}
{"level":"info","ts":"2026-01-13T16:48:06-08:00","logger":"ServiceReconciler.seed","msg":"added podscalable to informer","resource":"deployments","namespace":"default","name":"kamera-test-deployment","stage":"podscalable-add","keys":["default/kamera-test-deployment"]}
{"level":"info","ts":"2026-01-13T16:48:06-08:00","logger":"ServiceReconciler.seed","msg":"podscalable visible to lister","resource":"deployments","namespace":"default","name":"kamera-test-deployment","stage":"podscalable-lister","object":{"apiVersion":"autoscaling.internal.knative.dev/v1alpha1","kind":"PodScalable","namespace":"default","name":"kamera-test-deployment"}}
{"level":"info","ts":1768351686.3368719,"logger":"fallback","caller":"service/service.go:171","msg":"Service reconciler fetching Route from lister: name=demo, namespace=default"}
{"level":"info","ts":1768351686.336889,"logger":"fallback","caller":"service/service.go:174","msg":"Service reconciler got Route from lister: name=demo, Generation=1, ObservedGeneration=1, ResourceVersion="}
{"level":"info","ts":1768351686.3369129,"logger":"fallback","caller":"service/service.go:126","msg":"Service reconciler checking Route: name=demo, Generation=1, ObservedGeneration=1, Ready=Unknown (reason=RevisionMissing, message=Configuration \"demo\" is waiting for a Revision to become ready.), generationMatch=true, routeResourceVersion="}
{"level":"info","ts":1768351686.336921,"logger":"fallback","caller":"service/service.go:136","msg":"Service reconciler calling PropagateRouteStatus() because Generation == ObservedGeneration"}
{"level":"info","ts":"2026-01-13T16:48:06-08:00","logger":"ServiceReconciler.reconcile","msg":"reconcile completed","key":"default/demo","reconciler":"knative.dev.serving.pkg.reconciler.service.Reconciler","requeue":false,"requeueAfter":0}
{"level":"info","ts":"2026-01-13T16:48:06-08:00","logger":"tracecheck","msg":"Taking reconcile step","Depth":6,"# Distinct States":448,"Total States":454,"Resource States":73}
{"level":"info","ts":"2026-01-13T16:48:06-08:00","logger":"ConfigurationReconciler.seed","msg":"added podscalable to informer","resource":"deployments","namespace":"default","name":"kamera-test-deployment","stage":"podscalable-add","keys":["default/kamera-test-deployment"]}
{"level":"info","ts":"2026-01-13T16:48:06-08:00","logger":"ConfigurationReconciler.seed","msg":"podscalable visible to lister","resource":"deployments","namespace":"default","name":"kamera-test-deployment","stage":"podscalable-lister","object":{"apiVersion":"autoscaling.internal.knative.dev/v1alpha1","kind":"PodScalable","namespace":"default","name":"kamera-test-deployment"}}
{"level":"info","ts":1768351686.443896,"logger":"fallback","caller":"configuration/configuration.go:103","msg":"Revision \"kamera-test\" of configuration is not ready"}
{"level":"info","ts":"2026-01-13T16:48:06-08:00","logger":"ConfigurationReconciler.reconcile","msg":"reconcile completed","key":"default/demo","reconciler":"knative.dev.serving.pkg.reconciler.configuration.Reconciler","requeue":false,"requeueAfter":0}
{"level":"info","ts":"2026-01-13T16:48:06-08:00","logger":"tracecheck","msg":"Taking reconcile step","Depth":7,"# Distinct States":449,"Total States":455,"Resource States":73}
{"level":"info","ts":"2026-01-13T16:48:06-08:00","logger":"tracecheck","msg":"Taking reconcile step","Depth":8,"# Distinct States":450,"Total States":456,"Resource States":73}
{"level":"info","ts":"2026-01-13T16:48:06-08:00","logger":"tracecheck","msg":"Updated Deployment status","Depth":8,"# Distinct States":450,"Total States":456,"Resource States":73,"name":"kamera-test-deployment"}
{"level":"info","ts":"2026-01-13T16:48:06-08:00","logger":"tracecheck","msg":"Taking reconcile step","Depth":9,"# Distinct States":451,"Total States":457,"Resource States":73}
{"level":"info","ts":"2026-01-13T16:48:06-08:00","logger":"KPAReconciler.seed","msg":"added podscalable to informer","resource":"deployments","namespace":"default","name":"kamera-test-deployment","stage":"podscalable-add","keys":["default/kamera-test-deployment"]}
{"level":"info","ts":"2026-01-13T16:48:06-08:00","logger":"KPAReconciler.seed","msg":"podscalable visible to lister","resource":"deployments","namespace":"default","name":"kamera-test-deployment","stage":"podscalable-lister","object":{"apiVersion":"autoscaling.internal.knative.dev/v1alpha1","kind":"PodScalable","namespace":"default","name":"kamera-test-deployment"}}
{"level":"info","ts":1768351686.5564249,"logger":"fallback","caller":"kpa/controller.go:77","msg":"Setting up ConfigMap receivers"}
{"level":"info","ts":1768351686.556544,"logger":"fallback","caller":"kpa/controller.go:91","msg":"Setting up KPA-Class event handlers"}
{"level":"info","ts":1768351686.5566132,"logger":"fallback","caller":"autoscaling/reconciler.go:56","msg":"SKS does not exist; creating."}
{"level":"info","ts":1768351686.5567648,"logger":"fallback","caller":"autoscaling/reconciler.go:61","msg":"Created SKS"}
{"level":"info","ts":"2026-01-13T16:48:06-08:00","logger":"KPAReconciler.reconcile","msg":"reconcile completed","key":"default/kamera-test","reconciler":"knative.dev.serving.pkg.reconciler.autoscaling.kpa.Reconciler","requeue":false,"requeueAfter":0}
{"level":"info","ts":"2026-01-13T16:48:06-08:00","logger":"tracecheck","msg":"Taking reconcile step","Depth":10,"# Distinct States":452,"Total States":458,"Resource States":73}
{"level":"info","ts":"2026-01-13T16:48:06-08:00","logger":"RouteReconciler.seed","msg":"added podscalable to informer","resource":"deployments","namespace":"default","name":"kamera-test-deployment","stage":"podscalable-add","keys":["default/kamera-test-deployment"]}
{"level":"info","ts":"2026-01-13T16:48:06-08:00","logger":"RouteReconciler.seed","msg":"podscalable visible to lister","resource":"deployments","namespace":"default","name":"kamera-test-deployment","stage":"podscalable-lister","object":{"apiVersion":"autoscaling.internal.knative.dev/v1alpha1","kind":"PodScalable","namespace":"default","name":"kamera-test-deployment"}}
{"level":"info","ts":1768351686.6641762,"logger":"fallback","caller":"route/route.go:480","msg":"Marking bad traffic target: Configuration \"demo\" not ready, isFailure=false"}
{"level":"info","ts":"2026-01-13T16:48:06-08:00","logger":"RouteReconciler.reconcile","msg":"reconcile completed","key":"default/demo","reconciler":"knative.dev.serving.pkg.reconciler.route.Reconciler","requeue":false,"requeueAfter":0}
{"level":"info","ts":"2026-01-13T16:48:06-08:00","logger":"tracecheck","msg":"Taking reconcile step","Depth":11,"# Distinct States":453,"Total States":459,"Resource States":73}
{"level":"info","ts":"2026-01-13T16:48:06-08:00","logger":"ServiceReconciler.seed","msg":"added podscalable to informer","resource":"deployments","namespace":"default","name":"kamera-test-deployment","stage":"podscalable-add","keys":["default/kamera-test-deployment"]}
{"level":"info","ts":"2026-01-13T16:48:06-08:00","logger":"ServiceReconciler.seed","msg":"podscalable visible to lister","resource":"deployments","namespace":"default","name":"kamera-test-deployment","stage":"podscalable-lister","object":{"apiVersion":"autoscaling.internal.knative.dev/v1alpha1","kind":"PodScalable","namespace":"default","name":"kamera-test-deployment"}}
{"level":"info","ts":1768351686.770606,"logger":"fallback","caller":"service/service.go:171","msg":"Service reconciler fetching Route from lister: name=demo, namespace=default"}
{"level":"info","ts":1768351686.7706292,"logger":"fallback","caller":"service/service.go:174","msg":"Service reconciler got Route from lister: name=demo, Generation=1, ObservedGeneration=1, ResourceVersion="}
{"level":"info","ts":1768351686.770663,"logger":"fallback","caller":"service/service.go:126","msg":"Service reconciler checking Route: name=demo, Generation=1, ObservedGeneration=1, Ready=Unknown (reason=RevisionMissing, message=Configuration \"demo\" is waiting for a Revision to become ready.), generationMatch=true, routeResourceVersion="}
{"level":"info","ts":1768351686.7706728,"logger":"fallback","caller":"service/service.go:136","msg":"Service reconciler calling PropagateRouteStatus() because Generation == ObservedGeneration"}
{"level":"info","ts":"2026-01-13T16:48:06-08:00","logger":"ServiceReconciler.reconcile","msg":"reconcile completed","key":"default/demo","reconciler":"knative.dev.serving.pkg.reconciler.service.Reconciler","requeue":false,"requeueAfter":0}
Total time: 24.03935925s
Total node visits: 459
Unique node visits: 453
Unique resource states: 73
Skipped node visits: 6
Skipped paths: 0
Skipped order expansions: 111
Skipped subtrees: 0
Subtree completion skips: 18
Subtree diamond skips: 0
Early convergence: 3
No-op reconciles: 247
Skipped no-op orderings: 8
Cache predicted skips: 17
Aborted paths: 0
Optimization fires:
  orderingPruning branch skips: 111
  orderingPruning no-op skips: 8
  completedPathDedup skips: 0
  cachePrediction skips: 17
  earlyConvergence skips: 3
  subtreeCompletion skips: 18
  subtreeCompletion diamond skips: 0
Reconcile steps: 441
Avg step latency: 53.963828ms
Max step latency: 117.037583ms
Step latency by reconciler:
  Reconciler                Count  Avg          Max          Min         
  ConfigurationReconciler   34     100.830888ms 117.037583ms 2.441791ms  
  RouteReconciler           32     103.811329ms 113.213792ms 3.544625ms  
  RevisionDigestStub        44     1.204239ms   2.809583ms   397.458µs   
  DeploymentController      48     4.044573ms   7.805875ms   1.3255ms    
  KPA                       52     107.148331ms 114.667166ms 103.930667ms
  ServiceController         15     1.866516ms   5.088084ms   683.666µs   
  ServiceReconciler         33     100.919409ms 109.905083ms 2.832166ms  
  RevisionReconciler        61     103.638541ms 113.620541ms 4.124833ms  
  ReplicaSetController      43     2.775027ms   5.610958ms   807.166µs   
  ServerlessServiceReconciler 12     108.037604ms 113.65175ms  105.61475ms 
  PodLifecycleController    23     2.387048ms   4.633459ms   506.792µs   
  EndpointsController       22     1.322134ms   3.656167ms   551.916µs   
  IngressStatusStub         16     1.797718ms   2.829792ms   1.146917ms  
  CleanupReconciler         6      3.362833ms   4.249417ms   1.821833ms  

Visits by depth:
  Depth Range     Visits     Avg Pending    
  0-9             30         5.67           
  10-19           39         6.03           
  20-29           28         9.89           
  30-39           41         7.15           
  40-49           63         5.59           
  50-59           104        7.37           
  60-69           79         8.48           
  70-79           59         7.64           
  80-87           16         4.25           

Max queue depth: 124
Queue depth samples (every 100 visits): [112 70 93 25]
Converged state 0 - hash: pdu8xy8e, total paths: 1, unique paths: 1
wrote results to /Users/tgoodwin/projects/kamera/analysis/nondeterminism-verification/trials-original-config/trial-4/dump.jsonl
interactive inspector disabled; states available: 1 (converged=1, aborted=0)
