{"level":"info","ts":"2026-01-13T16:46:52-08:00","logger":"tracecheck","msg":"starting!"}
{"level":"info","ts":"2026-01-13T16:46:52-08:00","logger":"tracecheck","msg":"Taking reconcile step","Depth":0,"# Distinct States":1,"Total States":1,"Resource States":1}
{"level":"info","ts":1768351612.150115,"logger":"fallback","caller":"service/service.go:171","msg":"Service reconciler fetching Route from lister: name=demo, namespace=default"}
{"level":"info","ts":1768351612.15054,"logger":"fallback","caller":"service/service.go:126","msg":"Service reconciler checking Route: name=demo, Generation=0, ObservedGeneration=0, Ready=Unknown (reason=, message=), generationMatch=true, routeResourceVersion="}
{"level":"info","ts":1768351612.150545,"logger":"fallback","caller":"service/service.go:136","msg":"Service reconciler calling PropagateRouteStatus() because Generation == ObservedGeneration"}
{"level":"info","ts":"2026-01-13T16:46:52-08:00","logger":"ServiceReconciler.reconcile","msg":"reconcile completed","key":"default/demo","reconciler":"knative.dev.serving.pkg.reconciler.service.Reconciler","requeue":false,"requeueAfter":0}
{"level":"info","ts":"2026-01-13T16:46:52-08:00","logger":"tracecheck","msg":"Taking reconcile step","Depth":1,"# Distinct States":2,"Total States":2,"Resource States":2}
{"level":"info","ts":1768351612.154009,"logger":"fallback","caller":"configuration/configuration.go:308","msg":"Created Revision: &v1.Revision{TypeMeta:v1.TypeMeta{Kind:\"Revision\", APIVersion:\"serving.knative.dev/v1\"}, ObjectMeta:v1.ObjectMeta{Name:\"kamera-test\", GenerateName:\"\", Namespace:\"default\", SelfLink:\"\", UID:\"\", ResourceVersion:\"\", Generation:0, CreationTimestamp:time.Date(1, time.January, 1, 0, 0, 0, 0, time.UTC), DeletionTimestamp:<nil>, DeletionGracePeriodSeconds:(*int64)(nil), Labels:map[string]string{\"discrete.events/sleeve-object-id\":\"37jmqvjn\", \"serving.knative.dev/configuration\":\"demo\", \"serving.knative.dev/configurationGeneration\":\"1\", \"serving.knative.dev/routingState\":\"active\", \"serving.knative.dev/service\":\"demo\"}, Annotations:map[string]string{\"autoscaling.knative.dev/class\":\"kpa.autoscaling.knative.dev\", \"autoscaling.knative.dev/initial-scale\":\"1\", \"autoscaling.knative.dev/min-scale\":\"0\", \"serving.knative.dev/routes\":\"demo\", \"serving.knative.dev/routingStateModified\":\"1970-01-01T00:00:02Z\"}, OwnerReferences:[]v1.OwnerReference{v1.OwnerReference{APIVersion:\"serving.knative.dev/v1\", Kind:\"Configuration\", Name:\"demo\", UID:\"\", Controller:(*bool)(0x140009107c0), BlockOwnerDeletion:(*bool)(0x140009107c1)}}, Finalizers:[]string(nil), ManagedFields:[]v1.ManagedFieldsEntry(nil)}, Spec:v1.RevisionSpec{PodSpec:v1.PodSpec{Volumes:[]v1.Volume(nil), InitContainers:[]v1.Container(nil), Containers:[]v1.Container{v1.Container{Name:\"user-container\", Image:\"dev.local/test\", Command:[]string(nil), Args:[]string(nil), WorkingDir:\"\", Ports:[]v1.ContainerPort(nil), EnvFrom:[]v1.EnvFromSource(nil), Env:[]v1.EnvVar(nil), Resources:v1.ResourceRequirements{Limits:v1.ResourceList{}, Requests:v1.ResourceList{}, Claims:[]v1.ResourceClaim(nil)}, ResizePolicy:[]v1.ContainerResizePolicy(nil), RestartPolicy:(*v1.ContainerRestartPolicy)(nil), VolumeMounts:[]v1.VolumeMount(nil), VolumeDevices:[]v1.VolumeDevice(nil), LivenessProbe:(*v1.Probe)(nil), ReadinessProbe:(*v1.Probe)(0x1400051b100), StartupProbe:(*v1.Probe)(nil), Lifecycle:(*v1.Lifecycle)(nil), TerminationMessagePath:\"\", TerminationMessagePolicy:\"\", ImagePullPolicy:\"\", SecurityContext:(*v1.SecurityContext)(nil), Stdin:false, StdinOnce:false, TTY:false}}, EphemeralContainers:[]v1.EphemeralContainer(nil), RestartPolicy:\"\", TerminationGracePeriodSeconds:(*int64)(nil), ActiveDeadlineSeconds:(*int64)(nil), DNSPolicy:\"\", NodeSelector:map[string]string(nil), ServiceAccountName:\"\", DeprecatedServiceAccount:\"\", AutomountServiceAccountToken:(*bool)(nil), NodeName:\"\", HostNetwork:false, HostPID:false, HostIPC:false, ShareProcessNamespace:(*bool)(nil), SecurityContext:(*v1.PodSecurityContext)(nil), ImagePullSecrets:[]v1.LocalObjectReference(nil), Hostname:\"\", Subdomain:\"\", Affinity:(*v1.Affinity)(nil), SchedulerName:\"\", Tolerations:[]v1.Toleration(nil), HostAliases:[]v1.HostAlias(nil), PriorityClassName:\"\", Priority:(*int32)(nil), DNSConfig:(*v1.PodDNSConfig)(nil), ReadinessGates:[]v1.PodReadinessGate(nil), RuntimeClassName:(*string)(nil), EnableServiceLinks:(*bool)(nil), PreemptionPolicy:(*v1.PreemptionPolicy)(nil), Overhead:v1.ResourceList(nil), TopologySpreadConstraints:[]v1.TopologySpreadConstraint(nil), SetHostnameAsFQDN:(*bool)(nil), OS:(*v1.PodOS)(nil), HostUsers:(*bool)(nil), SchedulingGates:[]v1.PodSchedulingGate(nil), ResourceClaims:[]v1.PodResourceClaim(nil), Resources:(*v1.ResourceRequirements)(nil)}, ContainerConcurrency:(*int64)(0x140009107c8), TimeoutSeconds:(*int64)(0x140009107d0), ResponseStartTimeoutSeconds:(*int64)(nil), IdleTimeoutSeconds:(*int64)(nil)}, Status:v1.RevisionStatus{Status:v1.Status{ObservedGeneration:0, Conditions:v1.Conditions(nil), Annotations:map[string]string(nil)}, LogURL:\"\", ContainerStatuses:[]v1.ContainerStatus(nil), InitContainerStatuses:[]v1.ContainerStatus(nil), ActualReplicas:(*int32)(nil), DesiredReplicas:(*int32)(nil)}}"}
{"level":"info","ts":1768351612.15403,"logger":"fallback","caller":"configuration/configuration.go:103","msg":"Revision \"kamera-test\" of configuration is not ready"}
{"level":"info","ts":"2026-01-13T16:46:52-08:00","logger":"ConfigurationReconciler.reconcile","msg":"reconcile completed","key":"default/demo","reconciler":"knative.dev.serving.pkg.reconciler.configuration.Reconciler","requeue":false,"requeueAfter":0}
{"level":"info","ts":"2026-01-13T16:46:52-08:00","logger":"tracecheck","msg":"Taking reconcile step","Depth":2,"# Distinct States":3,"Total States":3,"Resource States":3}
{"level":"info","ts":1768351612.15801,"logger":"fallback","caller":"route/route.go:480","msg":"Marking bad traffic target: Configuration \"demo\" not ready, isFailure=false"}
{"level":"info","ts":"2026-01-13T16:46:52-08:00","logger":"RouteReconciler.reconcile","msg":"reconcile completed","key":"default/demo","reconciler":"knative.dev.serving.pkg.reconciler.route.Reconciler","requeue":false,"requeueAfter":0}
{"level":"info","ts":"2026-01-13T16:46:52-08:00","logger":"tracecheck","msg":"Taking reconcile step","Depth":3,"# Distinct States":4,"Total States":4,"Resource States":4}
{"level":"info","ts":1768351612.161077,"logger":"fallback","caller":"service/service.go:171","msg":"Service reconciler fetching Route from lister: name=demo, namespace=default"}
{"level":"info","ts":1768351612.161087,"logger":"fallback","caller":"service/service.go:174","msg":"Service reconciler got Route from lister: name=demo, Generation=1, ObservedGeneration=1, ResourceVersion="}
{"level":"info","ts":1768351612.161099,"logger":"fallback","caller":"service/service.go:126","msg":"Service reconciler checking Route: name=demo, Generation=1, ObservedGeneration=1, Ready=Unknown (reason=RevisionMissing, message=Configuration \"demo\" is waiting for a Revision to become ready.), generationMatch=true, routeResourceVersion="}
{"level":"info","ts":1768351612.161103,"logger":"fallback","caller":"service/service.go:136","msg":"Service reconciler calling PropagateRouteStatus() because Generation == ObservedGeneration"}
{"level":"info","ts":"2026-01-13T16:46:52-08:00","logger":"ServiceReconciler.reconcile","msg":"reconcile completed","key":"default/demo","reconciler":"knative.dev.serving.pkg.reconciler.service.Reconciler","requeue":false,"requeueAfter":0}
{"level":"info","ts":"2026-01-13T16:46:52-08:00","logger":"tracecheck","msg":"Taking reconcile step","Depth":4,"# Distinct States":5,"Total States":5,"Resource States":5}
{"level":"info","ts":1768351612.164597,"logger":"fallback","caller":"configuration/configuration.go:103","msg":"Revision \"kamera-test\" of configuration is not ready"}
{"level":"info","ts":"2026-01-13T16:46:52-08:00","logger":"ConfigurationReconciler.reconcile","msg":"reconcile completed","key":"default/demo","reconciler":"knative.dev.serving.pkg.reconciler.configuration.Reconciler","requeue":false,"requeueAfter":0}
{"level":"info","ts":"2026-01-13T16:46:52-08:00","logger":"tracecheck","msg":"Taking reconcile step","Depth":5,"# Distinct States":6,"Total States":6,"Resource States":5}
{"level":"info","ts":"2026-01-13T16:46:52-08:00","logger":"tracecheck","msg":"Taking reconcile step","Depth":6,"# Distinct States":7,"Total States":7,"Resource States":6}
{"level":"error","ts":1768351612.168285,"logger":"fallback","caller":"revision/controller.go:116","msg":"Failed to create resolver transport","error":"open /var/run/secrets/kubernetes.io/serviceaccount/ca.crt: no such file or directory","stacktrace":"knative.dev/serving/pkg/reconciler/revision.newControllerWithOptions\n\t/Users/tgoodwin/tmp/gomodcache/knative.dev/serving@v0.46.5/pkg/reconciler/revision/controller.go:116\nknative.dev/serving/pkg/reconciler/revision.NewController\n\t/Users/tgoodwin/tmp/gomodcache/knative.dev/serving@v0.46.5/pkg/reconciler/revision/controller.go:64\nmain.configureKnativeExplorer.func1.1\n\t/Users/tgoodwin/projects/kamera/examples/knative-serving/scenario.go:91\ngithub.com/tgoodwin/kamera/examples/knative-serving/knative.NewKnativeStrategy.func1\n\t/Users/tgoodwin/projects/kamera/examples/knative-serving/knative/harness.go:555\ngithub.com/tgoodwin/kamera/examples/knative-serving/knative.(*KnativeStrategy).ReconcileAtState\n\t/Users/tgoodwin/projects/kamera/examples/knative-serving/knative/harness.go:895\ngithub.com/tgoodwin/kamera/pkg/tracecheck.(*ReconcilerContainer).doReconcile\n\t/Users/tgoodwin/projects/kamera/pkg/tracecheck/reconciler.go:164\ngithub.com/tgoodwin/kamera/pkg/tracecheck.(*Explorer).reconcileAtState\n\t/Users/tgoodwin/projects/kamera/pkg/tracecheck/explore.go:1313\ngithub.com/tgoodwin/kamera/pkg/tracecheck.(*Explorer).takeReconcileStep\n\t/Users/tgoodwin/projects/kamera/pkg/tracecheck/explore.go:1228\ngithub.com/tgoodwin/kamera/pkg/tracecheck.(*Explorer).explore\n\t/Users/tgoodwin/projects/kamera/pkg/tracecheck/explore.go:790\ngithub.com/tgoodwin/kamera/pkg/tracecheck.(*Explorer).Explore.func1\n\t/Users/tgoodwin/projects/kamera/pkg/tracecheck/explore.go:330"}
{"level":"info","ts":1768351612.1688309,"logger":"fallback","caller":"revision/reconcile_resources.go:59","msg":"Created deployment \"kamera-test-deployment\"","knative.dev/deployment":"kamera-test-deployment"}
{"level":"info","ts":1768351612.168917,"logger":"fallback","caller":"revision/reconcile_resources.go:142","msg":"Created image cache \"kamera-test-cache-user-container\""}
{"level":"info","ts":1768351612.168925,"logger":"fallback","caller":"revision/reconcile_resources.go:161","msg":"Reconciling PA: kamera-test"}
{"level":"info","ts":1768351612.169027,"logger":"fallback","caller":"revision/reconcile_resources.go:170","msg":"Created PA: kamera-test"}
{"level":"info","ts":"2026-01-13T16:46:52-08:00","logger":"RevisionReconciler.reconcile","msg":"reconcile completed","key":"default/kamera-test","reconciler":"knative.dev.serving.pkg.reconciler.revision.Reconciler","requeue":false,"requeueAfter":0}
{"level":"info","ts":"2026-01-13T16:46:52-08:00","logger":"tracecheck","msg":"Taking reconcile step","Depth":7,"# Distinct States":8,"Total States":8,"Resource States":7}
{"level":"info","ts":"2026-01-13T16:46:52-08:00","logger":"RouteReconciler.seed","msg":"added podscalable to informer","resource":"deployments","namespace":"default","name":"kamera-test-deployment","stage":"podscalable-add","keys":["default/kamera-test-deployment"]}
{"level":"info","ts":"2026-01-13T16:46:52-08:00","logger":"RouteReconciler.seed","msg":"podscalable visible to lister","resource":"deployments","namespace":"default","name":"kamera-test-deployment","stage":"podscalable-lister","object":{"apiVersion":"autoscaling.internal.knative.dev/v1alpha1","kind":"PodScalable","namespace":"default","name":"kamera-test-deployment"}}
{"level":"info","ts":1768351612.2758908,"logger":"fallback","caller":"route/route.go:480","msg":"Marking bad traffic target: Configuration \"demo\" not ready, isFailure=false"}
{"level":"info","ts":"2026-01-13T16:46:52-08:00","logger":"RouteReconciler.reconcile","msg":"reconcile completed","key":"default/demo","reconciler":"knative.dev.serving.pkg.reconciler.route.Reconciler","requeue":false,"requeueAfter":0}
{"level":"info","ts":"2026-01-13T16:46:52-08:00","logger":"tracecheck","msg":"Taking reconcile step","Depth":8,"# Distinct States":9,"Total States":9,"Resource States":7}
{"level":"info","ts":"2026-01-13T16:46:52-08:00","logger":"ServiceReconciler.seed","msg":"added podscalable to informer","resource":"deployments","namespace":"default","name":"kamera-test-deployment","stage":"podscalable-add","keys":["default/kamera-test-deployment"]}
{"level":"info","ts":"2026-01-13T16:46:52-08:00","logger":"ServiceReconciler.seed","msg":"podscalable visible to lister","resource":"deployments","namespace":"default","name":"kamera-test-deployment","stage":"podscalable-lister","object":{"apiVersion":"autoscaling.internal.knative.dev/v1alpha1","kind":"PodScalable","namespace":"default","name":"kamera-test-deployment"}}
{"level":"info","ts":1768351612.3810298,"logger":"fallback","caller":"service/service.go:171","msg":"Service reconciler fetching Route from lister: name=demo, namespace=default"}
{"level":"info","ts":1768351612.3810492,"logger":"fallback","caller":"service/service.go:174","msg":"Service reconciler got Route from lister: name=demo, Generation=1, ObservedGeneration=1, ResourceVersion="}
{"level":"info","ts":1768351612.381071,"logger":"fallback","caller":"service/service.go:126","msg":"Service reconciler checking Route: name=demo, Generation=1, ObservedGeneration=1, Ready=Unknown (reason=RevisionMissing, message=Configuration \"demo\" is waiting for a Revision to become ready.), generationMatch=true, routeResourceVersion="}
{"level":"info","ts":1768351612.3810802,"logger":"fallback","caller":"service/service.go:136","msg":"Service reconciler calling PropagateRouteStatus() because Generation == ObservedGeneration"}
{"level":"info","ts":"2026-01-13T16:46:52-08:00","logger":"ServiceReconciler.reconcile","msg":"reconcile completed","key":"default/demo","reconciler":"knative.dev.serving.pkg.reconciler.service.Reconciler","requeue":false,"requeueAfter":0}
{"level":"info","ts":"2026-01-13T16:46:52-08:00","logger":"tracecheck","msg":"Taking reconcile step","Depth":9,"# Distinct States":10,"Total States":10,"Resource States":7}
{"level":"info","ts":"2026-01-13T16:46:52-08:00","logger":"ConfigurationReconciler.seed","msg":"added podscalable to informer","resource":"deployments","namespace":"default","name":"kamera-test-deployment","stage":"podscalable-add","keys":["default/kamera-test-deployment"]}
{"level":"info","ts":"2026-01-13T16:46:52-08:00","logger":"ConfigurationReconciler.seed","msg":"podscalable visible to lister","resource":"deployments","namespace":"default","name":"kamera-test-deployment","stage":"podscalable-lister","object":{"apiVersion":"autoscaling.internal.knative.dev/v1alpha1","kind":"PodScalable","namespace":"default","name":"kamera-test-deployment"}}
{"level":"info","ts":1768351612.4859788,"logger":"fallback","caller":"configuration/configuration.go:103","msg":"Revision \"kamera-test\" of configuration is not ready"}
{"level":"info","ts":"2026-01-13T16:46:52-08:00","logger":"ConfigurationReconciler.reconcile","msg":"reconcile completed","key":"default/demo","reconciler":"knative.dev.serving.pkg.reconciler.configuration.Reconciler","requeue":false,"requeueAfter":0}
{"level":"info","ts":"2026-01-13T16:46:52-08:00","logger":"tracecheck","msg":"Taking reconcile step","Depth":10,"# Distinct States":11,"Total States":11,"Resource States":7}
{"level":"info","ts":"2026-01-13T16:46:52-08:00","logger":"tracecheck","msg":"Taking reconcile step","Depth":11,"# Distinct States":12,"Total States":12,"Resource States":7}
{"level":"info","ts":"2026-01-13T16:46:52-08:00","logger":"tracecheck","msg":"Updated Deployment status","Depth":11,"# Distinct States":12,"Total States":12,"Resource States":7,"name":"kamera-test-deployment"}
{"level":"info","ts":"2026-01-13T16:46:52-08:00","logger":"tracecheck","msg":"Taking reconcile step","Depth":12,"# Distinct States":13,"Total States":13,"Resource States":8}
{"level":"info","ts":"2026-01-13T16:46:52-08:00","logger":"KPAReconciler.seed","msg":"added podscalable to informer","resource":"deployments","namespace":"default","name":"kamera-test-deployment","stage":"podscalable-add","keys":["default/kamera-test-deployment"]}
{"level":"info","ts":"2026-01-13T16:46:52-08:00","logger":"KPAReconciler.seed","msg":"podscalable visible to lister","resource":"deployments","namespace":"default","name":"kamera-test-deployment","stage":"podscalable-lister","object":{"apiVersion":"autoscaling.internal.knative.dev/v1alpha1","kind":"PodScalable","namespace":"default","name":"kamera-test-deployment"}}
{"level":"info","ts":1768351612.597405,"logger":"fallback","caller":"kpa/controller.go:77","msg":"Setting up ConfigMap receivers"}
{"level":"info","ts":1768351612.597553,"logger":"fallback","caller":"kpa/controller.go:91","msg":"Setting up KPA-Class event handlers"}
{"level":"info","ts":1768351612.597656,"logger":"fallback","caller":"autoscaling/reconciler.go:56","msg":"SKS does not exist; creating."}
{"level":"info","ts":1768351612.597913,"logger":"fallback","caller":"autoscaling/reconciler.go:61","msg":"Created SKS"}
{"level":"info","ts":"2026-01-13T16:46:52-08:00","logger":"KPAReconciler.reconcile","msg":"reconcile completed","key":"default/kamera-test","reconciler":"knative.dev.serving.pkg.reconciler.autoscaling.kpa.Reconciler","requeue":false,"requeueAfter":0}
{"level":"info","ts":"2026-01-13T16:46:52-08:00","logger":"tracecheck","msg":"Taking reconcile step","Depth":13,"# Distinct States":14,"Total States":14,"Resource States":9}
{"level":"info","ts":"2026-01-13T16:46:52-08:00","logger":"RevisionReconciler.seed","msg":"added podscalable to informer","resource":"deployments","namespace":"default","name":"kamera-test-deployment","stage":"podscalable-add","keys":["default/kamera-test-deployment"]}
{"level":"info","ts":"2026-01-13T16:46:52-08:00","logger":"RevisionReconciler.seed","msg":"podscalable visible to lister","resource":"deployments","namespace":"default","name":"kamera-test-deployment","stage":"podscalable-lister","object":{"apiVersion":"autoscaling.internal.knative.dev/v1alpha1","kind":"PodScalable","namespace":"default","name":"kamera-test-deployment"}}
{"level":"error","ts":1768351612.7056131,"logger":"fallback","caller":"revision/controller.go:116","msg":"Failed to create resolver transport","error":"open /var/run/secrets/kubernetes.io/serviceaccount/ca.crt: no such file or directory","stacktrace":"knative.dev/serving/pkg/reconciler/revision.newControllerWithOptions\n\t/Users/tgoodwin/tmp/gomodcache/knative.dev/serving@v0.46.5/pkg/reconciler/revision/controller.go:116\nknative.dev/serving/pkg/reconciler/revision.NewController\n\t/Users/tgoodwin/tmp/gomodcache/knative.dev/serving@v0.46.5/pkg/reconciler/revision/controller.go:64\nmain.configureKnativeExplorer.func1.1\n\t/Users/tgoodwin/projects/kamera/examples/knative-serving/scenario.go:91\ngithub.com/tgoodwin/kamera/examples/knative-serving/knative.NewKnativeStrategy.func1\n\t/Users/tgoodwin/projects/kamera/examples/knative-serving/knative/harness.go:555\ngithub.com/tgoodwin/kamera/examples/knative-serving/knative.(*KnativeStrategy).ReconcileAtState\n\t/Users/tgoodwin/projects/kamera/examples/knative-serving/knative/harness.go:895\ngithub.com/tgoodwin/kamera/pkg/tracecheck.(*ReconcilerContainer).doReconcile\n\t/Users/tgoodwin/projects/kamera/pkg/tracecheck/reconciler.go:164\ngithub.com/tgoodwin/kamera/pkg/tracecheck.(*Explorer).reconcileAtState\n\t/Users/tgoodwin/projects/kamera/pkg/tracecheck/explore.go:1313\ngithub.com/tgoodwin/kamera/pkg/tracecheck.(*Explorer).takeReconcileStep\n\t/Users/tgoodwin/projects/kamera/pkg/tracecheck/explore.go:1228\ngithub.com/tgoodwin/kamera/pkg/tracecheck.(*Explorer).explore\n\t/Users/tgoodwin/projects/kamera/pkg/tracecheck/explore.go:790\ngithub.com/tgoodwin/kamera/pkg/tracecheck.(*Explorer).Explore.func1\n\t/Users/tgoodwin/projects/kamera/pkg/tracecheck/explore.go:330"}
{"level":"info","ts":1768351612.705838,"logger":"fallback","caller":"revision/reconcile_resources.go:161","msg":"Reconciling PA: kamera-test"}
{"level":"info","ts":"2026-01-13T16:46:52-08:00","logger":"RevisionReconciler.reconcile","msg":"reconcile completed","key":"default/kamera-test","reconciler":"knative.dev.serving.pkg.reconciler.revision.Reconciler","requeue":false,"requeueAfter":0}
{"level":"info","ts":"2026-01-13T16:46:52-08:00","logger":"tracecheck","msg":"Taking reconcile step","Depth":14,"# Distinct States":15,"Total States":15,"Resource States":10}
{"level":"info","ts":"2026-01-13T16:46:52-08:00","logger":"tracecheck","msg":"Taking reconcile step","Depth":15,"# Distinct States":16,"Total States":16,"Resource States":10}
{"level":"info","ts":"2026-01-13T16:46:52-08:00","logger":"tracecheck","msg":"Creating pods","Depth":15,"# Distinct States":16,"Total States":16,"Resource States":10,"count":1}
{"level":"info","ts":"2026-01-13T16:46:52-08:00","logger":"tracecheck","msg":"Updated ReplicaSet status","Depth":15,"# Distinct States":16,"Total States":16,"Resource States":10,"name":"kamera-test-deployment-1488584584"}
{"level":"info","ts":"2026-01-13T16:46:52-08:00","logger":"tracecheck","msg":"Taking reconcile step","Depth":16,"# Distinct States":17,"Total States":17,"Resource States":11}
{"level":"info","ts":"2026-01-13T16:46:52-08:00","logger":"tracecheck","msg":"Taking reconcile step","Depth":17,"# Distinct States":18,"Total States":18,"Resource States":11}
{"level":"info","ts":"2026-01-13T16:46:52-08:00","logger":"KPAReconciler.seed","msg":"added podscalable to informer","resource":"deployments","namespace":"default","name":"kamera-test-deployment","stage":"podscalable-add","keys":["default/kamera-test-deployment"]}
{"level":"info","ts":"2026-01-13T16:46:52-08:00","logger":"KPAReconciler.seed","msg":"podscalable visible to lister","resource":"deployments","namespace":"default","name":"kamera-test-deployment","stage":"podscalable-lister","object":{"apiVersion":"autoscaling.internal.knative.dev/v1alpha1","kind":"PodScalable","namespace":"default","name":"kamera-test-deployment"}}
{"level":"info","ts":1768351612.8166158,"logger":"fallback","caller":"kpa/controller.go:77","msg":"Setting up ConfigMap receivers"}
{"level":"info","ts":1768351612.816683,"logger":"fallback","caller":"kpa/controller.go:91","msg":"Setting up KPA-Class event handlers"}
{"level":"info","ts":"2026-01-13T16:46:52-08:00","logger":"KPAReconciler.reconcile","msg":"reconcile completed","key":"default/kamera-test","reconciler":"knative.dev.serving.pkg.reconciler.autoscaling.kpa.Reconciler","requeue":false,"requeueAfter":0}
{"level":"info","ts":"2026-01-13T16:46:52-08:00","logger":"tracecheck","msg":"Taking reconcile step","Depth":18,"# Distinct States":19,"Total States":19,"Resource States":11}
{"level":"info","ts":"2026-01-13T16:46:52-08:00","logger":"ServerlessServiceReconciler.seed","msg":"added podscalable to informer","resource":"deployments","namespace":"default","name":"kamera-test-deployment","stage":"podscalable-add","keys":["default/kamera-test-deployment"]}
{"level":"info","ts":"2026-01-13T16:46:52-08:00","logger":"ServerlessServiceReconciler.seed","msg":"podscalable visible to lister","resource":"deployments","namespace":"default","name":"kamera-test-deployment","stage":"podscalable-lister","object":{"apiVersion":"autoscaling.internal.knative.dev/v1alpha1","kind":"PodScalable","namespace":"default","name":"kamera-test-deployment"}}
{"level":"info","ts":1768351612.9221609,"logger":"fallback","caller":"serverlessservice/serverlessservice.go:316","msg":"SKS has no private service; creating."}
{"level":"info","ts":1768351612.922834,"logger":"fallback","caller":"serverlessservice/serverlessservice.go:323","msg":"Created private K8s service: kamera-test-private"}
{"level":"info","ts":1768351612.922844,"logger":"fallback","caller":"serverlessservice/serverlessservice.go:97","msg":"K8s public service does not exist; creating."}
{"level":"info","ts":1768351612.922834,"logger":"fallback","caller":"serverlessservice/controller.go:90","msg":"Doing a global resync due to activator endpoint changes"}
{"level":"info","ts":1768351612.92294,"logger":"fallback","caller":"serverlessservice/serverlessservice.go:105","msg":"Created public K8s service: kamera-test"}
{"level":"error","ts":1768351612.923163,"logger":"fallback","caller":"serverlessservice/reconciler.go:303","msg":"Returned an error","targetMethod":"ReconcileKind","error":"failed to get private K8s Service endpoints: endpoints \"kamera-test-private\" not found","stacktrace":"knative.dev/networking/pkg/client/injection/reconciler/networking/v1alpha1/serverlessservice.(*reconcilerImpl).Reconcile\n\t/Users/tgoodwin/tmp/gomodcache/knative.dev/networking@v0.0.0-20250909015233-e3b68fc57bea/pkg/client/injection/reconciler/networking/v1alpha1/serverlessservice/reconciler.go:303\ngithub.com/tgoodwin/kamera/examples/knative-serving/knative.(*KnativeStrategy).ReconcileAtState\n\t/Users/tgoodwin/projects/kamera/examples/knative-serving/knative/harness.go:905\ngithub.com/tgoodwin/kamera/pkg/tracecheck.(*ReconcilerContainer).doReconcile\n\t/Users/tgoodwin/projects/kamera/pkg/tracecheck/reconciler.go:164\ngithub.com/tgoodwin/kamera/pkg/tracecheck.(*Explorer).reconcileAtState\n\t/Users/tgoodwin/projects/kamera/pkg/tracecheck/explore.go:1313\ngithub.com/tgoodwin/kamera/pkg/tracecheck.(*Explorer).takeReconcileStep\n\t/Users/tgoodwin/projects/kamera/pkg/tracecheck/explore.go:1228\ngithub.com/tgoodwin/kamera/pkg/tracecheck.(*Explorer).explore\n\t/Users/tgoodwin/projects/kamera/pkg/tracecheck/explore.go:790\ngithub.com/tgoodwin/kamera/pkg/tracecheck.(*Explorer).Explore.func1\n\t/Users/tgoodwin/projects/kamera/pkg/tracecheck/explore.go:330"}
{"level":"info","ts":"2026-01-13T16:46:52-08:00","logger":"ServerlessServiceReconciler.reconcile","msg":"transient not found; requeueing","key":"default/kamera-test","reconciler":"knative.dev.serving.pkg.reconciler.serverlessservice.reconciler","error":"failed to get private K8s Service endpoints: endpoints \"kamera-test-private\" not found"}
{"level":"info","ts":"2026-01-13T16:46:52-08:00","logger":"tracecheck","msg":"Taking reconcile step","Depth":19,"# Distinct States":20,"Total States":20,"Resource States":12}
{"level":"info","ts":"2026-01-13T16:46:53-08:00","logger":"ConfigurationReconciler.seed","msg":"added podscalable to informer","resource":"deployments","namespace":"default","name":"kamera-test-deployment","stage":"podscalable-add","keys":["default/kamera-test-deployment"]}
{"level":"info","ts":"2026-01-13T16:46:53-08:00","logger":"ConfigurationReconciler.seed","msg":"podscalable visible to lister","resource":"deployments","namespace":"default","name":"kamera-test-deployment","stage":"podscalable-lister","object":{"apiVersion":"autoscaling.internal.knative.dev/v1alpha1","kind":"PodScalable","namespace":"default","name":"kamera-test-deployment"}}
{"level":"info","ts":1768351613.030421,"logger":"fallback","caller":"configuration/configuration.go:103","msg":"Revision \"kamera-test\" of configuration is not ready"}
{"level":"info","ts":"2026-01-13T16:46:53-08:00","logger":"ConfigurationReconciler.reconcile","msg":"reconcile completed","key":"default/demo","reconciler":"knative.dev.serving.pkg.reconciler.configuration.Reconciler","requeue":false,"requeueAfter":0}
{"level":"info","ts":"2026-01-13T16:46:53-08:00","logger":"tracecheck","msg":"Taking reconcile step","Depth":20,"# Distinct States":21,"Total States":21,"Resource States":12}
{"level":"info","ts":"2026-01-13T16:46:53-08:00","logger":"RevisionReconciler.seed","msg":"added podscalable to informer","resource":"deployments","namespace":"default","name":"kamera-test-deployment","stage":"podscalable-add","keys":["default/kamera-test-deployment"]}
{"level":"info","ts":"2026-01-13T16:46:53-08:00","logger":"RevisionReconciler.seed","msg":"podscalable visible to lister","resource":"deployments","namespace":"default","name":"kamera-test-deployment","stage":"podscalable-lister","object":{"apiVersion":"autoscaling.internal.knative.dev/v1alpha1","kind":"PodScalable","namespace":"default","name":"kamera-test-deployment"}}
{"level":"error","ts":1768351613.1355531,"logger":"fallback","caller":"revision/controller.go:116","msg":"Failed to create resolver transport","error":"open /var/run/secrets/kubernetes.io/serviceaccount/ca.crt: no such file or directory","stacktrace":"knative.dev/serving/pkg/reconciler/revision.newControllerWithOptions\n\t/Users/tgoodwin/tmp/gomodcache/knative.dev/serving@v0.46.5/pkg/reconciler/revision/controller.go:116\nknative.dev/serving/pkg/reconciler/revision.NewController\n\t/Users/tgoodwin/tmp/gomodcache/knative.dev/serving@v0.46.5/pkg/reconciler/revision/controller.go:64\nmain.configureKnativeExplorer.func1.1\n\t/Users/tgoodwin/projects/kamera/examples/knative-serving/scenario.go:91\ngithub.com/tgoodwin/kamera/examples/knative-serving/knative.NewKnativeStrategy.func1\n\t/Users/tgoodwin/projects/kamera/examples/knative-serving/knative/harness.go:555\ngithub.com/tgoodwin/kamera/examples/knative-serving/knative.(*KnativeStrategy).ReconcileAtState\n\t/Users/tgoodwin/projects/kamera/examples/knative-serving/knative/harness.go:895\ngithub.com/tgoodwin/kamera/pkg/tracecheck.(*ReconcilerContainer).doReconcile\n\t/Users/tgoodwin/projects/kamera/pkg/tracecheck/reconciler.go:164\ngithub.com/tgoodwin/kamera/pkg/tracecheck.(*Explorer).reconcileAtState\n\t/Users/tgoodwin/projects/kamera/pkg/tracecheck/explore.go:1313\ngithub.com/tgoodwin/kamera/pkg/tracecheck.(*Explorer).takeReconcileStep\n\t/Users/tgoodwin/projects/kamera/pkg/tracecheck/explore.go:1228\ngithub.com/tgoodwin/kamera/pkg/tracecheck.(*Explorer).explore\n\t/Users/tgoodwin/projects/kamera/pkg/tracecheck/explore.go:790\ngithub.com/tgoodwin/kamera/pkg/tracecheck.(*Explorer).Explore.func1\n\t/Users/tgoodwin/projects/kamera/pkg/tracecheck/explore.go:330"}
{"level":"info","ts":1768351613.135988,"logger":"fallback","caller":"revision/reconcile_resources.go:161","msg":"Reconciling PA: kamera-test"}
{"level":"info","ts":"2026-01-13T16:46:53-08:00","logger":"RevisionReconciler.reconcile","msg":"reconcile completed","key":"default/kamera-test","reconciler":"knative.dev.serving.pkg.reconciler.revision.Reconciler","requeue":false,"requeueAfter":0}
{"level":"info","ts":"2026-01-13T16:46:53-08:00","logger":"tracecheck","msg":"Taking reconcile step","Depth":21,"# Distinct States":22,"Total States":22,"Resource States":12}
{"level":"info","ts":"2026-01-13T16:46:53-08:00","logger":"tracecheck","msg":"Taking reconcile step","Depth":22,"# Distinct States":23,"Total States":23,"Resource States":12}
{"level":"info","ts":"2026-01-13T16:46:53-08:00","logger":"tracecheck","msg":"updated pod status","Depth":22,"# Distinct States":23,"Total States":23,"Resource States":12,"phase":"Pending","pod":{"name":"kamera-test-deployment-1488584584-0","namespace":"default"}}
{"level":"info","ts":"2026-01-13T16:46:53-08:00","logger":"tracecheck","msg":"Taking reconcile step","Depth":23,"# Distinct States":24,"Total States":24,"Resource States":13}
{"level":"info","ts":"2026-01-13T16:46:53-08:00","logger":"tracecheck","msg":"Updated ReplicaSet status","Depth":23,"# Distinct States":24,"Total States":24,"Resource States":13,"name":"kamera-test-deployment-1488584584"}
{"level":"info","ts":"2026-01-13T16:46:53-08:00","logger":"tracecheck","msg":"Taking reconcile step","Depth":24,"# Distinct States":25,"Total States":25,"Resource States":14}
{"level":"info","ts":"2026-01-13T16:46:53-08:00","logger":"tracecheck","msg":"Taking reconcile step","Depth":25,"# Distinct States":26,"Total States":26,"Resource States":14}
{"level":"info","ts":"2026-01-13T16:46:53-08:00","logger":"tracecheck","msg":"Taking reconcile step","Depth":26,"# Distinct States":27,"Total States":27,"Resource States":15}
{"level":"info","ts":"2026-01-13T16:46:53-08:00","logger":"KPAReconciler.seed","msg":"added podscalable to informer","resource":"deployments","namespace":"default","name":"kamera-test-deployment","stage":"podscalable-add","keys":["default/kamera-test-deployment"]}
{"level":"info","ts":"2026-01-13T16:46:53-08:00","logger":"KPAReconciler.seed","msg":"podscalable visible to lister","resource":"deployments","namespace":"default","name":"kamera-test-deployment","stage":"podscalable-lister","object":{"apiVersion":"autoscaling.internal.knative.dev/v1alpha1","kind":"PodScalable","namespace":"default","name":"kamera-test-deployment"}}
{"level":"info","ts":1768351613.250453,"logger":"fallback","caller":"kpa/controller.go:77","msg":"Setting up ConfigMap receivers"}
{"level":"info","ts":1768351613.250575,"logger":"fallback","caller":"kpa/controller.go:91","msg":"Setting up KPA-Class event handlers"}
{"level":"info","ts":1768351613.2512991,"logger":"fallback","caller":"kpa/kpa.go:158","msg":"SKS should be in Proxy mode: want = -1, ebc = 0, #act's = 2 PA Inactive? = false"}
{"level":"info","ts":1768351613.251342,"logger":"fallback","caller":"kpa/kpa.go:178","msg":"PA scale got=0, want=-1, desiredPods=0 ebc=0"}
{"level":"info","ts":1768351613.251371,"logger":"fallback","caller":"kpa/kpa.go:188","msg":"Observed pod counts=kpa.podCounts{want:-1, ready:0, notReady:1, pending:1, terminating:0}"}
{"level":"info","ts":"2026-01-13T16:46:53-08:00","logger":"KPAReconciler.reconcile","msg":"reconcile completed","key":"default/kamera-test","reconciler":"knative.dev.serving.pkg.reconciler.autoscaling.kpa.Reconciler","requeue":false,"requeueAfter":0}
{"level":"info","ts":"2026-01-13T16:46:53-08:00","logger":"tracecheck","msg":"Taking reconcile step","Depth":27,"# Distinct States":28,"Total States":28,"Resource States":16}
{"level":"info","ts":"2026-01-13T16:46:53-08:00","logger":"ServerlessServiceReconciler.seed","msg":"added podscalable to informer","resource":"deployments","namespace":"default","name":"kamera-test-deployment","stage":"podscalable-add","keys":["default/kamera-test-deployment"]}
{"level":"info","ts":"2026-01-13T16:46:53-08:00","logger":"ServerlessServiceReconciler.seed","msg":"podscalable visible to lister","resource":"deployments","namespace":"default","name":"kamera-test-deployment","stage":"podscalable-lister","object":{"apiVersion":"autoscaling.internal.knative.dev/v1alpha1","kind":"PodScalable","namespace":"default","name":"kamera-test-deployment"}}
{"level":"info","ts":1768351613.360422,"logger":"fallback","caller":"serverlessservice/serverlessservice.go:217","msg":"SKS is in Proxy mode; has 0 endpoints in kamera-test-private; 1 activator endpoints"}
{"level":"info","ts":1768351613.360445,"logger":"fallback","caller":"serverlessservice/serverlessservice.go:245","msg":"Forcing SKS into Proxy mode, insufficient ready endpoints."}
{"level":"info","ts":1768351613.360451,"logger":"fallback","caller":"serverlessservice/serverlessservice.go:265","msg":"Public endpoints object does not exist; creating."}
{"level":"info","ts":1768351613.360422,"logger":"fallback","caller":"serverlessservice/controller.go:90","msg":"Doing a global resync due to activator endpoint changes"}
{"level":"info","ts":1768351613.3605561,"logger":"fallback","caller":"serverlessservice/serverlessservice.go:270","msg":"Created K8s Endpoints: kamera-test"}
{"level":"info","ts":1768351613.360561,"logger":"fallback","caller":"serverlessservice/serverlessservice.go:290","msg":"No ready endpoints backing revision"}
{"level":"info","ts":"2026-01-13T16:46:53-08:00","logger":"ServerlessServiceReconciler.reconcile","msg":"reconcile completed","key":"default/kamera-test","reconciler":"knative.dev.serving.pkg.reconciler.serverlessservice.reconciler","requeue":false,"requeueAfter":0}
{"level":"info","ts":"2026-01-13T16:46:53-08:00","logger":"tracecheck","msg":"Taking reconcile step","Depth":28,"# Distinct States":29,"Total States":29,"Resource States":17}
{"level":"info","ts":"2026-01-13T16:46:53-08:00","logger":"tracecheck","msg":"Taking reconcile step","Depth":29,"# Distinct States":30,"Total States":30,"Resource States":17}
{"level":"info","ts":"2026-01-13T16:46:53-08:00","logger":"tracecheck","msg":"Taking reconcile step","Depth":30,"# Distinct States":31,"Total States":31,"Resource States":17}
{"level":"info","ts":"2026-01-13T16:46:53-08:00","logger":"tracecheck","msg":"updated pod status","Depth":30,"# Distinct States":31,"Total States":31,"Resource States":17,"phase":"Running","pod":{"name":"kamera-test-deployment-1488584584-0","namespace":"default"}}
{"level":"info","ts":"2026-01-13T16:46:53-08:00","logger":"tracecheck","msg":"Taking reconcile step","Depth":31,"# Distinct States":32,"Total States":32,"Resource States":18}
{"level":"info","ts":"2026-01-13T16:46:53-08:00","logger":"tracecheck","msg":"Updated Deployment status","Depth":31,"# Distinct States":32,"Total States":32,"Resource States":18,"name":"kamera-test-deployment"}
{"level":"info","ts":"2026-01-13T16:46:53-08:00","logger":"tracecheck","msg":"Taking reconcile step","Depth":32,"# Distinct States":33,"Total States":33,"Resource States":19}
{"level":"info","ts":"2026-01-13T16:46:53-08:00","logger":"tracecheck","msg":"Taking reconcile step","Depth":33,"# Distinct States":34,"Total States":34,"Resource States":19}
{"level":"info","ts":"2026-01-13T16:46:53-08:00","logger":"tracecheck","msg":"Taking reconcile step","Depth":34,"# Distinct States":35,"Total States":35,"Resource States":19}
{"level":"info","ts":"2026-01-13T16:46:53-08:00","logger":"KPAReconciler.seed","msg":"added podscalable to informer","resource":"deployments","namespace":"default","name":"kamera-test-deployment","stage":"podscalable-add","keys":["default/kamera-test-deployment"]}
{"level":"info","ts":"2026-01-13T16:46:53-08:00","logger":"KPAReconciler.seed","msg":"podscalable visible to lister","resource":"deployments","namespace":"default","name":"kamera-test-deployment","stage":"podscalable-lister","object":{"apiVersion":"autoscaling.internal.knative.dev/v1alpha1","kind":"PodScalable","namespace":"default","name":"kamera-test-deployment"}}
{"level":"info","ts":1768351613.47839,"logger":"fallback","caller":"kpa/controller.go:77","msg":"Setting up ConfigMap receivers"}
{"level":"info","ts":1768351613.478486,"logger":"fallback","caller":"kpa/controller.go:91","msg":"Setting up KPA-Class event handlers"}
{"level":"info","ts":1768351613.4785762,"logger":"fallback","caller":"kpa/kpa.go:158","msg":"SKS should be in Proxy mode: want = -1, ebc = 0, #act's = 2 PA Inactive? = false"}
{"level":"info","ts":1768351613.4785888,"logger":"fallback","caller":"kpa/kpa.go:178","msg":"PA scale got=0, want=-1, desiredPods=0 ebc=0"}
{"level":"info","ts":1768351613.4785962,"logger":"fallback","caller":"kpa/kpa.go:188","msg":"Observed pod counts=kpa.podCounts{want:-1, ready:0, notReady:1, pending:0, terminating:0}"}
{"level":"info","ts":"2026-01-13T16:46:53-08:00","logger":"KPAReconciler.reconcile","msg":"reconcile completed","key":"default/kamera-test","reconciler":"knative.dev.serving.pkg.reconciler.autoscaling.kpa.Reconciler","requeue":false,"requeueAfter":0}
{"level":"info","ts":"2026-01-13T16:46:53-08:00","logger":"tracecheck","msg":"Taking reconcile step","Depth":35,"# Distinct States":36,"Total States":36,"Resource States":19}
{"level":"info","ts":"2026-01-13T16:46:53-08:00","logger":"tracecheck","msg":"Taking reconcile step","Depth":36,"# Distinct States":37,"Total States":37,"Resource States":19}
{"level":"info","ts":"2026-01-13T16:46:53-08:00","logger":"RevisionReconciler.seed","msg":"added podscalable to informer","resource":"deployments","namespace":"default","name":"kamera-test-deployment","stage":"podscalable-add","keys":["default/kamera-test-deployment"]}
{"level":"info","ts":"2026-01-13T16:46:53-08:00","logger":"RevisionReconciler.seed","msg":"podscalable visible to lister","resource":"deployments","namespace":"default","name":"kamera-test-deployment","stage":"podscalable-lister","object":{"apiVersion":"autoscaling.internal.knative.dev/v1alpha1","kind":"PodScalable","namespace":"default","name":"kamera-test-deployment"}}
{"level":"error","ts":1768351613.5878909,"logger":"fallback","caller":"revision/controller.go:116","msg":"Failed to create resolver transport","error":"open /var/run/secrets/kubernetes.io/serviceaccount/ca.crt: no such file or directory","stacktrace":"knative.dev/serving/pkg/reconciler/revision.newControllerWithOptions\n\t/Users/tgoodwin/tmp/gomodcache/knative.dev/serving@v0.46.5/pkg/reconciler/revision/controller.go:116\nknative.dev/serving/pkg/reconciler/revision.NewController\n\t/Users/tgoodwin/tmp/gomodcache/knative.dev/serving@v0.46.5/pkg/reconciler/revision/controller.go:64\nmain.configureKnativeExplorer.func1.1\n\t/Users/tgoodwin/projects/kamera/examples/knative-serving/scenario.go:91\ngithub.com/tgoodwin/kamera/examples/knative-serving/knative.NewKnativeStrategy.func1\n\t/Users/tgoodwin/projects/kamera/examples/knative-serving/knative/harness.go:555\ngithub.com/tgoodwin/kamera/examples/knative-serving/knative.(*KnativeStrategy).ReconcileAtState\n\t/Users/tgoodwin/projects/kamera/examples/knative-serving/knative/harness.go:895\ngithub.com/tgoodwin/kamera/pkg/tracecheck.(*ReconcilerContainer).doReconcile\n\t/Users/tgoodwin/projects/kamera/pkg/tracecheck/reconciler.go:164\ngithub.com/tgoodwin/kamera/pkg/tracecheck.(*Explorer).reconcileAtState\n\t/Users/tgoodwin/projects/kamera/pkg/tracecheck/explore.go:1313\ngithub.com/tgoodwin/kamera/pkg/tracecheck.(*Explorer).takeReconcileStep\n\t/Users/tgoodwin/projects/kamera/pkg/tracecheck/explore.go:1228\ngithub.com/tgoodwin/kamera/pkg/tracecheck.(*Explorer).explore\n\t/Users/tgoodwin/projects/kamera/pkg/tracecheck/explore.go:790\ngithub.com/tgoodwin/kamera/pkg/tracecheck.(*Explorer).Explore.func1\n\t/Users/tgoodwin/projects/kamera/pkg/tracecheck/explore.go:330"}
{"level":"info","ts":1768351613.588346,"logger":"fallback","caller":"revision/reconcile_resources.go:161","msg":"Reconciling PA: kamera-test"}
{"level":"info","ts":"2026-01-13T16:46:53-08:00","logger":"RevisionReconciler.reconcile","msg":"reconcile completed","key":"default/kamera-test","reconciler":"knative.dev.serving.pkg.reconciler.revision.Reconciler","requeue":false,"requeueAfter":0}
{"level":"info","ts":"2026-01-13T16:46:53-08:00","logger":"tracecheck","msg":"Taking reconcile step","Depth":37,"# Distinct States":38,"Total States":38,"Resource States":20}
{"level":"info","ts":"2026-01-13T16:46:53-08:00","logger":"ServerlessServiceReconciler.seed","msg":"added podscalable to informer","resource":"deployments","namespace":"default","name":"kamera-test-deployment","stage":"podscalable-add","keys":["default/kamera-test-deployment"]}
{"level":"info","ts":"2026-01-13T16:46:53-08:00","logger":"ServerlessServiceReconciler.seed","msg":"podscalable visible to lister","resource":"deployments","namespace":"default","name":"kamera-test-deployment","stage":"podscalable-lister","object":{"apiVersion":"autoscaling.internal.knative.dev/v1alpha1","kind":"PodScalable","namespace":"default","name":"kamera-test-deployment"}}
{"level":"info","ts":1768351613.693184,"logger":"fallback","caller":"serverlessservice/controller.go:90","msg":"Doing a global resync due to activator endpoint changes"}
{"level":"info","ts":1768351613.693206,"logger":"fallback","caller":"serverlessservice/serverlessservice.go:217","msg":"SKS is in Proxy mode; has 0 endpoints in kamera-test-private; 1 activator endpoints"}
{"level":"info","ts":1768351613.693215,"logger":"fallback","caller":"serverlessservice/serverlessservice.go:245","msg":"Forcing SKS into Proxy mode, insufficient ready endpoints."}
{"level":"info","ts":1768351613.693221,"logger":"fallback","caller":"serverlessservice/serverlessservice.go:290","msg":"No ready endpoints backing revision"}
{"level":"info","ts":"2026-01-13T16:46:53-08:00","logger":"ServerlessServiceReconciler.reconcile","msg":"reconcile completed","key":"default/kamera-test","reconciler":"knative.dev.serving.pkg.reconciler.serverlessservice.reconciler","requeue":false,"requeueAfter":0}
{"level":"info","ts":"2026-01-13T16:46:53-08:00","logger":"tracecheck","msg":"Taking reconcile step","Depth":38,"# Distinct States":39,"Total States":39,"Resource States":20}
{"level":"info","ts":"2026-01-13T16:46:53-08:00","logger":"tracecheck","msg":"updated pod status","Depth":38,"# Distinct States":39,"Total States":39,"Resource States":20,"phase":"Running","pod":{"name":"kamera-test-deployment-1488584584-0","namespace":"default"}}
{"level":"info","ts":"2026-01-13T16:46:53-08:00","logger":"tracecheck","msg":"Taking reconcile step","Depth":39,"# Distinct States":40,"Total States":40,"Resource States":21}
{"level":"info","ts":"2026-01-13T16:46:53-08:00","logger":"tracecheck","msg":"Taking reconcile step","Depth":40,"# Distinct States":41,"Total States":41,"Resource States":21}
{"level":"info","ts":"2026-01-13T16:46:53-08:00","logger":"KPAReconciler.seed","msg":"added podscalable to informer","resource":"deployments","namespace":"default","name":"kamera-test-deployment","stage":"podscalable-add","keys":["default/kamera-test-deployment"]}
{"level":"info","ts":"2026-01-13T16:46:53-08:00","logger":"KPAReconciler.seed","msg":"podscalable visible to lister","resource":"deployments","namespace":"default","name":"kamera-test-deployment","stage":"podscalable-lister","object":{"apiVersion":"autoscaling.internal.knative.dev/v1alpha1","kind":"PodScalable","namespace":"default","name":"kamera-test-deployment"}}
{"level":"info","ts":1768351613.8044522,"logger":"fallback","caller":"kpa/controller.go:77","msg":"Setting up ConfigMap receivers"}
{"level":"info","ts":1768351613.804532,"logger":"fallback","caller":"kpa/controller.go:91","msg":"Setting up KPA-Class event handlers"}
{"level":"info","ts":1768351613.8047009,"logger":"fallback","caller":"kpa/kpa.go:158","msg":"SKS should be in Proxy mode: want = -1, ebc = 0, #act's = 2 PA Inactive? = false"}
{"level":"info","ts":1768351613.8047428,"logger":"fallback","caller":"kpa/kpa.go:178","msg":"PA scale got=1, want=-1, desiredPods=0 ebc=0"}
{"level":"info","ts":1768351613.8047569,"logger":"fallback","caller":"kpa/kpa.go:188","msg":"Observed pod counts=kpa.podCounts{want:-1, ready:1, notReady:0, pending:0, terminating:0}"}
{"level":"info","ts":"2026-01-13T16:46:53-08:00","logger":"KPAReconciler.reconcile","msg":"reconcile completed","key":"default/kamera-test","reconciler":"knative.dev.serving.pkg.reconciler.autoscaling.kpa.Reconciler","requeue":false,"requeueAfter":0}
{"level":"info","ts":"2026-01-13T16:46:53-08:00","logger":"tracecheck","msg":"Taking reconcile step","Depth":41,"# Distinct States":42,"Total States":42,"Resource States":22}
{"level":"info","ts":"2026-01-13T16:46:53-08:00","logger":"ConfigurationReconciler.seed","msg":"added podscalable to informer","resource":"deployments","namespace":"default","name":"kamera-test-deployment","stage":"podscalable-add","keys":["default/kamera-test-deployment"]}
{"level":"info","ts":"2026-01-13T16:46:53-08:00","logger":"ConfigurationReconciler.seed","msg":"podscalable visible to lister","resource":"deployments","namespace":"default","name":"kamera-test-deployment","stage":"podscalable-lister","object":{"apiVersion":"autoscaling.internal.knative.dev/v1alpha1","kind":"PodScalable","namespace":"default","name":"kamera-test-deployment"}}
{"level":"info","ts":1768351613.9128509,"logger":"fallback","caller":"configuration/configuration.go:103","msg":"Revision \"kamera-test\" of configuration is not ready"}
{"level":"info","ts":"2026-01-13T16:46:53-08:00","logger":"ConfigurationReconciler.reconcile","msg":"reconcile completed","key":"default/demo","reconciler":"knative.dev.serving.pkg.reconciler.configuration.Reconciler","requeue":false,"requeueAfter":0}
{"level":"info","ts":"2026-01-13T16:46:53-08:00","logger":"tracecheck","msg":"Taking reconcile step","Depth":42,"# Distinct States":43,"Total States":43,"Resource States":22}
{"level":"info","ts":"2026-01-13T16:46:53-08:00","logger":"tracecheck","msg":"Taking reconcile step","Depth":43,"# Distinct States":44,"Total States":44,"Resource States":22}
{"level":"info","ts":"2026-01-13T16:46:54-08:00","logger":"RevisionReconciler.seed","msg":"added podscalable to informer","resource":"deployments","namespace":"default","name":"kamera-test-deployment","stage":"podscalable-add","keys":["default/kamera-test-deployment"]}
{"level":"info","ts":"2026-01-13T16:46:54-08:00","logger":"RevisionReconciler.seed","msg":"podscalable visible to lister","resource":"deployments","namespace":"default","name":"kamera-test-deployment","stage":"podscalable-lister","object":{"apiVersion":"autoscaling.internal.knative.dev/v1alpha1","kind":"PodScalable","namespace":"default","name":"kamera-test-deployment"}}
{"level":"error","ts":1768351614.023413,"logger":"fallback","caller":"revision/controller.go:116","msg":"Failed to create resolver transport","error":"open /var/run/secrets/kubernetes.io/serviceaccount/ca.crt: no such file or directory","stacktrace":"knative.dev/serving/pkg/reconciler/revision.newControllerWithOptions\n\t/Users/tgoodwin/tmp/gomodcache/knative.dev/serving@v0.46.5/pkg/reconciler/revision/controller.go:116\nknative.dev/serving/pkg/reconciler/revision.NewController\n\t/Users/tgoodwin/tmp/gomodcache/knative.dev/serving@v0.46.5/pkg/reconciler/revision/controller.go:64\nmain.configureKnativeExplorer.func1.1\n\t/Users/tgoodwin/projects/kamera/examples/knative-serving/scenario.go:91\ngithub.com/tgoodwin/kamera/examples/knative-serving/knative.NewKnativeStrategy.func1\n\t/Users/tgoodwin/projects/kamera/examples/knative-serving/knative/harness.go:555\ngithub.com/tgoodwin/kamera/examples/knative-serving/knative.(*KnativeStrategy).ReconcileAtState\n\t/Users/tgoodwin/projects/kamera/examples/knative-serving/knative/harness.go:895\ngithub.com/tgoodwin/kamera/pkg/tracecheck.(*ReconcilerContainer).doReconcile\n\t/Users/tgoodwin/projects/kamera/pkg/tracecheck/reconciler.go:164\ngithub.com/tgoodwin/kamera/pkg/tracecheck.(*Explorer).reconcileAtState\n\t/Users/tgoodwin/projects/kamera/pkg/tracecheck/explore.go:1313\ngithub.com/tgoodwin/kamera/pkg/tracecheck.(*Explorer).takeReconcileStep\n\t/Users/tgoodwin/projects/kamera/pkg/tracecheck/explore.go:1228\ngithub.com/tgoodwin/kamera/pkg/tracecheck.(*Explorer).explore\n\t/Users/tgoodwin/projects/kamera/pkg/tracecheck/explore.go:790\ngithub.com/tgoodwin/kamera/pkg/tracecheck.(*Explorer).Explore.func1\n\t/Users/tgoodwin/projects/kamera/pkg/tracecheck/explore.go:330"}
{"level":"info","ts":1768351614.023912,"logger":"fallback","caller":"revision/reconcile_resources.go:161","msg":"Reconciling PA: kamera-test"}
{"level":"info","ts":1768351614.023951,"logger":"fallback","caller":"revision/revision.go:166","msg":"Revision became ready"}
{"level":"info","ts":"2026-01-13T16:46:54-08:00","logger":"RevisionReconciler.reconcile","msg":"reconcile completed","key":"default/kamera-test","reconciler":"knative.dev.serving.pkg.reconciler.revision.Reconciler","requeue":false,"requeueAfter":0}
{"level":"info","ts":"2026-01-13T16:46:54-08:00","logger":"tracecheck","msg":"Taking reconcile step","Depth":44,"# Distinct States":45,"Total States":45,"Resource States":23}
{"level":"info","ts":"2026-01-13T16:46:54-08:00","logger":"tracecheck","msg":"Taking reconcile step","Depth":45,"# Distinct States":46,"Total States":46,"Resource States":23}
{"level":"info","ts":"2026-01-13T16:46:54-08:00","logger":"tracecheck","msg":"Updated ReplicaSet status","Depth":45,"# Distinct States":46,"Total States":46,"Resource States":23,"name":"kamera-test-deployment-1488584584"}
{"level":"info","ts":"2026-01-13T16:46:54-08:00","logger":"tracecheck","msg":"Taking reconcile step","Depth":46,"# Distinct States":47,"Total States":47,"Resource States":24}
{"level":"info","ts":"2026-01-13T16:46:54-08:00","logger":"KPAReconciler.seed","msg":"added podscalable to informer","resource":"deployments","namespace":"default","name":"kamera-test-deployment","stage":"podscalable-add","keys":["default/kamera-test-deployment"]}
{"level":"info","ts":"2026-01-13T16:46:54-08:00","logger":"KPAReconciler.seed","msg":"podscalable visible to lister","resource":"deployments","namespace":"default","name":"kamera-test-deployment","stage":"podscalable-lister","object":{"apiVersion":"autoscaling.internal.knative.dev/v1alpha1","kind":"PodScalable","namespace":"default","name":"kamera-test-deployment"}}
{"level":"info","ts":1768351614.140296,"logger":"fallback","caller":"kpa/controller.go:77","msg":"Setting up ConfigMap receivers"}
{"level":"info","ts":1768351614.140497,"logger":"fallback","caller":"kpa/controller.go:91","msg":"Setting up KPA-Class event handlers"}
{"level":"info","ts":1768351614.140552,"logger":"fallback","caller":"kpa/scaler.go:229","msg":"Can deactivate PA, was active for 12s"}
{"level":"info","ts":1768351614.140565,"logger":"fallback","caller":"kpa/kpa.go:158","msg":"SKS should be in Proxy mode: want = 0, ebc = 0, #act's = 2 PA Inactive? = false"}
{"level":"info","ts":1768351614.140575,"logger":"fallback","caller":"kpa/kpa.go:178","msg":"PA scale got=1, want=0, desiredPods=0 ebc=0"}
{"level":"info","ts":1768351614.140579,"logger":"fallback","caller":"kpa/kpa.go:188","msg":"Observed pod counts=kpa.podCounts{want:0, ready:1, notReady:0, pending:0, terminating:0}"}
{"level":"info","ts":"2026-01-13T16:46:54-08:00","logger":"KPAReconciler.reconcile","msg":"reconcile completed","key":"default/kamera-test","reconciler":"knative.dev.serving.pkg.reconciler.autoscaling.kpa.Reconciler","requeue":false,"requeueAfter":0}
{"level":"info","ts":"2026-01-13T16:46:54-08:00","logger":"tracecheck","msg":"Taking reconcile step","Depth":47,"# Distinct States":48,"Total States":48,"Resource States":25}
{"level":"info","ts":"2026-01-13T16:46:54-08:00","logger":"ConfigurationReconciler.seed","msg":"added podscalable to informer","resource":"deployments","namespace":"default","name":"kamera-test-deployment","stage":"podscalable-add","keys":["default/kamera-test-deployment"]}
{"level":"info","ts":"2026-01-13T16:46:54-08:00","logger":"ConfigurationReconciler.seed","msg":"podscalable visible to lister","resource":"deployments","namespace":"default","name":"kamera-test-deployment","stage":"podscalable-lister","object":{"apiVersion":"autoscaling.internal.knative.dev/v1alpha1","kind":"PodScalable","namespace":"default","name":"kamera-test-deployment"}}
{"level":"info","ts":1768351614.2482612,"logger":"fallback","caller":"configuration/configuration.go:106","msg":"Revision \"kamera-test\" of configuration is ready"}
{"level":"info","ts":"2026-01-13T16:46:54-08:00","logger":"ConfigurationReconciler.reconcile","msg":"reconcile completed","key":"default/demo","reconciler":"knative.dev.serving.pkg.reconciler.configuration.Reconciler","requeue":false,"requeueAfter":0}
{"level":"info","ts":"2026-01-13T16:46:54-08:00","logger":"tracecheck","msg":"Taking reconcile step","Depth":48,"# Distinct States":49,"Total States":49,"Resource States":26}
{"level":"info","ts":"2026-01-13T16:46:54-08:00","logger":"tracecheck","msg":"Taking reconcile step","Depth":49,"# Distinct States":50,"Total States":50,"Resource States":26}
{"level":"info","ts":"2026-01-13T16:46:54-08:00","logger":"RevisionReconciler.seed","msg":"added podscalable to informer","resource":"deployments","namespace":"default","name":"kamera-test-deployment","stage":"podscalable-add","keys":["default/kamera-test-deployment"]}
{"level":"info","ts":"2026-01-13T16:46:54-08:00","logger":"RevisionReconciler.seed","msg":"podscalable visible to lister","resource":"deployments","namespace":"default","name":"kamera-test-deployment","stage":"podscalable-lister","object":{"apiVersion":"autoscaling.internal.knative.dev/v1alpha1","kind":"PodScalable","namespace":"default","name":"kamera-test-deployment"}}
{"level":"error","ts":1768351614.355127,"logger":"fallback","caller":"revision/controller.go:116","msg":"Failed to create resolver transport","error":"open /var/run/secrets/kubernetes.io/serviceaccount/ca.crt: no such file or directory","stacktrace":"knative.dev/serving/pkg/reconciler/revision.newControllerWithOptions\n\t/Users/tgoodwin/tmp/gomodcache/knative.dev/serving@v0.46.5/pkg/reconciler/revision/controller.go:116\nknative.dev/serving/pkg/reconciler/revision.NewController\n\t/Users/tgoodwin/tmp/gomodcache/knative.dev/serving@v0.46.5/pkg/reconciler/revision/controller.go:64\nmain.configureKnativeExplorer.func1.1\n\t/Users/tgoodwin/projects/kamera/examples/knative-serving/scenario.go:91\ngithub.com/tgoodwin/kamera/examples/knative-serving/knative.NewKnativeStrategy.func1\n\t/Users/tgoodwin/projects/kamera/examples/knative-serving/knative/harness.go:555\ngithub.com/tgoodwin/kamera/examples/knative-serving/knative.(*KnativeStrategy).ReconcileAtState\n\t/Users/tgoodwin/projects/kamera/examples/knative-serving/knative/harness.go:895\ngithub.com/tgoodwin/kamera/pkg/tracecheck.(*ReconcilerContainer).doReconcile\n\t/Users/tgoodwin/projects/kamera/pkg/tracecheck/reconciler.go:164\ngithub.com/tgoodwin/kamera/pkg/tracecheck.(*Explorer).reconcileAtState\n\t/Users/tgoodwin/projects/kamera/pkg/tracecheck/explore.go:1313\ngithub.com/tgoodwin/kamera/pkg/tracecheck.(*Explorer).takeReconcileStep\n\t/Users/tgoodwin/projects/kamera/pkg/tracecheck/explore.go:1228\ngithub.com/tgoodwin/kamera/pkg/tracecheck.(*Explorer).explore\n\t/Users/tgoodwin/projects/kamera/pkg/tracecheck/explore.go:790\ngithub.com/tgoodwin/kamera/pkg/tracecheck.(*Explorer).Explore.func1\n\t/Users/tgoodwin/projects/kamera/pkg/tracecheck/explore.go:330"}
{"level":"info","ts":1768351614.355618,"logger":"fallback","caller":"revision/reconcile_resources.go:161","msg":"Reconciling PA: kamera-test"}
{"level":"info","ts":"2026-01-13T16:46:54-08:00","logger":"RevisionReconciler.reconcile","msg":"reconcile completed","key":"default/kamera-test","reconciler":"knative.dev.serving.pkg.reconciler.revision.Reconciler","requeue":false,"requeueAfter":0}
{"level":"info","ts":"2026-01-13T16:46:54-08:00","logger":"tracecheck","msg":"Taking reconcile step","Depth":50,"# Distinct States":51,"Total States":51,"Resource States":27}
{"level":"info","ts":"2026-01-13T16:46:54-08:00","logger":"tracecheck","msg":"Updated Deployment status","Depth":50,"# Distinct States":51,"Total States":51,"Resource States":27,"name":"kamera-test-deployment"}
{"level":"info","ts":"2026-01-13T16:46:54-08:00","logger":"tracecheck","msg":"Taking reconcile step","Depth":51,"# Distinct States":52,"Total States":52,"Resource States":28}
{"level":"info","ts":"2026-01-13T16:46:54-08:00","logger":"tracecheck","msg":"Taking reconcile step","Depth":52,"# Distinct States":53,"Total States":53,"Resource States":28}
{"level":"info","ts":"2026-01-13T16:46:54-08:00","logger":"KPAReconciler.seed","msg":"added podscalable to informer","resource":"deployments","namespace":"default","name":"kamera-test-deployment","stage":"podscalable-add","keys":["default/kamera-test-deployment"]}
{"level":"info","ts":"2026-01-13T16:46:54-08:00","logger":"KPAReconciler.seed","msg":"podscalable visible to lister","resource":"deployments","namespace":"default","name":"kamera-test-deployment","stage":"podscalable-lister","object":{"apiVersion":"autoscaling.internal.knative.dev/v1alpha1","kind":"PodScalable","namespace":"default","name":"kamera-test-deployment"}}
{"level":"info","ts":1768351614.467598,"logger":"fallback","caller":"kpa/controller.go:77","msg":"Setting up ConfigMap receivers"}
{"level":"info","ts":1768351614.467798,"logger":"fallback","caller":"kpa/controller.go:91","msg":"Setting up KPA-Class event handlers"}
{"level":"info","ts":1768351614.467948,"logger":"fallback","caller":"kpa/scaler.go:379","msg":"Scaling from 1 to 0"}
{"level":"info","ts":1768351614.4702961,"logger":"fallback","caller":"kpa/kpa.go:158","msg":"SKS should be in Proxy mode: want = 0, ebc = 0, #act's = 2 PA Inactive? = true"}
{"level":"info","ts":1768351614.470332,"logger":"fallback","caller":"kpa/kpa.go:178","msg":"PA scale got=1, want=0, desiredPods=0 ebc=0"}
{"level":"info","ts":1768351614.4703429,"logger":"fallback","caller":"kpa/kpa.go:188","msg":"Observed pod counts=kpa.podCounts{want:0, ready:1, notReady:0, pending:0, terminating:0}"}
{"level":"info","ts":"2026-01-13T16:46:54-08:00","logger":"KPAReconciler.reconcile","msg":"reconcile completed","key":"default/kamera-test","reconciler":"knative.dev.serving.pkg.reconciler.autoscaling.kpa.Reconciler","requeue":false,"requeueAfter":0}
{"level":"info","ts":"2026-01-13T16:46:54-08:00","logger":"tracecheck","msg":"Taking reconcile step","Depth":53,"# Distinct States":54,"Total States":54,"Resource States":29}
{"level":"info","ts":"2026-01-13T16:46:54-08:00","logger":"ConfigurationReconciler.seed","msg":"added podscalable to informer","resource":"deployments","namespace":"default","name":"kamera-test-deployment","stage":"podscalable-add","keys":["default/kamera-test-deployment"]}
{"level":"info","ts":"2026-01-13T16:46:54-08:00","logger":"ConfigurationReconciler.seed","msg":"podscalable visible to lister","resource":"deployments","namespace":"default","name":"kamera-test-deployment","stage":"podscalable-lister","object":{"apiVersion":"autoscaling.internal.knative.dev/v1alpha1","kind":"PodScalable","namespace":"default","name":"kamera-test-deployment"}}
{"level":"info","ts":1768351614.578781,"logger":"fallback","caller":"configuration/configuration.go:106","msg":"Revision \"kamera-test\" of configuration is ready"}
{"level":"info","ts":"2026-01-13T16:46:54-08:00","logger":"ConfigurationReconciler.reconcile","msg":"reconcile completed","key":"default/demo","reconciler":"knative.dev.serving.pkg.reconciler.configuration.Reconciler","requeue":false,"requeueAfter":0}
{"level":"info","ts":"2026-01-13T16:46:54-08:00","logger":"tracecheck","msg":"Taking reconcile step","Depth":54,"# Distinct States":55,"Total States":55,"Resource States":29}
{"level":"info","ts":"2026-01-13T16:46:54-08:00","logger":"RouteReconciler.seed","msg":"added podscalable to informer","resource":"deployments","namespace":"default","name":"kamera-test-deployment","stage":"podscalable-add","keys":["default/kamera-test-deployment"]}
{"level":"info","ts":"2026-01-13T16:46:54-08:00","logger":"RouteReconciler.seed","msg":"podscalable visible to lister","resource":"deployments","namespace":"default","name":"kamera-test-deployment","stage":"podscalable-lister","object":{"apiVersion":"autoscaling.internal.knative.dev/v1alpha1","kind":"PodScalable","namespace":"default","name":"kamera-test-deployment"}}
{"level":"info","ts":1768351614.68644,"logger":"fallback","caller":"route/route.go:465","msg":"Revision default/kamera-test is inactive"}
{"level":"info","ts":1768351614.686492,"logger":"fallback","caller":"route/route.go:487","msg":"All referred targets are routable, marking AllTrafficAssigned with traffic information."}
{"level":"info","ts":1768351614.686522,"logger":"fallback","caller":"route/route.go:140","msg":"Creating placeholder k8s services"}
{"level":"info","ts":1768351614.6868129,"logger":"fallback","caller":"route/reconcile_resources.go:179","msg":"Created service demo"}
{"level":"info","ts":1768351614.687368,"logger":"fallback","caller":"route/route.go:176","msg":"Updating placeholder k8s services with ingress information"}
{"level":"warn","ts":1768351614.687412,"logger":"fallback","caller":"route/reconcile_resources.go:228","msg":"Failed to update k8s service","error":"failed to fetch loadbalancer domain/IP from ingress status"}
{"level":"info","ts":1768351614.6874392,"logger":"fallback","caller":"route/route.go:198","msg":"Route successfully synced"}
{"level":"info","ts":"2026-01-13T16:46:54-08:00","logger":"RouteReconciler.reconcile","msg":"reconcile completed","key":"default/demo","reconciler":"knative.dev.serving.pkg.reconciler.route.Reconciler","requeue":false,"requeueAfter":0}
{"level":"info","ts":"2026-01-13T16:46:54-08:00","logger":"tracecheck","msg":"Taking reconcile step","Depth":55,"# Distinct States":56,"Total States":56,"Resource States":30}
{"level":"info","ts":"2026-01-13T16:46:54-08:00","logger":"ServiceReconciler.seed","msg":"added podscalable to informer","resource":"deployments","namespace":"default","name":"kamera-test-deployment","stage":"podscalable-add","keys":["default/kamera-test-deployment"]}
{"level":"info","ts":"2026-01-13T16:46:54-08:00","logger":"ServiceReconciler.seed","msg":"podscalable visible to lister","resource":"deployments","namespace":"default","name":"kamera-test-deployment","stage":"podscalable-lister","object":{"apiVersion":"autoscaling.internal.knative.dev/v1alpha1","kind":"PodScalable","namespace":"default","name":"kamera-test-deployment"}}
{"level":"info","ts":1768351614.7970078,"logger":"fallback","caller":"service/service.go:171","msg":"Service reconciler fetching Route from lister: name=demo, namespace=default"}
{"level":"info","ts":1768351614.79707,"logger":"fallback","caller":"service/service.go:174","msg":"Service reconciler got Route from lister: name=demo, Generation=1, ObservedGeneration=1, ResourceVersion="}
{"level":"info","ts":1768351614.797119,"logger":"fallback","caller":"service/service.go:126","msg":"Service reconciler checking Route: name=demo, Generation=1, ObservedGeneration=1, Ready=Unknown (reason=IngressNotConfigured, message=Ingress has not yet been reconciled.), generationMatch=true, routeResourceVersion="}
{"level":"info","ts":1768351614.797127,"logger":"fallback","caller":"service/service.go:136","msg":"Service reconciler calling PropagateRouteStatus() because Generation == ObservedGeneration"}
{"level":"info","ts":"2026-01-13T16:46:54-08:00","logger":"ServiceReconciler.reconcile","msg":"reconcile completed","key":"default/demo","reconciler":"knative.dev.serving.pkg.reconciler.service.Reconciler","requeue":false,"requeueAfter":0}
{"level":"info","ts":"2026-01-13T16:46:54-08:00","logger":"tracecheck","msg":"Taking reconcile step","Depth":56,"# Distinct States":57,"Total States":57,"Resource States":31}
{"level":"info","ts":"2026-01-13T16:46:54-08:00","logger":"tracecheck","msg":"Taking reconcile step","Depth":57,"# Distinct States":58,"Total States":58,"Resource States":31}
{"level":"info","ts":"2026-01-13T16:46:54-08:00","logger":"RevisionReconciler.seed","msg":"added podscalable to informer","resource":"deployments","namespace":"default","name":"kamera-test-deployment","stage":"podscalable-add","keys":["default/kamera-test-deployment"]}
{"level":"info","ts":"2026-01-13T16:46:54-08:00","logger":"RevisionReconciler.seed","msg":"podscalable visible to lister","resource":"deployments","namespace":"default","name":"kamera-test-deployment","stage":"podscalable-lister","object":{"apiVersion":"autoscaling.internal.knative.dev/v1alpha1","kind":"PodScalable","namespace":"default","name":"kamera-test-deployment"}}
{"level":"error","ts":1768351614.908967,"logger":"fallback","caller":"revision/controller.go:116","msg":"Failed to create resolver transport","error":"open /var/run/secrets/kubernetes.io/serviceaccount/ca.crt: no such file or directory","stacktrace":"knative.dev/serving/pkg/reconciler/revision.newControllerWithOptions\n\t/Users/tgoodwin/tmp/gomodcache/knative.dev/serving@v0.46.5/pkg/reconciler/revision/controller.go:116\nknative.dev/serving/pkg/reconciler/revision.NewController\n\t/Users/tgoodwin/tmp/gomodcache/knative.dev/serving@v0.46.5/pkg/reconciler/revision/controller.go:64\nmain.configureKnativeExplorer.func1.1\n\t/Users/tgoodwin/projects/kamera/examples/knative-serving/scenario.go:91\ngithub.com/tgoodwin/kamera/examples/knative-serving/knative.NewKnativeStrategy.func1\n\t/Users/tgoodwin/projects/kamera/examples/knative-serving/knative/harness.go:555\ngithub.com/tgoodwin/kamera/examples/knative-serving/knative.(*KnativeStrategy).ReconcileAtState\n\t/Users/tgoodwin/projects/kamera/examples/knative-serving/knative/harness.go:895\ngithub.com/tgoodwin/kamera/pkg/tracecheck.(*ReconcilerContainer).doReconcile\n\t/Users/tgoodwin/projects/kamera/pkg/tracecheck/reconciler.go:164\ngithub.com/tgoodwin/kamera/pkg/tracecheck.(*Explorer).reconcileAtState\n\t/Users/tgoodwin/projects/kamera/pkg/tracecheck/explore.go:1313\ngithub.com/tgoodwin/kamera/pkg/tracecheck.(*Explorer).takeReconcileStep\n\t/Users/tgoodwin/projects/kamera/pkg/tracecheck/explore.go:1228\ngithub.com/tgoodwin/kamera/pkg/tracecheck.(*Explorer).explore\n\t/Users/tgoodwin/projects/kamera/pkg/tracecheck/explore.go:790\ngithub.com/tgoodwin/kamera/pkg/tracecheck.(*Explorer).Explore.func1\n\t/Users/tgoodwin/projects/kamera/pkg/tracecheck/explore.go:330"}
{"level":"info","ts":1768351614.909338,"logger":"fallback","caller":"revision/reconcile_resources.go:161","msg":"Reconciling PA: kamera-test"}
{"level":"info","ts":"2026-01-13T16:46:54-08:00","logger":"RevisionReconciler.reconcile","msg":"reconcile completed","key":"default/kamera-test","reconciler":"knative.dev.serving.pkg.reconciler.revision.Reconciler","requeue":false,"requeueAfter":0}
{"level":"info","ts":"2026-01-13T16:46:54-08:00","logger":"tracecheck","msg":"Taking reconcile step","Depth":58,"# Distinct States":59,"Total States":59,"Resource States":31}
{"level":"info","ts":"2026-01-13T16:46:54-08:00","logger":"tracecheck","msg":"Updated Deployment status","Depth":58,"# Distinct States":59,"Total States":59,"Resource States":31,"name":"kamera-test-deployment"}
{"level":"info","ts":"2026-01-13T16:46:54-08:00","logger":"tracecheck","msg":"Taking reconcile step","Depth":59,"# Distinct States":60,"Total States":60,"Resource States":32}
{"level":"info","ts":"2026-01-13T16:46:55-08:00","logger":"KPAReconciler.seed","msg":"added podscalable to informer","resource":"deployments","namespace":"default","name":"kamera-test-deployment","stage":"podscalable-add","keys":["default/kamera-test-deployment"]}
{"level":"info","ts":"2026-01-13T16:46:55-08:00","logger":"KPAReconciler.seed","msg":"podscalable visible to lister","resource":"deployments","namespace":"default","name":"kamera-test-deployment","stage":"podscalable-lister","object":{"apiVersion":"autoscaling.internal.knative.dev/v1alpha1","kind":"PodScalable","namespace":"default","name":"kamera-test-deployment"}}
{"level":"info","ts":1768351615.025159,"logger":"fallback","caller":"kpa/controller.go:77","msg":"Setting up ConfigMap receivers"}
{"level":"info","ts":1768351615.025271,"logger":"fallback","caller":"kpa/controller.go:91","msg":"Setting up KPA-Class event handlers"}
{"level":"info","ts":1768351615.025375,"logger":"fallback","caller":"kpa/kpa.go:158","msg":"SKS should be in Proxy mode: want = 0, ebc = 0, #act's = 2 PA Inactive? = true"}
{"level":"info","ts":1768351615.0253959,"logger":"fallback","caller":"kpa/kpa.go:178","msg":"PA scale got=1, want=0, desiredPods=0 ebc=0"}
{"level":"info","ts":1768351615.025405,"logger":"fallback","caller":"kpa/kpa.go:188","msg":"Observed pod counts=kpa.podCounts{want:0, ready:1, notReady:0, pending:0, terminating:0}"}
{"level":"info","ts":"2026-01-13T16:46:55-08:00","logger":"KPAReconciler.reconcile","msg":"reconcile completed","key":"default/kamera-test","reconciler":"knative.dev.serving.pkg.reconciler.autoscaling.kpa.Reconciler","requeue":false,"requeueAfter":0}
{"level":"info","ts":"2026-01-13T16:46:55-08:00","logger":"tracecheck","msg":"Taking reconcile step","Depth":60,"# Distinct States":61,"Total States":61,"Resource States":32}
{"level":"info","ts":"2026-01-13T16:46:55-08:00","logger":"tracecheck","msg":"Taking reconcile step","Depth":61,"# Distinct States":62,"Total States":62,"Resource States":32}
{"level":"info","ts":"2026-01-13T16:46:55-08:00","logger":"tracecheck","msg":"Taking reconcile step","Depth":62,"# Distinct States":63,"Total States":63,"Resource States":33}
{"level":"info","ts":"2026-01-13T16:46:55-08:00","logger":"RouteReconciler.seed","msg":"added podscalable to informer","resource":"deployments","namespace":"default","name":"kamera-test-deployment","stage":"podscalable-add","keys":["default/kamera-test-deployment"]}
{"level":"info","ts":"2026-01-13T16:46:55-08:00","logger":"RouteReconciler.seed","msg":"podscalable visible to lister","resource":"deployments","namespace":"default","name":"kamera-test-deployment","stage":"podscalable-lister","object":{"apiVersion":"autoscaling.internal.knative.dev/v1alpha1","kind":"PodScalable","namespace":"default","name":"kamera-test-deployment"}}
{"level":"info","ts":1768351615.135519,"logger":"fallback","caller":"route/route.go:465","msg":"Revision default/kamera-test is inactive"}
{"level":"info","ts":1768351615.135534,"logger":"fallback","caller":"route/route.go:487","msg":"All referred targets are routable, marking AllTrafficAssigned with traffic information."}
{"level":"info","ts":1768351615.135542,"logger":"fallback","caller":"route/route.go:140","msg":"Creating placeholder k8s services"}
{"level":"info","ts":1768351615.135594,"logger":"fallback","caller":"route/route.go:176","msg":"Updating placeholder k8s services with ingress information"}
{"level":"info","ts":1768351615.1357088,"logger":"fallback","caller":"route/route.go:198","msg":"Route successfully synced"}
{"level":"info","ts":"2026-01-13T16:46:55-08:00","logger":"RouteReconciler.reconcile","msg":"reconcile completed","key":"default/demo","reconciler":"knative.dev.serving.pkg.reconciler.route.Reconciler","requeue":false,"requeueAfter":0}
{"level":"info","ts":"2026-01-13T16:46:55-08:00","logger":"tracecheck","msg":"Taking reconcile step","Depth":63,"# Distinct States":64,"Total States":64,"Resource States":34}
{"level":"info","ts":"2026-01-13T16:46:55-08:00","logger":"tracecheck","msg":"Taking reconcile step","Depth":64,"# Distinct States":65,"Total States":65,"Resource States":34}
{"level":"info","ts":"2026-01-13T16:46:55-08:00","logger":"ServiceReconciler.seed","msg":"added podscalable to informer","resource":"deployments","namespace":"default","name":"kamera-test-deployment","stage":"podscalable-add","keys":["default/kamera-test-deployment"]}
{"level":"info","ts":"2026-01-13T16:46:55-08:00","logger":"ServiceReconciler.seed","msg":"podscalable visible to lister","resource":"deployments","namespace":"default","name":"kamera-test-deployment","stage":"podscalable-lister","object":{"apiVersion":"autoscaling.internal.knative.dev/v1alpha1","kind":"PodScalable","namespace":"default","name":"kamera-test-deployment"}}
{"level":"info","ts":1768351615.244915,"logger":"fallback","caller":"service/service.go:171","msg":"Service reconciler fetching Route from lister: name=demo, namespace=default"}
{"level":"info","ts":1768351615.2449431,"logger":"fallback","caller":"service/service.go:174","msg":"Service reconciler got Route from lister: name=demo, Generation=1, ObservedGeneration=1, ResourceVersion="}
{"level":"info","ts":1768351615.244975,"logger":"fallback","caller":"service/service.go:126","msg":"Service reconciler checking Route: name=demo, Generation=1, ObservedGeneration=1, Ready=True (reason=, message=), generationMatch=true, routeResourceVersion="}
{"level":"info","ts":1768351615.2449841,"logger":"fallback","caller":"service/service.go:136","msg":"Service reconciler calling PropagateRouteStatus() because Generation == ObservedGeneration"}
{"level":"info","ts":"2026-01-13T16:46:55-08:00","logger":"ServiceReconciler.reconcile","msg":"reconcile completed","key":"default/demo","reconciler":"knative.dev.serving.pkg.reconciler.service.Reconciler","requeue":false,"requeueAfter":0}
{"level":"info","ts":"2026-01-13T16:46:55-08:00","logger":"tracecheck","msg":"Taking reconcile step","Depth":65,"# Distinct States":66,"Total States":66,"Resource States":35}
{"level":"info","ts":"2026-01-13T16:46:55-08:00","logger":"tracecheck","msg":"Taking reconcile step","Depth":66,"# Distinct States":67,"Total States":67,"Resource States":35}
{"level":"info","ts":"2026-01-13T16:46:55-08:00","logger":"tracecheck","msg":"Deleting pods","Depth":66,"# Distinct States":67,"Total States":67,"Resource States":35,"count":1}
{"level":"info","ts":"2026-01-13T16:46:55-08:00","logger":"tracecheck","msg":"Taking reconcile step","Depth":67,"# Distinct States":68,"Total States":68,"Resource States":36}
{"level":"info","ts":"2026-01-13T16:46:55-08:00","logger":"tracecheck","msg":"Taking reconcile step","Depth":68,"# Distinct States":69,"Total States":69,"Resource States":36}
{"level":"info","ts":"2026-01-13T16:46:55-08:00","logger":"RevisionReconciler.seed","msg":"added podscalable to informer","resource":"deployments","namespace":"default","name":"kamera-test-deployment","stage":"podscalable-add","keys":["default/kamera-test-deployment"]}
{"level":"info","ts":"2026-01-13T16:46:55-08:00","logger":"RevisionReconciler.seed","msg":"podscalable visible to lister","resource":"deployments","namespace":"default","name":"kamera-test-deployment","stage":"podscalable-lister","object":{"apiVersion":"autoscaling.internal.knative.dev/v1alpha1","kind":"PodScalable","namespace":"default","name":"kamera-test-deployment"}}
{"level":"error","ts":1768351615.356787,"logger":"fallback","caller":"revision/controller.go:116","msg":"Failed to create resolver transport","error":"open /var/run/secrets/kubernetes.io/serviceaccount/ca.crt: no such file or directory","stacktrace":"knative.dev/serving/pkg/reconciler/revision.newControllerWithOptions\n\t/Users/tgoodwin/tmp/gomodcache/knative.dev/serving@v0.46.5/pkg/reconciler/revision/controller.go:116\nknative.dev/serving/pkg/reconciler/revision.NewController\n\t/Users/tgoodwin/tmp/gomodcache/knative.dev/serving@v0.46.5/pkg/reconciler/revision/controller.go:64\nmain.configureKnativeExplorer.func1.1\n\t/Users/tgoodwin/projects/kamera/examples/knative-serving/scenario.go:91\ngithub.com/tgoodwin/kamera/examples/knative-serving/knative.NewKnativeStrategy.func1\n\t/Users/tgoodwin/projects/kamera/examples/knative-serving/knative/harness.go:555\ngithub.com/tgoodwin/kamera/examples/knative-serving/knative.(*KnativeStrategy).ReconcileAtState\n\t/Users/tgoodwin/projects/kamera/examples/knative-serving/knative/harness.go:895\ngithub.com/tgoodwin/kamera/pkg/tracecheck.(*ReconcilerContainer).doReconcile\n\t/Users/tgoodwin/projects/kamera/pkg/tracecheck/reconciler.go:164\ngithub.com/tgoodwin/kamera/pkg/tracecheck.(*Explorer).reconcileAtState\n\t/Users/tgoodwin/projects/kamera/pkg/tracecheck/explore.go:1313\ngithub.com/tgoodwin/kamera/pkg/tracecheck.(*Explorer).takeReconcileStep\n\t/Users/tgoodwin/projects/kamera/pkg/tracecheck/explore.go:1228\ngithub.com/tgoodwin/kamera/pkg/tracecheck.(*Explorer).explore\n\t/Users/tgoodwin/projects/kamera/pkg/tracecheck/explore.go:790\ngithub.com/tgoodwin/kamera/pkg/tracecheck.(*Explorer).Explore.func1\n\t/Users/tgoodwin/projects/kamera/pkg/tracecheck/explore.go:330"}
{"level":"info","ts":1768351615.357176,"logger":"fallback","caller":"revision/reconcile_resources.go:161","msg":"Reconciling PA: kamera-test"}
{"level":"info","ts":"2026-01-13T16:46:55-08:00","logger":"RevisionReconciler.reconcile","msg":"reconcile completed","key":"default/kamera-test","reconciler":"knative.dev.serving.pkg.reconciler.revision.Reconciler","requeue":false,"requeueAfter":0}
{"level":"info","ts":"2026-01-13T16:46:55-08:00","logger":"tracecheck","msg":"Taking reconcile step","Depth":69,"# Distinct States":70,"Total States":70,"Resource States":36}
{"level":"info","ts":"2026-01-13T16:46:55-08:00","logger":"KPAReconciler.seed","msg":"added podscalable to informer","resource":"deployments","namespace":"default","name":"kamera-test-deployment","stage":"podscalable-add","keys":["default/kamera-test-deployment"]}
{"level":"info","ts":"2026-01-13T16:46:55-08:00","logger":"KPAReconciler.seed","msg":"podscalable visible to lister","resource":"deployments","namespace":"default","name":"kamera-test-deployment","stage":"podscalable-lister","object":{"apiVersion":"autoscaling.internal.knative.dev/v1alpha1","kind":"PodScalable","namespace":"default","name":"kamera-test-deployment"}}
{"level":"info","ts":1768351615.4646301,"logger":"fallback","caller":"kpa/controller.go:77","msg":"Setting up ConfigMap receivers"}
{"level":"info","ts":1768351615.46481,"logger":"fallback","caller":"kpa/controller.go:91","msg":"Setting up KPA-Class event handlers"}
{"level":"info","ts":1768351615.464957,"logger":"fallback","caller":"kpa/kpa.go:158","msg":"SKS should be in Proxy mode: want = 0, ebc = 0, #act's = 2 PA Inactive? = true"}
{"level":"info","ts":1768351615.464989,"logger":"fallback","caller":"kpa/kpa.go:178","msg":"PA scale got=0, want=0, desiredPods=0 ebc=0"}
{"level":"info","ts":1768351615.465002,"logger":"fallback","caller":"kpa/kpa.go:188","msg":"Observed pod counts=kpa.podCounts{want:0, ready:0, notReady:1, pending:0, terminating:1}"}
{"level":"info","ts":"2026-01-13T16:46:55-08:00","logger":"KPAReconciler.reconcile","msg":"reconcile completed","key":"default/kamera-test","reconciler":"knative.dev.serving.pkg.reconciler.autoscaling.kpa.Reconciler","requeue":false,"requeueAfter":0}
{"level":"info","ts":"2026-01-13T16:46:55-08:00","logger":"tracecheck","msg":"Taking reconcile step","Depth":70,"# Distinct States":71,"Total States":71,"Resource States":37}
{"level":"info","ts":"2026-01-13T16:46:55-08:00","logger":"tracecheck","msg":"Taking reconcile step","Depth":71,"# Distinct States":72,"Total States":72,"Resource States":37}
{"level":"info","ts":"2026-01-13T16:46:55-08:00","logger":"tracecheck","msg":"Taking reconcile step","Depth":72,"# Distinct States":73,"Total States":73,"Resource States":37}
{"level":"info","ts":"2026-01-13T16:46:55-08:00","logger":"RouteReconciler.seed","msg":"added podscalable to informer","resource":"deployments","namespace":"default","name":"kamera-test-deployment","stage":"podscalable-add","keys":["default/kamera-test-deployment"]}
{"level":"info","ts":"2026-01-13T16:46:55-08:00","logger":"RouteReconciler.seed","msg":"podscalable visible to lister","resource":"deployments","namespace":"default","name":"kamera-test-deployment","stage":"podscalable-lister","object":{"apiVersion":"autoscaling.internal.knative.dev/v1alpha1","kind":"PodScalable","namespace":"default","name":"kamera-test-deployment"}}
{"level":"info","ts":1768351615.57681,"logger":"fallback","caller":"route/route.go:465","msg":"Revision default/kamera-test is inactive"}
{"level":"info","ts":1768351615.576851,"logger":"fallback","caller":"route/route.go:487","msg":"All referred targets are routable, marking AllTrafficAssigned with traffic information."}
{"level":"info","ts":1768351615.576871,"logger":"fallback","caller":"route/route.go:140","msg":"Creating placeholder k8s services"}
{"level":"info","ts":1768351615.576993,"logger":"fallback","caller":"route/route.go:176","msg":"Updating placeholder k8s services with ingress information"}
{"level":"info","ts":1768351615.577055,"logger":"fallback","caller":"route/route.go:198","msg":"Route successfully synced"}
{"level":"info","ts":"2026-01-13T16:46:55-08:00","logger":"RouteReconciler.reconcile","msg":"reconcile completed","key":"default/demo","reconciler":"knative.dev.serving.pkg.reconciler.route.Reconciler","requeue":false,"requeueAfter":0}
{"level":"info","ts":"2026-01-13T16:46:55-08:00","logger":"tracecheck","msg":"Taking reconcile step","Depth":73,"# Distinct States":74,"Total States":74,"Resource States":37}
{"level":"info","ts":"2026-01-13T16:46:55-08:00","logger":"ServiceReconciler.seed","msg":"added podscalable to informer","resource":"deployments","namespace":"default","name":"kamera-test-deployment","stage":"podscalable-add","keys":["default/kamera-test-deployment"]}
{"level":"info","ts":"2026-01-13T16:46:55-08:00","logger":"ServiceReconciler.seed","msg":"podscalable visible to lister","resource":"deployments","namespace":"default","name":"kamera-test-deployment","stage":"podscalable-lister","object":{"apiVersion":"autoscaling.internal.knative.dev/v1alpha1","kind":"PodScalable","namespace":"default","name":"kamera-test-deployment"}}
{"level":"info","ts":1768351615.6841989,"logger":"fallback","caller":"service/service.go:171","msg":"Service reconciler fetching Route from lister: name=demo, namespace=default"}
{"level":"info","ts":1768351615.684213,"logger":"fallback","caller":"service/service.go:174","msg":"Service reconciler got Route from lister: name=demo, Generation=1, ObservedGeneration=1, ResourceVersion="}
{"level":"info","ts":1768351615.684226,"logger":"fallback","caller":"service/service.go:126","msg":"Service reconciler checking Route: name=demo, Generation=1, ObservedGeneration=1, Ready=True (reason=, message=), generationMatch=true, routeResourceVersion="}
{"level":"info","ts":1768351615.6842291,"logger":"fallback","caller":"service/service.go:136","msg":"Service reconciler calling PropagateRouteStatus() because Generation == ObservedGeneration"}
{"level":"info","ts":"2026-01-13T16:46:55-08:00","logger":"ServiceReconciler.reconcile","msg":"reconcile completed","key":"default/demo","reconciler":"knative.dev.serving.pkg.reconciler.service.Reconciler","requeue":false,"requeueAfter":0}
{"level":"info","ts":"2026-01-13T16:46:55-08:00","logger":"tracecheck","msg":"Taking reconcile step","Depth":74,"# Distinct States":75,"Total States":75,"Resource States":37}
{"level":"error","ts":"2026-01-13T16:46:55-08:00","logger":"tracegen","msg":"setting root context","Kind":"/v1, Kind=Pod","Name":"kamera-test-deployment-1488584584-0","NewRootID":"","labels":{"app":"kamera-test","discrete.events/sleeve-object-id":"37jmqvjn","pod-template-hash":"1488584584","serving.knative.dev/configuration":"demo","serving.knative.dev/configurationGeneration":"1","serving.knative.dev/revision":"kamera-test","serving.knative.dev/revisionUID":"","serving.knative.dev/service":"demo"},"error":"no root ID set on object - is this namespace handled by the sleeve webhook?","stacktrace":"github.com/tgoodwin/kamera/pkg/tracegen.(*ContextTracker).setRootContextFromObservation\n\t/Users/tgoodwin/projects/kamera/pkg/tracegen/context.go:153\ngithub.com/tgoodwin/kamera/pkg/tracegen.(*ContextTracker).TrackOperation\n\t/Users/tgoodwin/projects/kamera/pkg/tracegen/context.go:197\ngithub.com/tgoodwin/kamera/pkg/tracegen.(*Client).Get\n\t/Users/tgoodwin/projects/kamera/pkg/tracegen/client.go:177\ngithub.com/tgoodwin/kamera/sleevectrl/pkg/controller.(*FinalizerReconciler).Reconcile\n\t/Users/tgoodwin/projects/kamera/sleevectrl/pkg/controller/sleeve_finalizer_controller.go:41\ngithub.com/tgoodwin/kamera/pkg/tracecheck.(*ControllerRuntimeStrategy).ReconcileAtState\n\t/Users/tgoodwin/projects/kamera/pkg/tracecheck/reconciler.go:82\ngithub.com/tgoodwin/kamera/pkg/tracecheck.(*ReconcilerContainer).doReconcile\n\t/Users/tgoodwin/projects/kamera/pkg/tracecheck/reconciler.go:164\ngithub.com/tgoodwin/kamera/pkg/tracecheck.(*Explorer).reconcileAtState\n\t/Users/tgoodwin/projects/kamera/pkg/tracecheck/explore.go:1313\ngithub.com/tgoodwin/kamera/pkg/tracecheck.(*Explorer).takeReconcileStep\n\t/Users/tgoodwin/projects/kamera/pkg/tracecheck/explore.go:1228\ngithub.com/tgoodwin/kamera/pkg/tracecheck.(*Explorer).explore\n\t/Users/tgoodwin/projects/kamera/pkg/tracecheck/explore.go:790\ngithub.com/tgoodwin/kamera/pkg/tracecheck.(*Explorer).Explore.func1\n\t/Users/tgoodwin/projects/kamera/pkg/tracecheck/explore.go:330"}
{"level":"error","ts":"2026-01-13T16:46:55-08:00","logger":"tracegen","msg":"rootID is empty","Kind":"/v1, Kind=Pod","Name":"kamera-test-deployment-1488584584-0","NewRootID":"","stacktrace":"github.com/tgoodwin/kamera/pkg/tracegen.(*ContextTracker).setRootContextFromObservation\n\t/Users/tgoodwin/projects/kamera/pkg/tracegen/context.go:157\ngithub.com/tgoodwin/kamera/pkg/tracegen.(*ContextTracker).TrackOperation\n\t/Users/tgoodwin/projects/kamera/pkg/tracegen/context.go:197\ngithub.com/tgoodwin/kamera/pkg/tracegen.(*Client).Get\n\t/Users/tgoodwin/projects/kamera/pkg/tracegen/client.go:177\ngithub.com/tgoodwin/kamera/sleevectrl/pkg/controller.(*FinalizerReconciler).Reconcile\n\t/Users/tgoodwin/projects/kamera/sleevectrl/pkg/controller/sleeve_finalizer_controller.go:41\ngithub.com/tgoodwin/kamera/pkg/tracecheck.(*ControllerRuntimeStrategy).ReconcileAtState\n\t/Users/tgoodwin/projects/kamera/pkg/tracecheck/reconciler.go:82\ngithub.com/tgoodwin/kamera/pkg/tracecheck.(*ReconcilerContainer).doReconcile\n\t/Users/tgoodwin/projects/kamera/pkg/tracecheck/reconciler.go:164\ngithub.com/tgoodwin/kamera/pkg/tracecheck.(*Explorer).reconcileAtState\n\t/Users/tgoodwin/projects/kamera/pkg/tracecheck/explore.go:1313\ngithub.com/tgoodwin/kamera/pkg/tracecheck.(*Explorer).takeReconcileStep\n\t/Users/tgoodwin/projects/kamera/pkg/tracecheck/explore.go:1228\ngithub.com/tgoodwin/kamera/pkg/tracecheck.(*Explorer).explore\n\t/Users/tgoodwin/projects/kamera/pkg/tracecheck/explore.go:790\ngithub.com/tgoodwin/kamera/pkg/tracecheck.(*Explorer).Explore.func1\n\t/Users/tgoodwin/projects/kamera/pkg/tracecheck/explore.go:330"}
{"level":"error","ts":"2026-01-13T16:46:55-08:00","logger":"tracegen","msg":"creating event","error":"failed to get change ID: Event does not have a change ID","stacktrace":"github.com/tgoodwin/kamera/pkg/tracegen.(*Client).LogOperation\n\t/Users/tgoodwin/projects/kamera/pkg/tracegen/client.go:106\ngithub.com/tgoodwin/kamera/pkg/tracegen.(*Client).Get\n\t/Users/tgoodwin/projects/kamera/pkg/tracegen/client.go:178\ngithub.com/tgoodwin/kamera/sleevectrl/pkg/controller.(*FinalizerReconciler).Reconcile\n\t/Users/tgoodwin/projects/kamera/sleevectrl/pkg/controller/sleeve_finalizer_controller.go:41\ngithub.com/tgoodwin/kamera/pkg/tracecheck.(*ControllerRuntimeStrategy).ReconcileAtState\n\t/Users/tgoodwin/projects/kamera/pkg/tracecheck/reconciler.go:82\ngithub.com/tgoodwin/kamera/pkg/tracecheck.(*ReconcilerContainer).doReconcile\n\t/Users/tgoodwin/projects/kamera/pkg/tracecheck/reconciler.go:164\ngithub.com/tgoodwin/kamera/pkg/tracecheck.(*Explorer).reconcileAtState\n\t/Users/tgoodwin/projects/kamera/pkg/tracecheck/explore.go:1313\ngithub.com/tgoodwin/kamera/pkg/tracecheck.(*Explorer).takeReconcileStep\n\t/Users/tgoodwin/projects/kamera/pkg/tracecheck/explore.go:1228\ngithub.com/tgoodwin/kamera/pkg/tracecheck.(*Explorer).explore\n\t/Users/tgoodwin/projects/kamera/pkg/tracecheck/explore.go:790\ngithub.com/tgoodwin/kamera/pkg/tracecheck.(*Explorer).Explore.func1\n\t/Users/tgoodwin/projects/kamera/pkg/tracecheck/explore.go:330"}
{"level":"error","ts":"2026-01-13T16:46:55-08:00","logger":"tracegen","msg":"creating event","error":"failed to get change ID: Event does not have a change ID","stacktrace":"github.com/tgoodwin/kamera/pkg/tracegen.(*Client).LogOperation\n\t/Users/tgoodwin/projects/kamera/pkg/tracegen/client.go:106\ngithub.com/tgoodwin/kamera/sleevectrl/pkg/controller.(*FinalizerReconciler).Reconcile\n\t/Users/tgoodwin/projects/kamera/sleevectrl/pkg/controller/sleeve_finalizer_controller.go:69\ngithub.com/tgoodwin/kamera/pkg/tracecheck.(*ControllerRuntimeStrategy).ReconcileAtState\n\t/Users/tgoodwin/projects/kamera/pkg/tracecheck/reconciler.go:82\ngithub.com/tgoodwin/kamera/pkg/tracecheck.(*ReconcilerContainer).doReconcile\n\t/Users/tgoodwin/projects/kamera/pkg/tracecheck/reconciler.go:164\ngithub.com/tgoodwin/kamera/pkg/tracecheck.(*Explorer).reconcileAtState\n\t/Users/tgoodwin/projects/kamera/pkg/tracecheck/explore.go:1313\ngithub.com/tgoodwin/kamera/pkg/tracecheck.(*Explorer).takeReconcileStep\n\t/Users/tgoodwin/projects/kamera/pkg/tracecheck/explore.go:1228\ngithub.com/tgoodwin/kamera/pkg/tracecheck.(*Explorer).explore\n\t/Users/tgoodwin/projects/kamera/pkg/tracecheck/explore.go:790\ngithub.com/tgoodwin/kamera/pkg/tracecheck.(*Explorer).Explore.func1\n\t/Users/tgoodwin/projects/kamera/pkg/tracecheck/explore.go:330"}
{"level":"info","ts":"2026-01-13T16:46:55-08:00","logger":"tracecheck","msg":"Taking reconcile step","Depth":75,"# Distinct States":76,"Total States":76,"Resource States":38}
{"level":"info","ts":"2026-01-13T16:46:55-08:00","logger":"tracecheck","msg":"Taking reconcile step","Depth":76,"# Distinct States":77,"Total States":77,"Resource States":38}
{"level":"info","ts":"2026-01-13T16:46:55-08:00","logger":"tracecheck","msg":"Updated ReplicaSet status","Depth":76,"# Distinct States":77,"Total States":77,"Resource States":38,"name":"kamera-test-deployment-1488584584"}
{"level":"info","ts":"2026-01-13T16:46:55-08:00","logger":"tracecheck","msg":"Taking reconcile step","Depth":77,"# Distinct States":78,"Total States":78,"Resource States":39}
{"level":"info","ts":"2026-01-13T16:46:55-08:00","logger":"KPAReconciler.seed","msg":"added podscalable to informer","resource":"deployments","namespace":"default","name":"kamera-test-deployment","stage":"podscalable-add","keys":["default/kamera-test-deployment"]}
{"level":"info","ts":"2026-01-13T16:46:55-08:00","logger":"KPAReconciler.seed","msg":"podscalable visible to lister","resource":"deployments","namespace":"default","name":"kamera-test-deployment","stage":"podscalable-lister","object":{"apiVersion":"autoscaling.internal.knative.dev/v1alpha1","kind":"PodScalable","namespace":"default","name":"kamera-test-deployment"}}
{"level":"info","ts":1768351615.797771,"logger":"fallback","caller":"kpa/controller.go:77","msg":"Setting up ConfigMap receivers"}
{"level":"info","ts":1768351615.7978911,"logger":"fallback","caller":"kpa/controller.go:91","msg":"Setting up KPA-Class event handlers"}
{"level":"info","ts":1768351615.798024,"logger":"fallback","caller":"kpa/kpa.go:158","msg":"SKS should be in Proxy mode: want = 0, ebc = 0, #act's = 2 PA Inactive? = true"}
{"level":"info","ts":1768351615.798051,"logger":"fallback","caller":"kpa/kpa.go:178","msg":"PA scale got=0, want=0, desiredPods=0 ebc=0"}
{"level":"info","ts":1768351615.798062,"logger":"fallback","caller":"kpa/kpa.go:188","msg":"Observed pod counts=kpa.podCounts{want:0, ready:0, notReady:0, pending:0, terminating:0}"}
{"level":"info","ts":"2026-01-13T16:46:55-08:00","logger":"KPAReconciler.reconcile","msg":"reconcile completed","key":"default/kamera-test","reconciler":"knative.dev.serving.pkg.reconciler.autoscaling.kpa.Reconciler","requeue":false,"requeueAfter":0}
{"level":"info","ts":"2026-01-13T16:46:55-08:00","logger":"tracecheck","msg":"Taking reconcile step","Depth":78,"# Distinct States":79,"Total States":79,"Resource States":39}
{"level":"info","ts":"2026-01-13T16:46:55-08:00","logger":"tracecheck","msg":"Taking reconcile step","Depth":79,"# Distinct States":80,"Total States":80,"Resource States":39}
{"level":"info","ts":"2026-01-13T16:46:55-08:00","logger":"RevisionReconciler.seed","msg":"added podscalable to informer","resource":"deployments","namespace":"default","name":"kamera-test-deployment","stage":"podscalable-add","keys":["default/kamera-test-deployment"]}
{"level":"info","ts":"2026-01-13T16:46:55-08:00","logger":"RevisionReconciler.seed","msg":"podscalable visible to lister","resource":"deployments","namespace":"default","name":"kamera-test-deployment","stage":"podscalable-lister","object":{"apiVersion":"autoscaling.internal.knative.dev/v1alpha1","kind":"PodScalable","namespace":"default","name":"kamera-test-deployment"}}
{"level":"error","ts":1768351615.903975,"logger":"fallback","caller":"revision/controller.go:116","msg":"Failed to create resolver transport","error":"open /var/run/secrets/kubernetes.io/serviceaccount/ca.crt: no such file or directory","stacktrace":"knative.dev/serving/pkg/reconciler/revision.newControllerWithOptions\n\t/Users/tgoodwin/tmp/gomodcache/knative.dev/serving@v0.46.5/pkg/reconciler/revision/controller.go:116\nknative.dev/serving/pkg/reconciler/revision.NewController\n\t/Users/tgoodwin/tmp/gomodcache/knative.dev/serving@v0.46.5/pkg/reconciler/revision/controller.go:64\nmain.configureKnativeExplorer.func1.1\n\t/Users/tgoodwin/projects/kamera/examples/knative-serving/scenario.go:91\ngithub.com/tgoodwin/kamera/examples/knative-serving/knative.NewKnativeStrategy.func1\n\t/Users/tgoodwin/projects/kamera/examples/knative-serving/knative/harness.go:555\ngithub.com/tgoodwin/kamera/examples/knative-serving/knative.(*KnativeStrategy).ReconcileAtState\n\t/Users/tgoodwin/projects/kamera/examples/knative-serving/knative/harness.go:895\ngithub.com/tgoodwin/kamera/pkg/tracecheck.(*ReconcilerContainer).doReconcile\n\t/Users/tgoodwin/projects/kamera/pkg/tracecheck/reconciler.go:164\ngithub.com/tgoodwin/kamera/pkg/tracecheck.(*Explorer).reconcileAtState\n\t/Users/tgoodwin/projects/kamera/pkg/tracecheck/explore.go:1313\ngithub.com/tgoodwin/kamera/pkg/tracecheck.(*Explorer).takeReconcileStep\n\t/Users/tgoodwin/projects/kamera/pkg/tracecheck/explore.go:1228\ngithub.com/tgoodwin/kamera/pkg/tracecheck.(*Explorer).explore\n\t/Users/tgoodwin/projects/kamera/pkg/tracecheck/explore.go:790\ngithub.com/tgoodwin/kamera/pkg/tracecheck.(*Explorer).Explore.func1\n\t/Users/tgoodwin/projects/kamera/pkg/tracecheck/explore.go:330"}
{"level":"info","ts":1768351615.904351,"logger":"fallback","caller":"revision/reconcile_resources.go:161","msg":"Reconciling PA: kamera-test"}
{"level":"info","ts":"2026-01-13T16:46:55-08:00","logger":"RevisionReconciler.reconcile","msg":"reconcile completed","key":"default/kamera-test","reconciler":"knative.dev.serving.pkg.reconciler.revision.Reconciler","requeue":false,"requeueAfter":0}
{"level":"info","ts":"2026-01-13T16:46:55-08:00","logger":"tracecheck","msg":"Taking reconcile step","Depth":80,"# Distinct States":81,"Total States":81,"Resource States":40}
{"level":"info","ts":"2026-01-13T16:46:55-08:00","logger":"tracecheck","msg":"Updated Deployment status","Depth":80,"# Distinct States":81,"Total States":81,"Resource States":40,"name":"kamera-test-deployment"}
{"level":"info","ts":"2026-01-13T16:46:55-08:00","logger":"tracecheck","msg":"Taking reconcile step","Depth":81,"# Distinct States":82,"Total States":82,"Resource States":41}
{"level":"info","ts":"2026-01-13T16:46:55-08:00","logger":"tracecheck","msg":"Taking reconcile step","Depth":82,"# Distinct States":83,"Total States":83,"Resource States":41}
{"level":"info","ts":"2026-01-13T16:46:56-08:00","logger":"KPAReconciler.seed","msg":"added podscalable to informer","resource":"deployments","namespace":"default","name":"kamera-test-deployment","stage":"podscalable-add","keys":["default/kamera-test-deployment"]}
{"level":"info","ts":"2026-01-13T16:46:56-08:00","logger":"KPAReconciler.seed","msg":"podscalable visible to lister","resource":"deployments","namespace":"default","name":"kamera-test-deployment","stage":"podscalable-lister","object":{"apiVersion":"autoscaling.internal.knative.dev/v1alpha1","kind":"PodScalable","namespace":"default","name":"kamera-test-deployment"}}
{"level":"info","ts":1768351616.0175538,"logger":"fallback","caller":"kpa/controller.go:77","msg":"Setting up ConfigMap receivers"}
{"level":"info","ts":1768351616.0176241,"logger":"fallback","caller":"kpa/controller.go:91","msg":"Setting up KPA-Class event handlers"}
{"level":"info","ts":1768351616.017691,"logger":"fallback","caller":"kpa/kpa.go:158","msg":"SKS should be in Proxy mode: want = 0, ebc = 0, #act's = 2 PA Inactive? = true"}
{"level":"info","ts":1768351616.01772,"logger":"fallback","caller":"kpa/kpa.go:178","msg":"PA scale got=0, want=0, desiredPods=0 ebc=0"}
{"level":"info","ts":1768351616.017726,"logger":"fallback","caller":"kpa/kpa.go:188","msg":"Observed pod counts=kpa.podCounts{want:0, ready:0, notReady:0, pending:0, terminating:0}"}
{"level":"info","ts":"2026-01-13T16:46:56-08:00","logger":"KPAReconciler.reconcile","msg":"reconcile completed","key":"default/kamera-test","reconciler":"knative.dev.serving.pkg.reconciler.autoscaling.kpa.Reconciler","requeue":false,"requeueAfter":0}
{"level":"info","ts":"2026-01-13T16:46:56-08:00","logger":"tracecheck","msg":"Taking reconcile step","Depth":83,"# Distinct States":84,"Total States":84,"Resource States":41}
{"level":"info","ts":"2026-01-13T16:46:56-08:00","logger":"ConfigurationReconciler.seed","msg":"added podscalable to informer","resource":"deployments","namespace":"default","name":"kamera-test-deployment","stage":"podscalable-add","keys":["default/kamera-test-deployment"]}
{"level":"info","ts":"2026-01-13T16:46:56-08:00","logger":"ConfigurationReconciler.seed","msg":"podscalable visible to lister","resource":"deployments","namespace":"default","name":"kamera-test-deployment","stage":"podscalable-lister","object":{"apiVersion":"autoscaling.internal.knative.dev/v1alpha1","kind":"PodScalable","namespace":"default","name":"kamera-test-deployment"}}
{"level":"info","ts":1768351616.124872,"logger":"fallback","caller":"configuration/configuration.go:106","msg":"Revision \"kamera-test\" of configuration is ready"}
{"level":"info","ts":"2026-01-13T16:46:56-08:00","logger":"ConfigurationReconciler.reconcile","msg":"reconcile completed","key":"default/demo","reconciler":"knative.dev.serving.pkg.reconciler.configuration.Reconciler","requeue":false,"requeueAfter":0}
{"level":"info","ts":"2026-01-13T16:46:56-08:00","logger":"tracecheck","msg":"Taking reconcile step","Depth":84,"# Distinct States":85,"Total States":85,"Resource States":41}
{"level":"info","ts":"2026-01-13T16:46:56-08:00","logger":"tracecheck","msg":"Taking reconcile step","Depth":85,"# Distinct States":86,"Total States":86,"Resource States":41}
{"level":"info","ts":"2026-01-13T16:46:56-08:00","logger":"RevisionReconciler.seed","msg":"added podscalable to informer","resource":"deployments","namespace":"default","name":"kamera-test-deployment","stage":"podscalable-add","keys":["default/kamera-test-deployment"]}
{"level":"info","ts":"2026-01-13T16:46:56-08:00","logger":"RevisionReconciler.seed","msg":"podscalable visible to lister","resource":"deployments","namespace":"default","name":"kamera-test-deployment","stage":"podscalable-lister","object":{"apiVersion":"autoscaling.internal.knative.dev/v1alpha1","kind":"PodScalable","namespace":"default","name":"kamera-test-deployment"}}
{"level":"error","ts":1768351616.234587,"logger":"fallback","caller":"revision/controller.go:116","msg":"Failed to create resolver transport","error":"open /var/run/secrets/kubernetes.io/serviceaccount/ca.crt: no such file or directory","stacktrace":"knative.dev/serving/pkg/reconciler/revision.newControllerWithOptions\n\t/Users/tgoodwin/tmp/gomodcache/knative.dev/serving@v0.46.5/pkg/reconciler/revision/controller.go:116\nknative.dev/serving/pkg/reconciler/revision.NewController\n\t/Users/tgoodwin/tmp/gomodcache/knative.dev/serving@v0.46.5/pkg/reconciler/revision/controller.go:64\nmain.configureKnativeExplorer.func1.1\n\t/Users/tgoodwin/projects/kamera/examples/knative-serving/scenario.go:91\ngithub.com/tgoodwin/kamera/examples/knative-serving/knative.NewKnativeStrategy.func1\n\t/Users/tgoodwin/projects/kamera/examples/knative-serving/knative/harness.go:555\ngithub.com/tgoodwin/kamera/examples/knative-serving/knative.(*KnativeStrategy).ReconcileAtState\n\t/Users/tgoodwin/projects/kamera/examples/knative-serving/knative/harness.go:895\ngithub.com/tgoodwin/kamera/pkg/tracecheck.(*ReconcilerContainer).doReconcile\n\t/Users/tgoodwin/projects/kamera/pkg/tracecheck/reconciler.go:164\ngithub.com/tgoodwin/kamera/pkg/tracecheck.(*Explorer).reconcileAtState\n\t/Users/tgoodwin/projects/kamera/pkg/tracecheck/explore.go:1313\ngithub.com/tgoodwin/kamera/pkg/tracecheck.(*Explorer).takeReconcileStep\n\t/Users/tgoodwin/projects/kamera/pkg/tracecheck/explore.go:1228\ngithub.com/tgoodwin/kamera/pkg/tracecheck.(*Explorer).explore\n\t/Users/tgoodwin/projects/kamera/pkg/tracecheck/explore.go:790\ngithub.com/tgoodwin/kamera/pkg/tracecheck.(*Explorer).Explore.func1\n\t/Users/tgoodwin/projects/kamera/pkg/tracecheck/explore.go:330"}
{"level":"info","ts":1768351616.235075,"logger":"fallback","caller":"revision/reconcile_resources.go:161","msg":"Reconciling PA: kamera-test"}
{"level":"info","ts":"2026-01-13T16:46:56-08:00","logger":"RevisionReconciler.reconcile","msg":"reconcile completed","key":"default/kamera-test","reconciler":"knative.dev.serving.pkg.reconciler.revision.Reconciler","requeue":false,"requeueAfter":0}
{"level":"info","ts":"2026-01-13T16:46:56-08:00","logger":"tracecheck","msg":"Taking reconcile step","Depth":86,"# Distinct States":87,"Total States":87,"Resource States":41}
{"level":"info","ts":"2026-01-13T16:46:56-08:00","logger":"tracecheck","msg":"Taking reconcile step","Depth":80,"# Distinct States":89,"Total States":89,"Resource States":41}
{"level":"info","ts":"2026-01-13T16:46:56-08:00","logger":"RevisionReconciler.seed","msg":"added podscalable to informer","resource":"deployments","namespace":"default","name":"kamera-test-deployment","stage":"podscalable-add","keys":["default/kamera-test-deployment"]}
{"level":"info","ts":"2026-01-13T16:46:56-08:00","logger":"RevisionReconciler.seed","msg":"podscalable visible to lister","resource":"deployments","namespace":"default","name":"kamera-test-deployment","stage":"podscalable-lister","object":{"apiVersion":"autoscaling.internal.knative.dev/v1alpha1","kind":"PodScalable","namespace":"default","name":"kamera-test-deployment"}}
{"level":"error","ts":1768351616.344379,"logger":"fallback","caller":"revision/controller.go:116","msg":"Failed to create resolver transport","error":"open /var/run/secrets/kubernetes.io/serviceaccount/ca.crt: no such file or directory","stacktrace":"knative.dev/serving/pkg/reconciler/revision.newControllerWithOptions\n\t/Users/tgoodwin/tmp/gomodcache/knative.dev/serving@v0.46.5/pkg/reconciler/revision/controller.go:116\nknative.dev/serving/pkg/reconciler/revision.NewController\n\t/Users/tgoodwin/tmp/gomodcache/knative.dev/serving@v0.46.5/pkg/reconciler/revision/controller.go:64\nmain.configureKnativeExplorer.func1.1\n\t/Users/tgoodwin/projects/kamera/examples/knative-serving/scenario.go:91\ngithub.com/tgoodwin/kamera/examples/knative-serving/knative.NewKnativeStrategy.func1\n\t/Users/tgoodwin/projects/kamera/examples/knative-serving/knative/harness.go:555\ngithub.com/tgoodwin/kamera/examples/knative-serving/knative.(*KnativeStrategy).ReconcileAtState\n\t/Users/tgoodwin/projects/kamera/examples/knative-serving/knative/harness.go:895\ngithub.com/tgoodwin/kamera/pkg/tracecheck.(*ReconcilerContainer).doReconcile\n\t/Users/tgoodwin/projects/kamera/pkg/tracecheck/reconciler.go:164\ngithub.com/tgoodwin/kamera/pkg/tracecheck.(*Explorer).reconcileAtState\n\t/Users/tgoodwin/projects/kamera/pkg/tracecheck/explore.go:1313\ngithub.com/tgoodwin/kamera/pkg/tracecheck.(*Explorer).takeReconcileStep\n\t/Users/tgoodwin/projects/kamera/pkg/tracecheck/explore.go:1228\ngithub.com/tgoodwin/kamera/pkg/tracecheck.(*Explorer).explore\n\t/Users/tgoodwin/projects/kamera/pkg/tracecheck/explore.go:790\ngithub.com/tgoodwin/kamera/pkg/tracecheck.(*Explorer).Explore.func1\n\t/Users/tgoodwin/projects/kamera/pkg/tracecheck/explore.go:330"}
{"level":"info","ts":1768351616.344537,"logger":"fallback","caller":"revision/reconcile_resources.go:161","msg":"Reconciling PA: kamera-test"}
{"level":"info","ts":"2026-01-13T16:46:56-08:00","logger":"RevisionReconciler.reconcile","msg":"reconcile completed","key":"default/kamera-test","reconciler":"knative.dev.serving.pkg.reconciler.revision.Reconciler","requeue":false,"requeueAfter":0}
{"level":"info","ts":"2026-01-13T16:46:56-08:00","logger":"tracecheck","msg":"Taking reconcile step","Depth":81,"# Distinct States":90,"Total States":90,"Resource States":41}
{"level":"info","ts":"2026-01-13T16:46:56-08:00","logger":"tracecheck","msg":"Updated Deployment status","Depth":81,"# Distinct States":90,"Total States":90,"Resource States":41,"name":"kamera-test-deployment"}
{"level":"info","ts":"2026-01-13T16:46:56-08:00","logger":"tracecheck","msg":"Taking reconcile step","Depth":70,"# Distinct States":91,"Total States":91,"Resource States":41}
{"level":"info","ts":"2026-01-13T16:46:56-08:00","logger":"RevisionReconciler.seed","msg":"added podscalable to informer","resource":"deployments","namespace":"default","name":"kamera-test-deployment","stage":"podscalable-add","keys":["default/kamera-test-deployment"]}
{"level":"info","ts":"2026-01-13T16:46:56-08:00","logger":"RevisionReconciler.seed","msg":"podscalable visible to lister","resource":"deployments","namespace":"default","name":"kamera-test-deployment","stage":"podscalable-lister","object":{"apiVersion":"autoscaling.internal.knative.dev/v1alpha1","kind":"PodScalable","namespace":"default","name":"kamera-test-deployment"}}
{"level":"error","ts":1768351616.456309,"logger":"fallback","caller":"revision/controller.go:116","msg":"Failed to create resolver transport","error":"open /var/run/secrets/kubernetes.io/serviceaccount/ca.crt: no such file or directory","stacktrace":"knative.dev/serving/pkg/reconciler/revision.newControllerWithOptions\n\t/Users/tgoodwin/tmp/gomodcache/knative.dev/serving@v0.46.5/pkg/reconciler/revision/controller.go:116\nknative.dev/serving/pkg/reconciler/revision.NewController\n\t/Users/tgoodwin/tmp/gomodcache/knative.dev/serving@v0.46.5/pkg/reconciler/revision/controller.go:64\nmain.configureKnativeExplorer.func1.1\n\t/Users/tgoodwin/projects/kamera/examples/knative-serving/scenario.go:91\ngithub.com/tgoodwin/kamera/examples/knative-serving/knative.NewKnativeStrategy.func1\n\t/Users/tgoodwin/projects/kamera/examples/knative-serving/knative/harness.go:555\ngithub.com/tgoodwin/kamera/examples/knative-serving/knative.(*KnativeStrategy).ReconcileAtState\n\t/Users/tgoodwin/projects/kamera/examples/knative-serving/knative/harness.go:895\ngithub.com/tgoodwin/kamera/pkg/tracecheck.(*ReconcilerContainer).doReconcile\n\t/Users/tgoodwin/projects/kamera/pkg/tracecheck/reconciler.go:164\ngithub.com/tgoodwin/kamera/pkg/tracecheck.(*Explorer).reconcileAtState\n\t/Users/tgoodwin/projects/kamera/pkg/tracecheck/explore.go:1313\ngithub.com/tgoodwin/kamera/pkg/tracecheck.(*Explorer).takeReconcileStep\n\t/Users/tgoodwin/projects/kamera/pkg/tracecheck/explore.go:1228\ngithub.com/tgoodwin/kamera/pkg/tracecheck.(*Explorer).explore\n\t/Users/tgoodwin/projects/kamera/pkg/tracecheck/explore.go:790\ngithub.com/tgoodwin/kamera/pkg/tracecheck.(*Explorer).Explore.func1\n\t/Users/tgoodwin/projects/kamera/pkg/tracecheck/explore.go:330"}
{"level":"info","ts":1768351616.4564962,"logger":"fallback","caller":"revision/reconcile_resources.go:161","msg":"Reconciling PA: kamera-test"}
{"level":"info","ts":"2026-01-13T16:46:56-08:00","logger":"RevisionReconciler.reconcile","msg":"reconcile completed","key":"default/kamera-test","reconciler":"knative.dev.serving.pkg.reconciler.revision.Reconciler","requeue":false,"requeueAfter":0}
{"level":"info","ts":"2026-01-13T16:46:56-08:00","logger":"tracecheck","msg":"Taking reconcile step","Depth":71,"# Distinct States":92,"Total States":92,"Resource States":42}
{"level":"info","ts":"2026-01-13T16:46:56-08:00","logger":"tracecheck","msg":"Taking reconcile step","Depth":72,"# Distinct States":93,"Total States":93,"Resource States":42}
{"level":"info","ts":"2026-01-13T16:46:56-08:00","logger":"tracecheck","msg":"Taking reconcile step","Depth":73,"# Distinct States":94,"Total States":94,"Resource States":42}
{"level":"info","ts":"2026-01-13T16:46:56-08:00","logger":"RouteReconciler.seed","msg":"added podscalable to informer","resource":"deployments","namespace":"default","name":"kamera-test-deployment","stage":"podscalable-add","keys":["default/kamera-test-deployment"]}
{"level":"info","ts":"2026-01-13T16:46:56-08:00","logger":"RouteReconciler.seed","msg":"podscalable visible to lister","resource":"deployments","namespace":"default","name":"kamera-test-deployment","stage":"podscalable-lister","object":{"apiVersion":"autoscaling.internal.knative.dev/v1alpha1","kind":"PodScalable","namespace":"default","name":"kamera-test-deployment"}}
{"level":"info","ts":1768351616.5643468,"logger":"fallback","caller":"route/route.go:465","msg":"Revision default/kamera-test is inactive"}
{"level":"info","ts":1768351616.564398,"logger":"fallback","caller":"route/route.go:487","msg":"All referred targets are routable, marking AllTrafficAssigned with traffic information."}
{"level":"info","ts":1768351616.564422,"logger":"fallback","caller":"route/route.go:140","msg":"Creating placeholder k8s services"}
{"level":"info","ts":1768351616.564596,"logger":"fallback","caller":"route/route.go:176","msg":"Updating placeholder k8s services with ingress information"}
{"level":"info","ts":1768351616.564675,"logger":"fallback","caller":"route/route.go:198","msg":"Route successfully synced"}
{"level":"info","ts":"2026-01-13T16:46:56-08:00","logger":"RouteReconciler.reconcile","msg":"reconcile completed","key":"default/demo","reconciler":"knative.dev.serving.pkg.reconciler.route.Reconciler","requeue":false,"requeueAfter":0}
{"level":"info","ts":"2026-01-13T16:46:56-08:00","logger":"tracecheck","msg":"Taking reconcile step","Depth":74,"# Distinct States":95,"Total States":95,"Resource States":42}
{"level":"info","ts":"2026-01-13T16:46:56-08:00","logger":"ServiceReconciler.seed","msg":"added podscalable to informer","resource":"deployments","namespace":"default","name":"kamera-test-deployment","stage":"podscalable-add","keys":["default/kamera-test-deployment"]}
{"level":"info","ts":"2026-01-13T16:46:56-08:00","logger":"ServiceReconciler.seed","msg":"podscalable visible to lister","resource":"deployments","namespace":"default","name":"kamera-test-deployment","stage":"podscalable-lister","object":{"apiVersion":"autoscaling.internal.knative.dev/v1alpha1","kind":"PodScalable","namespace":"default","name":"kamera-test-deployment"}}
{"level":"info","ts":1768351616.672183,"logger":"fallback","caller":"service/service.go:171","msg":"Service reconciler fetching Route from lister: name=demo, namespace=default"}
{"level":"info","ts":1768351616.6722062,"logger":"fallback","caller":"service/service.go:174","msg":"Service reconciler got Route from lister: name=demo, Generation=1, ObservedGeneration=1, ResourceVersion="}
{"level":"info","ts":1768351616.6722429,"logger":"fallback","caller":"service/service.go:126","msg":"Service reconciler checking Route: name=demo, Generation=1, ObservedGeneration=1, Ready=True (reason=, message=), generationMatch=true, routeResourceVersion="}
{"level":"info","ts":1768351616.672252,"logger":"fallback","caller":"service/service.go:136","msg":"Service reconciler calling PropagateRouteStatus() because Generation == ObservedGeneration"}
{"level":"info","ts":"2026-01-13T16:46:56-08:00","logger":"ServiceReconciler.reconcile","msg":"reconcile completed","key":"default/demo","reconciler":"knative.dev.serving.pkg.reconciler.service.Reconciler","requeue":false,"requeueAfter":0}
{"level":"info","ts":"2026-01-13T16:46:56-08:00","logger":"tracecheck","msg":"Taking reconcile step","Depth":75,"# Distinct States":96,"Total States":96,"Resource States":42}
{"level":"error","ts":"2026-01-13T16:46:56-08:00","logger":"tracegen","msg":"setting root context","Kind":"/v1, Kind=Pod","Name":"kamera-test-deployment-1488584584-0","NewRootID":"","labels":{"app":"kamera-test","discrete.events/sleeve-object-id":"37jmqvjn","pod-template-hash":"1488584584","serving.knative.dev/configuration":"demo","serving.knative.dev/configurationGeneration":"1","serving.knative.dev/revision":"kamera-test","serving.knative.dev/revisionUID":"","serving.knative.dev/service":"demo"},"error":"no root ID set on object - is this namespace handled by the sleeve webhook?","stacktrace":"github.com/tgoodwin/kamera/pkg/tracegen.(*ContextTracker).setRootContextFromObservation\n\t/Users/tgoodwin/projects/kamera/pkg/tracegen/context.go:153\ngithub.com/tgoodwin/kamera/pkg/tracegen.(*ContextTracker).TrackOperation\n\t/Users/tgoodwin/projects/kamera/pkg/tracegen/context.go:197\ngithub.com/tgoodwin/kamera/pkg/tracegen.(*Client).Get\n\t/Users/tgoodwin/projects/kamera/pkg/tracegen/client.go:177\ngithub.com/tgoodwin/kamera/sleevectrl/pkg/controller.(*FinalizerReconciler).Reconcile\n\t/Users/tgoodwin/projects/kamera/sleevectrl/pkg/controller/sleeve_finalizer_controller.go:41\ngithub.com/tgoodwin/kamera/pkg/tracecheck.(*ControllerRuntimeStrategy).ReconcileAtState\n\t/Users/tgoodwin/projects/kamera/pkg/tracecheck/reconciler.go:82\ngithub.com/tgoodwin/kamera/pkg/tracecheck.(*ReconcilerContainer).doReconcile\n\t/Users/tgoodwin/projects/kamera/pkg/tracecheck/reconciler.go:164\ngithub.com/tgoodwin/kamera/pkg/tracecheck.(*Explorer).reconcileAtState\n\t/Users/tgoodwin/projects/kamera/pkg/tracecheck/explore.go:1313\ngithub.com/tgoodwin/kamera/pkg/tracecheck.(*Explorer).takeReconcileStep\n\t/Users/tgoodwin/projects/kamera/pkg/tracecheck/explore.go:1228\ngithub.com/tgoodwin/kamera/pkg/tracecheck.(*Explorer).explore\n\t/Users/tgoodwin/projects/kamera/pkg/tracecheck/explore.go:790\ngithub.com/tgoodwin/kamera/pkg/tracecheck.(*Explorer).Explore.func1\n\t/Users/tgoodwin/projects/kamera/pkg/tracecheck/explore.go:330"}
{"level":"error","ts":"2026-01-13T16:46:56-08:00","logger":"tracegen","msg":"rootID is empty","Kind":"/v1, Kind=Pod","Name":"kamera-test-deployment-1488584584-0","NewRootID":"","stacktrace":"github.com/tgoodwin/kamera/pkg/tracegen.(*ContextTracker).setRootContextFromObservation\n\t/Users/tgoodwin/projects/kamera/pkg/tracegen/context.go:157\ngithub.com/tgoodwin/kamera/pkg/tracegen.(*ContextTracker).TrackOperation\n\t/Users/tgoodwin/projects/kamera/pkg/tracegen/context.go:197\ngithub.com/tgoodwin/kamera/pkg/tracegen.(*Client).Get\n\t/Users/tgoodwin/projects/kamera/pkg/tracegen/client.go:177\ngithub.com/tgoodwin/kamera/sleevectrl/pkg/controller.(*FinalizerReconciler).Reconcile\n\t/Users/tgoodwin/projects/kamera/sleevectrl/pkg/controller/sleeve_finalizer_controller.go:41\ngithub.com/tgoodwin/kamera/pkg/tracecheck.(*ControllerRuntimeStrategy).ReconcileAtState\n\t/Users/tgoodwin/projects/kamera/pkg/tracecheck/reconciler.go:82\ngithub.com/tgoodwin/kamera/pkg/tracecheck.(*ReconcilerContainer).doReconcile\n\t/Users/tgoodwin/projects/kamera/pkg/tracecheck/reconciler.go:164\ngithub.com/tgoodwin/kamera/pkg/tracecheck.(*Explorer).reconcileAtState\n\t/Users/tgoodwin/projects/kamera/pkg/tracecheck/explore.go:1313\ngithub.com/tgoodwin/kamera/pkg/tracecheck.(*Explorer).takeReconcileStep\n\t/Users/tgoodwin/projects/kamera/pkg/tracecheck/explore.go:1228\ngithub.com/tgoodwin/kamera/pkg/tracecheck.(*Explorer).explore\n\t/Users/tgoodwin/projects/kamera/pkg/tracecheck/explore.go:790\ngithub.com/tgoodwin/kamera/pkg/tracecheck.(*Explorer).Explore.func1\n\t/Users/tgoodwin/projects/kamera/pkg/tracecheck/explore.go:330"}
{"level":"error","ts":"2026-01-13T16:46:56-08:00","logger":"tracegen","msg":"creating event","error":"failed to get change ID: Event does not have a change ID","stacktrace":"github.com/tgoodwin/kamera/pkg/tracegen.(*Client).LogOperation\n\t/Users/tgoodwin/projects/kamera/pkg/tracegen/client.go:106\ngithub.com/tgoodwin/kamera/pkg/tracegen.(*Client).Get\n\t/Users/tgoodwin/projects/kamera/pkg/tracegen/client.go:178\ngithub.com/tgoodwin/kamera/sleevectrl/pkg/controller.(*FinalizerReconciler).Reconcile\n\t/Users/tgoodwin/projects/kamera/sleevectrl/pkg/controller/sleeve_finalizer_controller.go:41\ngithub.com/tgoodwin/kamera/pkg/tracecheck.(*ControllerRuntimeStrategy).ReconcileAtState\n\t/Users/tgoodwin/projects/kamera/pkg/tracecheck/reconciler.go:82\ngithub.com/tgoodwin/kamera/pkg/tracecheck.(*ReconcilerContainer).doReconcile\n\t/Users/tgoodwin/projects/kamera/pkg/tracecheck/reconciler.go:164\ngithub.com/tgoodwin/kamera/pkg/tracecheck.(*Explorer).reconcileAtState\n\t/Users/tgoodwin/projects/kamera/pkg/tracecheck/explore.go:1313\ngithub.com/tgoodwin/kamera/pkg/tracecheck.(*Explorer).takeReconcileStep\n\t/Users/tgoodwin/projects/kamera/pkg/tracecheck/explore.go:1228\ngithub.com/tgoodwin/kamera/pkg/tracecheck.(*Explorer).explore\n\t/Users/tgoodwin/projects/kamera/pkg/tracecheck/explore.go:790\ngithub.com/tgoodwin/kamera/pkg/tracecheck.(*Explorer).Explore.func1\n\t/Users/tgoodwin/projects/kamera/pkg/tracecheck/explore.go:330"}
{"level":"error","ts":"2026-01-13T16:46:56-08:00","logger":"tracegen","msg":"creating event","error":"failed to get change ID: Event does not have a change ID","stacktrace":"github.com/tgoodwin/kamera/pkg/tracegen.(*Client).LogOperation\n\t/Users/tgoodwin/projects/kamera/pkg/tracegen/client.go:106\ngithub.com/tgoodwin/kamera/sleevectrl/pkg/controller.(*FinalizerReconciler).Reconcile\n\t/Users/tgoodwin/projects/kamera/sleevectrl/pkg/controller/sleeve_finalizer_controller.go:69\ngithub.com/tgoodwin/kamera/pkg/tracecheck.(*ControllerRuntimeStrategy).ReconcileAtState\n\t/Users/tgoodwin/projects/kamera/pkg/tracecheck/reconciler.go:82\ngithub.com/tgoodwin/kamera/pkg/tracecheck.(*ReconcilerContainer).doReconcile\n\t/Users/tgoodwin/projects/kamera/pkg/tracecheck/reconciler.go:164\ngithub.com/tgoodwin/kamera/pkg/tracecheck.(*Explorer).reconcileAtState\n\t/Users/tgoodwin/projects/kamera/pkg/tracecheck/explore.go:1313\ngithub.com/tgoodwin/kamera/pkg/tracecheck.(*Explorer).takeReconcileStep\n\t/Users/tgoodwin/projects/kamera/pkg/tracecheck/explore.go:1228\ngithub.com/tgoodwin/kamera/pkg/tracecheck.(*Explorer).explore\n\t/Users/tgoodwin/projects/kamera/pkg/tracecheck/explore.go:790\ngithub.com/tgoodwin/kamera/pkg/tracecheck.(*Explorer).Explore.func1\n\t/Users/tgoodwin/projects/kamera/pkg/tracecheck/explore.go:330"}
{"level":"info","ts":"2026-01-13T16:46:56-08:00","logger":"tracecheck","msg":"Taking reconcile step","Depth":76,"# Distinct States":97,"Total States":97,"Resource States":43}
{"level":"info","ts":"2026-01-13T16:46:56-08:00","logger":"tracecheck","msg":"Taking reconcile step","Depth":77,"# Distinct States":98,"Total States":98,"Resource States":43}
{"level":"info","ts":"2026-01-13T16:46:56-08:00","logger":"tracecheck","msg":"Updated ReplicaSet status","Depth":77,"# Distinct States":98,"Total States":98,"Resource States":43,"name":"kamera-test-deployment-1488584584"}
{"level":"info","ts":"2026-01-13T16:46:56-08:00","logger":"tracecheck","msg":"Taking reconcile step","Depth":78,"# Distinct States":99,"Total States":99,"Resource States":43}
{"level":"info","ts":"2026-01-13T16:46:56-08:00","logger":"KPAReconciler.seed","msg":"added podscalable to informer","resource":"deployments","namespace":"default","name":"kamera-test-deployment","stage":"podscalable-add","keys":["default/kamera-test-deployment"]}
{"level":"info","ts":"2026-01-13T16:46:56-08:00","logger":"KPAReconciler.seed","msg":"podscalable visible to lister","resource":"deployments","namespace":"default","name":"kamera-test-deployment","stage":"podscalable-lister","object":{"apiVersion":"autoscaling.internal.knative.dev/v1alpha1","kind":"PodScalable","namespace":"default","name":"kamera-test-deployment"}}
{"level":"info","ts":1768351616.7893388,"logger":"fallback","caller":"kpa/controller.go:77","msg":"Setting up ConfigMap receivers"}
{"level":"info","ts":1768351616.7894652,"logger":"fallback","caller":"kpa/controller.go:91","msg":"Setting up KPA-Class event handlers"}
{"level":"info","ts":1768351616.7895749,"logger":"fallback","caller":"kpa/kpa.go:158","msg":"SKS should be in Proxy mode: want = 0, ebc = 0, #act's = 2 PA Inactive? = true"}
{"level":"info","ts":1768351616.789597,"logger":"fallback","caller":"kpa/kpa.go:178","msg":"PA scale got=0, want=0, desiredPods=0 ebc=0"}
{"level":"info","ts":1768351616.7896068,"logger":"fallback","caller":"kpa/kpa.go:188","msg":"Observed pod counts=kpa.podCounts{want:0, ready:0, notReady:0, pending:0, terminating:0}"}
{"level":"info","ts":"2026-01-13T16:46:56-08:00","logger":"KPAReconciler.reconcile","msg":"reconcile completed","key":"default/kamera-test","reconciler":"knative.dev.serving.pkg.reconciler.autoscaling.kpa.Reconciler","requeue":false,"requeueAfter":0}
{"level":"info","ts":"2026-01-13T16:46:56-08:00","logger":"tracecheck","msg":"Taking reconcile step","Depth":79,"# Distinct States":100,"Total States":100,"Resource States":43}
{"level":"info","ts":"2026-01-13T16:46:56-08:00","logger":"tracecheck","msg":"Taking reconcile step","Depth":80,"# Distinct States":101,"Total States":101,"Resource States":43}
{"level":"info","ts":"2026-01-13T16:46:56-08:00","logger":"ConfigurationReconciler.seed","msg":"added podscalable to informer","resource":"deployments","namespace":"default","name":"kamera-test-deployment","stage":"podscalable-add","keys":["default/kamera-test-deployment"]}
{"level":"info","ts":"2026-01-13T16:46:56-08:00","logger":"ConfigurationReconciler.seed","msg":"podscalable visible to lister","resource":"deployments","namespace":"default","name":"kamera-test-deployment","stage":"podscalable-lister","object":{"apiVersion":"autoscaling.internal.knative.dev/v1alpha1","kind":"PodScalable","namespace":"default","name":"kamera-test-deployment"}}
{"level":"info","ts":1768351616.898133,"logger":"fallback","caller":"configuration/configuration.go:106","msg":"Revision \"kamera-test\" of configuration is ready"}
{"level":"info","ts":"2026-01-13T16:46:56-08:00","logger":"ConfigurationReconciler.reconcile","msg":"reconcile completed","key":"default/demo","reconciler":"knative.dev.serving.pkg.reconciler.configuration.Reconciler","requeue":false,"requeueAfter":0}
{"level":"info","ts":"2026-01-13T16:46:56-08:00","logger":"tracecheck","msg":"Taking reconcile step","Depth":81,"# Distinct States":102,"Total States":102,"Resource States":43}
{"level":"info","ts":"2026-01-13T16:46:57-08:00","logger":"RevisionReconciler.seed","msg":"added podscalable to informer","resource":"deployments","namespace":"default","name":"kamera-test-deployment","stage":"podscalable-add","keys":["default/kamera-test-deployment"]}
{"level":"info","ts":"2026-01-13T16:46:57-08:00","logger":"RevisionReconciler.seed","msg":"podscalable visible to lister","resource":"deployments","namespace":"default","name":"kamera-test-deployment","stage":"podscalable-lister","object":{"apiVersion":"autoscaling.internal.knative.dev/v1alpha1","kind":"PodScalable","namespace":"default","name":"kamera-test-deployment"}}
{"level":"error","ts":1768351617.005644,"logger":"fallback","caller":"revision/controller.go:116","msg":"Failed to create resolver transport","error":"open /var/run/secrets/kubernetes.io/serviceaccount/ca.crt: no such file or directory","stacktrace":"knative.dev/serving/pkg/reconciler/revision.newControllerWithOptions\n\t/Users/tgoodwin/tmp/gomodcache/knative.dev/serving@v0.46.5/pkg/reconciler/revision/controller.go:116\nknative.dev/serving/pkg/reconciler/revision.NewController\n\t/Users/tgoodwin/tmp/gomodcache/knative.dev/serving@v0.46.5/pkg/reconciler/revision/controller.go:64\nmain.configureKnativeExplorer.func1.1\n\t/Users/tgoodwin/projects/kamera/examples/knative-serving/scenario.go:91\ngithub.com/tgoodwin/kamera/examples/knative-serving/knative.NewKnativeStrategy.func1\n\t/Users/tgoodwin/projects/kamera/examples/knative-serving/knative/harness.go:555\ngithub.com/tgoodwin/kamera/examples/knative-serving/knative.(*KnativeStrategy).ReconcileAtState\n\t/Users/tgoodwin/projects/kamera/examples/knative-serving/knative/harness.go:895\ngithub.com/tgoodwin/kamera/pkg/tracecheck.(*ReconcilerContainer).doReconcile\n\t/Users/tgoodwin/projects/kamera/pkg/tracecheck/reconciler.go:164\ngithub.com/tgoodwin/kamera/pkg/tracecheck.(*Explorer).reconcileAtState\n\t/Users/tgoodwin/projects/kamera/pkg/tracecheck/explore.go:1313\ngithub.com/tgoodwin/kamera/pkg/tracecheck.(*Explorer).takeReconcileStep\n\t/Users/tgoodwin/projects/kamera/pkg/tracecheck/explore.go:1228\ngithub.com/tgoodwin/kamera/pkg/tracecheck.(*Explorer).explore\n\t/Users/tgoodwin/projects/kamera/pkg/tracecheck/explore.go:790\ngithub.com/tgoodwin/kamera/pkg/tracecheck.(*Explorer).Explore.func1\n\t/Users/tgoodwin/projects/kamera/pkg/tracecheck/explore.go:330"}
{"level":"info","ts":1768351617.006163,"logger":"fallback","caller":"revision/reconcile_resources.go:161","msg":"Reconciling PA: kamera-test"}
{"level":"info","ts":"2026-01-13T16:46:57-08:00","logger":"RevisionReconciler.reconcile","msg":"reconcile completed","key":"default/kamera-test","reconciler":"knative.dev.serving.pkg.reconciler.revision.Reconciler","requeue":false,"requeueAfter":0}
{"level":"info","ts":"2026-01-13T16:46:57-08:00","logger":"tracecheck","msg":"Taking reconcile step","Depth":82,"# Distinct States":103,"Total States":103,"Resource States":43}
{"level":"info","ts":"2026-01-13T16:46:57-08:00","logger":"tracecheck","msg":"Updated Deployment status","Depth":82,"# Distinct States":103,"Total States":103,"Resource States":43,"name":"kamera-test-deployment"}
{"level":"info","ts":"2026-01-13T16:46:57-08:00","logger":"tracecheck","msg":"Taking reconcile step","Depth":71,"# Distinct States":104,"Total States":104,"Resource States":43}
{"level":"info","ts":"2026-01-13T16:46:57-08:00","logger":"RevisionReconciler.seed","msg":"added podscalable to informer","resource":"deployments","namespace":"default","name":"kamera-test-deployment","stage":"podscalable-add","keys":["default/kamera-test-deployment"]}
{"level":"info","ts":"2026-01-13T16:46:57-08:00","logger":"RevisionReconciler.seed","msg":"podscalable visible to lister","resource":"deployments","namespace":"default","name":"kamera-test-deployment","stage":"podscalable-lister","object":{"apiVersion":"autoscaling.internal.knative.dev/v1alpha1","kind":"PodScalable","namespace":"default","name":"kamera-test-deployment"}}
{"level":"error","ts":1768351617.121462,"logger":"fallback","caller":"revision/controller.go:116","msg":"Failed to create resolver transport","error":"open /var/run/secrets/kubernetes.io/serviceaccount/ca.crt: no such file or directory","stacktrace":"knative.dev/serving/pkg/reconciler/revision.newControllerWithOptions\n\t/Users/tgoodwin/tmp/gomodcache/knative.dev/serving@v0.46.5/pkg/reconciler/revision/controller.go:116\nknative.dev/serving/pkg/reconciler/revision.NewController\n\t/Users/tgoodwin/tmp/gomodcache/knative.dev/serving@v0.46.5/pkg/reconciler/revision/controller.go:64\nmain.configureKnativeExplorer.func1.1\n\t/Users/tgoodwin/projects/kamera/examples/knative-serving/scenario.go:91\ngithub.com/tgoodwin/kamera/examples/knative-serving/knative.NewKnativeStrategy.func1\n\t/Users/tgoodwin/projects/kamera/examples/knative-serving/knative/harness.go:555\ngithub.com/tgoodwin/kamera/examples/knative-serving/knative.(*KnativeStrategy).ReconcileAtState\n\t/Users/tgoodwin/projects/kamera/examples/knative-serving/knative/harness.go:895\ngithub.com/tgoodwin/kamera/pkg/tracecheck.(*ReconcilerContainer).doReconcile\n\t/Users/tgoodwin/projects/kamera/pkg/tracecheck/reconciler.go:164\ngithub.com/tgoodwin/kamera/pkg/tracecheck.(*Explorer).reconcileAtState\n\t/Users/tgoodwin/projects/kamera/pkg/tracecheck/explore.go:1313\ngithub.com/tgoodwin/kamera/pkg/tracecheck.(*Explorer).takeReconcileStep\n\t/Users/tgoodwin/projects/kamera/pkg/tracecheck/explore.go:1228\ngithub.com/tgoodwin/kamera/pkg/tracecheck.(*Explorer).explore\n\t/Users/tgoodwin/projects/kamera/pkg/tracecheck/explore.go:790\ngithub.com/tgoodwin/kamera/pkg/tracecheck.(*Explorer).Explore.func1\n\t/Users/tgoodwin/projects/kamera/pkg/tracecheck/explore.go:330"}
{"level":"info","ts":1768351617.121786,"logger":"fallback","caller":"revision/reconcile_resources.go:161","msg":"Reconciling PA: kamera-test"}
{"level":"info","ts":"2026-01-13T16:46:57-08:00","logger":"RevisionReconciler.reconcile","msg":"reconcile completed","key":"default/kamera-test","reconciler":"knative.dev.serving.pkg.reconciler.revision.Reconciler","requeue":false,"requeueAfter":0}
{"level":"info","ts":"2026-01-13T16:46:57-08:00","logger":"tracecheck","msg":"Taking reconcile step","Depth":72,"# Distinct States":105,"Total States":105,"Resource States":43}
{"level":"info","ts":"2026-01-13T16:46:57-08:00","logger":"tracecheck","msg":"Taking reconcile step","Depth":73,"# Distinct States":106,"Total States":106,"Resource States":43}
{"level":"info","ts":"2026-01-13T16:46:57-08:00","logger":"tracecheck","msg":"Taking reconcile step","Depth":74,"# Distinct States":107,"Total States":107,"Resource States":43}
{"level":"info","ts":"2026-01-13T16:46:57-08:00","logger":"RouteReconciler.seed","msg":"added podscalable to informer","resource":"deployments","namespace":"default","name":"kamera-test-deployment","stage":"podscalable-add","keys":["default/kamera-test-deployment"]}
{"level":"info","ts":"2026-01-13T16:46:57-08:00","logger":"RouteReconciler.seed","msg":"podscalable visible to lister","resource":"deployments","namespace":"default","name":"kamera-test-deployment","stage":"podscalable-lister","object":{"apiVersion":"autoscaling.internal.knative.dev/v1alpha1","kind":"PodScalable","namespace":"default","name":"kamera-test-deployment"}}
{"level":"info","ts":1768351617.232131,"logger":"fallback","caller":"route/route.go:465","msg":"Revision default/kamera-test is inactive"}
{"level":"info","ts":1768351617.2321541,"logger":"fallback","caller":"route/route.go:487","msg":"All referred targets are routable, marking AllTrafficAssigned with traffic information."}
{"level":"info","ts":1768351617.232169,"logger":"fallback","caller":"route/route.go:140","msg":"Creating placeholder k8s services"}
{"level":"info","ts":1768351617.2322628,"logger":"fallback","caller":"route/route.go:176","msg":"Updating placeholder k8s services with ingress information"}
{"level":"info","ts":1768351617.23231,"logger":"fallback","caller":"route/route.go:198","msg":"Route successfully synced"}
{"level":"info","ts":"2026-01-13T16:46:57-08:00","logger":"RouteReconciler.reconcile","msg":"reconcile completed","key":"default/demo","reconciler":"knative.dev.serving.pkg.reconciler.route.Reconciler","requeue":false,"requeueAfter":0}
{"level":"info","ts":"2026-01-13T16:46:57-08:00","logger":"tracecheck","msg":"Taking reconcile step","Depth":75,"# Distinct States":108,"Total States":108,"Resource States":43}
{"level":"info","ts":"2026-01-13T16:46:57-08:00","logger":"ServiceReconciler.seed","msg":"added podscalable to informer","resource":"deployments","namespace":"default","name":"kamera-test-deployment","stage":"podscalable-add","keys":["default/kamera-test-deployment"]}
{"level":"info","ts":"2026-01-13T16:46:57-08:00","logger":"ServiceReconciler.seed","msg":"podscalable visible to lister","resource":"deployments","namespace":"default","name":"kamera-test-deployment","stage":"podscalable-lister","object":{"apiVersion":"autoscaling.internal.knative.dev/v1alpha1","kind":"PodScalable","namespace":"default","name":"kamera-test-deployment"}}
{"level":"info","ts":1768351617.339535,"logger":"fallback","caller":"service/service.go:171","msg":"Service reconciler fetching Route from lister: name=demo, namespace=default"}
{"level":"info","ts":1768351617.339554,"logger":"fallback","caller":"service/service.go:174","msg":"Service reconciler got Route from lister: name=demo, Generation=1, ObservedGeneration=1, ResourceVersion="}
{"level":"info","ts":1768351617.3395772,"logger":"fallback","caller":"service/service.go:126","msg":"Service reconciler checking Route: name=demo, Generation=1, ObservedGeneration=1, Ready=True (reason=, message=), generationMatch=true, routeResourceVersion="}
{"level":"info","ts":1768351617.339585,"logger":"fallback","caller":"service/service.go:136","msg":"Service reconciler calling PropagateRouteStatus() because Generation == ObservedGeneration"}
{"level":"info","ts":"2026-01-13T16:46:57-08:00","logger":"ServiceReconciler.reconcile","msg":"reconcile completed","key":"default/demo","reconciler":"knative.dev.serving.pkg.reconciler.service.Reconciler","requeue":false,"requeueAfter":0}
{"level":"info","ts":"2026-01-13T16:46:57-08:00","logger":"tracecheck","msg":"Taking reconcile step","Depth":76,"# Distinct States":109,"Total States":109,"Resource States":43}
{"level":"error","ts":"2026-01-13T16:46:57-08:00","logger":"tracegen","msg":"setting root context","Kind":"/v1, Kind=Pod","Name":"kamera-test-deployment-1488584584-0","NewRootID":"","labels":{"app":"kamera-test","discrete.events/sleeve-object-id":"37jmqvjn","pod-template-hash":"1488584584","serving.knative.dev/configuration":"demo","serving.knative.dev/configurationGeneration":"1","serving.knative.dev/revision":"kamera-test","serving.knative.dev/revisionUID":"","serving.knative.dev/service":"demo"},"error":"no root ID set on object - is this namespace handled by the sleeve webhook?","stacktrace":"github.com/tgoodwin/kamera/pkg/tracegen.(*ContextTracker).setRootContextFromObservation\n\t/Users/tgoodwin/projects/kamera/pkg/tracegen/context.go:153\ngithub.com/tgoodwin/kamera/pkg/tracegen.(*ContextTracker).TrackOperation\n\t/Users/tgoodwin/projects/kamera/pkg/tracegen/context.go:197\ngithub.com/tgoodwin/kamera/pkg/tracegen.(*Client).Get\n\t/Users/tgoodwin/projects/kamera/pkg/tracegen/client.go:177\ngithub.com/tgoodwin/kamera/sleevectrl/pkg/controller.(*FinalizerReconciler).Reconcile\n\t/Users/tgoodwin/projects/kamera/sleevectrl/pkg/controller/sleeve_finalizer_controller.go:41\ngithub.com/tgoodwin/kamera/pkg/tracecheck.(*ControllerRuntimeStrategy).ReconcileAtState\n\t/Users/tgoodwin/projects/kamera/pkg/tracecheck/reconciler.go:82\ngithub.com/tgoodwin/kamera/pkg/tracecheck.(*ReconcilerContainer).doReconcile\n\t/Users/tgoodwin/projects/kamera/pkg/tracecheck/reconciler.go:164\ngithub.com/tgoodwin/kamera/pkg/tracecheck.(*Explorer).reconcileAtState\n\t/Users/tgoodwin/projects/kamera/pkg/tracecheck/explore.go:1313\ngithub.com/tgoodwin/kamera/pkg/tracecheck.(*Explorer).takeReconcileStep\n\t/Users/tgoodwin/projects/kamera/pkg/tracecheck/explore.go:1228\ngithub.com/tgoodwin/kamera/pkg/tracecheck.(*Explorer).explore\n\t/Users/tgoodwin/projects/kamera/pkg/tracecheck/explore.go:790\ngithub.com/tgoodwin/kamera/pkg/tracecheck.(*Explorer).Explore.func1\n\t/Users/tgoodwin/projects/kamera/pkg/tracecheck/explore.go:330"}
{"level":"error","ts":"2026-01-13T16:46:57-08:00","logger":"tracegen","msg":"rootID is empty","Kind":"/v1, Kind=Pod","Name":"kamera-test-deployment-1488584584-0","NewRootID":"","stacktrace":"github.com/tgoodwin/kamera/pkg/tracegen.(*ContextTracker).setRootContextFromObservation\n\t/Users/tgoodwin/projects/kamera/pkg/tracegen/context.go:157\ngithub.com/tgoodwin/kamera/pkg/tracegen.(*ContextTracker).TrackOperation\n\t/Users/tgoodwin/projects/kamera/pkg/tracegen/context.go:197\ngithub.com/tgoodwin/kamera/pkg/tracegen.(*Client).Get\n\t/Users/tgoodwin/projects/kamera/pkg/tracegen/client.go:177\ngithub.com/tgoodwin/kamera/sleevectrl/pkg/controller.(*FinalizerReconciler).Reconcile\n\t/Users/tgoodwin/projects/kamera/sleevectrl/pkg/controller/sleeve_finalizer_controller.go:41\ngithub.com/tgoodwin/kamera/pkg/tracecheck.(*ControllerRuntimeStrategy).ReconcileAtState\n\t/Users/tgoodwin/projects/kamera/pkg/tracecheck/reconciler.go:82\ngithub.com/tgoodwin/kamera/pkg/tracecheck.(*ReconcilerContainer).doReconcile\n\t/Users/tgoodwin/projects/kamera/pkg/tracecheck/reconciler.go:164\ngithub.com/tgoodwin/kamera/pkg/tracecheck.(*Explorer).reconcileAtState\n\t/Users/tgoodwin/projects/kamera/pkg/tracecheck/explore.go:1313\ngithub.com/tgoodwin/kamera/pkg/tracecheck.(*Explorer).takeReconcileStep\n\t/Users/tgoodwin/projects/kamera/pkg/tracecheck/explore.go:1228\ngithub.com/tgoodwin/kamera/pkg/tracecheck.(*Explorer).explore\n\t/Users/tgoodwin/projects/kamera/pkg/tracecheck/explore.go:790\ngithub.com/tgoodwin/kamera/pkg/tracecheck.(*Explorer).Explore.func1\n\t/Users/tgoodwin/projects/kamera/pkg/tracecheck/explore.go:330"}
{"level":"error","ts":"2026-01-13T16:46:57-08:00","logger":"tracegen","msg":"creating event","error":"failed to get change ID: Event does not have a change ID","stacktrace":"github.com/tgoodwin/kamera/pkg/tracegen.(*Client).LogOperation\n\t/Users/tgoodwin/projects/kamera/pkg/tracegen/client.go:106\ngithub.com/tgoodwin/kamera/pkg/tracegen.(*Client).Get\n\t/Users/tgoodwin/projects/kamera/pkg/tracegen/client.go:178\ngithub.com/tgoodwin/kamera/sleevectrl/pkg/controller.(*FinalizerReconciler).Reconcile\n\t/Users/tgoodwin/projects/kamera/sleevectrl/pkg/controller/sleeve_finalizer_controller.go:41\ngithub.com/tgoodwin/kamera/pkg/tracecheck.(*ControllerRuntimeStrategy).ReconcileAtState\n\t/Users/tgoodwin/projects/kamera/pkg/tracecheck/reconciler.go:82\ngithub.com/tgoodwin/kamera/pkg/tracecheck.(*ReconcilerContainer).doReconcile\n\t/Users/tgoodwin/projects/kamera/pkg/tracecheck/reconciler.go:164\ngithub.com/tgoodwin/kamera/pkg/tracecheck.(*Explorer).reconcileAtState\n\t/Users/tgoodwin/projects/kamera/pkg/tracecheck/explore.go:1313\ngithub.com/tgoodwin/kamera/pkg/tracecheck.(*Explorer).takeReconcileStep\n\t/Users/tgoodwin/projects/kamera/pkg/tracecheck/explore.go:1228\ngithub.com/tgoodwin/kamera/pkg/tracecheck.(*Explorer).explore\n\t/Users/tgoodwin/projects/kamera/pkg/tracecheck/explore.go:790\ngithub.com/tgoodwin/kamera/pkg/tracecheck.(*Explorer).Explore.func1\n\t/Users/tgoodwin/projects/kamera/pkg/tracecheck/explore.go:330"}
{"level":"error","ts":"2026-01-13T16:46:57-08:00","logger":"tracegen","msg":"creating event","error":"failed to get change ID: Event does not have a change ID","stacktrace":"github.com/tgoodwin/kamera/pkg/tracegen.(*Client).LogOperation\n\t/Users/tgoodwin/projects/kamera/pkg/tracegen/client.go:106\ngithub.com/tgoodwin/kamera/sleevectrl/pkg/controller.(*FinalizerReconciler).Reconcile\n\t/Users/tgoodwin/projects/kamera/sleevectrl/pkg/controller/sleeve_finalizer_controller.go:69\ngithub.com/tgoodwin/kamera/pkg/tracecheck.(*ControllerRuntimeStrategy).ReconcileAtState\n\t/Users/tgoodwin/projects/kamera/pkg/tracecheck/reconciler.go:82\ngithub.com/tgoodwin/kamera/pkg/tracecheck.(*ReconcilerContainer).doReconcile\n\t/Users/tgoodwin/projects/kamera/pkg/tracecheck/reconciler.go:164\ngithub.com/tgoodwin/kamera/pkg/tracecheck.(*Explorer).reconcileAtState\n\t/Users/tgoodwin/projects/kamera/pkg/tracecheck/explore.go:1313\ngithub.com/tgoodwin/kamera/pkg/tracecheck.(*Explorer).takeReconcileStep\n\t/Users/tgoodwin/projects/kamera/pkg/tracecheck/explore.go:1228\ngithub.com/tgoodwin/kamera/pkg/tracecheck.(*Explorer).explore\n\t/Users/tgoodwin/projects/kamera/pkg/tracecheck/explore.go:790\ngithub.com/tgoodwin/kamera/pkg/tracecheck.(*Explorer).Explore.func1\n\t/Users/tgoodwin/projects/kamera/pkg/tracecheck/explore.go:330"}
{"level":"info","ts":"2026-01-13T16:46:57-08:00","logger":"tracecheck","msg":"Taking reconcile step","Depth":77,"# Distinct States":110,"Total States":110,"Resource States":43}
{"level":"info","ts":"2026-01-13T16:46:57-08:00","logger":"tracecheck","msg":"Taking reconcile step","Depth":78,"# Distinct States":111,"Total States":111,"Resource States":43}
{"level":"info","ts":"2026-01-13T16:46:57-08:00","logger":"tracecheck","msg":"Updated ReplicaSet status","Depth":78,"# Distinct States":111,"Total States":111,"Resource States":43,"name":"kamera-test-deployment-1488584584"}
{"level":"info","ts":"2026-01-13T16:46:57-08:00","logger":"tracecheck","msg":"Taking reconcile step","Depth":79,"# Distinct States":112,"Total States":112,"Resource States":43}
{"level":"info","ts":"2026-01-13T16:46:57-08:00","logger":"KPAReconciler.seed","msg":"added podscalable to informer","resource":"deployments","namespace":"default","name":"kamera-test-deployment","stage":"podscalable-add","keys":["default/kamera-test-deployment"]}
{"level":"info","ts":"2026-01-13T16:46:57-08:00","logger":"KPAReconciler.seed","msg":"podscalable visible to lister","resource":"deployments","namespace":"default","name":"kamera-test-deployment","stage":"podscalable-lister","object":{"apiVersion":"autoscaling.internal.knative.dev/v1alpha1","kind":"PodScalable","namespace":"default","name":"kamera-test-deployment"}}
{"level":"info","ts":1768351617.4569862,"logger":"fallback","caller":"kpa/controller.go:77","msg":"Setting up ConfigMap receivers"}
{"level":"info","ts":1768351617.457079,"logger":"fallback","caller":"kpa/controller.go:91","msg":"Setting up KPA-Class event handlers"}
{"level":"info","ts":1768351617.457173,"logger":"fallback","caller":"kpa/kpa.go:158","msg":"SKS should be in Proxy mode: want = 0, ebc = 0, #act's = 2 PA Inactive? = true"}
{"level":"info","ts":1768351617.457192,"logger":"fallback","caller":"kpa/kpa.go:178","msg":"PA scale got=0, want=0, desiredPods=0 ebc=0"}
{"level":"info","ts":1768351617.457202,"logger":"fallback","caller":"kpa/kpa.go:188","msg":"Observed pod counts=kpa.podCounts{want:0, ready:0, notReady:0, pending:0, terminating:0}"}
{"level":"info","ts":"2026-01-13T16:46:57-08:00","logger":"KPAReconciler.reconcile","msg":"reconcile completed","key":"default/kamera-test","reconciler":"knative.dev.serving.pkg.reconciler.autoscaling.kpa.Reconciler","requeue":false,"requeueAfter":0}
{"level":"info","ts":"2026-01-13T16:46:57-08:00","logger":"tracecheck","msg":"Taking reconcile step","Depth":80,"# Distinct States":113,"Total States":113,"Resource States":43}
{"level":"info","ts":"2026-01-13T16:46:57-08:00","logger":"tracecheck","msg":"Taking reconcile step","Depth":59,"# Distinct States":115,"Total States":115,"Resource States":43}
{"level":"info","ts":"2026-01-13T16:46:57-08:00","logger":"RevisionReconciler.seed","msg":"added podscalable to informer","resource":"deployments","namespace":"default","name":"kamera-test-deployment","stage":"podscalable-add","keys":["default/kamera-test-deployment"]}
{"level":"info","ts":"2026-01-13T16:46:57-08:00","logger":"RevisionReconciler.seed","msg":"podscalable visible to lister","resource":"deployments","namespace":"default","name":"kamera-test-deployment","stage":"podscalable-lister","object":{"apiVersion":"autoscaling.internal.knative.dev/v1alpha1","kind":"PodScalable","namespace":"default","name":"kamera-test-deployment"}}
{"level":"error","ts":1768351617.564975,"logger":"fallback","caller":"revision/controller.go:116","msg":"Failed to create resolver transport","error":"open /var/run/secrets/kubernetes.io/serviceaccount/ca.crt: no such file or directory","stacktrace":"knative.dev/serving/pkg/reconciler/revision.newControllerWithOptions\n\t/Users/tgoodwin/tmp/gomodcache/knative.dev/serving@v0.46.5/pkg/reconciler/revision/controller.go:116\nknative.dev/serving/pkg/reconciler/revision.NewController\n\t/Users/tgoodwin/tmp/gomodcache/knative.dev/serving@v0.46.5/pkg/reconciler/revision/controller.go:64\nmain.configureKnativeExplorer.func1.1\n\t/Users/tgoodwin/projects/kamera/examples/knative-serving/scenario.go:91\ngithub.com/tgoodwin/kamera/examples/knative-serving/knative.NewKnativeStrategy.func1\n\t/Users/tgoodwin/projects/kamera/examples/knative-serving/knative/harness.go:555\ngithub.com/tgoodwin/kamera/examples/knative-serving/knative.(*KnativeStrategy).ReconcileAtState\n\t/Users/tgoodwin/projects/kamera/examples/knative-serving/knative/harness.go:895\ngithub.com/tgoodwin/kamera/pkg/tracecheck.(*ReconcilerContainer).doReconcile\n\t/Users/tgoodwin/projects/kamera/pkg/tracecheck/reconciler.go:164\ngithub.com/tgoodwin/kamera/pkg/tracecheck.(*Explorer).reconcileAtState\n\t/Users/tgoodwin/projects/kamera/pkg/tracecheck/explore.go:1313\ngithub.com/tgoodwin/kamera/pkg/tracecheck.(*Explorer).takeReconcileStep\n\t/Users/tgoodwin/projects/kamera/pkg/tracecheck/explore.go:1228\ngithub.com/tgoodwin/kamera/pkg/tracecheck.(*Explorer).explore\n\t/Users/tgoodwin/projects/kamera/pkg/tracecheck/explore.go:790\ngithub.com/tgoodwin/kamera/pkg/tracecheck.(*Explorer).Explore.func1\n\t/Users/tgoodwin/projects/kamera/pkg/tracecheck/explore.go:330"}
{"level":"info","ts":1768351617.565269,"logger":"fallback","caller":"revision/reconcile_resources.go:161","msg":"Reconciling PA: kamera-test"}
{"level":"info","ts":"2026-01-13T16:46:57-08:00","logger":"RevisionReconciler.reconcile","msg":"reconcile completed","key":"default/kamera-test","reconciler":"knative.dev.serving.pkg.reconciler.revision.Reconciler","requeue":false,"requeueAfter":0}
{"level":"info","ts":"2026-01-13T16:46:57-08:00","logger":"tracecheck","msg":"Taking reconcile step","Depth":60,"# Distinct States":116,"Total States":116,"Resource States":43}
{"level":"info","ts":"2026-01-13T16:46:57-08:00","logger":"KPAReconciler.seed","msg":"added podscalable to informer","resource":"deployments","namespace":"default","name":"kamera-test-deployment","stage":"podscalable-add","keys":["default/kamera-test-deployment"]}
{"level":"info","ts":"2026-01-13T16:46:57-08:00","logger":"KPAReconciler.seed","msg":"podscalable visible to lister","resource":"deployments","namespace":"default","name":"kamera-test-deployment","stage":"podscalable-lister","object":{"apiVersion":"autoscaling.internal.knative.dev/v1alpha1","kind":"PodScalable","namespace":"default","name":"kamera-test-deployment"}}
{"level":"info","ts":1768351617.672085,"logger":"fallback","caller":"kpa/controller.go:77","msg":"Setting up ConfigMap receivers"}
{"level":"info","ts":1768351617.6722078,"logger":"fallback","caller":"kpa/controller.go:91","msg":"Setting up KPA-Class event handlers"}
{"level":"info","ts":1768351617.6723242,"logger":"fallback","caller":"kpa/kpa.go:158","msg":"SKS should be in Proxy mode: want = 0, ebc = 0, #act's = 2 PA Inactive? = true"}
{"level":"info","ts":1768351617.672344,"logger":"fallback","caller":"kpa/kpa.go:178","msg":"PA scale got=1, want=0, desiredPods=0 ebc=0"}
{"level":"info","ts":1768351617.672353,"logger":"fallback","caller":"kpa/kpa.go:188","msg":"Observed pod counts=kpa.podCounts{want:0, ready:1, notReady:0, pending:0, terminating:0}"}
{"level":"info","ts":"2026-01-13T16:46:57-08:00","logger":"KPAReconciler.reconcile","msg":"reconcile completed","key":"default/kamera-test","reconciler":"knative.dev.serving.pkg.reconciler.autoscaling.kpa.Reconciler","requeue":false,"requeueAfter":0}
{"level":"info","ts":"2026-01-13T16:46:57-08:00","logger":"tracecheck","msg":"Taking reconcile step","Depth":61,"# Distinct States":117,"Total States":117,"Resource States":43}
{"level":"info","ts":"2026-01-13T16:46:57-08:00","logger":"tracecheck","msg":"Taking reconcile step","Depth":62,"# Distinct States":118,"Total States":118,"Resource States":43}
{"level":"info","ts":"2026-01-13T16:46:57-08:00","logger":"tracecheck","msg":"Taking reconcile step","Depth":63,"# Distinct States":119,"Total States":119,"Resource States":43}
{"level":"info","ts":"2026-01-13T16:46:57-08:00","logger":"RouteReconciler.seed","msg":"added podscalable to informer","resource":"deployments","namespace":"default","name":"kamera-test-deployment","stage":"podscalable-add","keys":["default/kamera-test-deployment"]}
{"level":"info","ts":"2026-01-13T16:46:57-08:00","logger":"RouteReconciler.seed","msg":"podscalable visible to lister","resource":"deployments","namespace":"default","name":"kamera-test-deployment","stage":"podscalable-lister","object":{"apiVersion":"autoscaling.internal.knative.dev/v1alpha1","kind":"PodScalable","namespace":"default","name":"kamera-test-deployment"}}
{"level":"info","ts":1768351617.785872,"logger":"fallback","caller":"route/route.go:465","msg":"Revision default/kamera-test is inactive"}
{"level":"info","ts":1768351617.7858949,"logger":"fallback","caller":"route/route.go:487","msg":"All referred targets are routable, marking AllTrafficAssigned with traffic information."}
{"level":"info","ts":1768351617.785908,"logger":"fallback","caller":"route/route.go:140","msg":"Creating placeholder k8s services"}
{"level":"info","ts":1768351617.785994,"logger":"fallback","caller":"route/route.go:176","msg":"Updating placeholder k8s services with ingress information"}
{"level":"info","ts":1768351617.78617,"logger":"fallback","caller":"route/route.go:198","msg":"Route successfully synced"}
{"level":"info","ts":"2026-01-13T16:46:57-08:00","logger":"RouteReconciler.reconcile","msg":"reconcile completed","key":"default/demo","reconciler":"knative.dev.serving.pkg.reconciler.route.Reconciler","requeue":false,"requeueAfter":0}
{"level":"info","ts":"2026-01-13T16:46:57-08:00","logger":"tracecheck","msg":"Taking reconcile step","Depth":64,"# Distinct States":120,"Total States":120,"Resource States":43}
{"level":"info","ts":"2026-01-13T16:46:57-08:00","logger":"tracecheck","msg":"Taking reconcile step","Depth":65,"# Distinct States":121,"Total States":121,"Resource States":43}
{"level":"info","ts":"2026-01-13T16:46:57-08:00","logger":"ServiceReconciler.seed","msg":"added podscalable to informer","resource":"deployments","namespace":"default","name":"kamera-test-deployment","stage":"podscalable-add","keys":["default/kamera-test-deployment"]}
{"level":"info","ts":"2026-01-13T16:46:57-08:00","logger":"ServiceReconciler.seed","msg":"podscalable visible to lister","resource":"deployments","namespace":"default","name":"kamera-test-deployment","stage":"podscalable-lister","object":{"apiVersion":"autoscaling.internal.knative.dev/v1alpha1","kind":"PodScalable","namespace":"default","name":"kamera-test-deployment"}}
{"level":"info","ts":1768351617.8963342,"logger":"fallback","caller":"service/service.go:171","msg":"Service reconciler fetching Route from lister: name=demo, namespace=default"}
{"level":"info","ts":1768351617.896363,"logger":"fallback","caller":"service/service.go:174","msg":"Service reconciler got Route from lister: name=demo, Generation=1, ObservedGeneration=1, ResourceVersion="}
{"level":"info","ts":1768351617.896394,"logger":"fallback","caller":"service/service.go:126","msg":"Service reconciler checking Route: name=demo, Generation=1, ObservedGeneration=1, Ready=True (reason=, message=), generationMatch=true, routeResourceVersion="}
{"level":"info","ts":1768351617.896404,"logger":"fallback","caller":"service/service.go:136","msg":"Service reconciler calling PropagateRouteStatus() because Generation == ObservedGeneration"}
{"level":"info","ts":"2026-01-13T16:46:57-08:00","logger":"ServiceReconciler.reconcile","msg":"reconcile completed","key":"default/demo","reconciler":"knative.dev.serving.pkg.reconciler.service.Reconciler","requeue":false,"requeueAfter":0}
{"level":"info","ts":"2026-01-13T16:46:57-08:00","logger":"tracecheck","msg":"Taking reconcile step","Depth":66,"# Distinct States":122,"Total States":122,"Resource States":43}
{"level":"info","ts":"2026-01-13T16:46:57-08:00","logger":"tracecheck","msg":"Taking reconcile step","Depth":67,"# Distinct States":123,"Total States":123,"Resource States":43}
{"level":"info","ts":"2026-01-13T16:46:57-08:00","logger":"tracecheck","msg":"Deleting pods","Depth":67,"# Distinct States":123,"Total States":123,"Resource States":43,"count":1}
{"level":"info","ts":"2026-01-13T16:46:57-08:00","logger":"tracecheck","msg":"Taking reconcile step","Depth":53,"# Distinct States":125,"Total States":125,"Resource States":43}
{"level":"info","ts":"2026-01-13T16:46:58-08:00","logger":"RevisionReconciler.seed","msg":"added podscalable to informer","resource":"deployments","namespace":"default","name":"kamera-test-deployment","stage":"podscalable-add","keys":["default/kamera-test-deployment"]}
{"level":"info","ts":"2026-01-13T16:46:58-08:00","logger":"RevisionReconciler.seed","msg":"podscalable visible to lister","resource":"deployments","namespace":"default","name":"kamera-test-deployment","stage":"podscalable-lister","object":{"apiVersion":"autoscaling.internal.knative.dev/v1alpha1","kind":"PodScalable","namespace":"default","name":"kamera-test-deployment"}}
{"level":"error","ts":1768351618.0120661,"logger":"fallback","caller":"revision/controller.go:116","msg":"Failed to create resolver transport","error":"open /var/run/secrets/kubernetes.io/serviceaccount/ca.crt: no such file or directory","stacktrace":"knative.dev/serving/pkg/reconciler/revision.newControllerWithOptions\n\t/Users/tgoodwin/tmp/gomodcache/knative.dev/serving@v0.46.5/pkg/reconciler/revision/controller.go:116\nknative.dev/serving/pkg/reconciler/revision.NewController\n\t/Users/tgoodwin/tmp/gomodcache/knative.dev/serving@v0.46.5/pkg/reconciler/revision/controller.go:64\nmain.configureKnativeExplorer.func1.1\n\t/Users/tgoodwin/projects/kamera/examples/knative-serving/scenario.go:91\ngithub.com/tgoodwin/kamera/examples/knative-serving/knative.NewKnativeStrategy.func1\n\t/Users/tgoodwin/projects/kamera/examples/knative-serving/knative/harness.go:555\ngithub.com/tgoodwin/kamera/examples/knative-serving/knative.(*KnativeStrategy).ReconcileAtState\n\t/Users/tgoodwin/projects/kamera/examples/knative-serving/knative/harness.go:895\ngithub.com/tgoodwin/kamera/pkg/tracecheck.(*ReconcilerContainer).doReconcile\n\t/Users/tgoodwin/projects/kamera/pkg/tracecheck/reconciler.go:164\ngithub.com/tgoodwin/kamera/pkg/tracecheck.(*Explorer).reconcileAtState\n\t/Users/tgoodwin/projects/kamera/pkg/tracecheck/explore.go:1313\ngithub.com/tgoodwin/kamera/pkg/tracecheck.(*Explorer).takeReconcileStep\n\t/Users/tgoodwin/projects/kamera/pkg/tracecheck/explore.go:1228\ngithub.com/tgoodwin/kamera/pkg/tracecheck.(*Explorer).explore\n\t/Users/tgoodwin/projects/kamera/pkg/tracecheck/explore.go:790\ngithub.com/tgoodwin/kamera/pkg/tracecheck.(*Explorer).Explore.func1\n\t/Users/tgoodwin/projects/kamera/pkg/tracecheck/explore.go:330"}
{"level":"info","ts":1768351618.012595,"logger":"fallback","caller":"revision/reconcile_resources.go:161","msg":"Reconciling PA: kamera-test"}
{"level":"info","ts":"2026-01-13T16:46:58-08:00","logger":"RevisionReconciler.reconcile","msg":"reconcile completed","key":"default/kamera-test","reconciler":"knative.dev.serving.pkg.reconciler.revision.Reconciler","requeue":false,"requeueAfter":0}
{"level":"info","ts":"2026-01-13T16:46:58-08:00","logger":"tracecheck","msg":"Taking reconcile step","Depth":54,"# Distinct States":126,"Total States":126,"Resource States":43}
{"level":"info","ts":"2026-01-13T16:46:58-08:00","logger":"ConfigurationReconciler.seed","msg":"added podscalable to informer","resource":"deployments","namespace":"default","name":"kamera-test-deployment","stage":"podscalable-add","keys":["default/kamera-test-deployment"]}
{"level":"info","ts":"2026-01-13T16:46:58-08:00","logger":"ConfigurationReconciler.seed","msg":"podscalable visible to lister","resource":"deployments","namespace":"default","name":"kamera-test-deployment","stage":"podscalable-lister","object":{"apiVersion":"autoscaling.internal.knative.dev/v1alpha1","kind":"PodScalable","namespace":"default","name":"kamera-test-deployment"}}
{"level":"info","ts":1768351618.1207192,"logger":"fallback","caller":"configuration/configuration.go:106","msg":"Revision \"kamera-test\" of configuration is ready"}
{"level":"info","ts":"2026-01-13T16:46:58-08:00","logger":"ConfigurationReconciler.reconcile","msg":"reconcile completed","key":"default/demo","reconciler":"knative.dev.serving.pkg.reconciler.configuration.Reconciler","requeue":false,"requeueAfter":0}
{"level":"info","ts":"2026-01-13T16:46:58-08:00","logger":"tracecheck","msg":"Taking reconcile step","Depth":55,"# Distinct States":127,"Total States":127,"Resource States":43}
{"level":"info","ts":"2026-01-13T16:46:58-08:00","logger":"RouteReconciler.seed","msg":"added podscalable to informer","resource":"deployments","namespace":"default","name":"kamera-test-deployment","stage":"podscalable-add","keys":["default/kamera-test-deployment"]}
{"level":"info","ts":"2026-01-13T16:46:58-08:00","logger":"RouteReconciler.seed","msg":"podscalable visible to lister","resource":"deployments","namespace":"default","name":"kamera-test-deployment","stage":"podscalable-lister","object":{"apiVersion":"autoscaling.internal.knative.dev/v1alpha1","kind":"PodScalable","namespace":"default","name":"kamera-test-deployment"}}
{"level":"info","ts":1768351618.229183,"logger":"fallback","caller":"route/route.go:465","msg":"Revision default/kamera-test is inactive"}
{"level":"info","ts":1768351618.229232,"logger":"fallback","caller":"route/route.go:487","msg":"All referred targets are routable, marking AllTrafficAssigned with traffic information."}
{"level":"info","ts":1768351618.229256,"logger":"fallback","caller":"route/route.go:140","msg":"Creating placeholder k8s services"}
{"level":"info","ts":1768351618.229484,"logger":"fallback","caller":"route/reconcile_resources.go:179","msg":"Created service demo"}
{"level":"info","ts":1768351618.2299469,"logger":"fallback","caller":"route/route.go:176","msg":"Updating placeholder k8s services with ingress information"}
{"level":"warn","ts":1768351618.230007,"logger":"fallback","caller":"route/reconcile_resources.go:228","msg":"Failed to update k8s service","error":"failed to fetch loadbalancer domain/IP from ingress status"}
{"level":"info","ts":1768351618.230028,"logger":"fallback","caller":"route/route.go:198","msg":"Route successfully synced"}
{"level":"info","ts":"2026-01-13T16:46:58-08:00","logger":"RouteReconciler.reconcile","msg":"reconcile completed","key":"default/demo","reconciler":"knative.dev.serving.pkg.reconciler.route.Reconciler","requeue":false,"requeueAfter":0}
{"level":"info","ts":"2026-01-13T16:46:58-08:00","logger":"tracecheck","msg":"Taking reconcile step","Depth":56,"# Distinct States":128,"Total States":128,"Resource States":43}
{"level":"info","ts":"2026-01-13T16:46:58-08:00","logger":"ServiceReconciler.seed","msg":"added podscalable to informer","resource":"deployments","namespace":"default","name":"kamera-test-deployment","stage":"podscalable-add","keys":["default/kamera-test-deployment"]}
{"level":"info","ts":"2026-01-13T16:46:58-08:00","logger":"ServiceReconciler.seed","msg":"podscalable visible to lister","resource":"deployments","namespace":"default","name":"kamera-test-deployment","stage":"podscalable-lister","object":{"apiVersion":"autoscaling.internal.knative.dev/v1alpha1","kind":"PodScalable","namespace":"default","name":"kamera-test-deployment"}}
{"level":"info","ts":1768351618.339272,"logger":"fallback","caller":"service/service.go:171","msg":"Service reconciler fetching Route from lister: name=demo, namespace=default"}
{"level":"info","ts":1768351618.339301,"logger":"fallback","caller":"service/service.go:174","msg":"Service reconciler got Route from lister: name=demo, Generation=1, ObservedGeneration=1, ResourceVersion="}
{"level":"info","ts":1768351618.3393338,"logger":"fallback","caller":"service/service.go:126","msg":"Service reconciler checking Route: name=demo, Generation=1, ObservedGeneration=1, Ready=Unknown (reason=IngressNotConfigured, message=Ingress has not yet been reconciled.), generationMatch=true, routeResourceVersion="}
{"level":"info","ts":1768351618.339345,"logger":"fallback","caller":"service/service.go:136","msg":"Service reconciler calling PropagateRouteStatus() because Generation == ObservedGeneration"}
{"level":"info","ts":"2026-01-13T16:46:58-08:00","logger":"ServiceReconciler.reconcile","msg":"reconcile completed","key":"default/demo","reconciler":"knative.dev.serving.pkg.reconciler.service.Reconciler","requeue":false,"requeueAfter":0}
{"level":"info","ts":"2026-01-13T16:46:58-08:00","logger":"tracecheck","msg":"Taking reconcile step","Depth":51,"# Distinct States":130,"Total States":130,"Resource States":43}
{"level":"info","ts":"2026-01-13T16:46:58-08:00","logger":"RevisionReconciler.seed","msg":"added podscalable to informer","resource":"deployments","namespace":"default","name":"kamera-test-deployment","stage":"podscalable-add","keys":["default/kamera-test-deployment"]}
{"level":"info","ts":"2026-01-13T16:46:58-08:00","logger":"RevisionReconciler.seed","msg":"podscalable visible to lister","resource":"deployments","namespace":"default","name":"kamera-test-deployment","stage":"podscalable-lister","object":{"apiVersion":"autoscaling.internal.knative.dev/v1alpha1","kind":"PodScalable","namespace":"default","name":"kamera-test-deployment"}}
{"level":"error","ts":1768351618.447386,"logger":"fallback","caller":"revision/controller.go:116","msg":"Failed to create resolver transport","error":"open /var/run/secrets/kubernetes.io/serviceaccount/ca.crt: no such file or directory","stacktrace":"knative.dev/serving/pkg/reconciler/revision.newControllerWithOptions\n\t/Users/tgoodwin/tmp/gomodcache/knative.dev/serving@v0.46.5/pkg/reconciler/revision/controller.go:116\nknative.dev/serving/pkg/reconciler/revision.NewController\n\t/Users/tgoodwin/tmp/gomodcache/knative.dev/serving@v0.46.5/pkg/reconciler/revision/controller.go:64\nmain.configureKnativeExplorer.func1.1\n\t/Users/tgoodwin/projects/kamera/examples/knative-serving/scenario.go:91\ngithub.com/tgoodwin/kamera/examples/knative-serving/knative.NewKnativeStrategy.func1\n\t/Users/tgoodwin/projects/kamera/examples/knative-serving/knative/harness.go:555\ngithub.com/tgoodwin/kamera/examples/knative-serving/knative.(*KnativeStrategy).ReconcileAtState\n\t/Users/tgoodwin/projects/kamera/examples/knative-serving/knative/harness.go:895\ngithub.com/tgoodwin/kamera/pkg/tracecheck.(*ReconcilerContainer).doReconcile\n\t/Users/tgoodwin/projects/kamera/pkg/tracecheck/reconciler.go:164\ngithub.com/tgoodwin/kamera/pkg/tracecheck.(*Explorer).reconcileAtState\n\t/Users/tgoodwin/projects/kamera/pkg/tracecheck/explore.go:1313\ngithub.com/tgoodwin/kamera/pkg/tracecheck.(*Explorer).takeReconcileStep\n\t/Users/tgoodwin/projects/kamera/pkg/tracecheck/explore.go:1228\ngithub.com/tgoodwin/kamera/pkg/tracecheck.(*Explorer).explore\n\t/Users/tgoodwin/projects/kamera/pkg/tracecheck/explore.go:790\ngithub.com/tgoodwin/kamera/pkg/tracecheck.(*Explorer).Explore.func1\n\t/Users/tgoodwin/projects/kamera/pkg/tracecheck/explore.go:330"}
{"level":"info","ts":1768351618.4477792,"logger":"fallback","caller":"revision/reconcile_resources.go:161","msg":"Reconciling PA: kamera-test"}
{"level":"info","ts":"2026-01-13T16:46:58-08:00","logger":"RevisionReconciler.reconcile","msg":"reconcile completed","key":"default/kamera-test","reconciler":"knative.dev.serving.pkg.reconciler.revision.Reconciler","requeue":false,"requeueAfter":0}
{"level":"info","ts":"2026-01-13T16:46:58-08:00","logger":"tracecheck","msg":"Taking reconcile step","Depth":52,"# Distinct States":131,"Total States":131,"Resource States":43}
{"level":"info","ts":"2026-01-13T16:46:58-08:00","logger":"tracecheck","msg":"Taking reconcile step","Depth":53,"# Distinct States":132,"Total States":132,"Resource States":43}
{"level":"info","ts":"2026-01-13T16:46:58-08:00","logger":"KPAReconciler.seed","msg":"added podscalable to informer","resource":"deployments","namespace":"default","name":"kamera-test-deployment","stage":"podscalable-add","keys":["default/kamera-test-deployment"]}
{"level":"info","ts":"2026-01-13T16:46:58-08:00","logger":"KPAReconciler.seed","msg":"podscalable visible to lister","resource":"deployments","namespace":"default","name":"kamera-test-deployment","stage":"podscalable-lister","object":{"apiVersion":"autoscaling.internal.knative.dev/v1alpha1","kind":"PodScalable","namespace":"default","name":"kamera-test-deployment"}}
{"level":"info","ts":1768351618.5573702,"logger":"fallback","caller":"kpa/controller.go:77","msg":"Setting up ConfigMap receivers"}
{"level":"info","ts":1768351618.5574908,"logger":"fallback","caller":"kpa/controller.go:91","msg":"Setting up KPA-Class event handlers"}
{"level":"info","ts":1768351618.557608,"logger":"fallback","caller":"kpa/scaler.go:379","msg":"Scaling from 1 to 0"}
{"level":"info","ts":1768351618.559485,"logger":"fallback","caller":"kpa/kpa.go:158","msg":"SKS should be in Proxy mode: want = 0, ebc = 0, #act's = 2 PA Inactive? = true"}
{"level":"info","ts":1768351618.559507,"logger":"fallback","caller":"kpa/kpa.go:178","msg":"PA scale got=1, want=0, desiredPods=0 ebc=0"}
{"level":"info","ts":1768351618.5595148,"logger":"fallback","caller":"kpa/kpa.go:188","msg":"Observed pod counts=kpa.podCounts{want:0, ready:1, notReady:0, pending:0, terminating:0}"}
{"level":"info","ts":"2026-01-13T16:46:58-08:00","logger":"KPAReconciler.reconcile","msg":"reconcile completed","key":"default/kamera-test","reconciler":"knative.dev.serving.pkg.reconciler.autoscaling.kpa.Reconciler","requeue":false,"requeueAfter":0}
{"level":"info","ts":"2026-01-13T16:46:58-08:00","logger":"tracecheck","msg":"Taking reconcile step","Depth":54,"# Distinct States":133,"Total States":133,"Resource States":43}
{"level":"info","ts":"2026-01-13T16:46:58-08:00","logger":"ConfigurationReconciler.seed","msg":"added podscalable to informer","resource":"deployments","namespace":"default","name":"kamera-test-deployment","stage":"podscalable-add","keys":["default/kamera-test-deployment"]}
{"level":"info","ts":"2026-01-13T16:46:58-08:00","logger":"ConfigurationReconciler.seed","msg":"podscalable visible to lister","resource":"deployments","namespace":"default","name":"kamera-test-deployment","stage":"podscalable-lister","object":{"apiVersion":"autoscaling.internal.knative.dev/v1alpha1","kind":"PodScalable","namespace":"default","name":"kamera-test-deployment"}}
{"level":"info","ts":1768351618.670753,"logger":"fallback","caller":"configuration/configuration.go:106","msg":"Revision \"kamera-test\" of configuration is ready"}
{"level":"info","ts":"2026-01-13T16:46:58-08:00","logger":"ConfigurationReconciler.reconcile","msg":"reconcile completed","key":"default/demo","reconciler":"knative.dev.serving.pkg.reconciler.configuration.Reconciler","requeue":false,"requeueAfter":0}
{"level":"info","ts":"2026-01-13T16:46:58-08:00","logger":"tracecheck","msg":"Taking reconcile step","Depth":55,"# Distinct States":134,"Total States":134,"Resource States":43}
{"level":"info","ts":"2026-01-13T16:46:58-08:00","logger":"RouteReconciler.seed","msg":"added podscalable to informer","resource":"deployments","namespace":"default","name":"kamera-test-deployment","stage":"podscalable-add","keys":["default/kamera-test-deployment"]}
{"level":"info","ts":"2026-01-13T16:46:58-08:00","logger":"RouteReconciler.seed","msg":"podscalable visible to lister","resource":"deployments","namespace":"default","name":"kamera-test-deployment","stage":"podscalable-lister","object":{"apiVersion":"autoscaling.internal.knative.dev/v1alpha1","kind":"PodScalable","namespace":"default","name":"kamera-test-deployment"}}
{"level":"info","ts":1768351618.777598,"logger":"fallback","caller":"route/route.go:465","msg":"Revision default/kamera-test is inactive"}
{"level":"info","ts":1768351618.777619,"logger":"fallback","caller":"route/route.go:487","msg":"All referred targets are routable, marking AllTrafficAssigned with traffic information."}
{"level":"info","ts":1768351618.7776341,"logger":"fallback","caller":"route/route.go:140","msg":"Creating placeholder k8s services"}
{"level":"info","ts":1768351618.777787,"logger":"fallback","caller":"route/reconcile_resources.go:179","msg":"Created service demo"}
{"level":"info","ts":1768351618.778059,"logger":"fallback","caller":"route/route.go:176","msg":"Updating placeholder k8s services with ingress information"}
{"level":"warn","ts":1768351618.778077,"logger":"fallback","caller":"route/reconcile_resources.go:228","msg":"Failed to update k8s service","error":"failed to fetch loadbalancer domain/IP from ingress status"}
{"level":"info","ts":1768351618.778087,"logger":"fallback","caller":"route/route.go:198","msg":"Route successfully synced"}
{"level":"info","ts":"2026-01-13T16:46:58-08:00","logger":"RouteReconciler.reconcile","msg":"reconcile completed","key":"default/demo","reconciler":"knative.dev.serving.pkg.reconciler.route.Reconciler","requeue":false,"requeueAfter":0}
{"level":"info","ts":"2026-01-13T16:46:58-08:00","logger":"tracecheck","msg":"Taking reconcile step","Depth":56,"# Distinct States":135,"Total States":135,"Resource States":43}
{"level":"info","ts":"2026-01-13T16:46:58-08:00","logger":"ServiceReconciler.seed","msg":"added podscalable to informer","resource":"deployments","namespace":"default","name":"kamera-test-deployment","stage":"podscalable-add","keys":["default/kamera-test-deployment"]}
{"level":"info","ts":"2026-01-13T16:46:58-08:00","logger":"ServiceReconciler.seed","msg":"podscalable visible to lister","resource":"deployments","namespace":"default","name":"kamera-test-deployment","stage":"podscalable-lister","object":{"apiVersion":"autoscaling.internal.knative.dev/v1alpha1","kind":"PodScalable","namespace":"default","name":"kamera-test-deployment"}}
{"level":"info","ts":1768351618.8856,"logger":"fallback","caller":"service/service.go:171","msg":"Service reconciler fetching Route from lister: name=demo, namespace=default"}
{"level":"info","ts":1768351618.8856268,"logger":"fallback","caller":"service/service.go:174","msg":"Service reconciler got Route from lister: name=demo, Generation=1, ObservedGeneration=1, ResourceVersion="}
{"level":"info","ts":1768351618.88566,"logger":"fallback","caller":"service/service.go:126","msg":"Service reconciler checking Route: name=demo, Generation=1, ObservedGeneration=1, Ready=Unknown (reason=IngressNotConfigured, message=Ingress has not yet been reconciled.), generationMatch=true, routeResourceVersion="}
{"level":"info","ts":1768351618.88567,"logger":"fallback","caller":"service/service.go:136","msg":"Service reconciler calling PropagateRouteStatus() because Generation == ObservedGeneration"}
{"level":"info","ts":"2026-01-13T16:46:58-08:00","logger":"ServiceReconciler.reconcile","msg":"reconcile completed","key":"default/demo","reconciler":"knative.dev.serving.pkg.reconciler.service.Reconciler","requeue":false,"requeueAfter":0}
{"level":"info","ts":"2026-01-13T16:46:58-08:00","logger":"tracecheck","msg":"Taking reconcile step","Depth":57,"# Distinct States":136,"Total States":136,"Resource States":43}
{"level":"info","ts":"2026-01-13T16:46:58-08:00","logger":"tracecheck","msg":"Taking reconcile step","Depth":58,"# Distinct States":137,"Total States":137,"Resource States":43}
{"level":"info","ts":"2026-01-13T16:46:58-08:00","logger":"tracecheck","msg":"Updated Deployment status","Depth":58,"# Distinct States":137,"Total States":137,"Resource States":43,"name":"kamera-test-deployment"}
{"level":"info","ts":"2026-01-13T16:46:58-08:00","logger":"tracecheck","msg":"Taking reconcile step","Depth":50,"# Distinct States":138,"Total States":138,"Resource States":43}
{"level":"info","ts":"2026-01-13T16:46:59-08:00","logger":"RevisionReconciler.seed","msg":"added podscalable to informer","resource":"deployments","namespace":"default","name":"kamera-test-deployment","stage":"podscalable-add","keys":["default/kamera-test-deployment"]}
{"level":"info","ts":"2026-01-13T16:46:59-08:00","logger":"RevisionReconciler.seed","msg":"podscalable visible to lister","resource":"deployments","namespace":"default","name":"kamera-test-deployment","stage":"podscalable-lister","object":{"apiVersion":"autoscaling.internal.knative.dev/v1alpha1","kind":"PodScalable","namespace":"default","name":"kamera-test-deployment"}}
{"level":"error","ts":1768351619.0045109,"logger":"fallback","caller":"revision/controller.go:116","msg":"Failed to create resolver transport","error":"open /var/run/secrets/kubernetes.io/serviceaccount/ca.crt: no such file or directory","stacktrace":"knative.dev/serving/pkg/reconciler/revision.newControllerWithOptions\n\t/Users/tgoodwin/tmp/gomodcache/knative.dev/serving@v0.46.5/pkg/reconciler/revision/controller.go:116\nknative.dev/serving/pkg/reconciler/revision.NewController\n\t/Users/tgoodwin/tmp/gomodcache/knative.dev/serving@v0.46.5/pkg/reconciler/revision/controller.go:64\nmain.configureKnativeExplorer.func1.1\n\t/Users/tgoodwin/projects/kamera/examples/knative-serving/scenario.go:91\ngithub.com/tgoodwin/kamera/examples/knative-serving/knative.NewKnativeStrategy.func1\n\t/Users/tgoodwin/projects/kamera/examples/knative-serving/knative/harness.go:555\ngithub.com/tgoodwin/kamera/examples/knative-serving/knative.(*KnativeStrategy).ReconcileAtState\n\t/Users/tgoodwin/projects/kamera/examples/knative-serving/knative/harness.go:895\ngithub.com/tgoodwin/kamera/pkg/tracecheck.(*ReconcilerContainer).doReconcile\n\t/Users/tgoodwin/projects/kamera/pkg/tracecheck/reconciler.go:164\ngithub.com/tgoodwin/kamera/pkg/tracecheck.(*Explorer).reconcileAtState\n\t/Users/tgoodwin/projects/kamera/pkg/tracecheck/explore.go:1313\ngithub.com/tgoodwin/kamera/pkg/tracecheck.(*Explorer).takeReconcileStep\n\t/Users/tgoodwin/projects/kamera/pkg/tracecheck/explore.go:1228\ngithub.com/tgoodwin/kamera/pkg/tracecheck.(*Explorer).explore\n\t/Users/tgoodwin/projects/kamera/pkg/tracecheck/explore.go:790\ngithub.com/tgoodwin/kamera/pkg/tracecheck.(*Explorer).Explore.func1\n\t/Users/tgoodwin/projects/kamera/pkg/tracecheck/explore.go:330"}
{"level":"info","ts":1768351619.0049028,"logger":"fallback","caller":"revision/reconcile_resources.go:161","msg":"Reconciling PA: kamera-test"}
{"level":"info","ts":"2026-01-13T16:46:59-08:00","logger":"RevisionReconciler.reconcile","msg":"reconcile completed","key":"default/kamera-test","reconciler":"knative.dev.serving.pkg.reconciler.revision.Reconciler","requeue":false,"requeueAfter":0}
{"level":"info","ts":"2026-01-13T16:46:59-08:00","logger":"tracecheck","msg":"Taking reconcile step","Depth":51,"# Distinct States":139,"Total States":139,"Resource States":43}
{"level":"info","ts":"2026-01-13T16:46:59-08:00","logger":"tracecheck","msg":"Updated Deployment status","Depth":51,"# Distinct States":139,"Total States":139,"Resource States":43,"name":"kamera-test-deployment"}
{"level":"info","ts":"2026-01-13T16:46:59-08:00","logger":"tracecheck","msg":"Taking reconcile step","Depth":52,"# Distinct States":140,"Total States":140,"Resource States":43}
{"level":"info","ts":"2026-01-13T16:46:59-08:00","logger":"tracecheck","msg":"Taking reconcile step","Depth":53,"# Distinct States":141,"Total States":141,"Resource States":43}
{"level":"info","ts":"2026-01-13T16:46:59-08:00","logger":"KPAReconciler.seed","msg":"added podscalable to informer","resource":"deployments","namespace":"default","name":"kamera-test-deployment","stage":"podscalable-add","keys":["default/kamera-test-deployment"]}
{"level":"info","ts":"2026-01-13T16:46:59-08:00","logger":"KPAReconciler.seed","msg":"podscalable visible to lister","resource":"deployments","namespace":"default","name":"kamera-test-deployment","stage":"podscalable-lister","object":{"apiVersion":"autoscaling.internal.knative.dev/v1alpha1","kind":"PodScalable","namespace":"default","name":"kamera-test-deployment"}}
{"level":"info","ts":1768351619.118913,"logger":"fallback","caller":"kpa/controller.go:77","msg":"Setting up ConfigMap receivers"}
{"level":"info","ts":1768351619.1190138,"logger":"fallback","caller":"kpa/controller.go:91","msg":"Setting up KPA-Class event handlers"}
{"level":"info","ts":1768351619.119112,"logger":"fallback","caller":"kpa/scaler.go:379","msg":"Scaling from 1 to 0"}
{"level":"info","ts":1768351619.121079,"logger":"fallback","caller":"kpa/kpa.go:158","msg":"SKS should be in Proxy mode: want = 0, ebc = 0, #act's = 2 PA Inactive? = true"}
{"level":"info","ts":1768351619.121099,"logger":"fallback","caller":"kpa/kpa.go:178","msg":"PA scale got=1, want=0, desiredPods=0 ebc=0"}
{"level":"info","ts":1768351619.121109,"logger":"fallback","caller":"kpa/kpa.go:188","msg":"Observed pod counts=kpa.podCounts{want:0, ready:1, notReady:0, pending:0, terminating:0}"}
{"level":"info","ts":"2026-01-13T16:46:59-08:00","logger":"KPAReconciler.reconcile","msg":"reconcile completed","key":"default/kamera-test","reconciler":"knative.dev.serving.pkg.reconciler.autoscaling.kpa.Reconciler","requeue":false,"requeueAfter":0}
{"level":"info","ts":"2026-01-13T16:46:59-08:00","logger":"tracecheck","msg":"Taking reconcile step","Depth":47,"# Distinct States":142,"Total States":142,"Resource States":43}
{"level":"info","ts":"2026-01-13T16:46:59-08:00","logger":"RevisionReconciler.seed","msg":"added podscalable to informer","resource":"deployments","namespace":"default","name":"kamera-test-deployment","stage":"podscalable-add","keys":["default/kamera-test-deployment"]}
{"level":"info","ts":"2026-01-13T16:46:59-08:00","logger":"RevisionReconciler.seed","msg":"podscalable visible to lister","resource":"deployments","namespace":"default","name":"kamera-test-deployment","stage":"podscalable-lister","object":{"apiVersion":"autoscaling.internal.knative.dev/v1alpha1","kind":"PodScalable","namespace":"default","name":"kamera-test-deployment"}}
{"level":"error","ts":1768351619.230942,"logger":"fallback","caller":"revision/controller.go:116","msg":"Failed to create resolver transport","error":"open /var/run/secrets/kubernetes.io/serviceaccount/ca.crt: no such file or directory","stacktrace":"knative.dev/serving/pkg/reconciler/revision.newControllerWithOptions\n\t/Users/tgoodwin/tmp/gomodcache/knative.dev/serving@v0.46.5/pkg/reconciler/revision/controller.go:116\nknative.dev/serving/pkg/reconciler/revision.NewController\n\t/Users/tgoodwin/tmp/gomodcache/knative.dev/serving@v0.46.5/pkg/reconciler/revision/controller.go:64\nmain.configureKnativeExplorer.func1.1\n\t/Users/tgoodwin/projects/kamera/examples/knative-serving/scenario.go:91\ngithub.com/tgoodwin/kamera/examples/knative-serving/knative.NewKnativeStrategy.func1\n\t/Users/tgoodwin/projects/kamera/examples/knative-serving/knative/harness.go:555\ngithub.com/tgoodwin/kamera/examples/knative-serving/knative.(*KnativeStrategy).ReconcileAtState\n\t/Users/tgoodwin/projects/kamera/examples/knative-serving/knative/harness.go:895\ngithub.com/tgoodwin/kamera/pkg/tracecheck.(*ReconcilerContainer).doReconcile\n\t/Users/tgoodwin/projects/kamera/pkg/tracecheck/reconciler.go:164\ngithub.com/tgoodwin/kamera/pkg/tracecheck.(*Explorer).reconcileAtState\n\t/Users/tgoodwin/projects/kamera/pkg/tracecheck/explore.go:1313\ngithub.com/tgoodwin/kamera/pkg/tracecheck.(*Explorer).takeReconcileStep\n\t/Users/tgoodwin/projects/kamera/pkg/tracecheck/explore.go:1228\ngithub.com/tgoodwin/kamera/pkg/tracecheck.(*Explorer).explore\n\t/Users/tgoodwin/projects/kamera/pkg/tracecheck/explore.go:790\ngithub.com/tgoodwin/kamera/pkg/tracecheck.(*Explorer).Explore.func1\n\t/Users/tgoodwin/projects/kamera/pkg/tracecheck/explore.go:330"}
{"level":"info","ts":1768351619.23157,"logger":"fallback","caller":"revision/reconcile_resources.go:161","msg":"Reconciling PA: kamera-test"}
{"level":"info","ts":"2026-01-13T16:46:59-08:00","logger":"RevisionReconciler.reconcile","msg":"reconcile completed","key":"default/kamera-test","reconciler":"knative.dev.serving.pkg.reconciler.revision.Reconciler","requeue":false,"requeueAfter":0}
{"level":"info","ts":"2026-01-13T16:46:59-08:00","logger":"tracecheck","msg":"Taking reconcile step","Depth":48,"# Distinct States":143,"Total States":143,"Resource States":44}
{"level":"info","ts":"2026-01-13T16:46:59-08:00","logger":"ConfigurationReconciler.seed","msg":"added podscalable to informer","resource":"deployments","namespace":"default","name":"kamera-test-deployment","stage":"podscalable-add","keys":["default/kamera-test-deployment"]}
{"level":"info","ts":"2026-01-13T16:46:59-08:00","logger":"ConfigurationReconciler.seed","msg":"podscalable visible to lister","resource":"deployments","namespace":"default","name":"kamera-test-deployment","stage":"podscalable-lister","object":{"apiVersion":"autoscaling.internal.knative.dev/v1alpha1","kind":"PodScalable","namespace":"default","name":"kamera-test-deployment"}}
{"level":"info","ts":1768351619.3398242,"logger":"fallback","caller":"configuration/configuration.go:106","msg":"Revision \"kamera-test\" of configuration is ready"}
{"level":"info","ts":"2026-01-13T16:46:59-08:00","logger":"ConfigurationReconciler.reconcile","msg":"reconcile completed","key":"default/demo","reconciler":"knative.dev.serving.pkg.reconciler.configuration.Reconciler","requeue":false,"requeueAfter":0}
{"level":"info","ts":"2026-01-13T16:46:59-08:00","logger":"tracecheck","msg":"Taking reconcile step","Depth":49,"# Distinct States":144,"Total States":144,"Resource States":44}
{"level":"info","ts":"2026-01-13T16:46:59-08:00","logger":"tracecheck","msg":"Taking reconcile step","Depth":50,"# Distinct States":145,"Total States":145,"Resource States":44}
{"level":"info","ts":"2026-01-13T16:46:59-08:00","logger":"tracecheck","msg":"Updated Deployment status","Depth":50,"# Distinct States":145,"Total States":145,"Resource States":44,"name":"kamera-test-deployment"}
{"level":"info","ts":"2026-01-13T16:46:59-08:00","logger":"tracecheck","msg":"Taking reconcile step","Depth":51,"# Distinct States":146,"Total States":146,"Resource States":44}
{"level":"info","ts":"2026-01-13T16:46:59-08:00","logger":"tracecheck","msg":"Taking reconcile step","Depth":52,"# Distinct States":147,"Total States":147,"Resource States":44}
{"level":"info","ts":"2026-01-13T16:46:59-08:00","logger":"KPAReconciler.seed","msg":"added podscalable to informer","resource":"deployments","namespace":"default","name":"kamera-test-deployment","stage":"podscalable-add","keys":["default/kamera-test-deployment"]}
{"level":"info","ts":"2026-01-13T16:46:59-08:00","logger":"KPAReconciler.seed","msg":"podscalable visible to lister","resource":"deployments","namespace":"default","name":"kamera-test-deployment","stage":"podscalable-lister","object":{"apiVersion":"autoscaling.internal.knative.dev/v1alpha1","kind":"PodScalable","namespace":"default","name":"kamera-test-deployment"}}
{"level":"info","ts":1768351619.4578109,"logger":"fallback","caller":"kpa/controller.go:77","msg":"Setting up ConfigMap receivers"}
{"level":"info","ts":1768351619.457918,"logger":"fallback","caller":"kpa/controller.go:91","msg":"Setting up KPA-Class event handlers"}
{"level":"info","ts":1768351619.4580312,"logger":"fallback","caller":"kpa/scaler.go:379","msg":"Scaling from 1 to 0"}
{"level":"info","ts":1768351619.460259,"logger":"fallback","caller":"kpa/kpa.go:158","msg":"SKS should be in Proxy mode: want = 0, ebc = 0, #act's = 2 PA Inactive? = true"}
{"level":"info","ts":1768351619.460278,"logger":"fallback","caller":"kpa/kpa.go:178","msg":"PA scale got=1, want=0, desiredPods=0 ebc=0"}
{"level":"info","ts":1768351619.460288,"logger":"fallback","caller":"kpa/kpa.go:188","msg":"Observed pod counts=kpa.podCounts{want:0, ready:1, notReady:0, pending:0, terminating:0}"}
{"level":"info","ts":"2026-01-13T16:46:59-08:00","logger":"KPAReconciler.reconcile","msg":"reconcile completed","key":"default/kamera-test","reconciler":"knative.dev.serving.pkg.reconciler.autoscaling.kpa.Reconciler","requeue":false,"requeueAfter":0}
{"level":"info","ts":"2026-01-13T16:46:59-08:00","logger":"tracecheck","msg":"Taking reconcile step","Depth":53,"# Distinct States":148,"Total States":148,"Resource States":44}
{"level":"info","ts":"2026-01-13T16:46:59-08:00","logger":"RevisionReconciler.seed","msg":"added podscalable to informer","resource":"deployments","namespace":"default","name":"kamera-test-deployment","stage":"podscalable-add","keys":["default/kamera-test-deployment"]}
{"level":"info","ts":"2026-01-13T16:46:59-08:00","logger":"RevisionReconciler.seed","msg":"podscalable visible to lister","resource":"deployments","namespace":"default","name":"kamera-test-deployment","stage":"podscalable-lister","object":{"apiVersion":"autoscaling.internal.knative.dev/v1alpha1","kind":"PodScalable","namespace":"default","name":"kamera-test-deployment"}}
{"level":"error","ts":1768351619.569737,"logger":"fallback","caller":"revision/controller.go:116","msg":"Failed to create resolver transport","error":"open /var/run/secrets/kubernetes.io/serviceaccount/ca.crt: no such file or directory","stacktrace":"knative.dev/serving/pkg/reconciler/revision.newControllerWithOptions\n\t/Users/tgoodwin/tmp/gomodcache/knative.dev/serving@v0.46.5/pkg/reconciler/revision/controller.go:116\nknative.dev/serving/pkg/reconciler/revision.NewController\n\t/Users/tgoodwin/tmp/gomodcache/knative.dev/serving@v0.46.5/pkg/reconciler/revision/controller.go:64\nmain.configureKnativeExplorer.func1.1\n\t/Users/tgoodwin/projects/kamera/examples/knative-serving/scenario.go:91\ngithub.com/tgoodwin/kamera/examples/knative-serving/knative.NewKnativeStrategy.func1\n\t/Users/tgoodwin/projects/kamera/examples/knative-serving/knative/harness.go:555\ngithub.com/tgoodwin/kamera/examples/knative-serving/knative.(*KnativeStrategy).ReconcileAtState\n\t/Users/tgoodwin/projects/kamera/examples/knative-serving/knative/harness.go:895\ngithub.com/tgoodwin/kamera/pkg/tracecheck.(*ReconcilerContainer).doReconcile\n\t/Users/tgoodwin/projects/kamera/pkg/tracecheck/reconciler.go:164\ngithub.com/tgoodwin/kamera/pkg/tracecheck.(*Explorer).reconcileAtState\n\t/Users/tgoodwin/projects/kamera/pkg/tracecheck/explore.go:1313\ngithub.com/tgoodwin/kamera/pkg/tracecheck.(*Explorer).takeReconcileStep\n\t/Users/tgoodwin/projects/kamera/pkg/tracecheck/explore.go:1228\ngithub.com/tgoodwin/kamera/pkg/tracecheck.(*Explorer).explore\n\t/Users/tgoodwin/projects/kamera/pkg/tracecheck/explore.go:790\ngithub.com/tgoodwin/kamera/pkg/tracecheck.(*Explorer).Explore.func1\n\t/Users/tgoodwin/projects/kamera/pkg/tracecheck/explore.go:330"}
{"level":"info","ts":1768351619.570039,"logger":"fallback","caller":"revision/reconcile_resources.go:161","msg":"Reconciling PA: kamera-test"}
{"level":"info","ts":"2026-01-13T16:46:59-08:00","logger":"RevisionReconciler.reconcile","msg":"reconcile completed","key":"default/kamera-test","reconciler":"knative.dev.serving.pkg.reconciler.revision.Reconciler","requeue":false,"requeueAfter":0}
{"level":"info","ts":"2026-01-13T16:46:59-08:00","logger":"tracecheck","msg":"Taking reconcile step","Depth":54,"# Distinct States":149,"Total States":149,"Resource States":44}
{"level":"info","ts":"2026-01-13T16:46:59-08:00","logger":"ConfigurationReconciler.seed","msg":"added podscalable to informer","resource":"deployments","namespace":"default","name":"kamera-test-deployment","stage":"podscalable-add","keys":["default/kamera-test-deployment"]}
{"level":"info","ts":"2026-01-13T16:46:59-08:00","logger":"ConfigurationReconciler.seed","msg":"podscalable visible to lister","resource":"deployments","namespace":"default","name":"kamera-test-deployment","stage":"podscalable-lister","object":{"apiVersion":"autoscaling.internal.knative.dev/v1alpha1","kind":"PodScalable","namespace":"default","name":"kamera-test-deployment"}}
{"level":"info","ts":1768351619.676877,"logger":"fallback","caller":"configuration/configuration.go:106","msg":"Revision \"kamera-test\" of configuration is ready"}
{"level":"info","ts":"2026-01-13T16:46:59-08:00","logger":"ConfigurationReconciler.reconcile","msg":"reconcile completed","key":"default/demo","reconciler":"knative.dev.serving.pkg.reconciler.configuration.Reconciler","requeue":false,"requeueAfter":0}
{"level":"info","ts":"2026-01-13T16:46:59-08:00","logger":"tracecheck","msg":"Taking reconcile step","Depth":55,"# Distinct States":150,"Total States":150,"Resource States":44}
{"level":"info","ts":"2026-01-13T16:46:59-08:00","logger":"RouteReconciler.seed","msg":"added podscalable to informer","resource":"deployments","namespace":"default","name":"kamera-test-deployment","stage":"podscalable-add","keys":["default/kamera-test-deployment"]}
{"level":"info","ts":"2026-01-13T16:46:59-08:00","logger":"RouteReconciler.seed","msg":"podscalable visible to lister","resource":"deployments","namespace":"default","name":"kamera-test-deployment","stage":"podscalable-lister","object":{"apiVersion":"autoscaling.internal.knative.dev/v1alpha1","kind":"PodScalable","namespace":"default","name":"kamera-test-deployment"}}
{"level":"info","ts":1768351619.783496,"logger":"fallback","caller":"route/route.go:465","msg":"Revision default/kamera-test is inactive"}
{"level":"info","ts":1768351619.783533,"logger":"fallback","caller":"route/route.go:487","msg":"All referred targets are routable, marking AllTrafficAssigned with traffic information."}
{"level":"info","ts":1768351619.783552,"logger":"fallback","caller":"route/route.go:140","msg":"Creating placeholder k8s services"}
{"level":"info","ts":1768351619.783735,"logger":"fallback","caller":"route/reconcile_resources.go:179","msg":"Created service demo"}
{"level":"info","ts":1768351619.7840252,"logger":"fallback","caller":"route/route.go:176","msg":"Updating placeholder k8s services with ingress information"}
{"level":"warn","ts":1768351619.784055,"logger":"fallback","caller":"route/reconcile_resources.go:228","msg":"Failed to update k8s service","error":"failed to fetch loadbalancer domain/IP from ingress status"}
{"level":"info","ts":1768351619.784069,"logger":"fallback","caller":"route/route.go:198","msg":"Route successfully synced"}
{"level":"info","ts":"2026-01-13T16:46:59-08:00","logger":"RouteReconciler.reconcile","msg":"reconcile completed","key":"default/demo","reconciler":"knative.dev.serving.pkg.reconciler.route.Reconciler","requeue":false,"requeueAfter":0}
{"level":"info","ts":"2026-01-13T16:46:59-08:00","logger":"tracecheck","msg":"Taking reconcile step","Depth":56,"# Distinct States":151,"Total States":151,"Resource States":44}
{"level":"info","ts":"2026-01-13T16:46:59-08:00","logger":"ServiceReconciler.seed","msg":"added podscalable to informer","resource":"deployments","namespace":"default","name":"kamera-test-deployment","stage":"podscalable-add","keys":["default/kamera-test-deployment"]}
{"level":"info","ts":"2026-01-13T16:46:59-08:00","logger":"ServiceReconciler.seed","msg":"podscalable visible to lister","resource":"deployments","namespace":"default","name":"kamera-test-deployment","stage":"podscalable-lister","object":{"apiVersion":"autoscaling.internal.knative.dev/v1alpha1","kind":"PodScalable","namespace":"default","name":"kamera-test-deployment"}}
{"level":"info","ts":1768351619.895873,"logger":"fallback","caller":"service/service.go:171","msg":"Service reconciler fetching Route from lister: name=demo, namespace=default"}
{"level":"info","ts":1768351619.8959,"logger":"fallback","caller":"service/service.go:174","msg":"Service reconciler got Route from lister: name=demo, Generation=1, ObservedGeneration=1, ResourceVersion="}
{"level":"info","ts":1768351619.895932,"logger":"fallback","caller":"service/service.go:126","msg":"Service reconciler checking Route: name=demo, Generation=1, ObservedGeneration=1, Ready=Unknown (reason=IngressNotConfigured, message=Ingress has not yet been reconciled.), generationMatch=true, routeResourceVersion="}
{"level":"info","ts":1768351619.895942,"logger":"fallback","caller":"service/service.go:136","msg":"Service reconciler calling PropagateRouteStatus() because Generation == ObservedGeneration"}
{"level":"info","ts":"2026-01-13T16:46:59-08:00","logger":"ServiceReconciler.reconcile","msg":"reconcile completed","key":"default/demo","reconciler":"knative.dev.serving.pkg.reconciler.service.Reconciler","requeue":false,"requeueAfter":0}
{"level":"info","ts":"2026-01-13T16:46:59-08:00","logger":"tracecheck","msg":"Taking reconcile step","Depth":57,"# Distinct States":152,"Total States":152,"Resource States":44}
{"level":"info","ts":"2026-01-13T16:46:59-08:00","logger":"tracecheck","msg":"Updated Deployment status","Depth":57,"# Distinct States":152,"Total States":152,"Resource States":44,"name":"kamera-test-deployment"}
{"level":"info","ts":"2026-01-13T16:46:59-08:00","logger":"tracecheck","msg":"Taking reconcile step","Depth":58,"# Distinct States":153,"Total States":153,"Resource States":44}
{"level":"info","ts":"2026-01-13T16:46:59-08:00","logger":"tracecheck","msg":"Taking reconcile step","Depth":59,"# Distinct States":154,"Total States":154,"Resource States":44}
{"level":"info","ts":"2026-01-13T16:47:00-08:00","logger":"KPAReconciler.seed","msg":"added podscalable to informer","resource":"deployments","namespace":"default","name":"kamera-test-deployment","stage":"podscalable-add","keys":["default/kamera-test-deployment"]}
{"level":"info","ts":"2026-01-13T16:47:00-08:00","logger":"KPAReconciler.seed","msg":"podscalable visible to lister","resource":"deployments","namespace":"default","name":"kamera-test-deployment","stage":"podscalable-lister","object":{"apiVersion":"autoscaling.internal.knative.dev/v1alpha1","kind":"PodScalable","namespace":"default","name":"kamera-test-deployment"}}
{"level":"info","ts":1768351620.013366,"logger":"fallback","caller":"kpa/controller.go:77","msg":"Setting up ConfigMap receivers"}
{"level":"info","ts":1768351620.0134988,"logger":"fallback","caller":"kpa/controller.go:91","msg":"Setting up KPA-Class event handlers"}
{"level":"info","ts":1768351620.013612,"logger":"fallback","caller":"kpa/kpa.go:158","msg":"SKS should be in Proxy mode: want = 0, ebc = 0, #act's = 2 PA Inactive? = true"}
{"level":"info","ts":1768351620.013632,"logger":"fallback","caller":"kpa/kpa.go:178","msg":"PA scale got=1, want=0, desiredPods=0 ebc=0"}
{"level":"info","ts":1768351620.0136409,"logger":"fallback","caller":"kpa/kpa.go:188","msg":"Observed pod counts=kpa.podCounts{want:0, ready:1, notReady:0, pending:0, terminating:0}"}
{"level":"info","ts":"2026-01-13T16:47:00-08:00","logger":"KPAReconciler.reconcile","msg":"reconcile completed","key":"default/kamera-test","reconciler":"knative.dev.serving.pkg.reconciler.autoscaling.kpa.Reconciler","requeue":false,"requeueAfter":0}
{"level":"info","ts":"2026-01-13T16:47:00-08:00","logger":"tracecheck","msg":"Taking reconcile step","Depth":60,"# Distinct States":155,"Total States":155,"Resource States":44}
{"level":"info","ts":"2026-01-13T16:47:00-08:00","logger":"tracecheck","msg":"Taking reconcile step","Depth":61,"# Distinct States":156,"Total States":156,"Resource States":44}
{"level":"info","ts":"2026-01-13T16:47:00-08:00","logger":"tracecheck","msg":"Taking reconcile step","Depth":62,"# Distinct States":157,"Total States":157,"Resource States":44}
{"level":"info","ts":"2026-01-13T16:47:00-08:00","logger":"RouteReconciler.seed","msg":"added podscalable to informer","resource":"deployments","namespace":"default","name":"kamera-test-deployment","stage":"podscalable-add","keys":["default/kamera-test-deployment"]}
{"level":"info","ts":"2026-01-13T16:47:00-08:00","logger":"RouteReconciler.seed","msg":"podscalable visible to lister","resource":"deployments","namespace":"default","name":"kamera-test-deployment","stage":"podscalable-lister","object":{"apiVersion":"autoscaling.internal.knative.dev/v1alpha1","kind":"PodScalable","namespace":"default","name":"kamera-test-deployment"}}
{"level":"info","ts":1768351620.125101,"logger":"fallback","caller":"route/route.go:465","msg":"Revision default/kamera-test is inactive"}
{"level":"info","ts":1768351620.125124,"logger":"fallback","caller":"route/route.go:487","msg":"All referred targets are routable, marking AllTrafficAssigned with traffic information."}
{"level":"info","ts":1768351620.125141,"logger":"fallback","caller":"route/route.go:140","msg":"Creating placeholder k8s services"}
{"level":"info","ts":1768351620.1252322,"logger":"fallback","caller":"route/route.go:176","msg":"Updating placeholder k8s services with ingress information"}
{"level":"info","ts":1768351620.1254249,"logger":"fallback","caller":"route/route.go:198","msg":"Route successfully synced"}
{"level":"info","ts":"2026-01-13T16:47:00-08:00","logger":"RouteReconciler.reconcile","msg":"reconcile completed","key":"default/demo","reconciler":"knative.dev.serving.pkg.reconciler.route.Reconciler","requeue":false,"requeueAfter":0}
{"level":"info","ts":"2026-01-13T16:47:00-08:00","logger":"tracecheck","msg":"Taking reconcile step","Depth":63,"# Distinct States":158,"Total States":158,"Resource States":44}
{"level":"info","ts":"2026-01-13T16:47:00-08:00","logger":"tracecheck","msg":"Taking reconcile step","Depth":64,"# Distinct States":159,"Total States":159,"Resource States":44}
{"level":"info","ts":"2026-01-13T16:47:00-08:00","logger":"ServiceReconciler.seed","msg":"added podscalable to informer","resource":"deployments","namespace":"default","name":"kamera-test-deployment","stage":"podscalable-add","keys":["default/kamera-test-deployment"]}
{"level":"info","ts":"2026-01-13T16:47:00-08:00","logger":"ServiceReconciler.seed","msg":"podscalable visible to lister","resource":"deployments","namespace":"default","name":"kamera-test-deployment","stage":"podscalable-lister","object":{"apiVersion":"autoscaling.internal.knative.dev/v1alpha1","kind":"PodScalable","namespace":"default","name":"kamera-test-deployment"}}
{"level":"info","ts":1768351620.236158,"logger":"fallback","caller":"service/service.go:171","msg":"Service reconciler fetching Route from lister: name=demo, namespace=default"}
{"level":"info","ts":1768351620.236177,"logger":"fallback","caller":"service/service.go:174","msg":"Service reconciler got Route from lister: name=demo, Generation=1, ObservedGeneration=1, ResourceVersion="}
{"level":"info","ts":1768351620.2361999,"logger":"fallback","caller":"service/service.go:126","msg":"Service reconciler checking Route: name=demo, Generation=1, ObservedGeneration=1, Ready=True (reason=, message=), generationMatch=true, routeResourceVersion="}
{"level":"info","ts":1768351620.2362082,"logger":"fallback","caller":"service/service.go:136","msg":"Service reconciler calling PropagateRouteStatus() because Generation == ObservedGeneration"}
{"level":"info","ts":"2026-01-13T16:47:00-08:00","logger":"ServiceReconciler.reconcile","msg":"reconcile completed","key":"default/demo","reconciler":"knative.dev.serving.pkg.reconciler.service.Reconciler","requeue":false,"requeueAfter":0}
{"level":"info","ts":"2026-01-13T16:47:00-08:00","logger":"tracecheck","msg":"Taking reconcile step","Depth":65,"# Distinct States":160,"Total States":160,"Resource States":44}
{"level":"info","ts":"2026-01-13T16:47:00-08:00","logger":"tracecheck","msg":"Taking reconcile step","Depth":66,"# Distinct States":161,"Total States":161,"Resource States":44}
{"level":"info","ts":"2026-01-13T16:47:00-08:00","logger":"tracecheck","msg":"Deleting pods","Depth":66,"# Distinct States":161,"Total States":161,"Resource States":44,"count":1}
{"level":"info","ts":"2026-01-13T16:47:00-08:00","logger":"tracecheck","msg":"Taking reconcile step","Depth":48,"# Distinct States":162,"Total States":162,"Resource States":44}
{"level":"info","ts":"2026-01-13T16:47:00-08:00","logger":"RevisionReconciler.seed","msg":"added podscalable to informer","resource":"deployments","namespace":"default","name":"kamera-test-deployment","stage":"podscalable-add","keys":["default/kamera-test-deployment"]}
{"level":"info","ts":"2026-01-13T16:47:00-08:00","logger":"RevisionReconciler.seed","msg":"podscalable visible to lister","resource":"deployments","namespace":"default","name":"kamera-test-deployment","stage":"podscalable-lister","object":{"apiVersion":"autoscaling.internal.knative.dev/v1alpha1","kind":"PodScalable","namespace":"default","name":"kamera-test-deployment"}}
{"level":"error","ts":1768351620.351001,"logger":"fallback","caller":"revision/controller.go:116","msg":"Failed to create resolver transport","error":"open /var/run/secrets/kubernetes.io/serviceaccount/ca.crt: no such file or directory","stacktrace":"knative.dev/serving/pkg/reconciler/revision.newControllerWithOptions\n\t/Users/tgoodwin/tmp/gomodcache/knative.dev/serving@v0.46.5/pkg/reconciler/revision/controller.go:116\nknative.dev/serving/pkg/reconciler/revision.NewController\n\t/Users/tgoodwin/tmp/gomodcache/knative.dev/serving@v0.46.5/pkg/reconciler/revision/controller.go:64\nmain.configureKnativeExplorer.func1.1\n\t/Users/tgoodwin/projects/kamera/examples/knative-serving/scenario.go:91\ngithub.com/tgoodwin/kamera/examples/knative-serving/knative.NewKnativeStrategy.func1\n\t/Users/tgoodwin/projects/kamera/examples/knative-serving/knative/harness.go:555\ngithub.com/tgoodwin/kamera/examples/knative-serving/knative.(*KnativeStrategy).ReconcileAtState\n\t/Users/tgoodwin/projects/kamera/examples/knative-serving/knative/harness.go:895\ngithub.com/tgoodwin/kamera/pkg/tracecheck.(*ReconcilerContainer).doReconcile\n\t/Users/tgoodwin/projects/kamera/pkg/tracecheck/reconciler.go:164\ngithub.com/tgoodwin/kamera/pkg/tracecheck.(*Explorer).reconcileAtState\n\t/Users/tgoodwin/projects/kamera/pkg/tracecheck/explore.go:1313\ngithub.com/tgoodwin/kamera/pkg/tracecheck.(*Explorer).takeReconcileStep\n\t/Users/tgoodwin/projects/kamera/pkg/tracecheck/explore.go:1228\ngithub.com/tgoodwin/kamera/pkg/tracecheck.(*Explorer).explore\n\t/Users/tgoodwin/projects/kamera/pkg/tracecheck/explore.go:790\ngithub.com/tgoodwin/kamera/pkg/tracecheck.(*Explorer).Explore.func1\n\t/Users/tgoodwin/projects/kamera/pkg/tracecheck/explore.go:330"}
{"level":"info","ts":1768351620.351467,"logger":"fallback","caller":"revision/reconcile_resources.go:161","msg":"Reconciling PA: kamera-test"}
{"level":"info","ts":"2026-01-13T16:47:00-08:00","logger":"RevisionReconciler.reconcile","msg":"reconcile completed","key":"default/kamera-test","reconciler":"knative.dev.serving.pkg.reconciler.revision.Reconciler","requeue":false,"requeueAfter":0}
{"level":"info","ts":"2026-01-13T16:47:00-08:00","logger":"tracecheck","msg":"Taking reconcile step","Depth":49,"# Distinct States":163,"Total States":163,"Resource States":44}
{"level":"info","ts":"2026-01-13T16:47:00-08:00","logger":"ConfigurationReconciler.seed","msg":"added podscalable to informer","resource":"deployments","namespace":"default","name":"kamera-test-deployment","stage":"podscalable-add","keys":["default/kamera-test-deployment"]}
{"level":"info","ts":"2026-01-13T16:47:00-08:00","logger":"ConfigurationReconciler.seed","msg":"podscalable visible to lister","resource":"deployments","namespace":"default","name":"kamera-test-deployment","stage":"podscalable-lister","object":{"apiVersion":"autoscaling.internal.knative.dev/v1alpha1","kind":"PodScalable","namespace":"default","name":"kamera-test-deployment"}}
{"level":"info","ts":1768351620.4589639,"logger":"fallback","caller":"configuration/configuration.go:106","msg":"Revision \"kamera-test\" of configuration is ready"}
{"level":"info","ts":"2026-01-13T16:47:00-08:00","logger":"ConfigurationReconciler.reconcile","msg":"reconcile completed","key":"default/demo","reconciler":"knative.dev.serving.pkg.reconciler.configuration.Reconciler","requeue":false,"requeueAfter":0}
{"level":"info","ts":"2026-01-13T16:47:00-08:00","logger":"tracecheck","msg":"Taking reconcile step","Depth":50,"# Distinct States":164,"Total States":164,"Resource States":44}
{"level":"info","ts":"2026-01-13T16:47:00-08:00","logger":"tracecheck","msg":"Taking reconcile step","Depth":51,"# Distinct States":165,"Total States":165,"Resource States":44}
{"level":"info","ts":"2026-01-13T16:47:00-08:00","logger":"tracecheck","msg":"Updated Deployment status","Depth":51,"# Distinct States":165,"Total States":165,"Resource States":44,"name":"kamera-test-deployment"}
{"level":"info","ts":"2026-01-13T16:47:00-08:00","logger":"tracecheck","msg":"Taking reconcile step","Depth":52,"# Distinct States":166,"Total States":166,"Resource States":44}
{"level":"info","ts":"2026-01-13T16:47:00-08:00","logger":"tracecheck","msg":"Taking reconcile step","Depth":53,"# Distinct States":167,"Total States":167,"Resource States":44}
{"level":"info","ts":"2026-01-13T16:47:00-08:00","logger":"KPAReconciler.seed","msg":"added podscalable to informer","resource":"deployments","namespace":"default","name":"kamera-test-deployment","stage":"podscalable-add","keys":["default/kamera-test-deployment"]}
{"level":"info","ts":"2026-01-13T16:47:00-08:00","logger":"KPAReconciler.seed","msg":"podscalable visible to lister","resource":"deployments","namespace":"default","name":"kamera-test-deployment","stage":"podscalable-lister","object":{"apiVersion":"autoscaling.internal.knative.dev/v1alpha1","kind":"PodScalable","namespace":"default","name":"kamera-test-deployment"}}
{"level":"info","ts":1768351620.576468,"logger":"fallback","caller":"kpa/controller.go:77","msg":"Setting up ConfigMap receivers"}
{"level":"info","ts":1768351620.576739,"logger":"fallback","caller":"kpa/controller.go:91","msg":"Setting up KPA-Class event handlers"}
{"level":"info","ts":1768351620.5769112,"logger":"fallback","caller":"kpa/scaler.go:379","msg":"Scaling from 1 to 0"}
{"level":"info","ts":1768351620.579191,"logger":"fallback","caller":"kpa/kpa.go:158","msg":"SKS should be in Proxy mode: want = 0, ebc = 0, #act's = 2 PA Inactive? = true"}
{"level":"info","ts":1768351620.579214,"logger":"fallback","caller":"kpa/kpa.go:178","msg":"PA scale got=1, want=0, desiredPods=0 ebc=0"}
{"level":"info","ts":1768351620.5792232,"logger":"fallback","caller":"kpa/kpa.go:188","msg":"Observed pod counts=kpa.podCounts{want:0, ready:1, notReady:0, pending:0, terminating:0}"}
{"level":"info","ts":"2026-01-13T16:47:00-08:00","logger":"KPAReconciler.reconcile","msg":"reconcile completed","key":"default/kamera-test","reconciler":"knative.dev.serving.pkg.reconciler.autoscaling.kpa.Reconciler","requeue":false,"requeueAfter":0}
{"level":"info","ts":"2026-01-13T16:47:00-08:00","logger":"tracecheck","msg":"Taking reconcile step","Depth":54,"# Distinct States":168,"Total States":168,"Resource States":44}
{"level":"info","ts":"2026-01-13T16:47:00-08:00","logger":"ConfigurationReconciler.seed","msg":"added podscalable to informer","resource":"deployments","namespace":"default","name":"kamera-test-deployment","stage":"podscalable-add","keys":["default/kamera-test-deployment"]}
{"level":"info","ts":"2026-01-13T16:47:00-08:00","logger":"ConfigurationReconciler.seed","msg":"podscalable visible to lister","resource":"deployments","namespace":"default","name":"kamera-test-deployment","stage":"podscalable-lister","object":{"apiVersion":"autoscaling.internal.knative.dev/v1alpha1","kind":"PodScalable","namespace":"default","name":"kamera-test-deployment"}}
{"level":"info","ts":1768351620.691821,"logger":"fallback","caller":"configuration/configuration.go:106","msg":"Revision \"kamera-test\" of configuration is ready"}
{"level":"info","ts":"2026-01-13T16:47:00-08:00","logger":"ConfigurationReconciler.reconcile","msg":"reconcile completed","key":"default/demo","reconciler":"knative.dev.serving.pkg.reconciler.configuration.Reconciler","requeue":false,"requeueAfter":0}
{"level":"info","ts":"2026-01-13T16:47:00-08:00","logger":"tracecheck","msg":"Taking reconcile step","Depth":55,"# Distinct States":169,"Total States":169,"Resource States":44}
{"level":"info","ts":"2026-01-13T16:47:00-08:00","logger":"RouteReconciler.seed","msg":"added podscalable to informer","resource":"deployments","namespace":"default","name":"kamera-test-deployment","stage":"podscalable-add","keys":["default/kamera-test-deployment"]}
{"level":"info","ts":"2026-01-13T16:47:00-08:00","logger":"RouteReconciler.seed","msg":"podscalable visible to lister","resource":"deployments","namespace":"default","name":"kamera-test-deployment","stage":"podscalable-lister","object":{"apiVersion":"autoscaling.internal.knative.dev/v1alpha1","kind":"PodScalable","namespace":"default","name":"kamera-test-deployment"}}
{"level":"info","ts":1768351620.799464,"logger":"fallback","caller":"route/route.go:465","msg":"Revision default/kamera-test is inactive"}
{"level":"info","ts":1768351620.799493,"logger":"fallback","caller":"route/route.go:487","msg":"All referred targets are routable, marking AllTrafficAssigned with traffic information."}
{"level":"info","ts":1768351620.799511,"logger":"fallback","caller":"route/route.go:140","msg":"Creating placeholder k8s services"}
{"level":"info","ts":1768351620.799673,"logger":"fallback","caller":"route/reconcile_resources.go:179","msg":"Created service demo"}
{"level":"info","ts":1768351620.799958,"logger":"fallback","caller":"route/route.go:176","msg":"Updating placeholder k8s services with ingress information"}
{"level":"warn","ts":1768351620.799978,"logger":"fallback","caller":"route/reconcile_resources.go:228","msg":"Failed to update k8s service","error":"failed to fetch loadbalancer domain/IP from ingress status"}
{"level":"info","ts":1768351620.7999868,"logger":"fallback","caller":"route/route.go:198","msg":"Route successfully synced"}
{"level":"info","ts":"2026-01-13T16:47:00-08:00","logger":"RouteReconciler.reconcile","msg":"reconcile completed","key":"default/demo","reconciler":"knative.dev.serving.pkg.reconciler.route.Reconciler","requeue":false,"requeueAfter":0}
{"level":"info","ts":"2026-01-13T16:47:00-08:00","logger":"tracecheck","msg":"Taking reconcile step","Depth":56,"# Distinct States":170,"Total States":170,"Resource States":44}
{"level":"info","ts":"2026-01-13T16:47:00-08:00","logger":"ServiceReconciler.seed","msg":"added podscalable to informer","resource":"deployments","namespace":"default","name":"kamera-test-deployment","stage":"podscalable-add","keys":["default/kamera-test-deployment"]}
{"level":"info","ts":"2026-01-13T16:47:00-08:00","logger":"ServiceReconciler.seed","msg":"podscalable visible to lister","resource":"deployments","namespace":"default","name":"kamera-test-deployment","stage":"podscalable-lister","object":{"apiVersion":"autoscaling.internal.knative.dev/v1alpha1","kind":"PodScalable","namespace":"default","name":"kamera-test-deployment"}}
{"level":"info","ts":1768351620.908572,"logger":"fallback","caller":"service/service.go:171","msg":"Service reconciler fetching Route from lister: name=demo, namespace=default"}
{"level":"info","ts":1768351620.908625,"logger":"fallback","caller":"service/service.go:174","msg":"Service reconciler got Route from lister: name=demo, Generation=1, ObservedGeneration=1, ResourceVersion="}
{"level":"info","ts":1768351620.9086988,"logger":"fallback","caller":"service/service.go:126","msg":"Service reconciler checking Route: name=demo, Generation=1, ObservedGeneration=1, Ready=Unknown (reason=IngressNotConfigured, message=Ingress has not yet been reconciled.), generationMatch=true, routeResourceVersion="}
{"level":"info","ts":1768351620.908709,"logger":"fallback","caller":"service/service.go:136","msg":"Service reconciler calling PropagateRouteStatus() because Generation == ObservedGeneration"}
{"level":"info","ts":"2026-01-13T16:47:00-08:00","logger":"ServiceReconciler.reconcile","msg":"reconcile completed","key":"default/demo","reconciler":"knative.dev.serving.pkg.reconciler.service.Reconciler","requeue":false,"requeueAfter":0}
{"level":"info","ts":"2026-01-13T16:47:00-08:00","logger":"tracecheck","msg":"Taking reconcile step","Depth":57,"# Distinct States":171,"Total States":171,"Resource States":44}
{"level":"info","ts":"2026-01-13T16:47:00-08:00","logger":"tracecheck","msg":"Updated Deployment status","Depth":57,"# Distinct States":171,"Total States":171,"Resource States":44,"name":"kamera-test-deployment"}
{"level":"info","ts":"2026-01-13T16:47:00-08:00","logger":"tracecheck","msg":"Taking reconcile step","Depth":58,"# Distinct States":172,"Total States":172,"Resource States":44}
{"level":"info","ts":"2026-01-13T16:47:00-08:00","logger":"tracecheck","msg":"Taking reconcile step","Depth":59,"# Distinct States":173,"Total States":173,"Resource States":44}
{"level":"info","ts":"2026-01-13T16:47:01-08:00","logger":"RevisionReconciler.seed","msg":"added podscalable to informer","resource":"deployments","namespace":"default","name":"kamera-test-deployment","stage":"podscalable-add","keys":["default/kamera-test-deployment"]}
{"level":"info","ts":"2026-01-13T16:47:01-08:00","logger":"RevisionReconciler.seed","msg":"podscalable visible to lister","resource":"deployments","namespace":"default","name":"kamera-test-deployment","stage":"podscalable-lister","object":{"apiVersion":"autoscaling.internal.knative.dev/v1alpha1","kind":"PodScalable","namespace":"default","name":"kamera-test-deployment"}}
{"level":"error","ts":1768351621.026635,"logger":"fallback","caller":"revision/controller.go:116","msg":"Failed to create resolver transport","error":"open /var/run/secrets/kubernetes.io/serviceaccount/ca.crt: no such file or directory","stacktrace":"knative.dev/serving/pkg/reconciler/revision.newControllerWithOptions\n\t/Users/tgoodwin/tmp/gomodcache/knative.dev/serving@v0.46.5/pkg/reconciler/revision/controller.go:116\nknative.dev/serving/pkg/reconciler/revision.NewController\n\t/Users/tgoodwin/tmp/gomodcache/knative.dev/serving@v0.46.5/pkg/reconciler/revision/controller.go:64\nmain.configureKnativeExplorer.func1.1\n\t/Users/tgoodwin/projects/kamera/examples/knative-serving/scenario.go:91\ngithub.com/tgoodwin/kamera/examples/knative-serving/knative.NewKnativeStrategy.func1\n\t/Users/tgoodwin/projects/kamera/examples/knative-serving/knative/harness.go:555\ngithub.com/tgoodwin/kamera/examples/knative-serving/knative.(*KnativeStrategy).ReconcileAtState\n\t/Users/tgoodwin/projects/kamera/examples/knative-serving/knative/harness.go:895\ngithub.com/tgoodwin/kamera/pkg/tracecheck.(*ReconcilerContainer).doReconcile\n\t/Users/tgoodwin/projects/kamera/pkg/tracecheck/reconciler.go:164\ngithub.com/tgoodwin/kamera/pkg/tracecheck.(*Explorer).reconcileAtState\n\t/Users/tgoodwin/projects/kamera/pkg/tracecheck/explore.go:1313\ngithub.com/tgoodwin/kamera/pkg/tracecheck.(*Explorer).takeReconcileStep\n\t/Users/tgoodwin/projects/kamera/pkg/tracecheck/explore.go:1228\ngithub.com/tgoodwin/kamera/pkg/tracecheck.(*Explorer).explore\n\t/Users/tgoodwin/projects/kamera/pkg/tracecheck/explore.go:790\ngithub.com/tgoodwin/kamera/pkg/tracecheck.(*Explorer).Explore.func1\n\t/Users/tgoodwin/projects/kamera/pkg/tracecheck/explore.go:330"}
{"level":"info","ts":1768351621.026981,"logger":"fallback","caller":"revision/reconcile_resources.go:161","msg":"Reconciling PA: kamera-test"}
{"level":"info","ts":"2026-01-13T16:47:01-08:00","logger":"RevisionReconciler.reconcile","msg":"reconcile completed","key":"default/kamera-test","reconciler":"knative.dev.serving.pkg.reconciler.revision.Reconciler","requeue":false,"requeueAfter":0}
{"level":"info","ts":"2026-01-13T16:47:01-08:00","logger":"tracecheck","msg":"Taking reconcile step","Depth":60,"# Distinct States":174,"Total States":174,"Resource States":44}
{"level":"info","ts":"2026-01-13T16:47:01-08:00","logger":"KPAReconciler.seed","msg":"added podscalable to informer","resource":"deployments","namespace":"default","name":"kamera-test-deployment","stage":"podscalable-add","keys":["default/kamera-test-deployment"]}
{"level":"info","ts":"2026-01-13T16:47:01-08:00","logger":"KPAReconciler.seed","msg":"podscalable visible to lister","resource":"deployments","namespace":"default","name":"kamera-test-deployment","stage":"podscalable-lister","object":{"apiVersion":"autoscaling.internal.knative.dev/v1alpha1","kind":"PodScalable","namespace":"default","name":"kamera-test-deployment"}}
{"level":"info","ts":1768351621.13442,"logger":"fallback","caller":"kpa/controller.go:77","msg":"Setting up ConfigMap receivers"}
{"level":"info","ts":1768351621.134607,"logger":"fallback","caller":"kpa/controller.go:91","msg":"Setting up KPA-Class event handlers"}
{"level":"info","ts":1768351621.134804,"logger":"fallback","caller":"kpa/kpa.go:158","msg":"SKS should be in Proxy mode: want = 0, ebc = 0, #act's = 2 PA Inactive? = true"}
{"level":"info","ts":1768351621.134835,"logger":"fallback","caller":"kpa/kpa.go:178","msg":"PA scale got=1, want=0, desiredPods=0 ebc=0"}
{"level":"info","ts":1768351621.134847,"logger":"fallback","caller":"kpa/kpa.go:188","msg":"Observed pod counts=kpa.podCounts{want:0, ready:1, notReady:0, pending:0, terminating:0}"}
{"level":"info","ts":"2026-01-13T16:47:01-08:00","logger":"KPAReconciler.reconcile","msg":"reconcile completed","key":"default/kamera-test","reconciler":"knative.dev.serving.pkg.reconciler.autoscaling.kpa.Reconciler","requeue":false,"requeueAfter":0}
{"level":"info","ts":"2026-01-13T16:47:01-08:00","logger":"tracecheck","msg":"Taking reconcile step","Depth":61,"# Distinct States":175,"Total States":175,"Resource States":44}
{"level":"info","ts":"2026-01-13T16:47:01-08:00","logger":"tracecheck","msg":"Taking reconcile step","Depth":62,"# Distinct States":176,"Total States":176,"Resource States":44}
{"level":"info","ts":"2026-01-13T16:47:01-08:00","logger":"tracecheck","msg":"Taking reconcile step","Depth":63,"# Distinct States":177,"Total States":177,"Resource States":44}
{"level":"info","ts":"2026-01-13T16:47:01-08:00","logger":"RouteReconciler.seed","msg":"added podscalable to informer","resource":"deployments","namespace":"default","name":"kamera-test-deployment","stage":"podscalable-add","keys":["default/kamera-test-deployment"]}
{"level":"info","ts":"2026-01-13T16:47:01-08:00","logger":"RouteReconciler.seed","msg":"podscalable visible to lister","resource":"deployments","namespace":"default","name":"kamera-test-deployment","stage":"podscalable-lister","object":{"apiVersion":"autoscaling.internal.knative.dev/v1alpha1","kind":"PodScalable","namespace":"default","name":"kamera-test-deployment"}}
{"level":"info","ts":1768351621.250216,"logger":"fallback","caller":"route/route.go:465","msg":"Revision default/kamera-test is inactive"}
{"level":"info","ts":1768351621.250263,"logger":"fallback","caller":"route/route.go:487","msg":"All referred targets are routable, marking AllTrafficAssigned with traffic information."}
{"level":"info","ts":1768351621.250287,"logger":"fallback","caller":"route/route.go:140","msg":"Creating placeholder k8s services"}
{"level":"info","ts":1768351621.250437,"logger":"fallback","caller":"route/route.go:176","msg":"Updating placeholder k8s services with ingress information"}
{"level":"info","ts":1768351621.250713,"logger":"fallback","caller":"route/route.go:198","msg":"Route successfully synced"}
{"level":"info","ts":"2026-01-13T16:47:01-08:00","logger":"RouteReconciler.reconcile","msg":"reconcile completed","key":"default/demo","reconciler":"knative.dev.serving.pkg.reconciler.route.Reconciler","requeue":false,"requeueAfter":0}
{"level":"info","ts":"2026-01-13T16:47:01-08:00","logger":"tracecheck","msg":"Taking reconcile step","Depth":64,"# Distinct States":178,"Total States":178,"Resource States":44}
{"level":"info","ts":"2026-01-13T16:47:01-08:00","logger":"tracecheck","msg":"Taking reconcile step","Depth":65,"# Distinct States":179,"Total States":179,"Resource States":44}
{"level":"info","ts":"2026-01-13T16:47:01-08:00","logger":"ServiceReconciler.seed","msg":"added podscalable to informer","resource":"deployments","namespace":"default","name":"kamera-test-deployment","stage":"podscalable-add","keys":["default/kamera-test-deployment"]}
{"level":"info","ts":"2026-01-13T16:47:01-08:00","logger":"ServiceReconciler.seed","msg":"podscalable visible to lister","resource":"deployments","namespace":"default","name":"kamera-test-deployment","stage":"podscalable-lister","object":{"apiVersion":"autoscaling.internal.knative.dev/v1alpha1","kind":"PodScalable","namespace":"default","name":"kamera-test-deployment"}}
{"level":"info","ts":1768351621.36129,"logger":"fallback","caller":"service/service.go:171","msg":"Service reconciler fetching Route from lister: name=demo, namespace=default"}
{"level":"info","ts":1768351621.361313,"logger":"fallback","caller":"service/service.go:174","msg":"Service reconciler got Route from lister: name=demo, Generation=1, ObservedGeneration=1, ResourceVersion="}
{"level":"info","ts":1768351621.361343,"logger":"fallback","caller":"service/service.go:126","msg":"Service reconciler checking Route: name=demo, Generation=1, ObservedGeneration=1, Ready=True (reason=, message=), generationMatch=true, routeResourceVersion="}
{"level":"info","ts":1768351621.361352,"logger":"fallback","caller":"service/service.go:136","msg":"Service reconciler calling PropagateRouteStatus() because Generation == ObservedGeneration"}
{"level":"info","ts":"2026-01-13T16:47:01-08:00","logger":"ServiceReconciler.reconcile","msg":"reconcile completed","key":"default/demo","reconciler":"knative.dev.serving.pkg.reconciler.service.Reconciler","requeue":false,"requeueAfter":0}
{"level":"info","ts":"2026-01-13T16:47:01-08:00","logger":"tracecheck","msg":"Taking reconcile step","Depth":66,"# Distinct States":180,"Total States":180,"Resource States":44}
{"level":"info","ts":"2026-01-13T16:47:01-08:00","logger":"tracecheck","msg":"Taking reconcile step","Depth":67,"# Distinct States":181,"Total States":181,"Resource States":44}
{"level":"info","ts":"2026-01-13T16:47:01-08:00","logger":"tracecheck","msg":"Deleting pods","Depth":67,"# Distinct States":181,"Total States":181,"Resource States":44,"count":1}
{"level":"info","ts":"2026-01-13T16:47:01-08:00","logger":"tracecheck","msg":"Taking reconcile step","Depth":44,"# Distinct States":182,"Total States":182,"Resource States":44}
{"level":"info","ts":"2026-01-13T16:47:01-08:00","logger":"RevisionReconciler.seed","msg":"added podscalable to informer","resource":"deployments","namespace":"default","name":"kamera-test-deployment","stage":"podscalable-add","keys":["default/kamera-test-deployment"]}
{"level":"info","ts":"2026-01-13T16:47:01-08:00","logger":"RevisionReconciler.seed","msg":"podscalable visible to lister","resource":"deployments","namespace":"default","name":"kamera-test-deployment","stage":"podscalable-lister","object":{"apiVersion":"autoscaling.internal.knative.dev/v1alpha1","kind":"PodScalable","namespace":"default","name":"kamera-test-deployment"}}
{"level":"error","ts":1768351621.476083,"logger":"fallback","caller":"revision/controller.go:116","msg":"Failed to create resolver transport","error":"open /var/run/secrets/kubernetes.io/serviceaccount/ca.crt: no such file or directory","stacktrace":"knative.dev/serving/pkg/reconciler/revision.newControllerWithOptions\n\t/Users/tgoodwin/tmp/gomodcache/knative.dev/serving@v0.46.5/pkg/reconciler/revision/controller.go:116\nknative.dev/serving/pkg/reconciler/revision.NewController\n\t/Users/tgoodwin/tmp/gomodcache/knative.dev/serving@v0.46.5/pkg/reconciler/revision/controller.go:64\nmain.configureKnativeExplorer.func1.1\n\t/Users/tgoodwin/projects/kamera/examples/knative-serving/scenario.go:91\ngithub.com/tgoodwin/kamera/examples/knative-serving/knative.NewKnativeStrategy.func1\n\t/Users/tgoodwin/projects/kamera/examples/knative-serving/knative/harness.go:555\ngithub.com/tgoodwin/kamera/examples/knative-serving/knative.(*KnativeStrategy).ReconcileAtState\n\t/Users/tgoodwin/projects/kamera/examples/knative-serving/knative/harness.go:895\ngithub.com/tgoodwin/kamera/pkg/tracecheck.(*ReconcilerContainer).doReconcile\n\t/Users/tgoodwin/projects/kamera/pkg/tracecheck/reconciler.go:164\ngithub.com/tgoodwin/kamera/pkg/tracecheck.(*Explorer).reconcileAtState\n\t/Users/tgoodwin/projects/kamera/pkg/tracecheck/explore.go:1313\ngithub.com/tgoodwin/kamera/pkg/tracecheck.(*Explorer).takeReconcileStep\n\t/Users/tgoodwin/projects/kamera/pkg/tracecheck/explore.go:1228\ngithub.com/tgoodwin/kamera/pkg/tracecheck.(*Explorer).explore\n\t/Users/tgoodwin/projects/kamera/pkg/tracecheck/explore.go:790\ngithub.com/tgoodwin/kamera/pkg/tracecheck.(*Explorer).Explore.func1\n\t/Users/tgoodwin/projects/kamera/pkg/tracecheck/explore.go:330"}
{"level":"info","ts":1768351621.476513,"logger":"fallback","caller":"revision/reconcile_resources.go:161","msg":"Reconciling PA: kamera-test"}
{"level":"info","ts":"2026-01-13T16:47:01-08:00","logger":"RevisionReconciler.reconcile","msg":"reconcile completed","key":"default/kamera-test","reconciler":"knative.dev.serving.pkg.reconciler.revision.Reconciler","requeue":false,"requeueAfter":0}
{"level":"info","ts":"2026-01-13T16:47:01-08:00","logger":"tracecheck","msg":"Taking reconcile step","Depth":45,"# Distinct States":183,"Total States":183,"Resource States":44}
{"level":"info","ts":"2026-01-13T16:47:01-08:00","logger":"tracecheck","msg":"Taking reconcile step","Depth":46,"# Distinct States":184,"Total States":184,"Resource States":44}
{"level":"info","ts":"2026-01-13T16:47:01-08:00","logger":"tracecheck","msg":"Updated ReplicaSet status","Depth":46,"# Distinct States":184,"Total States":184,"Resource States":44,"name":"kamera-test-deployment-1488584584"}
{"level":"info","ts":"2026-01-13T16:47:01-08:00","logger":"tracecheck","msg":"Taking reconcile step","Depth":47,"# Distinct States":185,"Total States":185,"Resource States":44}
{"level":"info","ts":"2026-01-13T16:47:01-08:00","logger":"KPAReconciler.seed","msg":"added podscalable to informer","resource":"deployments","namespace":"default","name":"kamera-test-deployment","stage":"podscalable-add","keys":["default/kamera-test-deployment"]}
{"level":"info","ts":"2026-01-13T16:47:01-08:00","logger":"KPAReconciler.seed","msg":"podscalable visible to lister","resource":"deployments","namespace":"default","name":"kamera-test-deployment","stage":"podscalable-lister","object":{"apiVersion":"autoscaling.internal.knative.dev/v1alpha1","kind":"PodScalable","namespace":"default","name":"kamera-test-deployment"}}
{"level":"info","ts":1768351621.5903628,"logger":"fallback","caller":"kpa/controller.go:77","msg":"Setting up ConfigMap receivers"}
{"level":"info","ts":1768351621.5904791,"logger":"fallback","caller":"kpa/controller.go:91","msg":"Setting up KPA-Class event handlers"}
{"level":"info","ts":1768351621.590613,"logger":"fallback","caller":"kpa/scaler.go:229","msg":"Can deactivate PA, was active for 14s"}
{"level":"info","ts":1768351621.590636,"logger":"fallback","caller":"kpa/kpa.go:158","msg":"SKS should be in Proxy mode: want = 0, ebc = 0, #act's = 2 PA Inactive? = false"}
{"level":"info","ts":1768351621.590658,"logger":"fallback","caller":"kpa/kpa.go:178","msg":"PA scale got=1, want=0, desiredPods=0 ebc=0"}
{"level":"info","ts":1768351621.590673,"logger":"fallback","caller":"kpa/kpa.go:188","msg":"Observed pod counts=kpa.podCounts{want:0, ready:1, notReady:0, pending:0, terminating:0}"}
{"level":"info","ts":"2026-01-13T16:47:01-08:00","logger":"KPAReconciler.reconcile","msg":"reconcile completed","key":"default/kamera-test","reconciler":"knative.dev.serving.pkg.reconciler.autoscaling.kpa.Reconciler","requeue":false,"requeueAfter":0}
{"level":"info","ts":"2026-01-13T16:47:01-08:00","logger":"tracecheck","msg":"Taking reconcile step","Depth":48,"# Distinct States":186,"Total States":186,"Resource States":44}
{"level":"info","ts":"2026-01-13T16:47:01-08:00","logger":"ConfigurationReconciler.seed","msg":"added podscalable to informer","resource":"deployments","namespace":"default","name":"kamera-test-deployment","stage":"podscalable-add","keys":["default/kamera-test-deployment"]}
{"level":"info","ts":"2026-01-13T16:47:01-08:00","logger":"ConfigurationReconciler.seed","msg":"podscalable visible to lister","resource":"deployments","namespace":"default","name":"kamera-test-deployment","stage":"podscalable-lister","object":{"apiVersion":"autoscaling.internal.knative.dev/v1alpha1","kind":"PodScalable","namespace":"default","name":"kamera-test-deployment"}}
{"level":"info","ts":1768351621.698426,"logger":"fallback","caller":"configuration/configuration.go:106","msg":"Revision \"kamera-test\" of configuration is ready"}
{"level":"info","ts":"2026-01-13T16:47:01-08:00","logger":"ConfigurationReconciler.reconcile","msg":"reconcile completed","key":"default/demo","reconciler":"knative.dev.serving.pkg.reconciler.configuration.Reconciler","requeue":false,"requeueAfter":0}
{"level":"info","ts":"2026-01-13T16:47:01-08:00","logger":"tracecheck","msg":"Taking reconcile step","Depth":49,"# Distinct States":187,"Total States":187,"Resource States":44}
{"level":"info","ts":"2026-01-13T16:47:01-08:00","logger":"tracecheck","msg":"Taking reconcile step","Depth":50,"# Distinct States":188,"Total States":188,"Resource States":44}
{"level":"info","ts":"2026-01-13T16:47:01-08:00","logger":"tracecheck","msg":"Updated Deployment status","Depth":50,"# Distinct States":188,"Total States":188,"Resource States":44,"name":"kamera-test-deployment"}
{"level":"info","ts":"2026-01-13T16:47:01-08:00","logger":"tracecheck","msg":"Taking reconcile step","Depth":51,"# Distinct States":189,"Total States":189,"Resource States":45}
{"level":"info","ts":"2026-01-13T16:47:01-08:00","logger":"tracecheck","msg":"Taking reconcile step","Depth":52,"# Distinct States":190,"Total States":190,"Resource States":45}
{"level":"info","ts":"2026-01-13T16:47:01-08:00","logger":"KPAReconciler.seed","msg":"added podscalable to informer","resource":"deployments","namespace":"default","name":"kamera-test-deployment","stage":"podscalable-add","keys":["default/kamera-test-deployment"]}
{"level":"info","ts":"2026-01-13T16:47:01-08:00","logger":"KPAReconciler.seed","msg":"podscalable visible to lister","resource":"deployments","namespace":"default","name":"kamera-test-deployment","stage":"podscalable-lister","object":{"apiVersion":"autoscaling.internal.knative.dev/v1alpha1","kind":"PodScalable","namespace":"default","name":"kamera-test-deployment"}}
{"level":"info","ts":1768351621.815388,"logger":"fallback","caller":"kpa/controller.go:77","msg":"Setting up ConfigMap receivers"}
{"level":"info","ts":1768351621.815507,"logger":"fallback","caller":"kpa/controller.go:91","msg":"Setting up KPA-Class event handlers"}
{"level":"info","ts":1768351621.8156202,"logger":"fallback","caller":"kpa/scaler.go:379","msg":"Scaling from 1 to 0"}
{"level":"info","ts":1768351621.817796,"logger":"fallback","caller":"kpa/kpa.go:158","msg":"SKS should be in Proxy mode: want = 0, ebc = 0, #act's = 2 PA Inactive? = true"}
{"level":"info","ts":1768351621.817817,"logger":"fallback","caller":"kpa/kpa.go:178","msg":"PA scale got=1, want=0, desiredPods=0 ebc=0"}
{"level":"info","ts":1768351621.8178282,"logger":"fallback","caller":"kpa/kpa.go:188","msg":"Observed pod counts=kpa.podCounts{want:0, ready:1, notReady:0, pending:0, terminating:0}"}
{"level":"info","ts":"2026-01-13T16:47:01-08:00","logger":"KPAReconciler.reconcile","msg":"reconcile completed","key":"default/kamera-test","reconciler":"knative.dev.serving.pkg.reconciler.autoscaling.kpa.Reconciler","requeue":false,"requeueAfter":0}
{"level":"info","ts":"2026-01-13T16:47:01-08:00","logger":"tracecheck","msg":"Taking reconcile step","Depth":53,"# Distinct States":191,"Total States":191,"Resource States":46}
{"level":"info","ts":"2026-01-13T16:47:01-08:00","logger":"RevisionReconciler.seed","msg":"added podscalable to informer","resource":"deployments","namespace":"default","name":"kamera-test-deployment","stage":"podscalable-add","keys":["default/kamera-test-deployment"]}
{"level":"info","ts":"2026-01-13T16:47:01-08:00","logger":"RevisionReconciler.seed","msg":"podscalable visible to lister","resource":"deployments","namespace":"default","name":"kamera-test-deployment","stage":"podscalable-lister","object":{"apiVersion":"autoscaling.internal.knative.dev/v1alpha1","kind":"PodScalable","namespace":"default","name":"kamera-test-deployment"}}
{"level":"error","ts":1768351621.927209,"logger":"fallback","caller":"revision/controller.go:116","msg":"Failed to create resolver transport","error":"open /var/run/secrets/kubernetes.io/serviceaccount/ca.crt: no such file or directory","stacktrace":"knative.dev/serving/pkg/reconciler/revision.newControllerWithOptions\n\t/Users/tgoodwin/tmp/gomodcache/knative.dev/serving@v0.46.5/pkg/reconciler/revision/controller.go:116\nknative.dev/serving/pkg/reconciler/revision.NewController\n\t/Users/tgoodwin/tmp/gomodcache/knative.dev/serving@v0.46.5/pkg/reconciler/revision/controller.go:64\nmain.configureKnativeExplorer.func1.1\n\t/Users/tgoodwin/projects/kamera/examples/knative-serving/scenario.go:91\ngithub.com/tgoodwin/kamera/examples/knative-serving/knative.NewKnativeStrategy.func1\n\t/Users/tgoodwin/projects/kamera/examples/knative-serving/knative/harness.go:555\ngithub.com/tgoodwin/kamera/examples/knative-serving/knative.(*KnativeStrategy).ReconcileAtState\n\t/Users/tgoodwin/projects/kamera/examples/knative-serving/knative/harness.go:895\ngithub.com/tgoodwin/kamera/pkg/tracecheck.(*ReconcilerContainer).doReconcile\n\t/Users/tgoodwin/projects/kamera/pkg/tracecheck/reconciler.go:164\ngithub.com/tgoodwin/kamera/pkg/tracecheck.(*Explorer).reconcileAtState\n\t/Users/tgoodwin/projects/kamera/pkg/tracecheck/explore.go:1313\ngithub.com/tgoodwin/kamera/pkg/tracecheck.(*Explorer).takeReconcileStep\n\t/Users/tgoodwin/projects/kamera/pkg/tracecheck/explore.go:1228\ngithub.com/tgoodwin/kamera/pkg/tracecheck.(*Explorer).explore\n\t/Users/tgoodwin/projects/kamera/pkg/tracecheck/explore.go:790\ngithub.com/tgoodwin/kamera/pkg/tracecheck.(*Explorer).Explore.func1\n\t/Users/tgoodwin/projects/kamera/pkg/tracecheck/explore.go:330"}
{"level":"info","ts":1768351621.9275131,"logger":"fallback","caller":"revision/reconcile_resources.go:161","msg":"Reconciling PA: kamera-test"}
{"level":"info","ts":"2026-01-13T16:47:01-08:00","logger":"RevisionReconciler.reconcile","msg":"reconcile completed","key":"default/kamera-test","reconciler":"knative.dev.serving.pkg.reconciler.revision.Reconciler","requeue":false,"requeueAfter":0}
{"level":"info","ts":"2026-01-13T16:47:01-08:00","logger":"tracecheck","msg":"Taking reconcile step","Depth":54,"# Distinct States":192,"Total States":192,"Resource States":46}
{"level":"info","ts":"2026-01-13T16:47:02-08:00","logger":"ConfigurationReconciler.seed","msg":"added podscalable to informer","resource":"deployments","namespace":"default","name":"kamera-test-deployment","stage":"podscalable-add","keys":["default/kamera-test-deployment"]}
{"level":"info","ts":"2026-01-13T16:47:02-08:00","logger":"ConfigurationReconciler.seed","msg":"podscalable visible to lister","resource":"deployments","namespace":"default","name":"kamera-test-deployment","stage":"podscalable-lister","object":{"apiVersion":"autoscaling.internal.knative.dev/v1alpha1","kind":"PodScalable","namespace":"default","name":"kamera-test-deployment"}}
{"level":"info","ts":1768351622.034739,"logger":"fallback","caller":"configuration/configuration.go:106","msg":"Revision \"kamera-test\" of configuration is ready"}
{"level":"info","ts":"2026-01-13T16:47:02-08:00","logger":"ConfigurationReconciler.reconcile","msg":"reconcile completed","key":"default/demo","reconciler":"knative.dev.serving.pkg.reconciler.configuration.Reconciler","requeue":false,"requeueAfter":0}
{"level":"info","ts":"2026-01-13T16:47:02-08:00","logger":"tracecheck","msg":"Taking reconcile step","Depth":55,"# Distinct States":193,"Total States":193,"Resource States":46}
{"level":"info","ts":"2026-01-13T16:47:02-08:00","logger":"RouteReconciler.seed","msg":"added podscalable to informer","resource":"deployments","namespace":"default","name":"kamera-test-deployment","stage":"podscalable-add","keys":["default/kamera-test-deployment"]}
{"level":"info","ts":"2026-01-13T16:47:02-08:00","logger":"RouteReconciler.seed","msg":"podscalable visible to lister","resource":"deployments","namespace":"default","name":"kamera-test-deployment","stage":"podscalable-lister","object":{"apiVersion":"autoscaling.internal.knative.dev/v1alpha1","kind":"PodScalable","namespace":"default","name":"kamera-test-deployment"}}
{"level":"info","ts":1768351622.139327,"logger":"fallback","caller":"route/route.go:465","msg":"Revision default/kamera-test is inactive"}
{"level":"info","ts":1768351622.139344,"logger":"fallback","caller":"route/route.go:487","msg":"All referred targets are routable, marking AllTrafficAssigned with traffic information."}
{"level":"info","ts":1768351622.139355,"logger":"fallback","caller":"route/route.go:140","msg":"Creating placeholder k8s services"}
{"level":"info","ts":1768351622.1394591,"logger":"fallback","caller":"route/reconcile_resources.go:179","msg":"Created service demo"}
{"level":"info","ts":1768351622.1396139,"logger":"fallback","caller":"route/route.go:176","msg":"Updating placeholder k8s services with ingress information"}
{"level":"warn","ts":1768351622.139627,"logger":"fallback","caller":"route/reconcile_resources.go:228","msg":"Failed to update k8s service","error":"failed to fetch loadbalancer domain/IP from ingress status"}
{"level":"info","ts":1768351622.139633,"logger":"fallback","caller":"route/route.go:198","msg":"Route successfully synced"}
{"level":"info","ts":"2026-01-13T16:47:02-08:00","logger":"RouteReconciler.reconcile","msg":"reconcile completed","key":"default/demo","reconciler":"knative.dev.serving.pkg.reconciler.route.Reconciler","requeue":false,"requeueAfter":0}
{"level":"info","ts":"2026-01-13T16:47:02-08:00","logger":"tracecheck","msg":"Taking reconcile step","Depth":56,"# Distinct States":194,"Total States":194,"Resource States":46}
{"level":"info","ts":"2026-01-13T16:47:02-08:00","logger":"ServiceReconciler.seed","msg":"added podscalable to informer","resource":"deployments","namespace":"default","name":"kamera-test-deployment","stage":"podscalable-add","keys":["default/kamera-test-deployment"]}
{"level":"info","ts":"2026-01-13T16:47:02-08:00","logger":"ServiceReconciler.seed","msg":"podscalable visible to lister","resource":"deployments","namespace":"default","name":"kamera-test-deployment","stage":"podscalable-lister","object":{"apiVersion":"autoscaling.internal.knative.dev/v1alpha1","kind":"PodScalable","namespace":"default","name":"kamera-test-deployment"}}
{"level":"info","ts":1768351622.245999,"logger":"fallback","caller":"service/service.go:171","msg":"Service reconciler fetching Route from lister: name=demo, namespace=default"}
{"level":"info","ts":1768351622.246016,"logger":"fallback","caller":"service/service.go:174","msg":"Service reconciler got Route from lister: name=demo, Generation=1, ObservedGeneration=1, ResourceVersion="}
{"level":"info","ts":1768351622.2460392,"logger":"fallback","caller":"service/service.go:126","msg":"Service reconciler checking Route: name=demo, Generation=1, ObservedGeneration=1, Ready=Unknown (reason=IngressNotConfigured, message=Ingress has not yet been reconciled.), generationMatch=true, routeResourceVersion="}
{"level":"info","ts":1768351622.246046,"logger":"fallback","caller":"service/service.go:136","msg":"Service reconciler calling PropagateRouteStatus() because Generation == ObservedGeneration"}
{"level":"info","ts":"2026-01-13T16:47:02-08:00","logger":"ServiceReconciler.reconcile","msg":"reconcile completed","key":"default/demo","reconciler":"knative.dev.serving.pkg.reconciler.service.Reconciler","requeue":false,"requeueAfter":0}
{"level":"info","ts":"2026-01-13T16:47:02-08:00","logger":"tracecheck","msg":"Taking reconcile step","Depth":57,"# Distinct States":195,"Total States":195,"Resource States":46}
{"level":"info","ts":"2026-01-13T16:47:02-08:00","logger":"tracecheck","msg":"Updated Deployment status","Depth":57,"# Distinct States":195,"Total States":195,"Resource States":46,"name":"kamera-test-deployment"}
{"level":"info","ts":"2026-01-13T16:47:02-08:00","logger":"tracecheck","msg":"Taking reconcile step","Depth":58,"# Distinct States":196,"Total States":196,"Resource States":46}
{"level":"info","ts":"2026-01-13T16:47:02-08:00","logger":"tracecheck","msg":"Taking reconcile step","Depth":59,"# Distinct States":197,"Total States":197,"Resource States":46}
{"level":"info","ts":"2026-01-13T16:47:02-08:00","logger":"KPAReconciler.seed","msg":"added podscalable to informer","resource":"deployments","namespace":"default","name":"kamera-test-deployment","stage":"podscalable-add","keys":["default/kamera-test-deployment"]}
{"level":"info","ts":"2026-01-13T16:47:02-08:00","logger":"KPAReconciler.seed","msg":"podscalable visible to lister","resource":"deployments","namespace":"default","name":"kamera-test-deployment","stage":"podscalable-lister","object":{"apiVersion":"autoscaling.internal.knative.dev/v1alpha1","kind":"PodScalable","namespace":"default","name":"kamera-test-deployment"}}
{"level":"info","ts":1768351622.361258,"logger":"fallback","caller":"kpa/controller.go:77","msg":"Setting up ConfigMap receivers"}
{"level":"info","ts":1768351622.3613582,"logger":"fallback","caller":"kpa/controller.go:91","msg":"Setting up KPA-Class event handlers"}
{"level":"info","ts":1768351622.3614562,"logger":"fallback","caller":"kpa/kpa.go:158","msg":"SKS should be in Proxy mode: want = 0, ebc = 0, #act's = 2 PA Inactive? = true"}
{"level":"info","ts":1768351622.361474,"logger":"fallback","caller":"kpa/kpa.go:178","msg":"PA scale got=1, want=0, desiredPods=0 ebc=0"}
{"level":"info","ts":1768351622.361483,"logger":"fallback","caller":"kpa/kpa.go:188","msg":"Observed pod counts=kpa.podCounts{want:0, ready:1, notReady:0, pending:0, terminating:0}"}
{"level":"info","ts":"2026-01-13T16:47:02-08:00","logger":"KPAReconciler.reconcile","msg":"reconcile completed","key":"default/kamera-test","reconciler":"knative.dev.serving.pkg.reconciler.autoscaling.kpa.Reconciler","requeue":false,"requeueAfter":0}
{"level":"info","ts":"2026-01-13T16:47:02-08:00","logger":"tracecheck","msg":"Taking reconcile step","Depth":60,"# Distinct States":198,"Total States":198,"Resource States":46}
{"level":"info","ts":"2026-01-13T16:47:02-08:00","logger":"RevisionReconciler.seed","msg":"added podscalable to informer","resource":"deployments","namespace":"default","name":"kamera-test-deployment","stage":"podscalable-add","keys":["default/kamera-test-deployment"]}
{"level":"info","ts":"2026-01-13T16:47:02-08:00","logger":"RevisionReconciler.seed","msg":"podscalable visible to lister","resource":"deployments","namespace":"default","name":"kamera-test-deployment","stage":"podscalable-lister","object":{"apiVersion":"autoscaling.internal.knative.dev/v1alpha1","kind":"PodScalable","namespace":"default","name":"kamera-test-deployment"}}
{"level":"error","ts":1768351622.4686651,"logger":"fallback","caller":"revision/controller.go:116","msg":"Failed to create resolver transport","error":"open /var/run/secrets/kubernetes.io/serviceaccount/ca.crt: no such file or directory","stacktrace":"knative.dev/serving/pkg/reconciler/revision.newControllerWithOptions\n\t/Users/tgoodwin/tmp/gomodcache/knative.dev/serving@v0.46.5/pkg/reconciler/revision/controller.go:116\nknative.dev/serving/pkg/reconciler/revision.NewController\n\t/Users/tgoodwin/tmp/gomodcache/knative.dev/serving@v0.46.5/pkg/reconciler/revision/controller.go:64\nmain.configureKnativeExplorer.func1.1\n\t/Users/tgoodwin/projects/kamera/examples/knative-serving/scenario.go:91\ngithub.com/tgoodwin/kamera/examples/knative-serving/knative.NewKnativeStrategy.func1\n\t/Users/tgoodwin/projects/kamera/examples/knative-serving/knative/harness.go:555\ngithub.com/tgoodwin/kamera/examples/knative-serving/knative.(*KnativeStrategy).ReconcileAtState\n\t/Users/tgoodwin/projects/kamera/examples/knative-serving/knative/harness.go:895\ngithub.com/tgoodwin/kamera/pkg/tracecheck.(*ReconcilerContainer).doReconcile\n\t/Users/tgoodwin/projects/kamera/pkg/tracecheck/reconciler.go:164\ngithub.com/tgoodwin/kamera/pkg/tracecheck.(*Explorer).reconcileAtState\n\t/Users/tgoodwin/projects/kamera/pkg/tracecheck/explore.go:1313\ngithub.com/tgoodwin/kamera/pkg/tracecheck.(*Explorer).takeReconcileStep\n\t/Users/tgoodwin/projects/kamera/pkg/tracecheck/explore.go:1228\ngithub.com/tgoodwin/kamera/pkg/tracecheck.(*Explorer).explore\n\t/Users/tgoodwin/projects/kamera/pkg/tracecheck/explore.go:790\ngithub.com/tgoodwin/kamera/pkg/tracecheck.(*Explorer).Explore.func1\n\t/Users/tgoodwin/projects/kamera/pkg/tracecheck/explore.go:330"}
{"level":"info","ts":1768351622.4690518,"logger":"fallback","caller":"revision/reconcile_resources.go:161","msg":"Reconciling PA: kamera-test"}
{"level":"info","ts":"2026-01-13T16:47:02-08:00","logger":"RevisionReconciler.reconcile","msg":"reconcile completed","key":"default/kamera-test","reconciler":"knative.dev.serving.pkg.reconciler.revision.Reconciler","requeue":false,"requeueAfter":0}
{"level":"info","ts":"2026-01-13T16:47:02-08:00","logger":"tracecheck","msg":"Taking reconcile step","Depth":51,"# Distinct States":199,"Total States":200,"Resource States":46}
{"level":"info","ts":"2026-01-13T16:47:02-08:00","logger":"RevisionReconciler.seed","msg":"added podscalable to informer","resource":"deployments","namespace":"default","name":"kamera-test-deployment","stage":"podscalable-add","keys":["default/kamera-test-deployment"]}
{"level":"info","ts":"2026-01-13T16:47:02-08:00","logger":"RevisionReconciler.seed","msg":"podscalable visible to lister","resource":"deployments","namespace":"default","name":"kamera-test-deployment","stage":"podscalable-lister","object":{"apiVersion":"autoscaling.internal.knative.dev/v1alpha1","kind":"PodScalable","namespace":"default","name":"kamera-test-deployment"}}
{"level":"error","ts":1768351622.577415,"logger":"fallback","caller":"revision/controller.go:116","msg":"Failed to create resolver transport","error":"open /var/run/secrets/kubernetes.io/serviceaccount/ca.crt: no such file or directory","stacktrace":"knative.dev/serving/pkg/reconciler/revision.newControllerWithOptions\n\t/Users/tgoodwin/tmp/gomodcache/knative.dev/serving@v0.46.5/pkg/reconciler/revision/controller.go:116\nknative.dev/serving/pkg/reconciler/revision.NewController\n\t/Users/tgoodwin/tmp/gomodcache/knative.dev/serving@v0.46.5/pkg/reconciler/revision/controller.go:64\nmain.configureKnativeExplorer.func1.1\n\t/Users/tgoodwin/projects/kamera/examples/knative-serving/scenario.go:91\ngithub.com/tgoodwin/kamera/examples/knative-serving/knative.NewKnativeStrategy.func1\n\t/Users/tgoodwin/projects/kamera/examples/knative-serving/knative/harness.go:555\ngithub.com/tgoodwin/kamera/examples/knative-serving/knative.(*KnativeStrategy).ReconcileAtState\n\t/Users/tgoodwin/projects/kamera/examples/knative-serving/knative/harness.go:895\ngithub.com/tgoodwin/kamera/pkg/tracecheck.(*ReconcilerContainer).doReconcile\n\t/Users/tgoodwin/projects/kamera/pkg/tracecheck/reconciler.go:164\ngithub.com/tgoodwin/kamera/pkg/tracecheck.(*Explorer).reconcileAtState\n\t/Users/tgoodwin/projects/kamera/pkg/tracecheck/explore.go:1313\ngithub.com/tgoodwin/kamera/pkg/tracecheck.(*Explorer).takeReconcileStep\n\t/Users/tgoodwin/projects/kamera/pkg/tracecheck/explore.go:1228\ngithub.com/tgoodwin/kamera/pkg/tracecheck.(*Explorer).explore\n\t/Users/tgoodwin/projects/kamera/pkg/tracecheck/explore.go:790\ngithub.com/tgoodwin/kamera/pkg/tracecheck.(*Explorer).Explore.func1\n\t/Users/tgoodwin/projects/kamera/pkg/tracecheck/explore.go:330"}
{"level":"info","ts":1768351622.5779572,"logger":"fallback","caller":"revision/reconcile_resources.go:161","msg":"Reconciling PA: kamera-test"}
{"level":"info","ts":"2026-01-13T16:47:02-08:00","logger":"RevisionReconciler.reconcile","msg":"reconcile completed","key":"default/kamera-test","reconciler":"knative.dev.serving.pkg.reconciler.revision.Reconciler","requeue":false,"requeueAfter":0}
{"level":"info","ts":"2026-01-13T16:47:02-08:00","logger":"tracecheck","msg":"Taking reconcile step","Depth":41,"# Distinct States":200,"Total States":201,"Resource States":46}
{"level":"info","ts":"2026-01-13T16:47:02-08:00","logger":"RevisionReconciler.seed","msg":"added podscalable to informer","resource":"deployments","namespace":"default","name":"kamera-test-deployment","stage":"podscalable-add","keys":["default/kamera-test-deployment"]}
{"level":"info","ts":"2026-01-13T16:47:02-08:00","logger":"RevisionReconciler.seed","msg":"podscalable visible to lister","resource":"deployments","namespace":"default","name":"kamera-test-deployment","stage":"podscalable-lister","object":{"apiVersion":"autoscaling.internal.knative.dev/v1alpha1","kind":"PodScalable","namespace":"default","name":"kamera-test-deployment"}}
{"level":"error","ts":1768351622.687875,"logger":"fallback","caller":"revision/controller.go:116","msg":"Failed to create resolver transport","error":"open /var/run/secrets/kubernetes.io/serviceaccount/ca.crt: no such file or directory","stacktrace":"knative.dev/serving/pkg/reconciler/revision.newControllerWithOptions\n\t/Users/tgoodwin/tmp/gomodcache/knative.dev/serving@v0.46.5/pkg/reconciler/revision/controller.go:116\nknative.dev/serving/pkg/reconciler/revision.NewController\n\t/Users/tgoodwin/tmp/gomodcache/knative.dev/serving@v0.46.5/pkg/reconciler/revision/controller.go:64\nmain.configureKnativeExplorer.func1.1\n\t/Users/tgoodwin/projects/kamera/examples/knative-serving/scenario.go:91\ngithub.com/tgoodwin/kamera/examples/knative-serving/knative.NewKnativeStrategy.func1\n\t/Users/tgoodwin/projects/kamera/examples/knative-serving/knative/harness.go:555\ngithub.com/tgoodwin/kamera/examples/knative-serving/knative.(*KnativeStrategy).ReconcileAtState\n\t/Users/tgoodwin/projects/kamera/examples/knative-serving/knative/harness.go:895\ngithub.com/tgoodwin/kamera/pkg/tracecheck.(*ReconcilerContainer).doReconcile\n\t/Users/tgoodwin/projects/kamera/pkg/tracecheck/reconciler.go:164\ngithub.com/tgoodwin/kamera/pkg/tracecheck.(*Explorer).reconcileAtState\n\t/Users/tgoodwin/projects/kamera/pkg/tracecheck/explore.go:1313\ngithub.com/tgoodwin/kamera/pkg/tracecheck.(*Explorer).takeReconcileStep\n\t/Users/tgoodwin/projects/kamera/pkg/tracecheck/explore.go:1228\ngithub.com/tgoodwin/kamera/pkg/tracecheck.(*Explorer).explore\n\t/Users/tgoodwin/projects/kamera/pkg/tracecheck/explore.go:790\ngithub.com/tgoodwin/kamera/pkg/tracecheck.(*Explorer).Explore.func1\n\t/Users/tgoodwin/projects/kamera/pkg/tracecheck/explore.go:330"}
{"level":"info","ts":1768351622.6887622,"logger":"fallback","caller":"revision/reconcile_resources.go:161","msg":"Reconciling PA: kamera-test"}
{"level":"info","ts":1768351622.688799,"logger":"fallback","caller":"revision/revision.go:166","msg":"Revision became ready"}
{"level":"info","ts":"2026-01-13T16:47:02-08:00","logger":"RevisionReconciler.reconcile","msg":"reconcile completed","key":"default/kamera-test","reconciler":"knative.dev.serving.pkg.reconciler.revision.Reconciler","requeue":false,"requeueAfter":0}
{"level":"info","ts":"2026-01-13T16:47:02-08:00","logger":"tracecheck","msg":"Taking reconcile step","Depth":42,"# Distinct States":201,"Total States":202,"Resource States":46}
{"level":"info","ts":"2026-01-13T16:47:02-08:00","logger":"ConfigurationReconciler.seed","msg":"added podscalable to informer","resource":"deployments","namespace":"default","name":"kamera-test-deployment","stage":"podscalable-add","keys":["default/kamera-test-deployment"]}
{"level":"info","ts":"2026-01-13T16:47:02-08:00","logger":"ConfigurationReconciler.seed","msg":"podscalable visible to lister","resource":"deployments","namespace":"default","name":"kamera-test-deployment","stage":"podscalable-lister","object":{"apiVersion":"autoscaling.internal.knative.dev/v1alpha1","kind":"PodScalable","namespace":"default","name":"kamera-test-deployment"}}
{"level":"info","ts":1768351622.798243,"logger":"fallback","caller":"configuration/configuration.go:106","msg":"Revision \"kamera-test\" of configuration is ready"}
{"level":"info","ts":"2026-01-13T16:47:02-08:00","logger":"ConfigurationReconciler.reconcile","msg":"reconcile completed","key":"default/demo","reconciler":"knative.dev.serving.pkg.reconciler.configuration.Reconciler","requeue":false,"requeueAfter":0}
{"level":"info","ts":"2026-01-13T16:47:02-08:00","logger":"tracecheck","msg":"Taking reconcile step","Depth":43,"# Distinct States":202,"Total States":203,"Resource States":47}
{"level":"info","ts":"2026-01-13T16:47:02-08:00","logger":"tracecheck","msg":"Taking reconcile step","Depth":44,"# Distinct States":203,"Total States":204,"Resource States":47}
{"level":"info","ts":"2026-01-13T16:47:02-08:00","logger":"tracecheck","msg":"Taking reconcile step","Depth":45,"# Distinct States":204,"Total States":205,"Resource States":47}
{"level":"info","ts":"2026-01-13T16:47:02-08:00","logger":"tracecheck","msg":"Updated ReplicaSet status","Depth":45,"# Distinct States":204,"Total States":205,"Resource States":47,"name":"kamera-test-deployment-1488584584"}
{"level":"info","ts":"2026-01-13T16:47:02-08:00","logger":"tracecheck","msg":"Taking reconcile step","Depth":46,"# Distinct States":205,"Total States":206,"Resource States":48}
{"level":"info","ts":"2026-01-13T16:47:02-08:00","logger":"KPAReconciler.seed","msg":"added podscalable to informer","resource":"deployments","namespace":"default","name":"kamera-test-deployment","stage":"podscalable-add","keys":["default/kamera-test-deployment"]}
{"level":"info","ts":"2026-01-13T16:47:02-08:00","logger":"KPAReconciler.seed","msg":"podscalable visible to lister","resource":"deployments","namespace":"default","name":"kamera-test-deployment","stage":"podscalable-lister","object":{"apiVersion":"autoscaling.internal.knative.dev/v1alpha1","kind":"PodScalable","namespace":"default","name":"kamera-test-deployment"}}
{"level":"info","ts":1768351622.913144,"logger":"fallback","caller":"kpa/controller.go:77","msg":"Setting up ConfigMap receivers"}
{"level":"info","ts":1768351622.9132538,"logger":"fallback","caller":"kpa/controller.go:91","msg":"Setting up KPA-Class event handlers"}
{"level":"info","ts":1768351622.9133692,"logger":"fallback","caller":"kpa/scaler.go:229","msg":"Can deactivate PA, was active for 12s"}
{"level":"info","ts":1768351622.913388,"logger":"fallback","caller":"kpa/kpa.go:158","msg":"SKS should be in Proxy mode: want = 0, ebc = 0, #act's = 2 PA Inactive? = false"}
{"level":"info","ts":1768351622.913405,"logger":"fallback","caller":"kpa/kpa.go:178","msg":"PA scale got=1, want=0, desiredPods=0 ebc=0"}
{"level":"info","ts":1768351622.913415,"logger":"fallback","caller":"kpa/kpa.go:188","msg":"Observed pod counts=kpa.podCounts{want:0, ready:1, notReady:0, pending:0, terminating:0}"}
{"level":"info","ts":"2026-01-13T16:47:02-08:00","logger":"KPAReconciler.reconcile","msg":"reconcile completed","key":"default/kamera-test","reconciler":"knative.dev.serving.pkg.reconciler.autoscaling.kpa.Reconciler","requeue":false,"requeueAfter":0}
{"level":"info","ts":"2026-01-13T16:47:02-08:00","logger":"tracecheck","msg":"Taking reconcile step","Depth":47,"# Distinct States":206,"Total States":207,"Resource States":48}
{"level":"info","ts":"2026-01-13T16:47:03-08:00","logger":"RevisionReconciler.seed","msg":"added podscalable to informer","resource":"deployments","namespace":"default","name":"kamera-test-deployment","stage":"podscalable-add","keys":["default/kamera-test-deployment"]}
{"level":"info","ts":"2026-01-13T16:47:03-08:00","logger":"RevisionReconciler.seed","msg":"podscalable visible to lister","resource":"deployments","namespace":"default","name":"kamera-test-deployment","stage":"podscalable-lister","object":{"apiVersion":"autoscaling.internal.knative.dev/v1alpha1","kind":"PodScalable","namespace":"default","name":"kamera-test-deployment"}}
{"level":"error","ts":1768351623.0217128,"logger":"fallback","caller":"revision/controller.go:116","msg":"Failed to create resolver transport","error":"open /var/run/secrets/kubernetes.io/serviceaccount/ca.crt: no such file or directory","stacktrace":"knative.dev/serving/pkg/reconciler/revision.newControllerWithOptions\n\t/Users/tgoodwin/tmp/gomodcache/knative.dev/serving@v0.46.5/pkg/reconciler/revision/controller.go:116\nknative.dev/serving/pkg/reconciler/revision.NewController\n\t/Users/tgoodwin/tmp/gomodcache/knative.dev/serving@v0.46.5/pkg/reconciler/revision/controller.go:64\nmain.configureKnativeExplorer.func1.1\n\t/Users/tgoodwin/projects/kamera/examples/knative-serving/scenario.go:91\ngithub.com/tgoodwin/kamera/examples/knative-serving/knative.NewKnativeStrategy.func1\n\t/Users/tgoodwin/projects/kamera/examples/knative-serving/knative/harness.go:555\ngithub.com/tgoodwin/kamera/examples/knative-serving/knative.(*KnativeStrategy).ReconcileAtState\n\t/Users/tgoodwin/projects/kamera/examples/knative-serving/knative/harness.go:895\ngithub.com/tgoodwin/kamera/pkg/tracecheck.(*ReconcilerContainer).doReconcile\n\t/Users/tgoodwin/projects/kamera/pkg/tracecheck/reconciler.go:164\ngithub.com/tgoodwin/kamera/pkg/tracecheck.(*Explorer).reconcileAtState\n\t/Users/tgoodwin/projects/kamera/pkg/tracecheck/explore.go:1313\ngithub.com/tgoodwin/kamera/pkg/tracecheck.(*Explorer).takeReconcileStep\n\t/Users/tgoodwin/projects/kamera/pkg/tracecheck/explore.go:1228\ngithub.com/tgoodwin/kamera/pkg/tracecheck.(*Explorer).explore\n\t/Users/tgoodwin/projects/kamera/pkg/tracecheck/explore.go:790\ngithub.com/tgoodwin/kamera/pkg/tracecheck.(*Explorer).Explore.func1\n\t/Users/tgoodwin/projects/kamera/pkg/tracecheck/explore.go:330"}
{"level":"info","ts":1768351623.0223181,"logger":"fallback","caller":"revision/reconcile_resources.go:161","msg":"Reconciling PA: kamera-test"}
{"level":"info","ts":"2026-01-13T16:47:03-08:00","logger":"RevisionReconciler.reconcile","msg":"reconcile completed","key":"default/kamera-test","reconciler":"knative.dev.serving.pkg.reconciler.revision.Reconciler","requeue":false,"requeueAfter":0}
{"level":"info","ts":"2026-01-13T16:47:03-08:00","logger":"tracecheck","msg":"Taking reconcile step","Depth":48,"# Distinct States":207,"Total States":208,"Resource States":48}
{"level":"info","ts":"2026-01-13T16:47:03-08:00","logger":"ConfigurationReconciler.seed","msg":"added podscalable to informer","resource":"deployments","namespace":"default","name":"kamera-test-deployment","stage":"podscalable-add","keys":["default/kamera-test-deployment"]}
{"level":"info","ts":"2026-01-13T16:47:03-08:00","logger":"ConfigurationReconciler.seed","msg":"podscalable visible to lister","resource":"deployments","namespace":"default","name":"kamera-test-deployment","stage":"podscalable-lister","object":{"apiVersion":"autoscaling.internal.knative.dev/v1alpha1","kind":"PodScalable","namespace":"default","name":"kamera-test-deployment"}}
{"level":"info","ts":1768351623.129819,"logger":"fallback","caller":"configuration/configuration.go:106","msg":"Revision \"kamera-test\" of configuration is ready"}
{"level":"info","ts":"2026-01-13T16:47:03-08:00","logger":"ConfigurationReconciler.reconcile","msg":"reconcile completed","key":"default/demo","reconciler":"knative.dev.serving.pkg.reconciler.configuration.Reconciler","requeue":false,"requeueAfter":0}
{"level":"info","ts":"2026-01-13T16:47:03-08:00","logger":"tracecheck","msg":"Taking reconcile step","Depth":49,"# Distinct States":208,"Total States":209,"Resource States":48}
{"level":"info","ts":"2026-01-13T16:47:03-08:00","logger":"RouteReconciler.seed","msg":"added podscalable to informer","resource":"deployments","namespace":"default","name":"kamera-test-deployment","stage":"podscalable-add","keys":["default/kamera-test-deployment"]}
{"level":"info","ts":"2026-01-13T16:47:03-08:00","logger":"RouteReconciler.seed","msg":"podscalable visible to lister","resource":"deployments","namespace":"default","name":"kamera-test-deployment","stage":"podscalable-lister","object":{"apiVersion":"autoscaling.internal.knative.dev/v1alpha1","kind":"PodScalable","namespace":"default","name":"kamera-test-deployment"}}
{"level":"info","ts":1768351623.236912,"logger":"fallback","caller":"route/route.go:465","msg":"Revision default/kamera-test is inactive"}
{"level":"info","ts":1768351623.2369568,"logger":"fallback","caller":"route/route.go:487","msg":"All referred targets are routable, marking AllTrafficAssigned with traffic information."}
{"level":"info","ts":1768351623.236979,"logger":"fallback","caller":"route/route.go:140","msg":"Creating placeholder k8s services"}
{"level":"info","ts":1768351623.2371771,"logger":"fallback","caller":"route/reconcile_resources.go:179","msg":"Created service demo"}
{"level":"info","ts":1768351623.2374558,"logger":"fallback","caller":"route/route.go:176","msg":"Updating placeholder k8s services with ingress information"}
{"level":"warn","ts":1768351623.2374778,"logger":"fallback","caller":"route/reconcile_resources.go:228","msg":"Failed to update k8s service","error":"failed to fetch loadbalancer domain/IP from ingress status"}
{"level":"info","ts":1768351623.237489,"logger":"fallback","caller":"route/route.go:198","msg":"Route successfully synced"}
{"level":"info","ts":"2026-01-13T16:47:03-08:00","logger":"RouteReconciler.reconcile","msg":"reconcile completed","key":"default/demo","reconciler":"knative.dev.serving.pkg.reconciler.route.Reconciler","requeue":false,"requeueAfter":0}
{"level":"info","ts":"2026-01-13T16:47:03-08:00","logger":"tracecheck","msg":"Taking reconcile step","Depth":50,"# Distinct States":209,"Total States":210,"Resource States":49}
{"level":"info","ts":"2026-01-13T16:47:03-08:00","logger":"ServiceReconciler.seed","msg":"added podscalable to informer","resource":"deployments","namespace":"default","name":"kamera-test-deployment","stage":"podscalable-add","keys":["default/kamera-test-deployment"]}
{"level":"info","ts":"2026-01-13T16:47:03-08:00","logger":"ServiceReconciler.seed","msg":"podscalable visible to lister","resource":"deployments","namespace":"default","name":"kamera-test-deployment","stage":"podscalable-lister","object":{"apiVersion":"autoscaling.internal.knative.dev/v1alpha1","kind":"PodScalable","namespace":"default","name":"kamera-test-deployment"}}
{"level":"info","ts":1768351623.346755,"logger":"fallback","caller":"service/service.go:171","msg":"Service reconciler fetching Route from lister: name=demo, namespace=default"}
{"level":"info","ts":1768351623.346794,"logger":"fallback","caller":"service/service.go:174","msg":"Service reconciler got Route from lister: name=demo, Generation=1, ObservedGeneration=1, ResourceVersion="}
{"level":"info","ts":1768351623.346854,"logger":"fallback","caller":"service/service.go:126","msg":"Service reconciler checking Route: name=demo, Generation=1, ObservedGeneration=1, Ready=Unknown (reason=IngressNotConfigured, message=Ingress has not yet been reconciled.), generationMatch=true, routeResourceVersion="}
{"level":"info","ts":1768351623.34692,"logger":"fallback","caller":"service/service.go:136","msg":"Service reconciler calling PropagateRouteStatus() because Generation == ObservedGeneration"}
{"level":"info","ts":"2026-01-13T16:47:03-08:00","logger":"ServiceReconciler.reconcile","msg":"reconcile completed","key":"default/demo","reconciler":"knative.dev.serving.pkg.reconciler.service.Reconciler","requeue":false,"requeueAfter":0}
{"level":"info","ts":"2026-01-13T16:47:03-08:00","logger":"tracecheck","msg":"Taking reconcile step","Depth":51,"# Distinct States":210,"Total States":211,"Resource States":50}
{"level":"info","ts":"2026-01-13T16:47:03-08:00","logger":"tracecheck","msg":"Updated Deployment status","Depth":51,"# Distinct States":210,"Total States":211,"Resource States":50,"name":"kamera-test-deployment"}
{"level":"info","ts":"2026-01-13T16:47:03-08:00","logger":"tracecheck","msg":"Taking reconcile step","Depth":52,"# Distinct States":211,"Total States":212,"Resource States":51}
{"level":"info","ts":"2026-01-13T16:47:03-08:00","logger":"tracecheck","msg":"Taking reconcile step","Depth":53,"# Distinct States":212,"Total States":213,"Resource States":51}
{"level":"info","ts":"2026-01-13T16:47:03-08:00","logger":"KPAReconciler.seed","msg":"added podscalable to informer","resource":"deployments","namespace":"default","name":"kamera-test-deployment","stage":"podscalable-add","keys":["default/kamera-test-deployment"]}
{"level":"info","ts":"2026-01-13T16:47:03-08:00","logger":"KPAReconciler.seed","msg":"podscalable visible to lister","resource":"deployments","namespace":"default","name":"kamera-test-deployment","stage":"podscalable-lister","object":{"apiVersion":"autoscaling.internal.knative.dev/v1alpha1","kind":"PodScalable","namespace":"default","name":"kamera-test-deployment"}}
{"level":"info","ts":1768351623.466589,"logger":"fallback","caller":"kpa/controller.go:77","msg":"Setting up ConfigMap receivers"}
{"level":"info","ts":1768351623.466773,"logger":"fallback","caller":"kpa/controller.go:91","msg":"Setting up KPA-Class event handlers"}
{"level":"info","ts":1768351623.466958,"logger":"fallback","caller":"kpa/scaler.go:379","msg":"Scaling from 1 to 0"}
{"level":"info","ts":1768351623.469588,"logger":"fallback","caller":"kpa/kpa.go:158","msg":"SKS should be in Proxy mode: want = 0, ebc = 0, #act's = 2 PA Inactive? = true"}
{"level":"info","ts":1768351623.469632,"logger":"fallback","caller":"kpa/kpa.go:178","msg":"PA scale got=1, want=0, desiredPods=0 ebc=0"}
{"level":"info","ts":1768351623.469644,"logger":"fallback","caller":"kpa/kpa.go:188","msg":"Observed pod counts=kpa.podCounts{want:0, ready:1, notReady:0, pending:0, terminating:0}"}
{"level":"info","ts":"2026-01-13T16:47:03-08:00","logger":"KPAReconciler.reconcile","msg":"reconcile completed","key":"default/kamera-test","reconciler":"knative.dev.serving.pkg.reconciler.autoscaling.kpa.Reconciler","requeue":false,"requeueAfter":0}
{"level":"info","ts":"2026-01-13T16:47:03-08:00","logger":"tracecheck","msg":"Taking reconcile step","Depth":54,"# Distinct States":213,"Total States":214,"Resource States":51}
{"level":"info","ts":"2026-01-13T16:47:03-08:00","logger":"tracecheck","msg":"Taking reconcile step","Depth":55,"# Distinct States":214,"Total States":215,"Resource States":51}
{"level":"info","ts":"2026-01-13T16:47:03-08:00","logger":"RevisionReconciler.seed","msg":"added podscalable to informer","resource":"deployments","namespace":"default","name":"kamera-test-deployment","stage":"podscalable-add","keys":["default/kamera-test-deployment"]}
{"level":"info","ts":"2026-01-13T16:47:03-08:00","logger":"RevisionReconciler.seed","msg":"podscalable visible to lister","resource":"deployments","namespace":"default","name":"kamera-test-deployment","stage":"podscalable-lister","object":{"apiVersion":"autoscaling.internal.knative.dev/v1alpha1","kind":"PodScalable","namespace":"default","name":"kamera-test-deployment"}}
{"level":"error","ts":1768351623.580734,"logger":"fallback","caller":"revision/controller.go:116","msg":"Failed to create resolver transport","error":"open /var/run/secrets/kubernetes.io/serviceaccount/ca.crt: no such file or directory","stacktrace":"knative.dev/serving/pkg/reconciler/revision.newControllerWithOptions\n\t/Users/tgoodwin/tmp/gomodcache/knative.dev/serving@v0.46.5/pkg/reconciler/revision/controller.go:116\nknative.dev/serving/pkg/reconciler/revision.NewController\n\t/Users/tgoodwin/tmp/gomodcache/knative.dev/serving@v0.46.5/pkg/reconciler/revision/controller.go:64\nmain.configureKnativeExplorer.func1.1\n\t/Users/tgoodwin/projects/kamera/examples/knative-serving/scenario.go:91\ngithub.com/tgoodwin/kamera/examples/knative-serving/knative.NewKnativeStrategy.func1\n\t/Users/tgoodwin/projects/kamera/examples/knative-serving/knative/harness.go:555\ngithub.com/tgoodwin/kamera/examples/knative-serving/knative.(*KnativeStrategy).ReconcileAtState\n\t/Users/tgoodwin/projects/kamera/examples/knative-serving/knative/harness.go:895\ngithub.com/tgoodwin/kamera/pkg/tracecheck.(*ReconcilerContainer).doReconcile\n\t/Users/tgoodwin/projects/kamera/pkg/tracecheck/reconciler.go:164\ngithub.com/tgoodwin/kamera/pkg/tracecheck.(*Explorer).reconcileAtState\n\t/Users/tgoodwin/projects/kamera/pkg/tracecheck/explore.go:1313\ngithub.com/tgoodwin/kamera/pkg/tracecheck.(*Explorer).takeReconcileStep\n\t/Users/tgoodwin/projects/kamera/pkg/tracecheck/explore.go:1228\ngithub.com/tgoodwin/kamera/pkg/tracecheck.(*Explorer).explore\n\t/Users/tgoodwin/projects/kamera/pkg/tracecheck/explore.go:790\ngithub.com/tgoodwin/kamera/pkg/tracecheck.(*Explorer).Explore.func1\n\t/Users/tgoodwin/projects/kamera/pkg/tracecheck/explore.go:330"}
{"level":"info","ts":1768351623.5810611,"logger":"fallback","caller":"revision/reconcile_resources.go:161","msg":"Reconciling PA: kamera-test"}
{"level":"info","ts":"2026-01-13T16:47:03-08:00","logger":"RevisionReconciler.reconcile","msg":"reconcile completed","key":"default/kamera-test","reconciler":"knative.dev.serving.pkg.reconciler.revision.Reconciler","requeue":false,"requeueAfter":0}
{"level":"info","ts":"2026-01-13T16:47:03-08:00","logger":"tracecheck","msg":"Taking reconcile step","Depth":56,"# Distinct States":215,"Total States":216,"Resource States":51}
{"level":"info","ts":"2026-01-13T16:47:03-08:00","logger":"tracecheck","msg":"Taking reconcile step","Depth":57,"# Distinct States":216,"Total States":217,"Resource States":51}
{"level":"info","ts":"2026-01-13T16:47:03-08:00","logger":"tracecheck","msg":"Taking reconcile step","Depth":58,"# Distinct States":217,"Total States":218,"Resource States":52}
{"level":"info","ts":"2026-01-13T16:47:03-08:00","logger":"RouteReconciler.seed","msg":"added podscalable to informer","resource":"deployments","namespace":"default","name":"kamera-test-deployment","stage":"podscalable-add","keys":["default/kamera-test-deployment"]}
{"level":"info","ts":"2026-01-13T16:47:03-08:00","logger":"RouteReconciler.seed","msg":"podscalable visible to lister","resource":"deployments","namespace":"default","name":"kamera-test-deployment","stage":"podscalable-lister","object":{"apiVersion":"autoscaling.internal.knative.dev/v1alpha1","kind":"PodScalable","namespace":"default","name":"kamera-test-deployment"}}
{"level":"info","ts":1768351623.6924438,"logger":"fallback","caller":"route/route.go:465","msg":"Revision default/kamera-test is inactive"}
{"level":"info","ts":1768351623.692471,"logger":"fallback","caller":"route/route.go:487","msg":"All referred targets are routable, marking AllTrafficAssigned with traffic information."}
{"level":"info","ts":1768351623.6924858,"logger":"fallback","caller":"route/route.go:140","msg":"Creating placeholder k8s services"}
{"level":"info","ts":1768351623.692578,"logger":"fallback","caller":"route/route.go:176","msg":"Updating placeholder k8s services with ingress information"}
{"level":"info","ts":1768351623.6927822,"logger":"fallback","caller":"route/route.go:198","msg":"Route successfully synced"}
{"level":"info","ts":"2026-01-13T16:47:03-08:00","logger":"RouteReconciler.reconcile","msg":"reconcile completed","key":"default/demo","reconciler":"knative.dev.serving.pkg.reconciler.route.Reconciler","requeue":false,"requeueAfter":0}
{"level":"info","ts":"2026-01-13T16:47:03-08:00","logger":"tracecheck","msg":"Taking reconcile step","Depth":59,"# Distinct States":218,"Total States":219,"Resource States":53}
{"level":"info","ts":"2026-01-13T16:47:03-08:00","logger":"tracecheck","msg":"Taking reconcile step","Depth":60,"# Distinct States":219,"Total States":220,"Resource States":53}
{"level":"info","ts":"2026-01-13T16:47:03-08:00","logger":"ServiceReconciler.seed","msg":"added podscalable to informer","resource":"deployments","namespace":"default","name":"kamera-test-deployment","stage":"podscalable-add","keys":["default/kamera-test-deployment"]}
{"level":"info","ts":"2026-01-13T16:47:03-08:00","logger":"ServiceReconciler.seed","msg":"podscalable visible to lister","resource":"deployments","namespace":"default","name":"kamera-test-deployment","stage":"podscalable-lister","object":{"apiVersion":"autoscaling.internal.knative.dev/v1alpha1","kind":"PodScalable","namespace":"default","name":"kamera-test-deployment"}}
{"level":"info","ts":1768351623.802752,"logger":"fallback","caller":"service/service.go:171","msg":"Service reconciler fetching Route from lister: name=demo, namespace=default"}
{"level":"info","ts":1768351623.8027709,"logger":"fallback","caller":"service/service.go:174","msg":"Service reconciler got Route from lister: name=demo, Generation=1, ObservedGeneration=1, ResourceVersion="}
{"level":"info","ts":1768351623.802795,"logger":"fallback","caller":"service/service.go:126","msg":"Service reconciler checking Route: name=demo, Generation=1, ObservedGeneration=1, Ready=True (reason=, message=), generationMatch=true, routeResourceVersion="}
{"level":"info","ts":1768351623.802803,"logger":"fallback","caller":"service/service.go:136","msg":"Service reconciler calling PropagateRouteStatus() because Generation == ObservedGeneration"}
{"level":"info","ts":"2026-01-13T16:47:03-08:00","logger":"ServiceReconciler.reconcile","msg":"reconcile completed","key":"default/demo","reconciler":"knative.dev.serving.pkg.reconciler.service.Reconciler","requeue":false,"requeueAfter":0}
{"level":"info","ts":"2026-01-13T16:47:03-08:00","logger":"tracecheck","msg":"Taking reconcile step","Depth":61,"# Distinct States":220,"Total States":221,"Resource States":54}
{"level":"info","ts":"2026-01-13T16:47:03-08:00","logger":"tracecheck","msg":"Updated Deployment status","Depth":61,"# Distinct States":220,"Total States":221,"Resource States":54,"name":"kamera-test-deployment"}
{"level":"info","ts":"2026-01-13T16:47:03-08:00","logger":"tracecheck","msg":"Taking reconcile step","Depth":62,"# Distinct States":221,"Total States":222,"Resource States":54}
{"level":"info","ts":"2026-01-13T16:47:03-08:00","logger":"KPAReconciler.seed","msg":"added podscalable to informer","resource":"deployments","namespace":"default","name":"kamera-test-deployment","stage":"podscalable-add","keys":["default/kamera-test-deployment"]}
{"level":"info","ts":"2026-01-13T16:47:03-08:00","logger":"KPAReconciler.seed","msg":"podscalable visible to lister","resource":"deployments","namespace":"default","name":"kamera-test-deployment","stage":"podscalable-lister","object":{"apiVersion":"autoscaling.internal.knative.dev/v1alpha1","kind":"PodScalable","namespace":"default","name":"kamera-test-deployment"}}
{"level":"info","ts":1768351623.917079,"logger":"fallback","caller":"kpa/controller.go:77","msg":"Setting up ConfigMap receivers"}
{"level":"info","ts":1768351623.917185,"logger":"fallback","caller":"kpa/controller.go:91","msg":"Setting up KPA-Class event handlers"}
{"level":"info","ts":1768351623.917301,"logger":"fallback","caller":"kpa/kpa.go:158","msg":"SKS should be in Proxy mode: want = 0, ebc = 0, #act's = 2 PA Inactive? = true"}
{"level":"info","ts":1768351623.91732,"logger":"fallback","caller":"kpa/kpa.go:178","msg":"PA scale got=1, want=0, desiredPods=0 ebc=0"}
{"level":"info","ts":1768351623.917328,"logger":"fallback","caller":"kpa/kpa.go:188","msg":"Observed pod counts=kpa.podCounts{want:0, ready:1, notReady:0, pending:0, terminating:0}"}
{"level":"info","ts":"2026-01-13T16:47:03-08:00","logger":"KPAReconciler.reconcile","msg":"reconcile completed","key":"default/kamera-test","reconciler":"knative.dev.serving.pkg.reconciler.autoscaling.kpa.Reconciler","requeue":false,"requeueAfter":0}
{"level":"info","ts":"2026-01-13T16:47:03-08:00","logger":"tracecheck","msg":"Taking reconcile step","Depth":63,"# Distinct States":222,"Total States":223,"Resource States":54}
{"level":"info","ts":"2026-01-13T16:47:03-08:00","logger":"tracecheck","msg":"Taking reconcile step","Depth":64,"# Distinct States":223,"Total States":224,"Resource States":54}
{"level":"info","ts":"2026-01-13T16:47:03-08:00","logger":"tracecheck","msg":"Taking reconcile step","Depth":65,"# Distinct States":224,"Total States":225,"Resource States":54}
{"level":"info","ts":"2026-01-13T16:47:04-08:00","logger":"RouteReconciler.seed","msg":"added podscalable to informer","resource":"deployments","namespace":"default","name":"kamera-test-deployment","stage":"podscalable-add","keys":["default/kamera-test-deployment"]}
{"level":"info","ts":"2026-01-13T16:47:04-08:00","logger":"RouteReconciler.seed","msg":"podscalable visible to lister","resource":"deployments","namespace":"default","name":"kamera-test-deployment","stage":"podscalable-lister","object":{"apiVersion":"autoscaling.internal.knative.dev/v1alpha1","kind":"PodScalable","namespace":"default","name":"kamera-test-deployment"}}
{"level":"info","ts":1768351624.026082,"logger":"fallback","caller":"route/route.go:465","msg":"Revision default/kamera-test is inactive"}
{"level":"info","ts":1768351624.0261078,"logger":"fallback","caller":"route/route.go:487","msg":"All referred targets are routable, marking AllTrafficAssigned with traffic information."}
{"level":"info","ts":1768351624.026124,"logger":"fallback","caller":"route/route.go:140","msg":"Creating placeholder k8s services"}
{"level":"info","ts":1768351624.0262148,"logger":"fallback","caller":"route/route.go:176","msg":"Updating placeholder k8s services with ingress information"}
{"level":"info","ts":1768351624.02626,"logger":"fallback","caller":"route/route.go:198","msg":"Route successfully synced"}
{"level":"info","ts":"2026-01-13T16:47:04-08:00","logger":"RouteReconciler.reconcile","msg":"reconcile completed","key":"default/demo","reconciler":"knative.dev.serving.pkg.reconciler.route.Reconciler","requeue":false,"requeueAfter":0}
{"level":"info","ts":"2026-01-13T16:47:04-08:00","logger":"tracecheck","msg":"Taking reconcile step","Depth":66,"# Distinct States":225,"Total States":226,"Resource States":54}
{"level":"info","ts":"2026-01-13T16:47:04-08:00","logger":"ServiceReconciler.seed","msg":"added podscalable to informer","resource":"deployments","namespace":"default","name":"kamera-test-deployment","stage":"podscalable-add","keys":["default/kamera-test-deployment"]}
{"level":"info","ts":"2026-01-13T16:47:04-08:00","logger":"ServiceReconciler.seed","msg":"podscalable visible to lister","resource":"deployments","namespace":"default","name":"kamera-test-deployment","stage":"podscalable-lister","object":{"apiVersion":"autoscaling.internal.knative.dev/v1alpha1","kind":"PodScalable","namespace":"default","name":"kamera-test-deployment"}}
{"level":"info","ts":1768351624.133261,"logger":"fallback","caller":"service/service.go:171","msg":"Service reconciler fetching Route from lister: name=demo, namespace=default"}
{"level":"info","ts":1768351624.133281,"logger":"fallback","caller":"service/service.go:174","msg":"Service reconciler got Route from lister: name=demo, Generation=1, ObservedGeneration=1, ResourceVersion="}
{"level":"info","ts":1768351624.133308,"logger":"fallback","caller":"service/service.go:126","msg":"Service reconciler checking Route: name=demo, Generation=1, ObservedGeneration=1, Ready=True (reason=, message=), generationMatch=true, routeResourceVersion="}
{"level":"info","ts":1768351624.1333172,"logger":"fallback","caller":"service/service.go:136","msg":"Service reconciler calling PropagateRouteStatus() because Generation == ObservedGeneration"}
{"level":"info","ts":"2026-01-13T16:47:04-08:00","logger":"ServiceReconciler.reconcile","msg":"reconcile completed","key":"default/demo","reconciler":"knative.dev.serving.pkg.reconciler.service.Reconciler","requeue":false,"requeueAfter":0}
{"level":"info","ts":"2026-01-13T16:47:04-08:00","logger":"tracecheck","msg":"Taking reconcile step","Depth":67,"# Distinct States":226,"Total States":227,"Resource States":54}
{"level":"info","ts":"2026-01-13T16:47:04-08:00","logger":"tracecheck","msg":"Taking reconcile step","Depth":68,"# Distinct States":227,"Total States":228,"Resource States":54}
{"level":"info","ts":"2026-01-13T16:47:04-08:00","logger":"tracecheck","msg":"Deleting pods","Depth":68,"# Distinct States":227,"Total States":228,"Resource States":54,"count":1}
{"level":"info","ts":"2026-01-13T16:47:04-08:00","logger":"tracecheck","msg":"Taking reconcile step","Depth":69,"# Distinct States":228,"Total States":229,"Resource States":54}
{"level":"info","ts":"2026-01-13T16:47:04-08:00","logger":"tracecheck","msg":"Taking reconcile step","Depth":70,"# Distinct States":229,"Total States":230,"Resource States":54}
{"level":"info","ts":"2026-01-13T16:47:04-08:00","logger":"RevisionReconciler.seed","msg":"added podscalable to informer","resource":"deployments","namespace":"default","name":"kamera-test-deployment","stage":"podscalable-add","keys":["default/kamera-test-deployment"]}
{"level":"info","ts":"2026-01-13T16:47:04-08:00","logger":"RevisionReconciler.seed","msg":"podscalable visible to lister","resource":"deployments","namespace":"default","name":"kamera-test-deployment","stage":"podscalable-lister","object":{"apiVersion":"autoscaling.internal.knative.dev/v1alpha1","kind":"PodScalable","namespace":"default","name":"kamera-test-deployment"}}
{"level":"error","ts":1768351624.249653,"logger":"fallback","caller":"revision/controller.go:116","msg":"Failed to create resolver transport","error":"open /var/run/secrets/kubernetes.io/serviceaccount/ca.crt: no such file or directory","stacktrace":"knative.dev/serving/pkg/reconciler/revision.newControllerWithOptions\n\t/Users/tgoodwin/tmp/gomodcache/knative.dev/serving@v0.46.5/pkg/reconciler/revision/controller.go:116\nknative.dev/serving/pkg/reconciler/revision.NewController\n\t/Users/tgoodwin/tmp/gomodcache/knative.dev/serving@v0.46.5/pkg/reconciler/revision/controller.go:64\nmain.configureKnativeExplorer.func1.1\n\t/Users/tgoodwin/projects/kamera/examples/knative-serving/scenario.go:91\ngithub.com/tgoodwin/kamera/examples/knative-serving/knative.NewKnativeStrategy.func1\n\t/Users/tgoodwin/projects/kamera/examples/knative-serving/knative/harness.go:555\ngithub.com/tgoodwin/kamera/examples/knative-serving/knative.(*KnativeStrategy).ReconcileAtState\n\t/Users/tgoodwin/projects/kamera/examples/knative-serving/knative/harness.go:895\ngithub.com/tgoodwin/kamera/pkg/tracecheck.(*ReconcilerContainer).doReconcile\n\t/Users/tgoodwin/projects/kamera/pkg/tracecheck/reconciler.go:164\ngithub.com/tgoodwin/kamera/pkg/tracecheck.(*Explorer).reconcileAtState\n\t/Users/tgoodwin/projects/kamera/pkg/tracecheck/explore.go:1313\ngithub.com/tgoodwin/kamera/pkg/tracecheck.(*Explorer).takeReconcileStep\n\t/Users/tgoodwin/projects/kamera/pkg/tracecheck/explore.go:1228\ngithub.com/tgoodwin/kamera/pkg/tracecheck.(*Explorer).explore\n\t/Users/tgoodwin/projects/kamera/pkg/tracecheck/explore.go:790\ngithub.com/tgoodwin/kamera/pkg/tracecheck.(*Explorer).Explore.func1\n\t/Users/tgoodwin/projects/kamera/pkg/tracecheck/explore.go:330"}
{"level":"info","ts":1768351624.250228,"logger":"fallback","caller":"revision/reconcile_resources.go:161","msg":"Reconciling PA: kamera-test"}
{"level":"info","ts":"2026-01-13T16:47:04-08:00","logger":"RevisionReconciler.reconcile","msg":"reconcile completed","key":"default/kamera-test","reconciler":"knative.dev.serving.pkg.reconciler.revision.Reconciler","requeue":false,"requeueAfter":0}
{"level":"info","ts":"2026-01-13T16:47:04-08:00","logger":"tracecheck","msg":"Taking reconcile step","Depth":71,"# Distinct States":230,"Total States":231,"Resource States":54}
{"level":"info","ts":"2026-01-13T16:47:04-08:00","logger":"KPAReconciler.seed","msg":"added podscalable to informer","resource":"deployments","namespace":"default","name":"kamera-test-deployment","stage":"podscalable-add","keys":["default/kamera-test-deployment"]}
{"level":"info","ts":"2026-01-13T16:47:04-08:00","logger":"KPAReconciler.seed","msg":"podscalable visible to lister","resource":"deployments","namespace":"default","name":"kamera-test-deployment","stage":"podscalable-lister","object":{"apiVersion":"autoscaling.internal.knative.dev/v1alpha1","kind":"PodScalable","namespace":"default","name":"kamera-test-deployment"}}
{"level":"info","ts":1768351624.3579688,"logger":"fallback","caller":"kpa/controller.go:77","msg":"Setting up ConfigMap receivers"}
{"level":"info","ts":1768351624.358145,"logger":"fallback","caller":"kpa/controller.go:91","msg":"Setting up KPA-Class event handlers"}
{"level":"info","ts":1768351624.358345,"logger":"fallback","caller":"kpa/kpa.go:158","msg":"SKS should be in Proxy mode: want = 0, ebc = 0, #act's = 2 PA Inactive? = true"}
{"level":"info","ts":1768351624.35838,"logger":"fallback","caller":"kpa/kpa.go:178","msg":"PA scale got=0, want=0, desiredPods=0 ebc=0"}
{"level":"info","ts":1768351624.3583949,"logger":"fallback","caller":"kpa/kpa.go:188","msg":"Observed pod counts=kpa.podCounts{want:0, ready:0, notReady:1, pending:0, terminating:1}"}
{"level":"info","ts":"2026-01-13T16:47:04-08:00","logger":"KPAReconciler.reconcile","msg":"reconcile completed","key":"default/kamera-test","reconciler":"knative.dev.serving.pkg.reconciler.autoscaling.kpa.Reconciler","requeue":false,"requeueAfter":0}
{"level":"info","ts":"2026-01-13T16:47:04-08:00","logger":"tracecheck","msg":"Taking reconcile step","Depth":72,"# Distinct States":231,"Total States":232,"Resource States":54}
{"level":"info","ts":"2026-01-13T16:47:04-08:00","logger":"RevisionReconciler.seed","msg":"added podscalable to informer","resource":"deployments","namespace":"default","name":"kamera-test-deployment","stage":"podscalable-add","keys":["default/kamera-test-deployment"]}
{"level":"info","ts":"2026-01-13T16:47:04-08:00","logger":"RevisionReconciler.seed","msg":"podscalable visible to lister","resource":"deployments","namespace":"default","name":"kamera-test-deployment","stage":"podscalable-lister","object":{"apiVersion":"autoscaling.internal.knative.dev/v1alpha1","kind":"PodScalable","namespace":"default","name":"kamera-test-deployment"}}
{"level":"error","ts":1768351624.468556,"logger":"fallback","caller":"revision/controller.go:116","msg":"Failed to create resolver transport","error":"open /var/run/secrets/kubernetes.io/serviceaccount/ca.crt: no such file or directory","stacktrace":"knative.dev/serving/pkg/reconciler/revision.newControllerWithOptions\n\t/Users/tgoodwin/tmp/gomodcache/knative.dev/serving@v0.46.5/pkg/reconciler/revision/controller.go:116\nknative.dev/serving/pkg/reconciler/revision.NewController\n\t/Users/tgoodwin/tmp/gomodcache/knative.dev/serving@v0.46.5/pkg/reconciler/revision/controller.go:64\nmain.configureKnativeExplorer.func1.1\n\t/Users/tgoodwin/projects/kamera/examples/knative-serving/scenario.go:91\ngithub.com/tgoodwin/kamera/examples/knative-serving/knative.NewKnativeStrategy.func1\n\t/Users/tgoodwin/projects/kamera/examples/knative-serving/knative/harness.go:555\ngithub.com/tgoodwin/kamera/examples/knative-serving/knative.(*KnativeStrategy).ReconcileAtState\n\t/Users/tgoodwin/projects/kamera/examples/knative-serving/knative/harness.go:895\ngithub.com/tgoodwin/kamera/pkg/tracecheck.(*ReconcilerContainer).doReconcile\n\t/Users/tgoodwin/projects/kamera/pkg/tracecheck/reconciler.go:164\ngithub.com/tgoodwin/kamera/pkg/tracecheck.(*Explorer).reconcileAtState\n\t/Users/tgoodwin/projects/kamera/pkg/tracecheck/explore.go:1313\ngithub.com/tgoodwin/kamera/pkg/tracecheck.(*Explorer).takeReconcileStep\n\t/Users/tgoodwin/projects/kamera/pkg/tracecheck/explore.go:1228\ngithub.com/tgoodwin/kamera/pkg/tracecheck.(*Explorer).explore\n\t/Users/tgoodwin/projects/kamera/pkg/tracecheck/explore.go:790\ngithub.com/tgoodwin/kamera/pkg/tracecheck.(*Explorer).Explore.func1\n\t/Users/tgoodwin/projects/kamera/pkg/tracecheck/explore.go:330"}
{"level":"info","ts":1768351624.469074,"logger":"fallback","caller":"revision/reconcile_resources.go:161","msg":"Reconciling PA: kamera-test"}
{"level":"info","ts":"2026-01-13T16:47:04-08:00","logger":"RevisionReconciler.reconcile","msg":"reconcile completed","key":"default/kamera-test","reconciler":"knative.dev.serving.pkg.reconciler.revision.Reconciler","requeue":false,"requeueAfter":0}
{"level":"info","ts":"2026-01-13T16:47:04-08:00","logger":"tracecheck","msg":"Taking reconcile step","Depth":62,"# Distinct States":232,"Total States":233,"Resource States":54}
{"level":"info","ts":"2026-01-13T16:47:04-08:00","logger":"RevisionReconciler.seed","msg":"added podscalable to informer","resource":"deployments","namespace":"default","name":"kamera-test-deployment","stage":"podscalable-add","keys":["default/kamera-test-deployment"]}
{"level":"info","ts":"2026-01-13T16:47:04-08:00","logger":"RevisionReconciler.seed","msg":"podscalable visible to lister","resource":"deployments","namespace":"default","name":"kamera-test-deployment","stage":"podscalable-lister","object":{"apiVersion":"autoscaling.internal.knative.dev/v1alpha1","kind":"PodScalable","namespace":"default","name":"kamera-test-deployment"}}
{"level":"error","ts":1768351624.578094,"logger":"fallback","caller":"revision/controller.go:116","msg":"Failed to create resolver transport","error":"open /var/run/secrets/kubernetes.io/serviceaccount/ca.crt: no such file or directory","stacktrace":"knative.dev/serving/pkg/reconciler/revision.newControllerWithOptions\n\t/Users/tgoodwin/tmp/gomodcache/knative.dev/serving@v0.46.5/pkg/reconciler/revision/controller.go:116\nknative.dev/serving/pkg/reconciler/revision.NewController\n\t/Users/tgoodwin/tmp/gomodcache/knative.dev/serving@v0.46.5/pkg/reconciler/revision/controller.go:64\nmain.configureKnativeExplorer.func1.1\n\t/Users/tgoodwin/projects/kamera/examples/knative-serving/scenario.go:91\ngithub.com/tgoodwin/kamera/examples/knative-serving/knative.NewKnativeStrategy.func1\n\t/Users/tgoodwin/projects/kamera/examples/knative-serving/knative/harness.go:555\ngithub.com/tgoodwin/kamera/examples/knative-serving/knative.(*KnativeStrategy).ReconcileAtState\n\t/Users/tgoodwin/projects/kamera/examples/knative-serving/knative/harness.go:895\ngithub.com/tgoodwin/kamera/pkg/tracecheck.(*ReconcilerContainer).doReconcile\n\t/Users/tgoodwin/projects/kamera/pkg/tracecheck/reconciler.go:164\ngithub.com/tgoodwin/kamera/pkg/tracecheck.(*Explorer).reconcileAtState\n\t/Users/tgoodwin/projects/kamera/pkg/tracecheck/explore.go:1313\ngithub.com/tgoodwin/kamera/pkg/tracecheck.(*Explorer).takeReconcileStep\n\t/Users/tgoodwin/projects/kamera/pkg/tracecheck/explore.go:1228\ngithub.com/tgoodwin/kamera/pkg/tracecheck.(*Explorer).explore\n\t/Users/tgoodwin/projects/kamera/pkg/tracecheck/explore.go:790\ngithub.com/tgoodwin/kamera/pkg/tracecheck.(*Explorer).Explore.func1\n\t/Users/tgoodwin/projects/kamera/pkg/tracecheck/explore.go:330"}
{"level":"info","ts":1768351624.578496,"logger":"fallback","caller":"revision/reconcile_resources.go:161","msg":"Reconciling PA: kamera-test"}
{"level":"info","ts":"2026-01-13T16:47:04-08:00","logger":"RevisionReconciler.reconcile","msg":"reconcile completed","key":"default/kamera-test","reconciler":"knative.dev.serving.pkg.reconciler.revision.Reconciler","requeue":false,"requeueAfter":0}
{"level":"info","ts":"2026-01-13T16:47:04-08:00","logger":"tracecheck","msg":"Taking reconcile step","Depth":63,"# Distinct States":233,"Total States":234,"Resource States":54}
{"level":"info","ts":"2026-01-13T16:47:04-08:00","logger":"KPAReconciler.seed","msg":"added podscalable to informer","resource":"deployments","namespace":"default","name":"kamera-test-deployment","stage":"podscalable-add","keys":["default/kamera-test-deployment"]}
{"level":"info","ts":"2026-01-13T16:47:04-08:00","logger":"KPAReconciler.seed","msg":"podscalable visible to lister","resource":"deployments","namespace":"default","name":"kamera-test-deployment","stage":"podscalable-lister","object":{"apiVersion":"autoscaling.internal.knative.dev/v1alpha1","kind":"PodScalable","namespace":"default","name":"kamera-test-deployment"}}
{"level":"info","ts":1768351624.687146,"logger":"fallback","caller":"kpa/controller.go:77","msg":"Setting up ConfigMap receivers"}
{"level":"info","ts":1768351624.687336,"logger":"fallback","caller":"kpa/controller.go:91","msg":"Setting up KPA-Class event handlers"}
{"level":"info","ts":1768351624.687514,"logger":"fallback","caller":"kpa/kpa.go:158","msg":"SKS should be in Proxy mode: want = 0, ebc = 0, #act's = 2 PA Inactive? = true"}
{"level":"info","ts":1768351624.6875389,"logger":"fallback","caller":"kpa/kpa.go:178","msg":"PA scale got=1, want=0, desiredPods=0 ebc=0"}
{"level":"info","ts":1768351624.687548,"logger":"fallback","caller":"kpa/kpa.go:188","msg":"Observed pod counts=kpa.podCounts{want:0, ready:1, notReady:0, pending:0, terminating:0}"}
{"level":"info","ts":"2026-01-13T16:47:04-08:00","logger":"KPAReconciler.reconcile","msg":"reconcile completed","key":"default/kamera-test","reconciler":"knative.dev.serving.pkg.reconciler.autoscaling.kpa.Reconciler","requeue":false,"requeueAfter":0}
{"level":"info","ts":"2026-01-13T16:47:04-08:00","logger":"tracecheck","msg":"Taking reconcile step","Depth":64,"# Distinct States":234,"Total States":235,"Resource States":54}
{"level":"info","ts":"2026-01-13T16:47:04-08:00","logger":"tracecheck","msg":"Taking reconcile step","Depth":65,"# Distinct States":235,"Total States":236,"Resource States":54}
{"level":"info","ts":"2026-01-13T16:47:04-08:00","logger":"tracecheck","msg":"Taking reconcile step","Depth":66,"# Distinct States":236,"Total States":237,"Resource States":54}
{"level":"info","ts":"2026-01-13T16:47:04-08:00","logger":"RouteReconciler.seed","msg":"added podscalable to informer","resource":"deployments","namespace":"default","name":"kamera-test-deployment","stage":"podscalable-add","keys":["default/kamera-test-deployment"]}
{"level":"info","ts":"2026-01-13T16:47:04-08:00","logger":"RouteReconciler.seed","msg":"podscalable visible to lister","resource":"deployments","namespace":"default","name":"kamera-test-deployment","stage":"podscalable-lister","object":{"apiVersion":"autoscaling.internal.knative.dev/v1alpha1","kind":"PodScalable","namespace":"default","name":"kamera-test-deployment"}}
{"level":"info","ts":1768351624.798822,"logger":"fallback","caller":"route/route.go:465","msg":"Revision default/kamera-test is inactive"}
{"level":"info","ts":1768351624.7988448,"logger":"fallback","caller":"route/route.go:487","msg":"All referred targets are routable, marking AllTrafficAssigned with traffic information."}
{"level":"info","ts":1768351624.79886,"logger":"fallback","caller":"route/route.go:140","msg":"Creating placeholder k8s services"}
{"level":"info","ts":1768351624.798956,"logger":"fallback","caller":"route/route.go:176","msg":"Updating placeholder k8s services with ingress information"}
{"level":"info","ts":1768351624.7990022,"logger":"fallback","caller":"route/route.go:198","msg":"Route successfully synced"}
{"level":"info","ts":"2026-01-13T16:47:04-08:00","logger":"RouteReconciler.reconcile","msg":"reconcile completed","key":"default/demo","reconciler":"knative.dev.serving.pkg.reconciler.route.Reconciler","requeue":false,"requeueAfter":0}
{"level":"info","ts":"2026-01-13T16:47:04-08:00","logger":"tracecheck","msg":"Taking reconcile step","Depth":67,"# Distinct States":237,"Total States":238,"Resource States":54}
{"level":"info","ts":"2026-01-13T16:47:04-08:00","logger":"ServiceReconciler.seed","msg":"added podscalable to informer","resource":"deployments","namespace":"default","name":"kamera-test-deployment","stage":"podscalable-add","keys":["default/kamera-test-deployment"]}
{"level":"info","ts":"2026-01-13T16:47:04-08:00","logger":"ServiceReconciler.seed","msg":"podscalable visible to lister","resource":"deployments","namespace":"default","name":"kamera-test-deployment","stage":"podscalable-lister","object":{"apiVersion":"autoscaling.internal.knative.dev/v1alpha1","kind":"PodScalable","namespace":"default","name":"kamera-test-deployment"}}
{"level":"info","ts":1768351624.906921,"logger":"fallback","caller":"service/service.go:171","msg":"Service reconciler fetching Route from lister: name=demo, namespace=default"}
{"level":"info","ts":1768351624.906959,"logger":"fallback","caller":"service/service.go:174","msg":"Service reconciler got Route from lister: name=demo, Generation=1, ObservedGeneration=1, ResourceVersion="}
{"level":"info","ts":1768351624.90701,"logger":"fallback","caller":"service/service.go:126","msg":"Service reconciler checking Route: name=demo, Generation=1, ObservedGeneration=1, Ready=True (reason=, message=), generationMatch=true, routeResourceVersion="}
{"level":"info","ts":1768351624.907022,"logger":"fallback","caller":"service/service.go:136","msg":"Service reconciler calling PropagateRouteStatus() because Generation == ObservedGeneration"}
{"level":"info","ts":"2026-01-13T16:47:04-08:00","logger":"ServiceReconciler.reconcile","msg":"reconcile completed","key":"default/demo","reconciler":"knative.dev.serving.pkg.reconciler.service.Reconciler","requeue":false,"requeueAfter":0}
{"level":"info","ts":"2026-01-13T16:47:04-08:00","logger":"tracecheck","msg":"Taking reconcile step","Depth":68,"# Distinct States":238,"Total States":239,"Resource States":54}
{"level":"info","ts":"2026-01-13T16:47:04-08:00","logger":"tracecheck","msg":"Taking reconcile step","Depth":69,"# Distinct States":239,"Total States":240,"Resource States":54}
{"level":"info","ts":"2026-01-13T16:47:04-08:00","logger":"tracecheck","msg":"Deleting pods","Depth":69,"# Distinct States":239,"Total States":240,"Resource States":54,"count":1}
{"level":"info","ts":"2026-01-13T16:47:04-08:00","logger":"tracecheck","msg":"Taking reconcile step","Depth":52,"# Distinct States":241,"Total States":242,"Resource States":54}
{"level":"info","ts":"2026-01-13T16:47:05-08:00","logger":"RevisionReconciler.seed","msg":"added podscalable to informer","resource":"deployments","namespace":"default","name":"kamera-test-deployment","stage":"podscalable-add","keys":["default/kamera-test-deployment"]}
{"level":"info","ts":"2026-01-13T16:47:05-08:00","logger":"RevisionReconciler.seed","msg":"podscalable visible to lister","resource":"deployments","namespace":"default","name":"kamera-test-deployment","stage":"podscalable-lister","object":{"apiVersion":"autoscaling.internal.knative.dev/v1alpha1","kind":"PodScalable","namespace":"default","name":"kamera-test-deployment"}}
{"level":"error","ts":1768351625.023616,"logger":"fallback","caller":"revision/controller.go:116","msg":"Failed to create resolver transport","error":"open /var/run/secrets/kubernetes.io/serviceaccount/ca.crt: no such file or directory","stacktrace":"knative.dev/serving/pkg/reconciler/revision.newControllerWithOptions\n\t/Users/tgoodwin/tmp/gomodcache/knative.dev/serving@v0.46.5/pkg/reconciler/revision/controller.go:116\nknative.dev/serving/pkg/reconciler/revision.NewController\n\t/Users/tgoodwin/tmp/gomodcache/knative.dev/serving@v0.46.5/pkg/reconciler/revision/controller.go:64\nmain.configureKnativeExplorer.func1.1\n\t/Users/tgoodwin/projects/kamera/examples/knative-serving/scenario.go:91\ngithub.com/tgoodwin/kamera/examples/knative-serving/knative.NewKnativeStrategy.func1\n\t/Users/tgoodwin/projects/kamera/examples/knative-serving/knative/harness.go:555\ngithub.com/tgoodwin/kamera/examples/knative-serving/knative.(*KnativeStrategy).ReconcileAtState\n\t/Users/tgoodwin/projects/kamera/examples/knative-serving/knative/harness.go:895\ngithub.com/tgoodwin/kamera/pkg/tracecheck.(*ReconcilerContainer).doReconcile\n\t/Users/tgoodwin/projects/kamera/pkg/tracecheck/reconciler.go:164\ngithub.com/tgoodwin/kamera/pkg/tracecheck.(*Explorer).reconcileAtState\n\t/Users/tgoodwin/projects/kamera/pkg/tracecheck/explore.go:1313\ngithub.com/tgoodwin/kamera/pkg/tracecheck.(*Explorer).takeReconcileStep\n\t/Users/tgoodwin/projects/kamera/pkg/tracecheck/explore.go:1228\ngithub.com/tgoodwin/kamera/pkg/tracecheck.(*Explorer).explore\n\t/Users/tgoodwin/projects/kamera/pkg/tracecheck/explore.go:790\ngithub.com/tgoodwin/kamera/pkg/tracecheck.(*Explorer).Explore.func1\n\t/Users/tgoodwin/projects/kamera/pkg/tracecheck/explore.go:330"}
{"level":"info","ts":1768351625.02392,"logger":"fallback","caller":"revision/reconcile_resources.go:161","msg":"Reconciling PA: kamera-test"}
{"level":"info","ts":"2026-01-13T16:47:05-08:00","logger":"RevisionReconciler.reconcile","msg":"reconcile completed","key":"default/kamera-test","reconciler":"knative.dev.serving.pkg.reconciler.revision.Reconciler","requeue":false,"requeueAfter":0}
{"level":"info","ts":"2026-01-13T16:47:05-08:00","logger":"tracecheck","msg":"Taking reconcile step","Depth":53,"# Distinct States":242,"Total States":243,"Resource States":54}
{"level":"info","ts":"2026-01-13T16:47:05-08:00","logger":"tracecheck","msg":"Taking reconcile step","Depth":54,"# Distinct States":243,"Total States":244,"Resource States":54}
{"level":"info","ts":"2026-01-13T16:47:05-08:00","logger":"KPAReconciler.seed","msg":"added podscalable to informer","resource":"deployments","namespace":"default","name":"kamera-test-deployment","stage":"podscalable-add","keys":["default/kamera-test-deployment"]}
{"level":"info","ts":"2026-01-13T16:47:05-08:00","logger":"KPAReconciler.seed","msg":"podscalable visible to lister","resource":"deployments","namespace":"default","name":"kamera-test-deployment","stage":"podscalable-lister","object":{"apiVersion":"autoscaling.internal.knative.dev/v1alpha1","kind":"PodScalable","namespace":"default","name":"kamera-test-deployment"}}
{"level":"info","ts":1768351625.1332438,"logger":"fallback","caller":"kpa/controller.go:77","msg":"Setting up ConfigMap receivers"}
{"level":"info","ts":1768351625.133364,"logger":"fallback","caller":"kpa/controller.go:91","msg":"Setting up KPA-Class event handlers"}
{"level":"info","ts":1768351625.133489,"logger":"fallback","caller":"kpa/scaler.go:379","msg":"Scaling from 1 to 0"}
{"level":"info","ts":1768351625.135648,"logger":"fallback","caller":"kpa/kpa.go:158","msg":"SKS should be in Proxy mode: want = 0, ebc = 0, #act's = 2 PA Inactive? = true"}
{"level":"info","ts":1768351625.135675,"logger":"fallback","caller":"kpa/kpa.go:178","msg":"PA scale got=1, want=0, desiredPods=0 ebc=0"}
{"level":"info","ts":1768351625.1356852,"logger":"fallback","caller":"kpa/kpa.go:188","msg":"Observed pod counts=kpa.podCounts{want:0, ready:1, notReady:0, pending:0, terminating:0}"}
{"level":"info","ts":"2026-01-13T16:47:05-08:00","logger":"KPAReconciler.reconcile","msg":"reconcile completed","key":"default/kamera-test","reconciler":"knative.dev.serving.pkg.reconciler.autoscaling.kpa.Reconciler","requeue":false,"requeueAfter":0}
{"level":"info","ts":"2026-01-13T16:47:05-08:00","logger":"tracecheck","msg":"Taking reconcile step","Depth":55,"# Distinct States":244,"Total States":245,"Resource States":54}
{"level":"info","ts":"2026-01-13T16:47:05-08:00","logger":"tracecheck","msg":"Taking reconcile step","Depth":56,"# Distinct States":245,"Total States":246,"Resource States":54}
{"level":"info","ts":"2026-01-13T16:47:05-08:00","logger":"tracecheck","msg":"Taking reconcile step","Depth":57,"# Distinct States":246,"Total States":247,"Resource States":54}
{"level":"info","ts":"2026-01-13T16:47:05-08:00","logger":"tracecheck","msg":"Taking reconcile step","Depth":58,"# Distinct States":247,"Total States":248,"Resource States":54}
{"level":"info","ts":"2026-01-13T16:47:05-08:00","logger":"RouteReconciler.seed","msg":"added podscalable to informer","resource":"deployments","namespace":"default","name":"kamera-test-deployment","stage":"podscalable-add","keys":["default/kamera-test-deployment"]}
{"level":"info","ts":"2026-01-13T16:47:05-08:00","logger":"RouteReconciler.seed","msg":"podscalable visible to lister","resource":"deployments","namespace":"default","name":"kamera-test-deployment","stage":"podscalable-lister","object":{"apiVersion":"autoscaling.internal.knative.dev/v1alpha1","kind":"PodScalable","namespace":"default","name":"kamera-test-deployment"}}
{"level":"info","ts":1768351625.2495658,"logger":"fallback","caller":"route/route.go:465","msg":"Revision default/kamera-test is inactive"}
{"level":"info","ts":1768351625.24959,"logger":"fallback","caller":"route/route.go:487","msg":"All referred targets are routable, marking AllTrafficAssigned with traffic information."}
{"level":"info","ts":1768351625.249606,"logger":"fallback","caller":"route/route.go:140","msg":"Creating placeholder k8s services"}
{"level":"info","ts":1768351625.2497,"logger":"fallback","caller":"route/route.go:176","msg":"Updating placeholder k8s services with ingress information"}
{"level":"info","ts":1768351625.249901,"logger":"fallback","caller":"route/route.go:198","msg":"Route successfully synced"}
{"level":"info","ts":"2026-01-13T16:47:05-08:00","logger":"RouteReconciler.reconcile","msg":"reconcile completed","key":"default/demo","reconciler":"knative.dev.serving.pkg.reconciler.route.Reconciler","requeue":false,"requeueAfter":0}
{"level":"info","ts":"2026-01-13T16:47:05-08:00","logger":"tracecheck","msg":"Taking reconcile step","Depth":59,"# Distinct States":248,"Total States":249,"Resource States":54}
{"level":"info","ts":"2026-01-13T16:47:05-08:00","logger":"tracecheck","msg":"Taking reconcile step","Depth":60,"# Distinct States":249,"Total States":250,"Resource States":54}
{"level":"info","ts":"2026-01-13T16:47:05-08:00","logger":"ServiceReconciler.seed","msg":"added podscalable to informer","resource":"deployments","namespace":"default","name":"kamera-test-deployment","stage":"podscalable-add","keys":["default/kamera-test-deployment"]}
{"level":"info","ts":"2026-01-13T16:47:05-08:00","logger":"ServiceReconciler.seed","msg":"podscalable visible to lister","resource":"deployments","namespace":"default","name":"kamera-test-deployment","stage":"podscalable-lister","object":{"apiVersion":"autoscaling.internal.knative.dev/v1alpha1","kind":"PodScalable","namespace":"default","name":"kamera-test-deployment"}}
{"level":"info","ts":1768351625.361144,"logger":"fallback","caller":"service/service.go:171","msg":"Service reconciler fetching Route from lister: name=demo, namespace=default"}
{"level":"info","ts":1768351625.361182,"logger":"fallback","caller":"service/service.go:174","msg":"Service reconciler got Route from lister: name=demo, Generation=1, ObservedGeneration=1, ResourceVersion="}
{"level":"info","ts":1768351625.361221,"logger":"fallback","caller":"service/service.go:126","msg":"Service reconciler checking Route: name=demo, Generation=1, ObservedGeneration=1, Ready=True (reason=, message=), generationMatch=true, routeResourceVersion="}
{"level":"info","ts":1768351625.3612318,"logger":"fallback","caller":"service/service.go:136","msg":"Service reconciler calling PropagateRouteStatus() because Generation == ObservedGeneration"}
{"level":"info","ts":"2026-01-13T16:47:05-08:00","logger":"ServiceReconciler.reconcile","msg":"reconcile completed","key":"default/demo","reconciler":"knative.dev.serving.pkg.reconciler.service.Reconciler","requeue":false,"requeueAfter":0}
{"level":"info","ts":"2026-01-13T16:47:05-08:00","logger":"tracecheck","msg":"Taking reconcile step","Depth":61,"# Distinct States":250,"Total States":251,"Resource States":54}
{"level":"info","ts":"2026-01-13T16:47:05-08:00","logger":"tracecheck","msg":"Updated Deployment status","Depth":61,"# Distinct States":250,"Total States":251,"Resource States":54,"name":"kamera-test-deployment"}
{"level":"info","ts":"2026-01-13T16:47:05-08:00","logger":"tracecheck","msg":"Taking reconcile step","Depth":37,"# Distinct States":251,"Total States":253,"Resource States":54}
{"level":"info","ts":"2026-01-13T16:47:05-08:00","logger":"RevisionReconciler.seed","msg":"added podscalable to informer","resource":"deployments","namespace":"default","name":"kamera-test-deployment","stage":"podscalable-add","keys":["default/kamera-test-deployment"]}
{"level":"info","ts":"2026-01-13T16:47:05-08:00","logger":"RevisionReconciler.seed","msg":"podscalable visible to lister","resource":"deployments","namespace":"default","name":"kamera-test-deployment","stage":"podscalable-lister","object":{"apiVersion":"autoscaling.internal.knative.dev/v1alpha1","kind":"PodScalable","namespace":"default","name":"kamera-test-deployment"}}
{"level":"error","ts":1768351625.479847,"logger":"fallback","caller":"revision/controller.go:116","msg":"Failed to create resolver transport","error":"open /var/run/secrets/kubernetes.io/serviceaccount/ca.crt: no such file or directory","stacktrace":"knative.dev/serving/pkg/reconciler/revision.newControllerWithOptions\n\t/Users/tgoodwin/tmp/gomodcache/knative.dev/serving@v0.46.5/pkg/reconciler/revision/controller.go:116\nknative.dev/serving/pkg/reconciler/revision.NewController\n\t/Users/tgoodwin/tmp/gomodcache/knative.dev/serving@v0.46.5/pkg/reconciler/revision/controller.go:64\nmain.configureKnativeExplorer.func1.1\n\t/Users/tgoodwin/projects/kamera/examples/knative-serving/scenario.go:91\ngithub.com/tgoodwin/kamera/examples/knative-serving/knative.NewKnativeStrategy.func1\n\t/Users/tgoodwin/projects/kamera/examples/knative-serving/knative/harness.go:555\ngithub.com/tgoodwin/kamera/examples/knative-serving/knative.(*KnativeStrategy).ReconcileAtState\n\t/Users/tgoodwin/projects/kamera/examples/knative-serving/knative/harness.go:895\ngithub.com/tgoodwin/kamera/pkg/tracecheck.(*ReconcilerContainer).doReconcile\n\t/Users/tgoodwin/projects/kamera/pkg/tracecheck/reconciler.go:164\ngithub.com/tgoodwin/kamera/pkg/tracecheck.(*Explorer).reconcileAtState\n\t/Users/tgoodwin/projects/kamera/pkg/tracecheck/explore.go:1313\ngithub.com/tgoodwin/kamera/pkg/tracecheck.(*Explorer).takeReconcileStep\n\t/Users/tgoodwin/projects/kamera/pkg/tracecheck/explore.go:1228\ngithub.com/tgoodwin/kamera/pkg/tracecheck.(*Explorer).explore\n\t/Users/tgoodwin/projects/kamera/pkg/tracecheck/explore.go:790\ngithub.com/tgoodwin/kamera/pkg/tracecheck.(*Explorer).Explore.func1\n\t/Users/tgoodwin/projects/kamera/pkg/tracecheck/explore.go:330"}
{"level":"info","ts":1768351625.480273,"logger":"fallback","caller":"revision/reconcile_resources.go:161","msg":"Reconciling PA: kamera-test"}
{"level":"info","ts":"2026-01-13T16:47:05-08:00","logger":"RevisionReconciler.reconcile","msg":"reconcile completed","key":"default/kamera-test","reconciler":"knative.dev.serving.pkg.reconciler.revision.Reconciler","requeue":false,"requeueAfter":0}
{"level":"info","ts":"2026-01-13T16:47:05-08:00","logger":"tracecheck","msg":"Taking reconcile step","Depth":38,"# Distinct States":252,"Total States":254,"Resource States":54}
{"level":"info","ts":"2026-01-13T16:47:05-08:00","logger":"ServerlessServiceReconciler.seed","msg":"added podscalable to informer","resource":"deployments","namespace":"default","name":"kamera-test-deployment","stage":"podscalable-add","keys":["default/kamera-test-deployment"]}
{"level":"info","ts":"2026-01-13T16:47:05-08:00","logger":"ServerlessServiceReconciler.seed","msg":"podscalable visible to lister","resource":"deployments","namespace":"default","name":"kamera-test-deployment","stage":"podscalable-lister","object":{"apiVersion":"autoscaling.internal.knative.dev/v1alpha1","kind":"PodScalable","namespace":"default","name":"kamera-test-deployment"}}
{"level":"info","ts":1768351625.587308,"logger":"fallback","caller":"serverlessservice/controller.go:90","msg":"Doing a global resync due to activator endpoint changes"}
{"level":"info","ts":1768351625.5873768,"logger":"fallback","caller":"serverlessservice/serverlessservice.go:217","msg":"SKS is in Proxy mode; has 0 endpoints in kamera-test-private; 1 activator endpoints"}
{"level":"info","ts":1768351625.587393,"logger":"fallback","caller":"serverlessservice/serverlessservice.go:245","msg":"Forcing SKS into Proxy mode, insufficient ready endpoints."}
{"level":"info","ts":1768351625.587404,"logger":"fallback","caller":"serverlessservice/serverlessservice.go:290","msg":"No ready endpoints backing revision"}
{"level":"info","ts":"2026-01-13T16:47:05-08:00","logger":"ServerlessServiceReconciler.reconcile","msg":"reconcile completed","key":"default/kamera-test","reconciler":"knative.dev.serving.pkg.reconciler.serverlessservice.reconciler","requeue":false,"requeueAfter":0}
{"level":"info","ts":"2026-01-13T16:47:05-08:00","logger":"tracecheck","msg":"Taking reconcile step","Depth":39,"# Distinct States":253,"Total States":255,"Resource States":54}
{"level":"info","ts":"2026-01-13T16:47:05-08:00","logger":"tracecheck","msg":"updated pod status","Depth":39,"# Distinct States":253,"Total States":255,"Resource States":54,"phase":"Running","pod":{"name":"kamera-test-deployment-1488584584-0","namespace":"default"}}
{"level":"info","ts":"2026-01-13T16:47:05-08:00","logger":"tracecheck","msg":"Taking reconcile step","Depth":40,"# Distinct States":254,"Total States":256,"Resource States":54}
{"level":"info","ts":"2026-01-13T16:47:05-08:00","logger":"tracecheck","msg":"Taking reconcile step","Depth":41,"# Distinct States":255,"Total States":257,"Resource States":54}
{"level":"info","ts":"2026-01-13T16:47:05-08:00","logger":"KPAReconciler.seed","msg":"added podscalable to informer","resource":"deployments","namespace":"default","name":"kamera-test-deployment","stage":"podscalable-add","keys":["default/kamera-test-deployment"]}
{"level":"info","ts":"2026-01-13T16:47:05-08:00","logger":"KPAReconciler.seed","msg":"podscalable visible to lister","resource":"deployments","namespace":"default","name":"kamera-test-deployment","stage":"podscalable-lister","object":{"apiVersion":"autoscaling.internal.knative.dev/v1alpha1","kind":"PodScalable","namespace":"default","name":"kamera-test-deployment"}}
{"level":"info","ts":1768351625.70119,"logger":"fallback","caller":"kpa/controller.go:77","msg":"Setting up ConfigMap receivers"}
{"level":"info","ts":1768351625.7012851,"logger":"fallback","caller":"kpa/controller.go:91","msg":"Setting up KPA-Class event handlers"}
{"level":"info","ts":1768351625.7013829,"logger":"fallback","caller":"kpa/kpa.go:158","msg":"SKS should be in Proxy mode: want = -1, ebc = 0, #act's = 2 PA Inactive? = false"}
{"level":"info","ts":1768351625.701406,"logger":"fallback","caller":"kpa/kpa.go:178","msg":"PA scale got=1, want=-1, desiredPods=0 ebc=0"}
{"level":"info","ts":1768351625.7014139,"logger":"fallback","caller":"kpa/kpa.go:188","msg":"Observed pod counts=kpa.podCounts{want:-1, ready:1, notReady:0, pending:0, terminating:0}"}
{"level":"info","ts":"2026-01-13T16:47:05-08:00","logger":"KPAReconciler.reconcile","msg":"reconcile completed","key":"default/kamera-test","reconciler":"knative.dev.serving.pkg.reconciler.autoscaling.kpa.Reconciler","requeue":false,"requeueAfter":0}
{"level":"info","ts":"2026-01-13T16:47:05-08:00","logger":"tracecheck","msg":"Taking reconcile step","Depth":42,"# Distinct States":256,"Total States":258,"Resource States":54}
{"level":"info","ts":"2026-01-13T16:47:05-08:00","logger":"ConfigurationReconciler.seed","msg":"added podscalable to informer","resource":"deployments","namespace":"default","name":"kamera-test-deployment","stage":"podscalable-add","keys":["default/kamera-test-deployment"]}
{"level":"info","ts":"2026-01-13T16:47:05-08:00","logger":"ConfigurationReconciler.seed","msg":"podscalable visible to lister","resource":"deployments","namespace":"default","name":"kamera-test-deployment","stage":"podscalable-lister","object":{"apiVersion":"autoscaling.internal.knative.dev/v1alpha1","kind":"PodScalable","namespace":"default","name":"kamera-test-deployment"}}
{"level":"info","ts":1768351625.8085172,"logger":"fallback","caller":"configuration/configuration.go:103","msg":"Revision \"kamera-test\" of configuration is not ready"}
{"level":"info","ts":"2026-01-13T16:47:05-08:00","logger":"ConfigurationReconciler.reconcile","msg":"reconcile completed","key":"default/demo","reconciler":"knative.dev.serving.pkg.reconciler.configuration.Reconciler","requeue":false,"requeueAfter":0}
{"level":"info","ts":"2026-01-13T16:47:05-08:00","logger":"tracecheck","msg":"Taking reconcile step","Depth":43,"# Distinct States":257,"Total States":259,"Resource States":54}
{"level":"info","ts":"2026-01-13T16:47:05-08:00","logger":"tracecheck","msg":"Taking reconcile step","Depth":44,"# Distinct States":258,"Total States":260,"Resource States":54}
{"level":"info","ts":"2026-01-13T16:47:05-08:00","logger":"tracecheck","msg":"Taking reconcile step","Depth":45,"# Distinct States":259,"Total States":261,"Resource States":54}
{"level":"info","ts":"2026-01-13T16:47:05-08:00","logger":"tracecheck","msg":"Updated ReplicaSet status","Depth":45,"# Distinct States":259,"Total States":261,"Resource States":54,"name":"kamera-test-deployment-1488584584"}
{"level":"info","ts":"2026-01-13T16:47:05-08:00","logger":"tracecheck","msg":"Taking reconcile step","Depth":46,"# Distinct States":260,"Total States":262,"Resource States":55}
{"level":"info","ts":"2026-01-13T16:47:05-08:00","logger":"KPAReconciler.seed","msg":"added podscalable to informer","resource":"deployments","namespace":"default","name":"kamera-test-deployment","stage":"podscalable-add","keys":["default/kamera-test-deployment"]}
{"level":"info","ts":"2026-01-13T16:47:05-08:00","logger":"KPAReconciler.seed","msg":"podscalable visible to lister","resource":"deployments","namespace":"default","name":"kamera-test-deployment","stage":"podscalable-lister","object":{"apiVersion":"autoscaling.internal.knative.dev/v1alpha1","kind":"PodScalable","namespace":"default","name":"kamera-test-deployment"}}
{"level":"info","ts":1768351625.924153,"logger":"fallback","caller":"kpa/controller.go:77","msg":"Setting up ConfigMap receivers"}
{"level":"info","ts":1768351625.9242618,"logger":"fallback","caller":"kpa/controller.go:91","msg":"Setting up KPA-Class event handlers"}
{"level":"info","ts":1768351625.924395,"logger":"fallback","caller":"kpa/scaler.go:229","msg":"Can deactivate PA, was active for 10s"}
{"level":"info","ts":1768351625.924413,"logger":"fallback","caller":"kpa/kpa.go:158","msg":"SKS should be in Proxy mode: want = 0, ebc = 0, #act's = 2 PA Inactive? = false"}
{"level":"info","ts":1768351625.924433,"logger":"fallback","caller":"kpa/kpa.go:178","msg":"PA scale got=1, want=0, desiredPods=0 ebc=0"}
{"level":"info","ts":1768351625.924442,"logger":"fallback","caller":"kpa/kpa.go:188","msg":"Observed pod counts=kpa.podCounts{want:0, ready:1, notReady:0, pending:0, terminating:0}"}
{"level":"info","ts":"2026-01-13T16:47:05-08:00","logger":"KPAReconciler.reconcile","msg":"reconcile completed","key":"default/kamera-test","reconciler":"knative.dev.serving.pkg.reconciler.autoscaling.kpa.Reconciler","requeue":false,"requeueAfter":0}
{"level":"info","ts":"2026-01-13T16:47:05-08:00","logger":"tracecheck","msg":"Taking reconcile step","Depth":47,"# Distinct States":261,"Total States":263,"Resource States":56}
{"level":"info","ts":"2026-01-13T16:47:06-08:00","logger":"RevisionReconciler.seed","msg":"added podscalable to informer","resource":"deployments","namespace":"default","name":"kamera-test-deployment","stage":"podscalable-add","keys":["default/kamera-test-deployment"]}
{"level":"info","ts":"2026-01-13T16:47:06-08:00","logger":"RevisionReconciler.seed","msg":"podscalable visible to lister","resource":"deployments","namespace":"default","name":"kamera-test-deployment","stage":"podscalable-lister","object":{"apiVersion":"autoscaling.internal.knative.dev/v1alpha1","kind":"PodScalable","namespace":"default","name":"kamera-test-deployment"}}
{"level":"error","ts":1768351626.0351932,"logger":"fallback","caller":"revision/controller.go:116","msg":"Failed to create resolver transport","error":"open /var/run/secrets/kubernetes.io/serviceaccount/ca.crt: no such file or directory","stacktrace":"knative.dev/serving/pkg/reconciler/revision.newControllerWithOptions\n\t/Users/tgoodwin/tmp/gomodcache/knative.dev/serving@v0.46.5/pkg/reconciler/revision/controller.go:116\nknative.dev/serving/pkg/reconciler/revision.NewController\n\t/Users/tgoodwin/tmp/gomodcache/knative.dev/serving@v0.46.5/pkg/reconciler/revision/controller.go:64\nmain.configureKnativeExplorer.func1.1\n\t/Users/tgoodwin/projects/kamera/examples/knative-serving/scenario.go:91\ngithub.com/tgoodwin/kamera/examples/knative-serving/knative.NewKnativeStrategy.func1\n\t/Users/tgoodwin/projects/kamera/examples/knative-serving/knative/harness.go:555\ngithub.com/tgoodwin/kamera/examples/knative-serving/knative.(*KnativeStrategy).ReconcileAtState\n\t/Users/tgoodwin/projects/kamera/examples/knative-serving/knative/harness.go:895\ngithub.com/tgoodwin/kamera/pkg/tracecheck.(*ReconcilerContainer).doReconcile\n\t/Users/tgoodwin/projects/kamera/pkg/tracecheck/reconciler.go:164\ngithub.com/tgoodwin/kamera/pkg/tracecheck.(*Explorer).reconcileAtState\n\t/Users/tgoodwin/projects/kamera/pkg/tracecheck/explore.go:1313\ngithub.com/tgoodwin/kamera/pkg/tracecheck.(*Explorer).takeReconcileStep\n\t/Users/tgoodwin/projects/kamera/pkg/tracecheck/explore.go:1228\ngithub.com/tgoodwin/kamera/pkg/tracecheck.(*Explorer).explore\n\t/Users/tgoodwin/projects/kamera/pkg/tracecheck/explore.go:790\ngithub.com/tgoodwin/kamera/pkg/tracecheck.(*Explorer).Explore.func1\n\t/Users/tgoodwin/projects/kamera/pkg/tracecheck/explore.go:330"}
{"level":"info","ts":1768351626.0356328,"logger":"fallback","caller":"revision/reconcile_resources.go:161","msg":"Reconciling PA: kamera-test"}
{"level":"info","ts":1768351626.0356622,"logger":"fallback","caller":"revision/revision.go:166","msg":"Revision became ready"}
{"level":"info","ts":"2026-01-13T16:47:06-08:00","logger":"RevisionReconciler.reconcile","msg":"reconcile completed","key":"default/kamera-test","reconciler":"knative.dev.serving.pkg.reconciler.revision.Reconciler","requeue":false,"requeueAfter":0}
{"level":"info","ts":"2026-01-13T16:47:06-08:00","logger":"tracecheck","msg":"Taking reconcile step","Depth":48,"# Distinct States":262,"Total States":264,"Resource States":56}
{"level":"info","ts":"2026-01-13T16:47:06-08:00","logger":"tracecheck","msg":"Updated Deployment status","Depth":48,"# Distinct States":262,"Total States":264,"Resource States":56,"name":"kamera-test-deployment"}
{"level":"info","ts":"2026-01-13T16:47:06-08:00","logger":"tracecheck","msg":"Taking reconcile step","Depth":49,"# Distinct States":263,"Total States":265,"Resource States":57}
{"level":"info","ts":"2026-01-13T16:47:06-08:00","logger":"tracecheck","msg":"Taking reconcile step","Depth":50,"# Distinct States":264,"Total States":266,"Resource States":57}
{"level":"info","ts":"2026-01-13T16:47:06-08:00","logger":"KPAReconciler.seed","msg":"added podscalable to informer","resource":"deployments","namespace":"default","name":"kamera-test-deployment","stage":"podscalable-add","keys":["default/kamera-test-deployment"]}
{"level":"info","ts":"2026-01-13T16:47:06-08:00","logger":"KPAReconciler.seed","msg":"podscalable visible to lister","resource":"deployments","namespace":"default","name":"kamera-test-deployment","stage":"podscalable-lister","object":{"apiVersion":"autoscaling.internal.knative.dev/v1alpha1","kind":"PodScalable","namespace":"default","name":"kamera-test-deployment"}}
{"level":"info","ts":1768351626.150333,"logger":"fallback","caller":"kpa/controller.go:77","msg":"Setting up ConfigMap receivers"}
{"level":"info","ts":1768351626.150434,"logger":"fallback","caller":"kpa/controller.go:91","msg":"Setting up KPA-Class event handlers"}
{"level":"info","ts":1768351626.1505458,"logger":"fallback","caller":"kpa/scaler.go:379","msg":"Scaling from 1 to 0"}
{"level":"info","ts":1768351626.152589,"logger":"fallback","caller":"kpa/kpa.go:158","msg":"SKS should be in Proxy mode: want = 0, ebc = 0, #act's = 2 PA Inactive? = true"}
{"level":"info","ts":1768351626.15262,"logger":"fallback","caller":"kpa/kpa.go:178","msg":"PA scale got=1, want=0, desiredPods=0 ebc=0"}
{"level":"info","ts":1768351626.15263,"logger":"fallback","caller":"kpa/kpa.go:188","msg":"Observed pod counts=kpa.podCounts{want:0, ready:1, notReady:0, pending:0, terminating:0}"}
{"level":"info","ts":"2026-01-13T16:47:06-08:00","logger":"KPAReconciler.reconcile","msg":"reconcile completed","key":"default/kamera-test","reconciler":"knative.dev.serving.pkg.reconciler.autoscaling.kpa.Reconciler","requeue":false,"requeueAfter":0}
{"level":"info","ts":"2026-01-13T16:47:06-08:00","logger":"tracecheck","msg":"Taking reconcile step","Depth":51,"# Distinct States":265,"Total States":267,"Resource States":58}
{"level":"info","ts":"2026-01-13T16:47:06-08:00","logger":"tracecheck","msg":"Taking reconcile step","Depth":52,"# Distinct States":266,"Total States":268,"Resource States":58}
{"level":"info","ts":"2026-01-13T16:47:06-08:00","logger":"ConfigurationReconciler.seed","msg":"added podscalable to informer","resource":"deployments","namespace":"default","name":"kamera-test-deployment","stage":"podscalable-add","keys":["default/kamera-test-deployment"]}
{"level":"info","ts":"2026-01-13T16:47:06-08:00","logger":"ConfigurationReconciler.seed","msg":"podscalable visible to lister","resource":"deployments","namespace":"default","name":"kamera-test-deployment","stage":"podscalable-lister","object":{"apiVersion":"autoscaling.internal.knative.dev/v1alpha1","kind":"PodScalable","namespace":"default","name":"kamera-test-deployment"}}
{"level":"info","ts":1768351626.263225,"logger":"fallback","caller":"configuration/configuration.go:106","msg":"Revision \"kamera-test\" of configuration is ready"}
{"level":"info","ts":"2026-01-13T16:47:06-08:00","logger":"ConfigurationReconciler.reconcile","msg":"reconcile completed","key":"default/demo","reconciler":"knative.dev.serving.pkg.reconciler.configuration.Reconciler","requeue":false,"requeueAfter":0}
{"level":"info","ts":"2026-01-13T16:47:06-08:00","logger":"tracecheck","msg":"Taking reconcile step","Depth":53,"# Distinct States":267,"Total States":269,"Resource States":58}
{"level":"info","ts":"2026-01-13T16:47:06-08:00","logger":"RevisionReconciler.seed","msg":"added podscalable to informer","resource":"deployments","namespace":"default","name":"kamera-test-deployment","stage":"podscalable-add","keys":["default/kamera-test-deployment"]}
{"level":"info","ts":"2026-01-13T16:47:06-08:00","logger":"RevisionReconciler.seed","msg":"podscalable visible to lister","resource":"deployments","namespace":"default","name":"kamera-test-deployment","stage":"podscalable-lister","object":{"apiVersion":"autoscaling.internal.knative.dev/v1alpha1","kind":"PodScalable","namespace":"default","name":"kamera-test-deployment"}}
{"level":"error","ts":1768351626.371839,"logger":"fallback","caller":"revision/controller.go:116","msg":"Failed to create resolver transport","error":"open /var/run/secrets/kubernetes.io/serviceaccount/ca.crt: no such file or directory","stacktrace":"knative.dev/serving/pkg/reconciler/revision.newControllerWithOptions\n\t/Users/tgoodwin/tmp/gomodcache/knative.dev/serving@v0.46.5/pkg/reconciler/revision/controller.go:116\nknative.dev/serving/pkg/reconciler/revision.NewController\n\t/Users/tgoodwin/tmp/gomodcache/knative.dev/serving@v0.46.5/pkg/reconciler/revision/controller.go:64\nmain.configureKnativeExplorer.func1.1\n\t/Users/tgoodwin/projects/kamera/examples/knative-serving/scenario.go:91\ngithub.com/tgoodwin/kamera/examples/knative-serving/knative.NewKnativeStrategy.func1\n\t/Users/tgoodwin/projects/kamera/examples/knative-serving/knative/harness.go:555\ngithub.com/tgoodwin/kamera/examples/knative-serving/knative.(*KnativeStrategy).ReconcileAtState\n\t/Users/tgoodwin/projects/kamera/examples/knative-serving/knative/harness.go:895\ngithub.com/tgoodwin/kamera/pkg/tracecheck.(*ReconcilerContainer).doReconcile\n\t/Users/tgoodwin/projects/kamera/pkg/tracecheck/reconciler.go:164\ngithub.com/tgoodwin/kamera/pkg/tracecheck.(*Explorer).reconcileAtState\n\t/Users/tgoodwin/projects/kamera/pkg/tracecheck/explore.go:1313\ngithub.com/tgoodwin/kamera/pkg/tracecheck.(*Explorer).takeReconcileStep\n\t/Users/tgoodwin/projects/kamera/pkg/tracecheck/explore.go:1228\ngithub.com/tgoodwin/kamera/pkg/tracecheck.(*Explorer).explore\n\t/Users/tgoodwin/projects/kamera/pkg/tracecheck/explore.go:790\ngithub.com/tgoodwin/kamera/pkg/tracecheck.(*Explorer).Explore.func1\n\t/Users/tgoodwin/projects/kamera/pkg/tracecheck/explore.go:330"}
{"level":"info","ts":1768351626.372227,"logger":"fallback","caller":"revision/reconcile_resources.go:161","msg":"Reconciling PA: kamera-test"}
{"level":"info","ts":"2026-01-13T16:47:06-08:00","logger":"RevisionReconciler.reconcile","msg":"reconcile completed","key":"default/kamera-test","reconciler":"knative.dev.serving.pkg.reconciler.revision.Reconciler","requeue":false,"requeueAfter":0}
{"level":"info","ts":"2026-01-13T16:47:06-08:00","logger":"tracecheck","msg":"Taking reconcile step","Depth":54,"# Distinct States":268,"Total States":270,"Resource States":58}
{"level":"info","ts":"2026-01-13T16:47:06-08:00","logger":"tracecheck","msg":"Updated Deployment status","Depth":54,"# Distinct States":268,"Total States":270,"Resource States":58,"name":"kamera-test-deployment"}
{"level":"info","ts":"2026-01-13T16:47:06-08:00","logger":"tracecheck","msg":"Taking reconcile step","Depth":55,"# Distinct States":269,"Total States":271,"Resource States":59}
{"level":"info","ts":"2026-01-13T16:47:06-08:00","logger":"KPAReconciler.seed","msg":"added podscalable to informer","resource":"deployments","namespace":"default","name":"kamera-test-deployment","stage":"podscalable-add","keys":["default/kamera-test-deployment"]}
{"level":"info","ts":"2026-01-13T16:47:06-08:00","logger":"KPAReconciler.seed","msg":"podscalable visible to lister","resource":"deployments","namespace":"default","name":"kamera-test-deployment","stage":"podscalable-lister","object":{"apiVersion":"autoscaling.internal.knative.dev/v1alpha1","kind":"PodScalable","namespace":"default","name":"kamera-test-deployment"}}
{"level":"info","ts":1768351626.487669,"logger":"fallback","caller":"kpa/controller.go:77","msg":"Setting up ConfigMap receivers"}
{"level":"info","ts":1768351626.4878469,"logger":"fallback","caller":"kpa/controller.go:91","msg":"Setting up KPA-Class event handlers"}
{"level":"info","ts":1768351626.488019,"logger":"fallback","caller":"kpa/kpa.go:158","msg":"SKS should be in Proxy mode: want = 0, ebc = 0, #act's = 2 PA Inactive? = true"}
{"level":"info","ts":1768351626.488052,"logger":"fallback","caller":"kpa/kpa.go:178","msg":"PA scale got=1, want=0, desiredPods=0 ebc=0"}
{"level":"info","ts":1768351626.488065,"logger":"fallback","caller":"kpa/kpa.go:188","msg":"Observed pod counts=kpa.podCounts{want:0, ready:1, notReady:0, pending:0, terminating:0}"}
{"level":"info","ts":"2026-01-13T16:47:06-08:00","logger":"KPAReconciler.reconcile","msg":"reconcile completed","key":"default/kamera-test","reconciler":"knative.dev.serving.pkg.reconciler.autoscaling.kpa.Reconciler","requeue":false,"requeueAfter":0}
{"level":"info","ts":"2026-01-13T16:47:06-08:00","logger":"tracecheck","msg":"Taking reconcile step","Depth":56,"# Distinct States":270,"Total States":272,"Resource States":59}
{"level":"info","ts":"2026-01-13T16:47:06-08:00","logger":"ConfigurationReconciler.seed","msg":"added podscalable to informer","resource":"deployments","namespace":"default","name":"kamera-test-deployment","stage":"podscalable-add","keys":["default/kamera-test-deployment"]}
{"level":"info","ts":"2026-01-13T16:47:06-08:00","logger":"ConfigurationReconciler.seed","msg":"podscalable visible to lister","resource":"deployments","namespace":"default","name":"kamera-test-deployment","stage":"podscalable-lister","object":{"apiVersion":"autoscaling.internal.knative.dev/v1alpha1","kind":"PodScalable","namespace":"default","name":"kamera-test-deployment"}}
{"level":"info","ts":1768351626.595722,"logger":"fallback","caller":"configuration/configuration.go:106","msg":"Revision \"kamera-test\" of configuration is ready"}
{"level":"info","ts":"2026-01-13T16:47:06-08:00","logger":"ConfigurationReconciler.reconcile","msg":"reconcile completed","key":"default/demo","reconciler":"knative.dev.serving.pkg.reconciler.configuration.Reconciler","requeue":false,"requeueAfter":0}
{"level":"info","ts":"2026-01-13T16:47:06-08:00","logger":"tracecheck","msg":"Taking reconcile step","Depth":57,"# Distinct States":271,"Total States":273,"Resource States":59}
{"level":"info","ts":"2026-01-13T16:47:06-08:00","logger":"RouteReconciler.seed","msg":"added podscalable to informer","resource":"deployments","namespace":"default","name":"kamera-test-deployment","stage":"podscalable-add","keys":["default/kamera-test-deployment"]}
{"level":"info","ts":"2026-01-13T16:47:06-08:00","logger":"RouteReconciler.seed","msg":"podscalable visible to lister","resource":"deployments","namespace":"default","name":"kamera-test-deployment","stage":"podscalable-lister","object":{"apiVersion":"autoscaling.internal.knative.dev/v1alpha1","kind":"PodScalable","namespace":"default","name":"kamera-test-deployment"}}
{"level":"info","ts":1768351626.710043,"logger":"fallback","caller":"route/route.go:465","msg":"Revision default/kamera-test is inactive"}
{"level":"info","ts":1768351626.710079,"logger":"fallback","caller":"route/route.go:487","msg":"All referred targets are routable, marking AllTrafficAssigned with traffic information."}
{"level":"info","ts":1768351626.7101068,"logger":"fallback","caller":"route/route.go:140","msg":"Creating placeholder k8s services"}
{"level":"info","ts":1768351626.7103271,"logger":"fallback","caller":"route/reconcile_resources.go:179","msg":"Created service demo"}
{"level":"info","ts":1768351626.7112892,"logger":"fallback","caller":"route/route.go:176","msg":"Updating placeholder k8s services with ingress information"}
{"level":"warn","ts":1768351626.711326,"logger":"fallback","caller":"route/reconcile_resources.go:228","msg":"Failed to update k8s service","error":"failed to fetch loadbalancer domain/IP from ingress status"}
{"level":"info","ts":1768351626.711342,"logger":"fallback","caller":"route/route.go:198","msg":"Route successfully synced"}
{"level":"info","ts":"2026-01-13T16:47:06-08:00","logger":"RouteReconciler.reconcile","msg":"reconcile completed","key":"default/demo","reconciler":"knative.dev.serving.pkg.reconciler.route.Reconciler","requeue":false,"requeueAfter":0}
{"level":"info","ts":"2026-01-13T16:47:06-08:00","logger":"tracecheck","msg":"Taking reconcile step","Depth":58,"# Distinct States":272,"Total States":274,"Resource States":60}
{"level":"info","ts":"2026-01-13T16:47:06-08:00","logger":"ServiceReconciler.seed","msg":"added podscalable to informer","resource":"deployments","namespace":"default","name":"kamera-test-deployment","stage":"podscalable-add","keys":["default/kamera-test-deployment"]}
{"level":"info","ts":"2026-01-13T16:47:06-08:00","logger":"ServiceReconciler.seed","msg":"podscalable visible to lister","resource":"deployments","namespace":"default","name":"kamera-test-deployment","stage":"podscalable-lister","object":{"apiVersion":"autoscaling.internal.knative.dev/v1alpha1","kind":"PodScalable","namespace":"default","name":"kamera-test-deployment"}}
{"level":"info","ts":1768351626.819231,"logger":"fallback","caller":"service/service.go:171","msg":"Service reconciler fetching Route from lister: name=demo, namespace=default"}
{"level":"info","ts":1768351626.819272,"logger":"fallback","caller":"service/service.go:174","msg":"Service reconciler got Route from lister: name=demo, Generation=1, ObservedGeneration=1, ResourceVersion="}
{"level":"info","ts":1768351626.8193111,"logger":"fallback","caller":"service/service.go:126","msg":"Service reconciler checking Route: name=demo, Generation=1, ObservedGeneration=1, Ready=Unknown (reason=IngressNotConfigured, message=Ingress has not yet been reconciled.), generationMatch=true, routeResourceVersion="}
{"level":"info","ts":1768351626.8193228,"logger":"fallback","caller":"service/service.go:136","msg":"Service reconciler calling PropagateRouteStatus() because Generation == ObservedGeneration"}
{"level":"info","ts":"2026-01-13T16:47:06-08:00","logger":"ServiceReconciler.reconcile","msg":"reconcile completed","key":"default/demo","reconciler":"knative.dev.serving.pkg.reconciler.service.Reconciler","requeue":false,"requeueAfter":0}
{"level":"info","ts":"2026-01-13T16:47:06-08:00","logger":"tracecheck","msg":"Taking reconcile step","Depth":59,"# Distinct States":273,"Total States":275,"Resource States":60}
{"level":"info","ts":"2026-01-13T16:47:06-08:00","logger":"tracecheck","msg":"Taking reconcile step","Depth":60,"# Distinct States":274,"Total States":276,"Resource States":60}
{"level":"info","ts":"2026-01-13T16:47:06-08:00","logger":"tracecheck","msg":"Deleting pods","Depth":60,"# Distinct States":274,"Total States":276,"Resource States":60,"count":1}
{"level":"info","ts":"2026-01-13T16:47:06-08:00","logger":"tracecheck","msg":"Taking reconcile step","Depth":61,"# Distinct States":275,"Total States":277,"Resource States":61}
{"level":"info","ts":"2026-01-13T16:47:06-08:00","logger":"tracecheck","msg":"Taking reconcile step","Depth":62,"# Distinct States":276,"Total States":278,"Resource States":61}
{"level":"info","ts":"2026-01-13T16:47:06-08:00","logger":"RevisionReconciler.seed","msg":"added podscalable to informer","resource":"deployments","namespace":"default","name":"kamera-test-deployment","stage":"podscalable-add","keys":["default/kamera-test-deployment"]}
{"level":"info","ts":"2026-01-13T16:47:06-08:00","logger":"RevisionReconciler.seed","msg":"podscalable visible to lister","resource":"deployments","namespace":"default","name":"kamera-test-deployment","stage":"podscalable-lister","object":{"apiVersion":"autoscaling.internal.knative.dev/v1alpha1","kind":"PodScalable","namespace":"default","name":"kamera-test-deployment"}}
{"level":"error","ts":1768351626.936476,"logger":"fallback","caller":"revision/controller.go:116","msg":"Failed to create resolver transport","error":"open /var/run/secrets/kubernetes.io/serviceaccount/ca.crt: no such file or directory","stacktrace":"knative.dev/serving/pkg/reconciler/revision.newControllerWithOptions\n\t/Users/tgoodwin/tmp/gomodcache/knative.dev/serving@v0.46.5/pkg/reconciler/revision/controller.go:116\nknative.dev/serving/pkg/reconciler/revision.NewController\n\t/Users/tgoodwin/tmp/gomodcache/knative.dev/serving@v0.46.5/pkg/reconciler/revision/controller.go:64\nmain.configureKnativeExplorer.func1.1\n\t/Users/tgoodwin/projects/kamera/examples/knative-serving/scenario.go:91\ngithub.com/tgoodwin/kamera/examples/knative-serving/knative.NewKnativeStrategy.func1\n\t/Users/tgoodwin/projects/kamera/examples/knative-serving/knative/harness.go:555\ngithub.com/tgoodwin/kamera/examples/knative-serving/knative.(*KnativeStrategy).ReconcileAtState\n\t/Users/tgoodwin/projects/kamera/examples/knative-serving/knative/harness.go:895\ngithub.com/tgoodwin/kamera/pkg/tracecheck.(*ReconcilerContainer).doReconcile\n\t/Users/tgoodwin/projects/kamera/pkg/tracecheck/reconciler.go:164\ngithub.com/tgoodwin/kamera/pkg/tracecheck.(*Explorer).reconcileAtState\n\t/Users/tgoodwin/projects/kamera/pkg/tracecheck/explore.go:1313\ngithub.com/tgoodwin/kamera/pkg/tracecheck.(*Explorer).takeReconcileStep\n\t/Users/tgoodwin/projects/kamera/pkg/tracecheck/explore.go:1228\ngithub.com/tgoodwin/kamera/pkg/tracecheck.(*Explorer).explore\n\t/Users/tgoodwin/projects/kamera/pkg/tracecheck/explore.go:790\ngithub.com/tgoodwin/kamera/pkg/tracecheck.(*Explorer).Explore.func1\n\t/Users/tgoodwin/projects/kamera/pkg/tracecheck/explore.go:330"}
{"level":"info","ts":1768351626.9368188,"logger":"fallback","caller":"revision/reconcile_resources.go:161","msg":"Reconciling PA: kamera-test"}
{"level":"info","ts":"2026-01-13T16:47:06-08:00","logger":"RevisionReconciler.reconcile","msg":"reconcile completed","key":"default/kamera-test","reconciler":"knative.dev.serving.pkg.reconciler.revision.Reconciler","requeue":false,"requeueAfter":0}
{"level":"info","ts":"2026-01-13T16:47:06-08:00","logger":"tracecheck","msg":"Taking reconcile step","Depth":63,"# Distinct States":277,"Total States":279,"Resource States":61}
{"level":"info","ts":"2026-01-13T16:47:07-08:00","logger":"KPAReconciler.seed","msg":"added podscalable to informer","resource":"deployments","namespace":"default","name":"kamera-test-deployment","stage":"podscalable-add","keys":["default/kamera-test-deployment"]}
{"level":"info","ts":"2026-01-13T16:47:07-08:00","logger":"KPAReconciler.seed","msg":"podscalable visible to lister","resource":"deployments","namespace":"default","name":"kamera-test-deployment","stage":"podscalable-lister","object":{"apiVersion":"autoscaling.internal.knative.dev/v1alpha1","kind":"PodScalable","namespace":"default","name":"kamera-test-deployment"}}
{"level":"info","ts":1768351627.044826,"logger":"fallback","caller":"kpa/controller.go:77","msg":"Setting up ConfigMap receivers"}
{"level":"info","ts":1768351627.0450718,"logger":"fallback","caller":"kpa/controller.go:91","msg":"Setting up KPA-Class event handlers"}
{"level":"info","ts":1768351627.045259,"logger":"fallback","caller":"kpa/kpa.go:158","msg":"SKS should be in Proxy mode: want = 0, ebc = 0, #act's = 2 PA Inactive? = true"}
{"level":"info","ts":1768351627.0452878,"logger":"fallback","caller":"kpa/kpa.go:178","msg":"PA scale got=0, want=0, desiredPods=0 ebc=0"}
{"level":"info","ts":1768351627.045301,"logger":"fallback","caller":"kpa/kpa.go:188","msg":"Observed pod counts=kpa.podCounts{want:0, ready:0, notReady:1, pending:0, terminating:1}"}
{"level":"info","ts":"2026-01-13T16:47:07-08:00","logger":"KPAReconciler.reconcile","msg":"reconcile completed","key":"default/kamera-test","reconciler":"knative.dev.serving.pkg.reconciler.autoscaling.kpa.Reconciler","requeue":false,"requeueAfter":0}
{"level":"info","ts":"2026-01-13T16:47:07-08:00","logger":"tracecheck","msg":"Taking reconcile step","Depth":64,"# Distinct States":278,"Total States":280,"Resource States":62}
{"level":"info","ts":"2026-01-13T16:47:07-08:00","logger":"tracecheck","msg":"Taking reconcile step","Depth":65,"# Distinct States":279,"Total States":281,"Resource States":62}
{"level":"info","ts":"2026-01-13T16:47:07-08:00","logger":"tracecheck","msg":"Taking reconcile step","Depth":66,"# Distinct States":280,"Total States":282,"Resource States":63}
{"level":"info","ts":"2026-01-13T16:47:07-08:00","logger":"RouteReconciler.seed","msg":"added podscalable to informer","resource":"deployments","namespace":"default","name":"kamera-test-deployment","stage":"podscalable-add","keys":["default/kamera-test-deployment"]}
{"level":"info","ts":"2026-01-13T16:47:07-08:00","logger":"RouteReconciler.seed","msg":"podscalable visible to lister","resource":"deployments","namespace":"default","name":"kamera-test-deployment","stage":"podscalable-lister","object":{"apiVersion":"autoscaling.internal.knative.dev/v1alpha1","kind":"PodScalable","namespace":"default","name":"kamera-test-deployment"}}
{"level":"info","ts":1768351627.158271,"logger":"fallback","caller":"route/route.go:465","msg":"Revision default/kamera-test is inactive"}
{"level":"info","ts":1768351627.158292,"logger":"fallback","caller":"route/route.go:487","msg":"All referred targets are routable, marking AllTrafficAssigned with traffic information."}
{"level":"info","ts":1768351627.1583061,"logger":"fallback","caller":"route/route.go:140","msg":"Creating placeholder k8s services"}
{"level":"info","ts":1768351627.158392,"logger":"fallback","caller":"route/route.go:176","msg":"Updating placeholder k8s services with ingress information"}
{"level":"info","ts":1768351627.15858,"logger":"fallback","caller":"route/route.go:198","msg":"Route successfully synced"}
{"level":"info","ts":"2026-01-13T16:47:07-08:00","logger":"RouteReconciler.reconcile","msg":"reconcile completed","key":"default/demo","reconciler":"knative.dev.serving.pkg.reconciler.route.Reconciler","requeue":false,"requeueAfter":0}
{"level":"info","ts":"2026-01-13T16:47:07-08:00","logger":"tracecheck","msg":"Taking reconcile step","Depth":67,"# Distinct States":281,"Total States":283,"Resource States":64}
{"level":"info","ts":"2026-01-13T16:47:07-08:00","logger":"tracecheck","msg":"Taking reconcile step","Depth":68,"# Distinct States":282,"Total States":284,"Resource States":64}
{"level":"info","ts":"2026-01-13T16:47:07-08:00","logger":"ServiceReconciler.seed","msg":"added podscalable to informer","resource":"deployments","namespace":"default","name":"kamera-test-deployment","stage":"podscalable-add","keys":["default/kamera-test-deployment"]}
{"level":"info","ts":"2026-01-13T16:47:07-08:00","logger":"ServiceReconciler.seed","msg":"podscalable visible to lister","resource":"deployments","namespace":"default","name":"kamera-test-deployment","stage":"podscalable-lister","object":{"apiVersion":"autoscaling.internal.knative.dev/v1alpha1","kind":"PodScalable","namespace":"default","name":"kamera-test-deployment"}}
{"level":"info","ts":1768351627.267924,"logger":"fallback","caller":"service/service.go:171","msg":"Service reconciler fetching Route from lister: name=demo, namespace=default"}
{"level":"info","ts":1768351627.26794,"logger":"fallback","caller":"service/service.go:174","msg":"Service reconciler got Route from lister: name=demo, Generation=1, ObservedGeneration=1, ResourceVersion="}
{"level":"info","ts":1768351627.267961,"logger":"fallback","caller":"service/service.go:126","msg":"Service reconciler checking Route: name=demo, Generation=1, ObservedGeneration=1, Ready=True (reason=, message=), generationMatch=true, routeResourceVersion="}
{"level":"info","ts":1768351627.267967,"logger":"fallback","caller":"service/service.go:136","msg":"Service reconciler calling PropagateRouteStatus() because Generation == ObservedGeneration"}
{"level":"info","ts":"2026-01-13T16:47:07-08:00","logger":"ServiceReconciler.reconcile","msg":"reconcile completed","key":"default/demo","reconciler":"knative.dev.serving.pkg.reconciler.service.Reconciler","requeue":false,"requeueAfter":0}
{"level":"info","ts":"2026-01-13T16:47:07-08:00","logger":"tracecheck","msg":"Taking reconcile step","Depth":69,"# Distinct States":283,"Total States":285,"Resource States":64}
{"level":"error","ts":"2026-01-13T16:47:07-08:00","logger":"tracegen","msg":"setting root context","Kind":"/v1, Kind=Pod","Name":"kamera-test-deployment-1488584584-0","NewRootID":"","labels":{"app":"kamera-test","discrete.events/sleeve-object-id":"37jmqvjn","pod-template-hash":"1488584584","serving.knative.dev/configuration":"demo","serving.knative.dev/configurationGeneration":"1","serving.knative.dev/revision":"kamera-test","serving.knative.dev/revisionUID":"","serving.knative.dev/service":"demo"},"error":"no root ID set on object - is this namespace handled by the sleeve webhook?","stacktrace":"github.com/tgoodwin/kamera/pkg/tracegen.(*ContextTracker).setRootContextFromObservation\n\t/Users/tgoodwin/projects/kamera/pkg/tracegen/context.go:153\ngithub.com/tgoodwin/kamera/pkg/tracegen.(*ContextTracker).TrackOperation\n\t/Users/tgoodwin/projects/kamera/pkg/tracegen/context.go:197\ngithub.com/tgoodwin/kamera/pkg/tracegen.(*Client).Get\n\t/Users/tgoodwin/projects/kamera/pkg/tracegen/client.go:177\ngithub.com/tgoodwin/kamera/sleevectrl/pkg/controller.(*FinalizerReconciler).Reconcile\n\t/Users/tgoodwin/projects/kamera/sleevectrl/pkg/controller/sleeve_finalizer_controller.go:41\ngithub.com/tgoodwin/kamera/pkg/tracecheck.(*ControllerRuntimeStrategy).ReconcileAtState\n\t/Users/tgoodwin/projects/kamera/pkg/tracecheck/reconciler.go:82\ngithub.com/tgoodwin/kamera/pkg/tracecheck.(*ReconcilerContainer).doReconcile\n\t/Users/tgoodwin/projects/kamera/pkg/tracecheck/reconciler.go:164\ngithub.com/tgoodwin/kamera/pkg/tracecheck.(*Explorer).reconcileAtState\n\t/Users/tgoodwin/projects/kamera/pkg/tracecheck/explore.go:1313\ngithub.com/tgoodwin/kamera/pkg/tracecheck.(*Explorer).takeReconcileStep\n\t/Users/tgoodwin/projects/kamera/pkg/tracecheck/explore.go:1228\ngithub.com/tgoodwin/kamera/pkg/tracecheck.(*Explorer).explore\n\t/Users/tgoodwin/projects/kamera/pkg/tracecheck/explore.go:790\ngithub.com/tgoodwin/kamera/pkg/tracecheck.(*Explorer).Explore.func1\n\t/Users/tgoodwin/projects/kamera/pkg/tracecheck/explore.go:330"}
{"level":"error","ts":"2026-01-13T16:47:07-08:00","logger":"tracegen","msg":"rootID is empty","Kind":"/v1, Kind=Pod","Name":"kamera-test-deployment-1488584584-0","NewRootID":"","stacktrace":"github.com/tgoodwin/kamera/pkg/tracegen.(*ContextTracker).setRootContextFromObservation\n\t/Users/tgoodwin/projects/kamera/pkg/tracegen/context.go:157\ngithub.com/tgoodwin/kamera/pkg/tracegen.(*ContextTracker).TrackOperation\n\t/Users/tgoodwin/projects/kamera/pkg/tracegen/context.go:197\ngithub.com/tgoodwin/kamera/pkg/tracegen.(*Client).Get\n\t/Users/tgoodwin/projects/kamera/pkg/tracegen/client.go:177\ngithub.com/tgoodwin/kamera/sleevectrl/pkg/controller.(*FinalizerReconciler).Reconcile\n\t/Users/tgoodwin/projects/kamera/sleevectrl/pkg/controller/sleeve_finalizer_controller.go:41\ngithub.com/tgoodwin/kamera/pkg/tracecheck.(*ControllerRuntimeStrategy).ReconcileAtState\n\t/Users/tgoodwin/projects/kamera/pkg/tracecheck/reconciler.go:82\ngithub.com/tgoodwin/kamera/pkg/tracecheck.(*ReconcilerContainer).doReconcile\n\t/Users/tgoodwin/projects/kamera/pkg/tracecheck/reconciler.go:164\ngithub.com/tgoodwin/kamera/pkg/tracecheck.(*Explorer).reconcileAtState\n\t/Users/tgoodwin/projects/kamera/pkg/tracecheck/explore.go:1313\ngithub.com/tgoodwin/kamera/pkg/tracecheck.(*Explorer).takeReconcileStep\n\t/Users/tgoodwin/projects/kamera/pkg/tracecheck/explore.go:1228\ngithub.com/tgoodwin/kamera/pkg/tracecheck.(*Explorer).explore\n\t/Users/tgoodwin/projects/kamera/pkg/tracecheck/explore.go:790\ngithub.com/tgoodwin/kamera/pkg/tracecheck.(*Explorer).Explore.func1\n\t/Users/tgoodwin/projects/kamera/pkg/tracecheck/explore.go:330"}
{"level":"error","ts":"2026-01-13T16:47:07-08:00","logger":"tracegen","msg":"creating event","error":"failed to get change ID: Event does not have a change ID","stacktrace":"github.com/tgoodwin/kamera/pkg/tracegen.(*Client).LogOperation\n\t/Users/tgoodwin/projects/kamera/pkg/tracegen/client.go:106\ngithub.com/tgoodwin/kamera/pkg/tracegen.(*Client).Get\n\t/Users/tgoodwin/projects/kamera/pkg/tracegen/client.go:178\ngithub.com/tgoodwin/kamera/sleevectrl/pkg/controller.(*FinalizerReconciler).Reconcile\n\t/Users/tgoodwin/projects/kamera/sleevectrl/pkg/controller/sleeve_finalizer_controller.go:41\ngithub.com/tgoodwin/kamera/pkg/tracecheck.(*ControllerRuntimeStrategy).ReconcileAtState\n\t/Users/tgoodwin/projects/kamera/pkg/tracecheck/reconciler.go:82\ngithub.com/tgoodwin/kamera/pkg/tracecheck.(*ReconcilerContainer).doReconcile\n\t/Users/tgoodwin/projects/kamera/pkg/tracecheck/reconciler.go:164\ngithub.com/tgoodwin/kamera/pkg/tracecheck.(*Explorer).reconcileAtState\n\t/Users/tgoodwin/projects/kamera/pkg/tracecheck/explore.go:1313\ngithub.com/tgoodwin/kamera/pkg/tracecheck.(*Explorer).takeReconcileStep\n\t/Users/tgoodwin/projects/kamera/pkg/tracecheck/explore.go:1228\ngithub.com/tgoodwin/kamera/pkg/tracecheck.(*Explorer).explore\n\t/Users/tgoodwin/projects/kamera/pkg/tracecheck/explore.go:790\ngithub.com/tgoodwin/kamera/pkg/tracecheck.(*Explorer).Explore.func1\n\t/Users/tgoodwin/projects/kamera/pkg/tracecheck/explore.go:330"}
{"level":"error","ts":"2026-01-13T16:47:07-08:00","logger":"tracegen","msg":"creating event","error":"failed to get change ID: Event does not have a change ID","stacktrace":"github.com/tgoodwin/kamera/pkg/tracegen.(*Client).LogOperation\n\t/Users/tgoodwin/projects/kamera/pkg/tracegen/client.go:106\ngithub.com/tgoodwin/kamera/sleevectrl/pkg/controller.(*FinalizerReconciler).Reconcile\n\t/Users/tgoodwin/projects/kamera/sleevectrl/pkg/controller/sleeve_finalizer_controller.go:69\ngithub.com/tgoodwin/kamera/pkg/tracecheck.(*ControllerRuntimeStrategy).ReconcileAtState\n\t/Users/tgoodwin/projects/kamera/pkg/tracecheck/reconciler.go:82\ngithub.com/tgoodwin/kamera/pkg/tracecheck.(*ReconcilerContainer).doReconcile\n\t/Users/tgoodwin/projects/kamera/pkg/tracecheck/reconciler.go:164\ngithub.com/tgoodwin/kamera/pkg/tracecheck.(*Explorer).reconcileAtState\n\t/Users/tgoodwin/projects/kamera/pkg/tracecheck/explore.go:1313\ngithub.com/tgoodwin/kamera/pkg/tracecheck.(*Explorer).takeReconcileStep\n\t/Users/tgoodwin/projects/kamera/pkg/tracecheck/explore.go:1228\ngithub.com/tgoodwin/kamera/pkg/tracecheck.(*Explorer).explore\n\t/Users/tgoodwin/projects/kamera/pkg/tracecheck/explore.go:790\ngithub.com/tgoodwin/kamera/pkg/tracecheck.(*Explorer).Explore.func1\n\t/Users/tgoodwin/projects/kamera/pkg/tracecheck/explore.go:330"}
{"level":"info","ts":"2026-01-13T16:47:07-08:00","logger":"tracecheck","msg":"Taking reconcile step","Depth":70,"# Distinct States":284,"Total States":286,"Resource States":64}
{"level":"info","ts":"2026-01-13T16:47:07-08:00","logger":"tracecheck","msg":"Taking reconcile step","Depth":71,"# Distinct States":285,"Total States":287,"Resource States":64}
{"level":"info","ts":"2026-01-13T16:47:07-08:00","logger":"tracecheck","msg":"Updated ReplicaSet status","Depth":71,"# Distinct States":285,"Total States":287,"Resource States":64,"name":"kamera-test-deployment-1488584584"}
{"level":"info","ts":"2026-01-13T16:47:07-08:00","logger":"tracecheck","msg":"Taking reconcile step","Depth":72,"# Distinct States":286,"Total States":288,"Resource States":64}
{"level":"info","ts":"2026-01-13T16:47:07-08:00","logger":"KPAReconciler.seed","msg":"added podscalable to informer","resource":"deployments","namespace":"default","name":"kamera-test-deployment","stage":"podscalable-add","keys":["default/kamera-test-deployment"]}
{"level":"info","ts":"2026-01-13T16:47:07-08:00","logger":"KPAReconciler.seed","msg":"podscalable visible to lister","resource":"deployments","namespace":"default","name":"kamera-test-deployment","stage":"podscalable-lister","object":{"apiVersion":"autoscaling.internal.knative.dev/v1alpha1","kind":"PodScalable","namespace":"default","name":"kamera-test-deployment"}}
{"level":"info","ts":1768351627.384077,"logger":"fallback","caller":"kpa/controller.go:77","msg":"Setting up ConfigMap receivers"}
{"level":"info","ts":1768351627.384167,"logger":"fallback","caller":"kpa/controller.go:91","msg":"Setting up KPA-Class event handlers"}
{"level":"info","ts":1768351627.384264,"logger":"fallback","caller":"kpa/kpa.go:158","msg":"SKS should be in Proxy mode: want = 0, ebc = 0, #act's = 2 PA Inactive? = true"}
{"level":"info","ts":1768351627.3842828,"logger":"fallback","caller":"kpa/kpa.go:178","msg":"PA scale got=0, want=0, desiredPods=0 ebc=0"}
{"level":"info","ts":1768351627.384293,"logger":"fallback","caller":"kpa/kpa.go:188","msg":"Observed pod counts=kpa.podCounts{want:0, ready:0, notReady:0, pending:0, terminating:0}"}
{"level":"info","ts":"2026-01-13T16:47:07-08:00","logger":"KPAReconciler.reconcile","msg":"reconcile completed","key":"default/kamera-test","reconciler":"knative.dev.serving.pkg.reconciler.autoscaling.kpa.Reconciler","requeue":false,"requeueAfter":0}
{"level":"info","ts":"2026-01-13T16:47:07-08:00","logger":"tracecheck","msg":"Taking reconcile step","Depth":73,"# Distinct States":287,"Total States":289,"Resource States":64}
{"level":"info","ts":"2026-01-13T16:47:07-08:00","logger":"tracecheck","msg":"Taking reconcile step","Depth":74,"# Distinct States":288,"Total States":290,"Resource States":64}
{"level":"info","ts":"2026-01-13T16:47:07-08:00","logger":"RevisionReconciler.seed","msg":"added podscalable to informer","resource":"deployments","namespace":"default","name":"kamera-test-deployment","stage":"podscalable-add","keys":["default/kamera-test-deployment"]}
{"level":"info","ts":"2026-01-13T16:47:07-08:00","logger":"RevisionReconciler.seed","msg":"podscalable visible to lister","resource":"deployments","namespace":"default","name":"kamera-test-deployment","stage":"podscalable-lister","object":{"apiVersion":"autoscaling.internal.knative.dev/v1alpha1","kind":"PodScalable","namespace":"default","name":"kamera-test-deployment"}}
{"level":"error","ts":1768351627.4923189,"logger":"fallback","caller":"revision/controller.go:116","msg":"Failed to create resolver transport","error":"open /var/run/secrets/kubernetes.io/serviceaccount/ca.crt: no such file or directory","stacktrace":"knative.dev/serving/pkg/reconciler/revision.newControllerWithOptions\n\t/Users/tgoodwin/tmp/gomodcache/knative.dev/serving@v0.46.5/pkg/reconciler/revision/controller.go:116\nknative.dev/serving/pkg/reconciler/revision.NewController\n\t/Users/tgoodwin/tmp/gomodcache/knative.dev/serving@v0.46.5/pkg/reconciler/revision/controller.go:64\nmain.configureKnativeExplorer.func1.1\n\t/Users/tgoodwin/projects/kamera/examples/knative-serving/scenario.go:91\ngithub.com/tgoodwin/kamera/examples/knative-serving/knative.NewKnativeStrategy.func1\n\t/Users/tgoodwin/projects/kamera/examples/knative-serving/knative/harness.go:555\ngithub.com/tgoodwin/kamera/examples/knative-serving/knative.(*KnativeStrategy).ReconcileAtState\n\t/Users/tgoodwin/projects/kamera/examples/knative-serving/knative/harness.go:895\ngithub.com/tgoodwin/kamera/pkg/tracecheck.(*ReconcilerContainer).doReconcile\n\t/Users/tgoodwin/projects/kamera/pkg/tracecheck/reconciler.go:164\ngithub.com/tgoodwin/kamera/pkg/tracecheck.(*Explorer).reconcileAtState\n\t/Users/tgoodwin/projects/kamera/pkg/tracecheck/explore.go:1313\ngithub.com/tgoodwin/kamera/pkg/tracecheck.(*Explorer).takeReconcileStep\n\t/Users/tgoodwin/projects/kamera/pkg/tracecheck/explore.go:1228\ngithub.com/tgoodwin/kamera/pkg/tracecheck.(*Explorer).explore\n\t/Users/tgoodwin/projects/kamera/pkg/tracecheck/explore.go:790\ngithub.com/tgoodwin/kamera/pkg/tracecheck.(*Explorer).Explore.func1\n\t/Users/tgoodwin/projects/kamera/pkg/tracecheck/explore.go:330"}
{"level":"info","ts":1768351627.492681,"logger":"fallback","caller":"revision/reconcile_resources.go:161","msg":"Reconciling PA: kamera-test"}
{"level":"info","ts":"2026-01-13T16:47:07-08:00","logger":"RevisionReconciler.reconcile","msg":"reconcile completed","key":"default/kamera-test","reconciler":"knative.dev.serving.pkg.reconciler.revision.Reconciler","requeue":false,"requeueAfter":0}
{"level":"info","ts":"2026-01-13T16:47:07-08:00","logger":"tracecheck","msg":"Taking reconcile step","Depth":75,"# Distinct States":289,"Total States":291,"Resource States":64}
{"level":"info","ts":"2026-01-13T16:47:07-08:00","logger":"tracecheck","msg":"Taking reconcile step","Depth":76,"# Distinct States":290,"Total States":292,"Resource States":64}
{"level":"info","ts":"2026-01-13T16:47:07-08:00","logger":"tracecheck","msg":"Taking reconcile step","Depth":77,"# Distinct States":291,"Total States":293,"Resource States":64}
{"level":"info","ts":"2026-01-13T16:47:07-08:00","logger":"RouteReconciler.seed","msg":"added podscalable to informer","resource":"deployments","namespace":"default","name":"kamera-test-deployment","stage":"podscalable-add","keys":["default/kamera-test-deployment"]}
{"level":"info","ts":"2026-01-13T16:47:07-08:00","logger":"RouteReconciler.seed","msg":"podscalable visible to lister","resource":"deployments","namespace":"default","name":"kamera-test-deployment","stage":"podscalable-lister","object":{"apiVersion":"autoscaling.internal.knative.dev/v1alpha1","kind":"PodScalable","namespace":"default","name":"kamera-test-deployment"}}
{"level":"info","ts":1768351627.604317,"logger":"fallback","caller":"route/route.go:465","msg":"Revision default/kamera-test is inactive"}
{"level":"info","ts":1768351627.604351,"logger":"fallback","caller":"route/route.go:487","msg":"All referred targets are routable, marking AllTrafficAssigned with traffic information."}
{"level":"info","ts":1768351627.6043699,"logger":"fallback","caller":"route/route.go:140","msg":"Creating placeholder k8s services"}
{"level":"info","ts":1768351627.604477,"logger":"fallback","caller":"route/route.go:176","msg":"Updating placeholder k8s services with ingress information"}
{"level":"info","ts":1768351627.604534,"logger":"fallback","caller":"route/route.go:198","msg":"Route successfully synced"}
{"level":"info","ts":"2026-01-13T16:47:07-08:00","logger":"RouteReconciler.reconcile","msg":"reconcile completed","key":"default/demo","reconciler":"knative.dev.serving.pkg.reconciler.route.Reconciler","requeue":false,"requeueAfter":0}
{"level":"info","ts":"2026-01-13T16:47:07-08:00","logger":"tracecheck","msg":"Taking reconcile step","Depth":78,"# Distinct States":292,"Total States":294,"Resource States":64}
{"level":"info","ts":"2026-01-13T16:47:07-08:00","logger":"ServiceReconciler.seed","msg":"added podscalable to informer","resource":"deployments","namespace":"default","name":"kamera-test-deployment","stage":"podscalable-add","keys":["default/kamera-test-deployment"]}
{"level":"info","ts":"2026-01-13T16:47:07-08:00","logger":"ServiceReconciler.seed","msg":"podscalable visible to lister","resource":"deployments","namespace":"default","name":"kamera-test-deployment","stage":"podscalable-lister","object":{"apiVersion":"autoscaling.internal.knative.dev/v1alpha1","kind":"PodScalable","namespace":"default","name":"kamera-test-deployment"}}
{"level":"info","ts":1768351627.712374,"logger":"fallback","caller":"service/service.go:171","msg":"Service reconciler fetching Route from lister: name=demo, namespace=default"}
{"level":"info","ts":1768351627.712415,"logger":"fallback","caller":"service/service.go:174","msg":"Service reconciler got Route from lister: name=demo, Generation=1, ObservedGeneration=1, ResourceVersion="}
{"level":"info","ts":1768351627.7124631,"logger":"fallback","caller":"service/service.go:126","msg":"Service reconciler checking Route: name=demo, Generation=1, ObservedGeneration=1, Ready=True (reason=, message=), generationMatch=true, routeResourceVersion="}
{"level":"info","ts":1768351627.712477,"logger":"fallback","caller":"service/service.go:136","msg":"Service reconciler calling PropagateRouteStatus() because Generation == ObservedGeneration"}
{"level":"info","ts":"2026-01-13T16:47:07-08:00","logger":"ServiceReconciler.reconcile","msg":"reconcile completed","key":"default/demo","reconciler":"knative.dev.serving.pkg.reconciler.service.Reconciler","requeue":false,"requeueAfter":0}
{"level":"info","ts":"2026-01-13T16:47:07-08:00","logger":"tracecheck","msg":"Taking reconcile step","Depth":64,"# Distinct States":293,"Total States":295,"Resource States":64}
{"level":"info","ts":"2026-01-13T16:47:07-08:00","logger":"RevisionReconciler.seed","msg":"added podscalable to informer","resource":"deployments","namespace":"default","name":"kamera-test-deployment","stage":"podscalable-add","keys":["default/kamera-test-deployment"]}
{"level":"info","ts":"2026-01-13T16:47:07-08:00","logger":"RevisionReconciler.seed","msg":"podscalable visible to lister","resource":"deployments","namespace":"default","name":"kamera-test-deployment","stage":"podscalable-lister","object":{"apiVersion":"autoscaling.internal.knative.dev/v1alpha1","kind":"PodScalable","namespace":"default","name":"kamera-test-deployment"}}
{"level":"error","ts":1768351627.821318,"logger":"fallback","caller":"revision/controller.go:116","msg":"Failed to create resolver transport","error":"open /var/run/secrets/kubernetes.io/serviceaccount/ca.crt: no such file or directory","stacktrace":"knative.dev/serving/pkg/reconciler/revision.newControllerWithOptions\n\t/Users/tgoodwin/tmp/gomodcache/knative.dev/serving@v0.46.5/pkg/reconciler/revision/controller.go:116\nknative.dev/serving/pkg/reconciler/revision.NewController\n\t/Users/tgoodwin/tmp/gomodcache/knative.dev/serving@v0.46.5/pkg/reconciler/revision/controller.go:64\nmain.configureKnativeExplorer.func1.1\n\t/Users/tgoodwin/projects/kamera/examples/knative-serving/scenario.go:91\ngithub.com/tgoodwin/kamera/examples/knative-serving/knative.NewKnativeStrategy.func1\n\t/Users/tgoodwin/projects/kamera/examples/knative-serving/knative/harness.go:555\ngithub.com/tgoodwin/kamera/examples/knative-serving/knative.(*KnativeStrategy).ReconcileAtState\n\t/Users/tgoodwin/projects/kamera/examples/knative-serving/knative/harness.go:895\ngithub.com/tgoodwin/kamera/pkg/tracecheck.(*ReconcilerContainer).doReconcile\n\t/Users/tgoodwin/projects/kamera/pkg/tracecheck/reconciler.go:164\ngithub.com/tgoodwin/kamera/pkg/tracecheck.(*Explorer).reconcileAtState\n\t/Users/tgoodwin/projects/kamera/pkg/tracecheck/explore.go:1313\ngithub.com/tgoodwin/kamera/pkg/tracecheck.(*Explorer).takeReconcileStep\n\t/Users/tgoodwin/projects/kamera/pkg/tracecheck/explore.go:1228\ngithub.com/tgoodwin/kamera/pkg/tracecheck.(*Explorer).explore\n\t/Users/tgoodwin/projects/kamera/pkg/tracecheck/explore.go:790\ngithub.com/tgoodwin/kamera/pkg/tracecheck.(*Explorer).Explore.func1\n\t/Users/tgoodwin/projects/kamera/pkg/tracecheck/explore.go:330"}
{"level":"info","ts":1768351627.82168,"logger":"fallback","caller":"revision/reconcile_resources.go:161","msg":"Reconciling PA: kamera-test"}
{"level":"info","ts":"2026-01-13T16:47:07-08:00","logger":"RevisionReconciler.reconcile","msg":"reconcile completed","key":"default/kamera-test","reconciler":"knative.dev.serving.pkg.reconciler.revision.Reconciler","requeue":false,"requeueAfter":0}
{"level":"info","ts":"2026-01-13T16:47:07-08:00","logger":"tracecheck","msg":"Taking reconcile step","Depth":65,"# Distinct States":294,"Total States":296,"Resource States":65}
{"level":"info","ts":"2026-01-13T16:47:07-08:00","logger":"tracecheck","msg":"Taking reconcile step","Depth":66,"# Distinct States":295,"Total States":297,"Resource States":65}
{"level":"info","ts":"2026-01-13T16:47:07-08:00","logger":"tracecheck","msg":"Taking reconcile step","Depth":67,"# Distinct States":296,"Total States":298,"Resource States":66}
{"level":"info","ts":"2026-01-13T16:47:07-08:00","logger":"RouteReconciler.seed","msg":"added podscalable to informer","resource":"deployments","namespace":"default","name":"kamera-test-deployment","stage":"podscalable-add","keys":["default/kamera-test-deployment"]}
{"level":"info","ts":"2026-01-13T16:47:07-08:00","logger":"RouteReconciler.seed","msg":"podscalable visible to lister","resource":"deployments","namespace":"default","name":"kamera-test-deployment","stage":"podscalable-lister","object":{"apiVersion":"autoscaling.internal.knative.dev/v1alpha1","kind":"PodScalable","namespace":"default","name":"kamera-test-deployment"}}
{"level":"info","ts":1768351627.933745,"logger":"fallback","caller":"route/route.go:465","msg":"Revision default/kamera-test is inactive"}
{"level":"info","ts":1768351627.933768,"logger":"fallback","caller":"route/route.go:487","msg":"All referred targets are routable, marking AllTrafficAssigned with traffic information."}
{"level":"info","ts":1768351627.9337852,"logger":"fallback","caller":"route/route.go:140","msg":"Creating placeholder k8s services"}
{"level":"info","ts":1768351627.933884,"logger":"fallback","caller":"route/route.go:176","msg":"Updating placeholder k8s services with ingress information"}
{"level":"info","ts":1768351627.9341052,"logger":"fallback","caller":"route/route.go:198","msg":"Route successfully synced"}
{"level":"info","ts":"2026-01-13T16:47:07-08:00","logger":"RouteReconciler.reconcile","msg":"reconcile completed","key":"default/demo","reconciler":"knative.dev.serving.pkg.reconciler.route.Reconciler","requeue":false,"requeueAfter":0}
{"level":"info","ts":"2026-01-13T16:47:07-08:00","logger":"tracecheck","msg":"Taking reconcile step","Depth":68,"# Distinct States":297,"Total States":299,"Resource States":67}
{"level":"info","ts":"2026-01-13T16:47:07-08:00","logger":"tracecheck","msg":"Taking reconcile step","Depth":69,"# Distinct States":298,"Total States":300,"Resource States":67}
{"level":"info","ts":"2026-01-13T16:47:08-08:00","logger":"ServiceReconciler.seed","msg":"added podscalable to informer","resource":"deployments","namespace":"default","name":"kamera-test-deployment","stage":"podscalable-add","keys":["default/kamera-test-deployment"]}
{"level":"info","ts":"2026-01-13T16:47:08-08:00","logger":"ServiceReconciler.seed","msg":"podscalable visible to lister","resource":"deployments","namespace":"default","name":"kamera-test-deployment","stage":"podscalable-lister","object":{"apiVersion":"autoscaling.internal.knative.dev/v1alpha1","kind":"PodScalable","namespace":"default","name":"kamera-test-deployment"}}
{"level":"info","ts":1768351628.044372,"logger":"fallback","caller":"service/service.go:171","msg":"Service reconciler fetching Route from lister: name=demo, namespace=default"}
{"level":"info","ts":1768351628.0443919,"logger":"fallback","caller":"service/service.go:174","msg":"Service reconciler got Route from lister: name=demo, Generation=1, ObservedGeneration=1, ResourceVersion="}
{"level":"info","ts":1768351628.044422,"logger":"fallback","caller":"service/service.go:126","msg":"Service reconciler checking Route: name=demo, Generation=1, ObservedGeneration=1, Ready=True (reason=, message=), generationMatch=true, routeResourceVersion="}
{"level":"info","ts":1768351628.044429,"logger":"fallback","caller":"service/service.go:136","msg":"Service reconciler calling PropagateRouteStatus() because Generation == ObservedGeneration"}
{"level":"info","ts":"2026-01-13T16:47:08-08:00","logger":"ServiceReconciler.reconcile","msg":"reconcile completed","key":"default/demo","reconciler":"knative.dev.serving.pkg.reconciler.service.Reconciler","requeue":false,"requeueAfter":0}
{"level":"info","ts":"2026-01-13T16:47:08-08:00","logger":"tracecheck","msg":"Taking reconcile step","Depth":70,"# Distinct States":299,"Total States":301,"Resource States":67}
{"level":"error","ts":"2026-01-13T16:47:08-08:00","logger":"tracegen","msg":"setting root context","Kind":"/v1, Kind=Pod","Name":"kamera-test-deployment-1488584584-0","NewRootID":"","labels":{"app":"kamera-test","discrete.events/sleeve-object-id":"37jmqvjn","pod-template-hash":"1488584584","serving.knative.dev/configuration":"demo","serving.knative.dev/configurationGeneration":"1","serving.knative.dev/revision":"kamera-test","serving.knative.dev/revisionUID":"","serving.knative.dev/service":"demo"},"error":"no root ID set on object - is this namespace handled by the sleeve webhook?","stacktrace":"github.com/tgoodwin/kamera/pkg/tracegen.(*ContextTracker).setRootContextFromObservation\n\t/Users/tgoodwin/projects/kamera/pkg/tracegen/context.go:153\ngithub.com/tgoodwin/kamera/pkg/tracegen.(*ContextTracker).TrackOperation\n\t/Users/tgoodwin/projects/kamera/pkg/tracegen/context.go:197\ngithub.com/tgoodwin/kamera/pkg/tracegen.(*Client).Get\n\t/Users/tgoodwin/projects/kamera/pkg/tracegen/client.go:177\ngithub.com/tgoodwin/kamera/sleevectrl/pkg/controller.(*FinalizerReconciler).Reconcile\n\t/Users/tgoodwin/projects/kamera/sleevectrl/pkg/controller/sleeve_finalizer_controller.go:41\ngithub.com/tgoodwin/kamera/pkg/tracecheck.(*ControllerRuntimeStrategy).ReconcileAtState\n\t/Users/tgoodwin/projects/kamera/pkg/tracecheck/reconciler.go:82\ngithub.com/tgoodwin/kamera/pkg/tracecheck.(*ReconcilerContainer).doReconcile\n\t/Users/tgoodwin/projects/kamera/pkg/tracecheck/reconciler.go:164\ngithub.com/tgoodwin/kamera/pkg/tracecheck.(*Explorer).reconcileAtState\n\t/Users/tgoodwin/projects/kamera/pkg/tracecheck/explore.go:1313\ngithub.com/tgoodwin/kamera/pkg/tracecheck.(*Explorer).takeReconcileStep\n\t/Users/tgoodwin/projects/kamera/pkg/tracecheck/explore.go:1228\ngithub.com/tgoodwin/kamera/pkg/tracecheck.(*Explorer).explore\n\t/Users/tgoodwin/projects/kamera/pkg/tracecheck/explore.go:790\ngithub.com/tgoodwin/kamera/pkg/tracecheck.(*Explorer).Explore.func1\n\t/Users/tgoodwin/projects/kamera/pkg/tracecheck/explore.go:330"}
{"level":"error","ts":"2026-01-13T16:47:08-08:00","logger":"tracegen","msg":"rootID is empty","Kind":"/v1, Kind=Pod","Name":"kamera-test-deployment-1488584584-0","NewRootID":"","stacktrace":"github.com/tgoodwin/kamera/pkg/tracegen.(*ContextTracker).setRootContextFromObservation\n\t/Users/tgoodwin/projects/kamera/pkg/tracegen/context.go:157\ngithub.com/tgoodwin/kamera/pkg/tracegen.(*ContextTracker).TrackOperation\n\t/Users/tgoodwin/projects/kamera/pkg/tracegen/context.go:197\ngithub.com/tgoodwin/kamera/pkg/tracegen.(*Client).Get\n\t/Users/tgoodwin/projects/kamera/pkg/tracegen/client.go:177\ngithub.com/tgoodwin/kamera/sleevectrl/pkg/controller.(*FinalizerReconciler).Reconcile\n\t/Users/tgoodwin/projects/kamera/sleevectrl/pkg/controller/sleeve_finalizer_controller.go:41\ngithub.com/tgoodwin/kamera/pkg/tracecheck.(*ControllerRuntimeStrategy).ReconcileAtState\n\t/Users/tgoodwin/projects/kamera/pkg/tracecheck/reconciler.go:82\ngithub.com/tgoodwin/kamera/pkg/tracecheck.(*ReconcilerContainer).doReconcile\n\t/Users/tgoodwin/projects/kamera/pkg/tracecheck/reconciler.go:164\ngithub.com/tgoodwin/kamera/pkg/tracecheck.(*Explorer).reconcileAtState\n\t/Users/tgoodwin/projects/kamera/pkg/tracecheck/explore.go:1313\ngithub.com/tgoodwin/kamera/pkg/tracecheck.(*Explorer).takeReconcileStep\n\t/Users/tgoodwin/projects/kamera/pkg/tracecheck/explore.go:1228\ngithub.com/tgoodwin/kamera/pkg/tracecheck.(*Explorer).explore\n\t/Users/tgoodwin/projects/kamera/pkg/tracecheck/explore.go:790\ngithub.com/tgoodwin/kamera/pkg/tracecheck.(*Explorer).Explore.func1\n\t/Users/tgoodwin/projects/kamera/pkg/tracecheck/explore.go:330"}
{"level":"error","ts":"2026-01-13T16:47:08-08:00","logger":"tracegen","msg":"creating event","error":"failed to get change ID: Event does not have a change ID","stacktrace":"github.com/tgoodwin/kamera/pkg/tracegen.(*Client).LogOperation\n\t/Users/tgoodwin/projects/kamera/pkg/tracegen/client.go:106\ngithub.com/tgoodwin/kamera/pkg/tracegen.(*Client).Get\n\t/Users/tgoodwin/projects/kamera/pkg/tracegen/client.go:178\ngithub.com/tgoodwin/kamera/sleevectrl/pkg/controller.(*FinalizerReconciler).Reconcile\n\t/Users/tgoodwin/projects/kamera/sleevectrl/pkg/controller/sleeve_finalizer_controller.go:41\ngithub.com/tgoodwin/kamera/pkg/tracecheck.(*ControllerRuntimeStrategy).ReconcileAtState\n\t/Users/tgoodwin/projects/kamera/pkg/tracecheck/reconciler.go:82\ngithub.com/tgoodwin/kamera/pkg/tracecheck.(*ReconcilerContainer).doReconcile\n\t/Users/tgoodwin/projects/kamera/pkg/tracecheck/reconciler.go:164\ngithub.com/tgoodwin/kamera/pkg/tracecheck.(*Explorer).reconcileAtState\n\t/Users/tgoodwin/projects/kamera/pkg/tracecheck/explore.go:1313\ngithub.com/tgoodwin/kamera/pkg/tracecheck.(*Explorer).takeReconcileStep\n\t/Users/tgoodwin/projects/kamera/pkg/tracecheck/explore.go:1228\ngithub.com/tgoodwin/kamera/pkg/tracecheck.(*Explorer).explore\n\t/Users/tgoodwin/projects/kamera/pkg/tracecheck/explore.go:790\ngithub.com/tgoodwin/kamera/pkg/tracecheck.(*Explorer).Explore.func1\n\t/Users/tgoodwin/projects/kamera/pkg/tracecheck/explore.go:330"}
{"level":"error","ts":"2026-01-13T16:47:08-08:00","logger":"tracegen","msg":"creating event","error":"failed to get change ID: Event does not have a change ID","stacktrace":"github.com/tgoodwin/kamera/pkg/tracegen.(*Client).LogOperation\n\t/Users/tgoodwin/projects/kamera/pkg/tracegen/client.go:106\ngithub.com/tgoodwin/kamera/sleevectrl/pkg/controller.(*FinalizerReconciler).Reconcile\n\t/Users/tgoodwin/projects/kamera/sleevectrl/pkg/controller/sleeve_finalizer_controller.go:69\ngithub.com/tgoodwin/kamera/pkg/tracecheck.(*ControllerRuntimeStrategy).ReconcileAtState\n\t/Users/tgoodwin/projects/kamera/pkg/tracecheck/reconciler.go:82\ngithub.com/tgoodwin/kamera/pkg/tracecheck.(*ReconcilerContainer).doReconcile\n\t/Users/tgoodwin/projects/kamera/pkg/tracecheck/reconciler.go:164\ngithub.com/tgoodwin/kamera/pkg/tracecheck.(*Explorer).reconcileAtState\n\t/Users/tgoodwin/projects/kamera/pkg/tracecheck/explore.go:1313\ngithub.com/tgoodwin/kamera/pkg/tracecheck.(*Explorer).takeReconcileStep\n\t/Users/tgoodwin/projects/kamera/pkg/tracecheck/explore.go:1228\ngithub.com/tgoodwin/kamera/pkg/tracecheck.(*Explorer).explore\n\t/Users/tgoodwin/projects/kamera/pkg/tracecheck/explore.go:790\ngithub.com/tgoodwin/kamera/pkg/tracecheck.(*Explorer).Explore.func1\n\t/Users/tgoodwin/projects/kamera/pkg/tracecheck/explore.go:330"}
{"level":"info","ts":"2026-01-13T16:47:08-08:00","logger":"tracecheck","msg":"Taking reconcile step","Depth":71,"# Distinct States":300,"Total States":302,"Resource States":67}
{"level":"info","ts":"2026-01-13T16:47:08-08:00","logger":"tracecheck","msg":"Taking reconcile step","Depth":72,"# Distinct States":301,"Total States":303,"Resource States":67}
{"level":"info","ts":"2026-01-13T16:47:08-08:00","logger":"tracecheck","msg":"Updated ReplicaSet status","Depth":72,"# Distinct States":301,"Total States":303,"Resource States":67,"name":"kamera-test-deployment-1488584584"}
{"level":"info","ts":"2026-01-13T16:47:08-08:00","logger":"tracecheck","msg":"Taking reconcile step","Depth":73,"# Distinct States":302,"Total States":304,"Resource States":67}
{"level":"info","ts":"2026-01-13T16:47:08-08:00","logger":"KPAReconciler.seed","msg":"added podscalable to informer","resource":"deployments","namespace":"default","name":"kamera-test-deployment","stage":"podscalable-add","keys":["default/kamera-test-deployment"]}
{"level":"info","ts":"2026-01-13T16:47:08-08:00","logger":"KPAReconciler.seed","msg":"podscalable visible to lister","resource":"deployments","namespace":"default","name":"kamera-test-deployment","stage":"podscalable-lister","object":{"apiVersion":"autoscaling.internal.knative.dev/v1alpha1","kind":"PodScalable","namespace":"default","name":"kamera-test-deployment"}}
{"level":"info","ts":1768351628.1637619,"logger":"fallback","caller":"kpa/controller.go:77","msg":"Setting up ConfigMap receivers"}
{"level":"info","ts":1768351628.1638489,"logger":"fallback","caller":"kpa/controller.go:91","msg":"Setting up KPA-Class event handlers"}
{"level":"info","ts":1768351628.163949,"logger":"fallback","caller":"kpa/kpa.go:158","msg":"SKS should be in Proxy mode: want = 0, ebc = 0, #act's = 2 PA Inactive? = true"}
{"level":"info","ts":1768351628.163968,"logger":"fallback","caller":"kpa/kpa.go:178","msg":"PA scale got=0, want=0, desiredPods=0 ebc=0"}
{"level":"info","ts":1768351628.163976,"logger":"fallback","caller":"kpa/kpa.go:188","msg":"Observed pod counts=kpa.podCounts{want:0, ready:0, notReady:0, pending:0, terminating:0}"}
{"level":"info","ts":"2026-01-13T16:47:08-08:00","logger":"KPAReconciler.reconcile","msg":"reconcile completed","key":"default/kamera-test","reconciler":"knative.dev.serving.pkg.reconciler.autoscaling.kpa.Reconciler","requeue":false,"requeueAfter":0}
{"level":"info","ts":"2026-01-13T16:47:08-08:00","logger":"tracecheck","msg":"Taking reconcile step","Depth":74,"# Distinct States":303,"Total States":305,"Resource States":67}
{"level":"info","ts":"2026-01-13T16:47:08-08:00","logger":"tracecheck","msg":"Taking reconcile step","Depth":75,"# Distinct States":304,"Total States":306,"Resource States":67}
{"level":"info","ts":"2026-01-13T16:47:08-08:00","logger":"ConfigurationReconciler.seed","msg":"added podscalable to informer","resource":"deployments","namespace":"default","name":"kamera-test-deployment","stage":"podscalable-add","keys":["default/kamera-test-deployment"]}
{"level":"info","ts":"2026-01-13T16:47:08-08:00","logger":"ConfigurationReconciler.seed","msg":"podscalable visible to lister","resource":"deployments","namespace":"default","name":"kamera-test-deployment","stage":"podscalable-lister","object":{"apiVersion":"autoscaling.internal.knative.dev/v1alpha1","kind":"PodScalable","namespace":"default","name":"kamera-test-deployment"}}
{"level":"info","ts":1768351628.271847,"logger":"fallback","caller":"configuration/configuration.go:106","msg":"Revision \"kamera-test\" of configuration is ready"}
{"level":"info","ts":"2026-01-13T16:47:08-08:00","logger":"ConfigurationReconciler.reconcile","msg":"reconcile completed","key":"default/demo","reconciler":"knative.dev.serving.pkg.reconciler.configuration.Reconciler","requeue":false,"requeueAfter":0}
{"level":"info","ts":"2026-01-13T16:47:08-08:00","logger":"tracecheck","msg":"Taking reconcile step","Depth":76,"# Distinct States":305,"Total States":307,"Resource States":67}
{"level":"info","ts":"2026-01-13T16:47:08-08:00","logger":"RevisionReconciler.seed","msg":"added podscalable to informer","resource":"deployments","namespace":"default","name":"kamera-test-deployment","stage":"podscalable-add","keys":["default/kamera-test-deployment"]}
{"level":"info","ts":"2026-01-13T16:47:08-08:00","logger":"RevisionReconciler.seed","msg":"podscalable visible to lister","resource":"deployments","namespace":"default","name":"kamera-test-deployment","stage":"podscalable-lister","object":{"apiVersion":"autoscaling.internal.knative.dev/v1alpha1","kind":"PodScalable","namespace":"default","name":"kamera-test-deployment"}}
{"level":"error","ts":1768351628.379005,"logger":"fallback","caller":"revision/controller.go:116","msg":"Failed to create resolver transport","error":"open /var/run/secrets/kubernetes.io/serviceaccount/ca.crt: no such file or directory","stacktrace":"knative.dev/serving/pkg/reconciler/revision.newControllerWithOptions\n\t/Users/tgoodwin/tmp/gomodcache/knative.dev/serving@v0.46.5/pkg/reconciler/revision/controller.go:116\nknative.dev/serving/pkg/reconciler/revision.NewController\n\t/Users/tgoodwin/tmp/gomodcache/knative.dev/serving@v0.46.5/pkg/reconciler/revision/controller.go:64\nmain.configureKnativeExplorer.func1.1\n\t/Users/tgoodwin/projects/kamera/examples/knative-serving/scenario.go:91\ngithub.com/tgoodwin/kamera/examples/knative-serving/knative.NewKnativeStrategy.func1\n\t/Users/tgoodwin/projects/kamera/examples/knative-serving/knative/harness.go:555\ngithub.com/tgoodwin/kamera/examples/knative-serving/knative.(*KnativeStrategy).ReconcileAtState\n\t/Users/tgoodwin/projects/kamera/examples/knative-serving/knative/harness.go:895\ngithub.com/tgoodwin/kamera/pkg/tracecheck.(*ReconcilerContainer).doReconcile\n\t/Users/tgoodwin/projects/kamera/pkg/tracecheck/reconciler.go:164\ngithub.com/tgoodwin/kamera/pkg/tracecheck.(*Explorer).reconcileAtState\n\t/Users/tgoodwin/projects/kamera/pkg/tracecheck/explore.go:1313\ngithub.com/tgoodwin/kamera/pkg/tracecheck.(*Explorer).takeReconcileStep\n\t/Users/tgoodwin/projects/kamera/pkg/tracecheck/explore.go:1228\ngithub.com/tgoodwin/kamera/pkg/tracecheck.(*Explorer).explore\n\t/Users/tgoodwin/projects/kamera/pkg/tracecheck/explore.go:790\ngithub.com/tgoodwin/kamera/pkg/tracecheck.(*Explorer).Explore.func1\n\t/Users/tgoodwin/projects/kamera/pkg/tracecheck/explore.go:330"}
{"level":"info","ts":1768351628.3793259,"logger":"fallback","caller":"revision/reconcile_resources.go:161","msg":"Reconciling PA: kamera-test"}
{"level":"info","ts":"2026-01-13T16:47:08-08:00","logger":"RevisionReconciler.reconcile","msg":"reconcile completed","key":"default/kamera-test","reconciler":"knative.dev.serving.pkg.reconciler.revision.Reconciler","requeue":false,"requeueAfter":0}
{"level":"info","ts":"2026-01-13T16:47:08-08:00","logger":"tracecheck","msg":"Taking reconcile step","Depth":77,"# Distinct States":306,"Total States":308,"Resource States":67}
{"level":"info","ts":"2026-01-13T16:47:08-08:00","logger":"tracecheck","msg":"Taking reconcile step","Depth":78,"# Distinct States":307,"Total States":309,"Resource States":67}
{"level":"info","ts":"2026-01-13T16:47:08-08:00","logger":"tracecheck","msg":"Taking reconcile step","Depth":79,"# Distinct States":308,"Total States":310,"Resource States":67}
{"level":"info","ts":"2026-01-13T16:47:08-08:00","logger":"RouteReconciler.seed","msg":"added podscalable to informer","resource":"deployments","namespace":"default","name":"kamera-test-deployment","stage":"podscalable-add","keys":["default/kamera-test-deployment"]}
{"level":"info","ts":"2026-01-13T16:47:08-08:00","logger":"RouteReconciler.seed","msg":"podscalable visible to lister","resource":"deployments","namespace":"default","name":"kamera-test-deployment","stage":"podscalable-lister","object":{"apiVersion":"autoscaling.internal.knative.dev/v1alpha1","kind":"PodScalable","namespace":"default","name":"kamera-test-deployment"}}
{"level":"info","ts":1768351628.49024,"logger":"fallback","caller":"route/route.go:465","msg":"Revision default/kamera-test is inactive"}
{"level":"info","ts":1768351628.490286,"logger":"fallback","caller":"route/route.go:487","msg":"All referred targets are routable, marking AllTrafficAssigned with traffic information."}
{"level":"info","ts":1768351628.49031,"logger":"fallback","caller":"route/route.go:140","msg":"Creating placeholder k8s services"}
{"level":"info","ts":1768351628.490449,"logger":"fallback","caller":"route/route.go:176","msg":"Updating placeholder k8s services with ingress information"}
{"level":"info","ts":1768351628.49051,"logger":"fallback","caller":"route/route.go:198","msg":"Route successfully synced"}
{"level":"info","ts":"2026-01-13T16:47:08-08:00","logger":"RouteReconciler.reconcile","msg":"reconcile completed","key":"default/demo","reconciler":"knative.dev.serving.pkg.reconciler.route.Reconciler","requeue":false,"requeueAfter":0}
{"level":"info","ts":"2026-01-13T16:47:08-08:00","logger":"tracecheck","msg":"Taking reconcile step","Depth":80,"# Distinct States":309,"Total States":311,"Resource States":67}
{"level":"info","ts":"2026-01-13T16:47:08-08:00","logger":"ServiceReconciler.seed","msg":"added podscalable to informer","resource":"deployments","namespace":"default","name":"kamera-test-deployment","stage":"podscalable-add","keys":["default/kamera-test-deployment"]}
{"level":"info","ts":"2026-01-13T16:47:08-08:00","logger":"ServiceReconciler.seed","msg":"podscalable visible to lister","resource":"deployments","namespace":"default","name":"kamera-test-deployment","stage":"podscalable-lister","object":{"apiVersion":"autoscaling.internal.knative.dev/v1alpha1","kind":"PodScalable","namespace":"default","name":"kamera-test-deployment"}}
{"level":"info","ts":1768351628.598103,"logger":"fallback","caller":"service/service.go:171","msg":"Service reconciler fetching Route from lister: name=demo, namespace=default"}
{"level":"info","ts":1768351628.598117,"logger":"fallback","caller":"service/service.go:174","msg":"Service reconciler got Route from lister: name=demo, Generation=1, ObservedGeneration=1, ResourceVersion="}
{"level":"info","ts":1768351628.598135,"logger":"fallback","caller":"service/service.go:126","msg":"Service reconciler checking Route: name=demo, Generation=1, ObservedGeneration=1, Ready=True (reason=, message=), generationMatch=true, routeResourceVersion="}
{"level":"info","ts":1768351628.59814,"logger":"fallback","caller":"service/service.go:136","msg":"Service reconciler calling PropagateRouteStatus() because Generation == ObservedGeneration"}
{"level":"info","ts":"2026-01-13T16:47:08-08:00","logger":"ServiceReconciler.reconcile","msg":"reconcile completed","key":"default/demo","reconciler":"knative.dev.serving.pkg.reconciler.service.Reconciler","requeue":false,"requeueAfter":0}
{"level":"info","ts":"2026-01-13T16:47:08-08:00","logger":"tracecheck","msg":"Taking reconcile step","Depth":65,"# Distinct States":310,"Total States":312,"Resource States":67}
{"level":"info","ts":"2026-01-13T16:47:08-08:00","logger":"RevisionReconciler.seed","msg":"added podscalable to informer","resource":"deployments","namespace":"default","name":"kamera-test-deployment","stage":"podscalable-add","keys":["default/kamera-test-deployment"]}
{"level":"info","ts":"2026-01-13T16:47:08-08:00","logger":"RevisionReconciler.seed","msg":"podscalable visible to lister","resource":"deployments","namespace":"default","name":"kamera-test-deployment","stage":"podscalable-lister","object":{"apiVersion":"autoscaling.internal.knative.dev/v1alpha1","kind":"PodScalable","namespace":"default","name":"kamera-test-deployment"}}
{"level":"error","ts":1768351628.704193,"logger":"fallback","caller":"revision/controller.go:116","msg":"Failed to create resolver transport","error":"open /var/run/secrets/kubernetes.io/serviceaccount/ca.crt: no such file or directory","stacktrace":"knative.dev/serving/pkg/reconciler/revision.newControllerWithOptions\n\t/Users/tgoodwin/tmp/gomodcache/knative.dev/serving@v0.46.5/pkg/reconciler/revision/controller.go:116\nknative.dev/serving/pkg/reconciler/revision.NewController\n\t/Users/tgoodwin/tmp/gomodcache/knative.dev/serving@v0.46.5/pkg/reconciler/revision/controller.go:64\nmain.configureKnativeExplorer.func1.1\n\t/Users/tgoodwin/projects/kamera/examples/knative-serving/scenario.go:91\ngithub.com/tgoodwin/kamera/examples/knative-serving/knative.NewKnativeStrategy.func1\n\t/Users/tgoodwin/projects/kamera/examples/knative-serving/knative/harness.go:555\ngithub.com/tgoodwin/kamera/examples/knative-serving/knative.(*KnativeStrategy).ReconcileAtState\n\t/Users/tgoodwin/projects/kamera/examples/knative-serving/knative/harness.go:895\ngithub.com/tgoodwin/kamera/pkg/tracecheck.(*ReconcilerContainer).doReconcile\n\t/Users/tgoodwin/projects/kamera/pkg/tracecheck/reconciler.go:164\ngithub.com/tgoodwin/kamera/pkg/tracecheck.(*Explorer).reconcileAtState\n\t/Users/tgoodwin/projects/kamera/pkg/tracecheck/explore.go:1313\ngithub.com/tgoodwin/kamera/pkg/tracecheck.(*Explorer).takeReconcileStep\n\t/Users/tgoodwin/projects/kamera/pkg/tracecheck/explore.go:1228\ngithub.com/tgoodwin/kamera/pkg/tracecheck.(*Explorer).explore\n\t/Users/tgoodwin/projects/kamera/pkg/tracecheck/explore.go:790\ngithub.com/tgoodwin/kamera/pkg/tracecheck.(*Explorer).Explore.func1\n\t/Users/tgoodwin/projects/kamera/pkg/tracecheck/explore.go:330"}
{"level":"info","ts":1768351628.704556,"logger":"fallback","caller":"revision/reconcile_resources.go:161","msg":"Reconciling PA: kamera-test"}
{"level":"info","ts":"2026-01-13T16:47:08-08:00","logger":"RevisionReconciler.reconcile","msg":"reconcile completed","key":"default/kamera-test","reconciler":"knative.dev.serving.pkg.reconciler.revision.Reconciler","requeue":false,"requeueAfter":0}
{"level":"info","ts":"2026-01-13T16:47:08-08:00","logger":"tracecheck","msg":"Taking reconcile step","Depth":66,"# Distinct States":311,"Total States":313,"Resource States":67}
{"level":"info","ts":"2026-01-13T16:47:08-08:00","logger":"tracecheck","msg":"Taking reconcile step","Depth":67,"# Distinct States":312,"Total States":314,"Resource States":67}
{"level":"info","ts":"2026-01-13T16:47:08-08:00","logger":"tracecheck","msg":"Taking reconcile step","Depth":68,"# Distinct States":313,"Total States":315,"Resource States":67}
{"level":"info","ts":"2026-01-13T16:47:08-08:00","logger":"RouteReconciler.seed","msg":"added podscalable to informer","resource":"deployments","namespace":"default","name":"kamera-test-deployment","stage":"podscalable-add","keys":["default/kamera-test-deployment"]}
{"level":"info","ts":"2026-01-13T16:47:08-08:00","logger":"RouteReconciler.seed","msg":"podscalable visible to lister","resource":"deployments","namespace":"default","name":"kamera-test-deployment","stage":"podscalable-lister","object":{"apiVersion":"autoscaling.internal.knative.dev/v1alpha1","kind":"PodScalable","namespace":"default","name":"kamera-test-deployment"}}
{"level":"info","ts":1768351628.817276,"logger":"fallback","caller":"route/route.go:465","msg":"Revision default/kamera-test is inactive"}
{"level":"info","ts":1768351628.817317,"logger":"fallback","caller":"route/route.go:487","msg":"All referred targets are routable, marking AllTrafficAssigned with traffic information."}
{"level":"info","ts":1768351628.8173409,"logger":"fallback","caller":"route/route.go:140","msg":"Creating placeholder k8s services"}
{"level":"info","ts":1768351628.8174772,"logger":"fallback","caller":"route/route.go:176","msg":"Updating placeholder k8s services with ingress information"}
{"level":"info","ts":1768351628.817743,"logger":"fallback","caller":"route/route.go:198","msg":"Route successfully synced"}
{"level":"info","ts":"2026-01-13T16:47:08-08:00","logger":"RouteReconciler.reconcile","msg":"reconcile completed","key":"default/demo","reconciler":"knative.dev.serving.pkg.reconciler.route.Reconciler","requeue":false,"requeueAfter":0}
{"level":"info","ts":"2026-01-13T16:47:08-08:00","logger":"tracecheck","msg":"Taking reconcile step","Depth":69,"# Distinct States":314,"Total States":316,"Resource States":67}
{"level":"info","ts":"2026-01-13T16:47:08-08:00","logger":"tracecheck","msg":"Taking reconcile step","Depth":70,"# Distinct States":315,"Total States":317,"Resource States":67}
{"level":"info","ts":"2026-01-13T16:47:08-08:00","logger":"ServiceReconciler.seed","msg":"added podscalable to informer","resource":"deployments","namespace":"default","name":"kamera-test-deployment","stage":"podscalable-add","keys":["default/kamera-test-deployment"]}
{"level":"info","ts":"2026-01-13T16:47:08-08:00","logger":"ServiceReconciler.seed","msg":"podscalable visible to lister","resource":"deployments","namespace":"default","name":"kamera-test-deployment","stage":"podscalable-lister","object":{"apiVersion":"autoscaling.internal.knative.dev/v1alpha1","kind":"PodScalable","namespace":"default","name":"kamera-test-deployment"}}
{"level":"info","ts":1768351628.928541,"logger":"fallback","caller":"service/service.go:171","msg":"Service reconciler fetching Route from lister: name=demo, namespace=default"}
{"level":"info","ts":1768351628.9285812,"logger":"fallback","caller":"service/service.go:174","msg":"Service reconciler got Route from lister: name=demo, Generation=1, ObservedGeneration=1, ResourceVersion="}
{"level":"info","ts":1768351628.928642,"logger":"fallback","caller":"service/service.go:126","msg":"Service reconciler checking Route: name=demo, Generation=1, ObservedGeneration=1, Ready=True (reason=, message=), generationMatch=true, routeResourceVersion="}
{"level":"info","ts":1768351628.9286551,"logger":"fallback","caller":"service/service.go:136","msg":"Service reconciler calling PropagateRouteStatus() because Generation == ObservedGeneration"}
{"level":"info","ts":"2026-01-13T16:47:08-08:00","logger":"ServiceReconciler.reconcile","msg":"reconcile completed","key":"default/demo","reconciler":"knative.dev.serving.pkg.reconciler.service.Reconciler","requeue":false,"requeueAfter":0}
{"level":"info","ts":"2026-01-13T16:47:08-08:00","logger":"tracecheck","msg":"Taking reconcile step","Depth":71,"# Distinct States":316,"Total States":318,"Resource States":67}
{"level":"error","ts":"2026-01-13T16:47:08-08:00","logger":"tracegen","msg":"setting root context","Kind":"/v1, Kind=Pod","Name":"kamera-test-deployment-1488584584-0","NewRootID":"","labels":{"app":"kamera-test","discrete.events/sleeve-object-id":"37jmqvjn","pod-template-hash":"1488584584","serving.knative.dev/configuration":"demo","serving.knative.dev/configurationGeneration":"1","serving.knative.dev/revision":"kamera-test","serving.knative.dev/revisionUID":"","serving.knative.dev/service":"demo"},"error":"no root ID set on object - is this namespace handled by the sleeve webhook?","stacktrace":"github.com/tgoodwin/kamera/pkg/tracegen.(*ContextTracker).setRootContextFromObservation\n\t/Users/tgoodwin/projects/kamera/pkg/tracegen/context.go:153\ngithub.com/tgoodwin/kamera/pkg/tracegen.(*ContextTracker).TrackOperation\n\t/Users/tgoodwin/projects/kamera/pkg/tracegen/context.go:197\ngithub.com/tgoodwin/kamera/pkg/tracegen.(*Client).Get\n\t/Users/tgoodwin/projects/kamera/pkg/tracegen/client.go:177\ngithub.com/tgoodwin/kamera/sleevectrl/pkg/controller.(*FinalizerReconciler).Reconcile\n\t/Users/tgoodwin/projects/kamera/sleevectrl/pkg/controller/sleeve_finalizer_controller.go:41\ngithub.com/tgoodwin/kamera/pkg/tracecheck.(*ControllerRuntimeStrategy).ReconcileAtState\n\t/Users/tgoodwin/projects/kamera/pkg/tracecheck/reconciler.go:82\ngithub.com/tgoodwin/kamera/pkg/tracecheck.(*ReconcilerContainer).doReconcile\n\t/Users/tgoodwin/projects/kamera/pkg/tracecheck/reconciler.go:164\ngithub.com/tgoodwin/kamera/pkg/tracecheck.(*Explorer).reconcileAtState\n\t/Users/tgoodwin/projects/kamera/pkg/tracecheck/explore.go:1313\ngithub.com/tgoodwin/kamera/pkg/tracecheck.(*Explorer).takeReconcileStep\n\t/Users/tgoodwin/projects/kamera/pkg/tracecheck/explore.go:1228\ngithub.com/tgoodwin/kamera/pkg/tracecheck.(*Explorer).explore\n\t/Users/tgoodwin/projects/kamera/pkg/tracecheck/explore.go:790\ngithub.com/tgoodwin/kamera/pkg/tracecheck.(*Explorer).Explore.func1\n\t/Users/tgoodwin/projects/kamera/pkg/tracecheck/explore.go:330"}
{"level":"error","ts":"2026-01-13T16:47:08-08:00","logger":"tracegen","msg":"rootID is empty","Kind":"/v1, Kind=Pod","Name":"kamera-test-deployment-1488584584-0","NewRootID":"","stacktrace":"github.com/tgoodwin/kamera/pkg/tracegen.(*ContextTracker).setRootContextFromObservation\n\t/Users/tgoodwin/projects/kamera/pkg/tracegen/context.go:157\ngithub.com/tgoodwin/kamera/pkg/tracegen.(*ContextTracker).TrackOperation\n\t/Users/tgoodwin/projects/kamera/pkg/tracegen/context.go:197\ngithub.com/tgoodwin/kamera/pkg/tracegen.(*Client).Get\n\t/Users/tgoodwin/projects/kamera/pkg/tracegen/client.go:177\ngithub.com/tgoodwin/kamera/sleevectrl/pkg/controller.(*FinalizerReconciler).Reconcile\n\t/Users/tgoodwin/projects/kamera/sleevectrl/pkg/controller/sleeve_finalizer_controller.go:41\ngithub.com/tgoodwin/kamera/pkg/tracecheck.(*ControllerRuntimeStrategy).ReconcileAtState\n\t/Users/tgoodwin/projects/kamera/pkg/tracecheck/reconciler.go:82\ngithub.com/tgoodwin/kamera/pkg/tracecheck.(*ReconcilerContainer).doReconcile\n\t/Users/tgoodwin/projects/kamera/pkg/tracecheck/reconciler.go:164\ngithub.com/tgoodwin/kamera/pkg/tracecheck.(*Explorer).reconcileAtState\n\t/Users/tgoodwin/projects/kamera/pkg/tracecheck/explore.go:1313\ngithub.com/tgoodwin/kamera/pkg/tracecheck.(*Explorer).takeReconcileStep\n\t/Users/tgoodwin/projects/kamera/pkg/tracecheck/explore.go:1228\ngithub.com/tgoodwin/kamera/pkg/tracecheck.(*Explorer).explore\n\t/Users/tgoodwin/projects/kamera/pkg/tracecheck/explore.go:790\ngithub.com/tgoodwin/kamera/pkg/tracecheck.(*Explorer).Explore.func1\n\t/Users/tgoodwin/projects/kamera/pkg/tracecheck/explore.go:330"}
{"level":"error","ts":"2026-01-13T16:47:08-08:00","logger":"tracegen","msg":"creating event","error":"failed to get change ID: Event does not have a change ID","stacktrace":"github.com/tgoodwin/kamera/pkg/tracegen.(*Client).LogOperation\n\t/Users/tgoodwin/projects/kamera/pkg/tracegen/client.go:106\ngithub.com/tgoodwin/kamera/pkg/tracegen.(*Client).Get\n\t/Users/tgoodwin/projects/kamera/pkg/tracegen/client.go:178\ngithub.com/tgoodwin/kamera/sleevectrl/pkg/controller.(*FinalizerReconciler).Reconcile\n\t/Users/tgoodwin/projects/kamera/sleevectrl/pkg/controller/sleeve_finalizer_controller.go:41\ngithub.com/tgoodwin/kamera/pkg/tracecheck.(*ControllerRuntimeStrategy).ReconcileAtState\n\t/Users/tgoodwin/projects/kamera/pkg/tracecheck/reconciler.go:82\ngithub.com/tgoodwin/kamera/pkg/tracecheck.(*ReconcilerContainer).doReconcile\n\t/Users/tgoodwin/projects/kamera/pkg/tracecheck/reconciler.go:164\ngithub.com/tgoodwin/kamera/pkg/tracecheck.(*Explorer).reconcileAtState\n\t/Users/tgoodwin/projects/kamera/pkg/tracecheck/explore.go:1313\ngithub.com/tgoodwin/kamera/pkg/tracecheck.(*Explorer).takeReconcileStep\n\t/Users/tgoodwin/projects/kamera/pkg/tracecheck/explore.go:1228\ngithub.com/tgoodwin/kamera/pkg/tracecheck.(*Explorer).explore\n\t/Users/tgoodwin/projects/kamera/pkg/tracecheck/explore.go:790\ngithub.com/tgoodwin/kamera/pkg/tracecheck.(*Explorer).Explore.func1\n\t/Users/tgoodwin/projects/kamera/pkg/tracecheck/explore.go:330"}
{"level":"error","ts":"2026-01-13T16:47:08-08:00","logger":"tracegen","msg":"creating event","error":"failed to get change ID: Event does not have a change ID","stacktrace":"github.com/tgoodwin/kamera/pkg/tracegen.(*Client).LogOperation\n\t/Users/tgoodwin/projects/kamera/pkg/tracegen/client.go:106\ngithub.com/tgoodwin/kamera/sleevectrl/pkg/controller.(*FinalizerReconciler).Reconcile\n\t/Users/tgoodwin/projects/kamera/sleevectrl/pkg/controller/sleeve_finalizer_controller.go:69\ngithub.com/tgoodwin/kamera/pkg/tracecheck.(*ControllerRuntimeStrategy).ReconcileAtState\n\t/Users/tgoodwin/projects/kamera/pkg/tracecheck/reconciler.go:82\ngithub.com/tgoodwin/kamera/pkg/tracecheck.(*ReconcilerContainer).doReconcile\n\t/Users/tgoodwin/projects/kamera/pkg/tracecheck/reconciler.go:164\ngithub.com/tgoodwin/kamera/pkg/tracecheck.(*Explorer).reconcileAtState\n\t/Users/tgoodwin/projects/kamera/pkg/tracecheck/explore.go:1313\ngithub.com/tgoodwin/kamera/pkg/tracecheck.(*Explorer).takeReconcileStep\n\t/Users/tgoodwin/projects/kamera/pkg/tracecheck/explore.go:1228\ngithub.com/tgoodwin/kamera/pkg/tracecheck.(*Explorer).explore\n\t/Users/tgoodwin/projects/kamera/pkg/tracecheck/explore.go:790\ngithub.com/tgoodwin/kamera/pkg/tracecheck.(*Explorer).Explore.func1\n\t/Users/tgoodwin/projects/kamera/pkg/tracecheck/explore.go:330"}
{"level":"info","ts":"2026-01-13T16:47:08-08:00","logger":"tracecheck","msg":"Taking reconcile step","Depth":72,"# Distinct States":317,"Total States":319,"Resource States":67}
{"level":"info","ts":"2026-01-13T16:47:08-08:00","logger":"tracecheck","msg":"Taking reconcile step","Depth":73,"# Distinct States":318,"Total States":320,"Resource States":67}
{"level":"info","ts":"2026-01-13T16:47:08-08:00","logger":"tracecheck","msg":"Updated ReplicaSet status","Depth":73,"# Distinct States":318,"Total States":320,"Resource States":67,"name":"kamera-test-deployment-1488584584"}
{"level":"info","ts":"2026-01-13T16:47:08-08:00","logger":"tracecheck","msg":"Taking reconcile step","Depth":74,"# Distinct States":319,"Total States":321,"Resource States":67}
{"level":"info","ts":"2026-01-13T16:47:09-08:00","logger":"KPAReconciler.seed","msg":"added podscalable to informer","resource":"deployments","namespace":"default","name":"kamera-test-deployment","stage":"podscalable-add","keys":["default/kamera-test-deployment"]}
{"level":"info","ts":"2026-01-13T16:47:09-08:00","logger":"KPAReconciler.seed","msg":"podscalable visible to lister","resource":"deployments","namespace":"default","name":"kamera-test-deployment","stage":"podscalable-lister","object":{"apiVersion":"autoscaling.internal.knative.dev/v1alpha1","kind":"PodScalable","namespace":"default","name":"kamera-test-deployment"}}
{"level":"info","ts":1768351629.046558,"logger":"fallback","caller":"kpa/controller.go:77","msg":"Setting up ConfigMap receivers"}
{"level":"info","ts":1768351629.0466821,"logger":"fallback","caller":"kpa/controller.go:91","msg":"Setting up KPA-Class event handlers"}
{"level":"info","ts":1768351629.0468018,"logger":"fallback","caller":"kpa/kpa.go:158","msg":"SKS should be in Proxy mode: want = 0, ebc = 0, #act's = 2 PA Inactive? = true"}
{"level":"info","ts":1768351629.046827,"logger":"fallback","caller":"kpa/kpa.go:178","msg":"PA scale got=0, want=0, desiredPods=0 ebc=0"}
{"level":"info","ts":1768351629.046838,"logger":"fallback","caller":"kpa/kpa.go:188","msg":"Observed pod counts=kpa.podCounts{want:0, ready:0, notReady:0, pending:0, terminating:0}"}
{"level":"info","ts":"2026-01-13T16:47:09-08:00","logger":"KPAReconciler.reconcile","msg":"reconcile completed","key":"default/kamera-test","reconciler":"knative.dev.serving.pkg.reconciler.autoscaling.kpa.Reconciler","requeue":false,"requeueAfter":0}
{"level":"info","ts":"2026-01-13T16:47:09-08:00","logger":"tracecheck","msg":"Taking reconcile step","Depth":75,"# Distinct States":320,"Total States":322,"Resource States":67}
{"level":"info","ts":"2026-01-13T16:47:09-08:00","logger":"tracecheck","msg":"Taking reconcile step","Depth":55,"# Distinct States":322,"Total States":324,"Resource States":67}
{"level":"info","ts":"2026-01-13T16:47:09-08:00","logger":"RevisionReconciler.seed","msg":"added podscalable to informer","resource":"deployments","namespace":"default","name":"kamera-test-deployment","stage":"podscalable-add","keys":["default/kamera-test-deployment"]}
{"level":"info","ts":"2026-01-13T16:47:09-08:00","logger":"RevisionReconciler.seed","msg":"podscalable visible to lister","resource":"deployments","namespace":"default","name":"kamera-test-deployment","stage":"podscalable-lister","object":{"apiVersion":"autoscaling.internal.knative.dev/v1alpha1","kind":"PodScalable","namespace":"default","name":"kamera-test-deployment"}}
{"level":"error","ts":1768351629.1555111,"logger":"fallback","caller":"revision/controller.go:116","msg":"Failed to create resolver transport","error":"open /var/run/secrets/kubernetes.io/serviceaccount/ca.crt: no such file or directory","stacktrace":"knative.dev/serving/pkg/reconciler/revision.newControllerWithOptions\n\t/Users/tgoodwin/tmp/gomodcache/knative.dev/serving@v0.46.5/pkg/reconciler/revision/controller.go:116\nknative.dev/serving/pkg/reconciler/revision.NewController\n\t/Users/tgoodwin/tmp/gomodcache/knative.dev/serving@v0.46.5/pkg/reconciler/revision/controller.go:64\nmain.configureKnativeExplorer.func1.1\n\t/Users/tgoodwin/projects/kamera/examples/knative-serving/scenario.go:91\ngithub.com/tgoodwin/kamera/examples/knative-serving/knative.NewKnativeStrategy.func1\n\t/Users/tgoodwin/projects/kamera/examples/knative-serving/knative/harness.go:555\ngithub.com/tgoodwin/kamera/examples/knative-serving/knative.(*KnativeStrategy).ReconcileAtState\n\t/Users/tgoodwin/projects/kamera/examples/knative-serving/knative/harness.go:895\ngithub.com/tgoodwin/kamera/pkg/tracecheck.(*ReconcilerContainer).doReconcile\n\t/Users/tgoodwin/projects/kamera/pkg/tracecheck/reconciler.go:164\ngithub.com/tgoodwin/kamera/pkg/tracecheck.(*Explorer).reconcileAtState\n\t/Users/tgoodwin/projects/kamera/pkg/tracecheck/explore.go:1313\ngithub.com/tgoodwin/kamera/pkg/tracecheck.(*Explorer).takeReconcileStep\n\t/Users/tgoodwin/projects/kamera/pkg/tracecheck/explore.go:1228\ngithub.com/tgoodwin/kamera/pkg/tracecheck.(*Explorer).explore\n\t/Users/tgoodwin/projects/kamera/pkg/tracecheck/explore.go:790\ngithub.com/tgoodwin/kamera/pkg/tracecheck.(*Explorer).Explore.func1\n\t/Users/tgoodwin/projects/kamera/pkg/tracecheck/explore.go:330"}
{"level":"info","ts":1768351629.1557639,"logger":"fallback","caller":"revision/reconcile_resources.go:161","msg":"Reconciling PA: kamera-test"}
{"level":"info","ts":"2026-01-13T16:47:09-08:00","logger":"RevisionReconciler.reconcile","msg":"reconcile completed","key":"default/kamera-test","reconciler":"knative.dev.serving.pkg.reconciler.revision.Reconciler","requeue":false,"requeueAfter":0}
{"level":"info","ts":"2026-01-13T16:47:09-08:00","logger":"tracecheck","msg":"Taking reconcile step","Depth":56,"# Distinct States":323,"Total States":325,"Resource States":67}
{"level":"info","ts":"2026-01-13T16:47:09-08:00","logger":"KPAReconciler.seed","msg":"added podscalable to informer","resource":"deployments","namespace":"default","name":"kamera-test-deployment","stage":"podscalable-add","keys":["default/kamera-test-deployment"]}
{"level":"info","ts":"2026-01-13T16:47:09-08:00","logger":"KPAReconciler.seed","msg":"podscalable visible to lister","resource":"deployments","namespace":"default","name":"kamera-test-deployment","stage":"podscalable-lister","object":{"apiVersion":"autoscaling.internal.knative.dev/v1alpha1","kind":"PodScalable","namespace":"default","name":"kamera-test-deployment"}}
{"level":"info","ts":1768351629.261054,"logger":"fallback","caller":"kpa/controller.go:77","msg":"Setting up ConfigMap receivers"}
{"level":"info","ts":1768351629.261154,"logger":"fallback","caller":"kpa/controller.go:91","msg":"Setting up KPA-Class event handlers"}
{"level":"info","ts":1768351629.2612522,"logger":"fallback","caller":"kpa/kpa.go:158","msg":"SKS should be in Proxy mode: want = 0, ebc = 0, #act's = 2 PA Inactive? = true"}
{"level":"info","ts":1768351629.261271,"logger":"fallback","caller":"kpa/kpa.go:178","msg":"PA scale got=1, want=0, desiredPods=0 ebc=0"}
{"level":"info","ts":1768351629.2612789,"logger":"fallback","caller":"kpa/kpa.go:188","msg":"Observed pod counts=kpa.podCounts{want:0, ready:1, notReady:0, pending:0, terminating:0}"}
{"level":"info","ts":"2026-01-13T16:47:09-08:00","logger":"KPAReconciler.reconcile","msg":"reconcile completed","key":"default/kamera-test","reconciler":"knative.dev.serving.pkg.reconciler.autoscaling.kpa.Reconciler","requeue":false,"requeueAfter":0}
{"level":"info","ts":"2026-01-13T16:47:09-08:00","logger":"tracecheck","msg":"Taking reconcile step","Depth":57,"# Distinct States":324,"Total States":326,"Resource States":67}
{"level":"info","ts":"2026-01-13T16:47:09-08:00","logger":"ConfigurationReconciler.seed","msg":"added podscalable to informer","resource":"deployments","namespace":"default","name":"kamera-test-deployment","stage":"podscalable-add","keys":["default/kamera-test-deployment"]}
{"level":"info","ts":"2026-01-13T16:47:09-08:00","logger":"ConfigurationReconciler.seed","msg":"podscalable visible to lister","resource":"deployments","namespace":"default","name":"kamera-test-deployment","stage":"podscalable-lister","object":{"apiVersion":"autoscaling.internal.knative.dev/v1alpha1","kind":"PodScalable","namespace":"default","name":"kamera-test-deployment"}}
{"level":"info","ts":1768351629.367918,"logger":"fallback","caller":"configuration/configuration.go:106","msg":"Revision \"kamera-test\" of configuration is ready"}
{"level":"info","ts":"2026-01-13T16:47:09-08:00","logger":"ConfigurationReconciler.reconcile","msg":"reconcile completed","key":"default/demo","reconciler":"knative.dev.serving.pkg.reconciler.configuration.Reconciler","requeue":false,"requeueAfter":0}
{"level":"info","ts":"2026-01-13T16:47:09-08:00","logger":"tracecheck","msg":"Taking reconcile step","Depth":58,"# Distinct States":325,"Total States":327,"Resource States":67}
{"level":"info","ts":"2026-01-13T16:47:09-08:00","logger":"RouteReconciler.seed","msg":"added podscalable to informer","resource":"deployments","namespace":"default","name":"kamera-test-deployment","stage":"podscalable-add","keys":["default/kamera-test-deployment"]}
{"level":"info","ts":"2026-01-13T16:47:09-08:00","logger":"RouteReconciler.seed","msg":"podscalable visible to lister","resource":"deployments","namespace":"default","name":"kamera-test-deployment","stage":"podscalable-lister","object":{"apiVersion":"autoscaling.internal.knative.dev/v1alpha1","kind":"PodScalable","namespace":"default","name":"kamera-test-deployment"}}
{"level":"info","ts":1768351629.475242,"logger":"fallback","caller":"route/route.go:465","msg":"Revision default/kamera-test is inactive"}
{"level":"info","ts":1768351629.4752629,"logger":"fallback","caller":"route/route.go:487","msg":"All referred targets are routable, marking AllTrafficAssigned with traffic information."}
{"level":"info","ts":1768351629.4752798,"logger":"fallback","caller":"route/route.go:140","msg":"Creating placeholder k8s services"}
{"level":"info","ts":1768351629.4754272,"logger":"fallback","caller":"route/reconcile_resources.go:179","msg":"Created service demo"}
{"level":"info","ts":1768351629.475661,"logger":"fallback","caller":"route/route.go:176","msg":"Updating placeholder k8s services with ingress information"}
{"level":"warn","ts":1768351629.475679,"logger":"fallback","caller":"route/reconcile_resources.go:228","msg":"Failed to update k8s service","error":"failed to fetch loadbalancer domain/IP from ingress status"}
{"level":"info","ts":1768351629.475691,"logger":"fallback","caller":"route/route.go:198","msg":"Route successfully synced"}
{"level":"info","ts":"2026-01-13T16:47:09-08:00","logger":"RouteReconciler.reconcile","msg":"reconcile completed","key":"default/demo","reconciler":"knative.dev.serving.pkg.reconciler.route.Reconciler","requeue":false,"requeueAfter":0}
{"level":"info","ts":"2026-01-13T16:47:09-08:00","logger":"tracecheck","msg":"Taking reconcile step","Depth":59,"# Distinct States":326,"Total States":328,"Resource States":67}
{"level":"info","ts":"2026-01-13T16:47:09-08:00","logger":"ServiceReconciler.seed","msg":"added podscalable to informer","resource":"deployments","namespace":"default","name":"kamera-test-deployment","stage":"podscalable-add","keys":["default/kamera-test-deployment"]}
{"level":"info","ts":"2026-01-13T16:47:09-08:00","logger":"ServiceReconciler.seed","msg":"podscalable visible to lister","resource":"deployments","namespace":"default","name":"kamera-test-deployment","stage":"podscalable-lister","object":{"apiVersion":"autoscaling.internal.knative.dev/v1alpha1","kind":"PodScalable","namespace":"default","name":"kamera-test-deployment"}}
{"level":"info","ts":1768351629.58368,"logger":"fallback","caller":"service/service.go:171","msg":"Service reconciler fetching Route from lister: name=demo, namespace=default"}
{"level":"info","ts":1768351629.583701,"logger":"fallback","caller":"service/service.go:174","msg":"Service reconciler got Route from lister: name=demo, Generation=1, ObservedGeneration=1, ResourceVersion="}
{"level":"info","ts":1768351629.58373,"logger":"fallback","caller":"service/service.go:126","msg":"Service reconciler checking Route: name=demo, Generation=1, ObservedGeneration=1, Ready=Unknown (reason=IngressNotConfigured, message=Ingress has not yet been reconciled.), generationMatch=true, routeResourceVersion="}
{"level":"info","ts":1768351629.5837388,"logger":"fallback","caller":"service/service.go:136","msg":"Service reconciler calling PropagateRouteStatus() because Generation == ObservedGeneration"}
{"level":"info","ts":"2026-01-13T16:47:09-08:00","logger":"ServiceReconciler.reconcile","msg":"reconcile completed","key":"default/demo","reconciler":"knative.dev.serving.pkg.reconciler.service.Reconciler","requeue":false,"requeueAfter":0}
{"level":"info","ts":"2026-01-13T16:47:09-08:00","logger":"tracecheck","msg":"Taking reconcile step","Depth":60,"# Distinct States":327,"Total States":329,"Resource States":67}
{"level":"info","ts":"2026-01-13T16:47:09-08:00","logger":"tracecheck","msg":"Taking reconcile step","Depth":61,"# Distinct States":328,"Total States":330,"Resource States":67}
{"level":"info","ts":"2026-01-13T16:47:09-08:00","logger":"tracecheck","msg":"Deleting pods","Depth":61,"# Distinct States":328,"Total States":330,"Resource States":67,"count":1}
{"level":"info","ts":"2026-01-13T16:47:09-08:00","logger":"tracecheck","msg":"Taking reconcile step","Depth":51,"# Distinct States":330,"Total States":332,"Resource States":67}
{"level":"info","ts":"2026-01-13T16:47:09-08:00","logger":"RevisionReconciler.seed","msg":"added podscalable to informer","resource":"deployments","namespace":"default","name":"kamera-test-deployment","stage":"podscalable-add","keys":["default/kamera-test-deployment"]}
{"level":"info","ts":"2026-01-13T16:47:09-08:00","logger":"RevisionReconciler.seed","msg":"podscalable visible to lister","resource":"deployments","namespace":"default","name":"kamera-test-deployment","stage":"podscalable-lister","object":{"apiVersion":"autoscaling.internal.knative.dev/v1alpha1","kind":"PodScalable","namespace":"default","name":"kamera-test-deployment"}}
{"level":"error","ts":1768351629.69806,"logger":"fallback","caller":"revision/controller.go:116","msg":"Failed to create resolver transport","error":"open /var/run/secrets/kubernetes.io/serviceaccount/ca.crt: no such file or directory","stacktrace":"knative.dev/serving/pkg/reconciler/revision.newControllerWithOptions\n\t/Users/tgoodwin/tmp/gomodcache/knative.dev/serving@v0.46.5/pkg/reconciler/revision/controller.go:116\nknative.dev/serving/pkg/reconciler/revision.NewController\n\t/Users/tgoodwin/tmp/gomodcache/knative.dev/serving@v0.46.5/pkg/reconciler/revision/controller.go:64\nmain.configureKnativeExplorer.func1.1\n\t/Users/tgoodwin/projects/kamera/examples/knative-serving/scenario.go:91\ngithub.com/tgoodwin/kamera/examples/knative-serving/knative.NewKnativeStrategy.func1\n\t/Users/tgoodwin/projects/kamera/examples/knative-serving/knative/harness.go:555\ngithub.com/tgoodwin/kamera/examples/knative-serving/knative.(*KnativeStrategy).ReconcileAtState\n\t/Users/tgoodwin/projects/kamera/examples/knative-serving/knative/harness.go:895\ngithub.com/tgoodwin/kamera/pkg/tracecheck.(*ReconcilerContainer).doReconcile\n\t/Users/tgoodwin/projects/kamera/pkg/tracecheck/reconciler.go:164\ngithub.com/tgoodwin/kamera/pkg/tracecheck.(*Explorer).reconcileAtState\n\t/Users/tgoodwin/projects/kamera/pkg/tracecheck/explore.go:1313\ngithub.com/tgoodwin/kamera/pkg/tracecheck.(*Explorer).takeReconcileStep\n\t/Users/tgoodwin/projects/kamera/pkg/tracecheck/explore.go:1228\ngithub.com/tgoodwin/kamera/pkg/tracecheck.(*Explorer).explore\n\t/Users/tgoodwin/projects/kamera/pkg/tracecheck/explore.go:790\ngithub.com/tgoodwin/kamera/pkg/tracecheck.(*Explorer).Explore.func1\n\t/Users/tgoodwin/projects/kamera/pkg/tracecheck/explore.go:330"}
{"level":"info","ts":1768351629.6983979,"logger":"fallback","caller":"revision/reconcile_resources.go:161","msg":"Reconciling PA: kamera-test"}
{"level":"info","ts":"2026-01-13T16:47:09-08:00","logger":"RevisionReconciler.reconcile","msg":"reconcile completed","key":"default/kamera-test","reconciler":"knative.dev.serving.pkg.reconciler.revision.Reconciler","requeue":false,"requeueAfter":0}
{"level":"info","ts":"2026-01-13T16:47:09-08:00","logger":"tracecheck","msg":"Taking reconcile step","Depth":52,"# Distinct States":331,"Total States":333,"Resource States":67}
{"level":"info","ts":"2026-01-13T16:47:09-08:00","logger":"tracecheck","msg":"Taking reconcile step","Depth":49,"# Distinct States":333,"Total States":335,"Resource States":67}
{"level":"info","ts":"2026-01-13T16:47:09-08:00","logger":"RevisionReconciler.seed","msg":"added podscalable to informer","resource":"deployments","namespace":"default","name":"kamera-test-deployment","stage":"podscalable-add","keys":["default/kamera-test-deployment"]}
{"level":"info","ts":"2026-01-13T16:47:09-08:00","logger":"RevisionReconciler.seed","msg":"podscalable visible to lister","resource":"deployments","namespace":"default","name":"kamera-test-deployment","stage":"podscalable-lister","object":{"apiVersion":"autoscaling.internal.knative.dev/v1alpha1","kind":"PodScalable","namespace":"default","name":"kamera-test-deployment"}}
{"level":"error","ts":1768351629.807528,"logger":"fallback","caller":"revision/controller.go:116","msg":"Failed to create resolver transport","error":"open /var/run/secrets/kubernetes.io/serviceaccount/ca.crt: no such file or directory","stacktrace":"knative.dev/serving/pkg/reconciler/revision.newControllerWithOptions\n\t/Users/tgoodwin/tmp/gomodcache/knative.dev/serving@v0.46.5/pkg/reconciler/revision/controller.go:116\nknative.dev/serving/pkg/reconciler/revision.NewController\n\t/Users/tgoodwin/tmp/gomodcache/knative.dev/serving@v0.46.5/pkg/reconciler/revision/controller.go:64\nmain.configureKnativeExplorer.func1.1\n\t/Users/tgoodwin/projects/kamera/examples/knative-serving/scenario.go:91\ngithub.com/tgoodwin/kamera/examples/knative-serving/knative.NewKnativeStrategy.func1\n\t/Users/tgoodwin/projects/kamera/examples/knative-serving/knative/harness.go:555\ngithub.com/tgoodwin/kamera/examples/knative-serving/knative.(*KnativeStrategy).ReconcileAtState\n\t/Users/tgoodwin/projects/kamera/examples/knative-serving/knative/harness.go:895\ngithub.com/tgoodwin/kamera/pkg/tracecheck.(*ReconcilerContainer).doReconcile\n\t/Users/tgoodwin/projects/kamera/pkg/tracecheck/reconciler.go:164\ngithub.com/tgoodwin/kamera/pkg/tracecheck.(*Explorer).reconcileAtState\n\t/Users/tgoodwin/projects/kamera/pkg/tracecheck/explore.go:1313\ngithub.com/tgoodwin/kamera/pkg/tracecheck.(*Explorer).takeReconcileStep\n\t/Users/tgoodwin/projects/kamera/pkg/tracecheck/explore.go:1228\ngithub.com/tgoodwin/kamera/pkg/tracecheck.(*Explorer).explore\n\t/Users/tgoodwin/projects/kamera/pkg/tracecheck/explore.go:790\ngithub.com/tgoodwin/kamera/pkg/tracecheck.(*Explorer).Explore.func1\n\t/Users/tgoodwin/projects/kamera/pkg/tracecheck/explore.go:330"}
{"level":"info","ts":1768351629.807982,"logger":"fallback","caller":"revision/reconcile_resources.go:161","msg":"Reconciling PA: kamera-test"}
{"level":"info","ts":"2026-01-13T16:47:09-08:00","logger":"RevisionReconciler.reconcile","msg":"reconcile completed","key":"default/kamera-test","reconciler":"knative.dev.serving.pkg.reconciler.revision.Reconciler","requeue":false,"requeueAfter":0}
{"level":"info","ts":"2026-01-13T16:47:09-08:00","logger":"tracecheck","msg":"Taking reconcile step","Depth":50,"# Distinct States":334,"Total States":336,"Resource States":67}
{"level":"info","ts":"2026-01-13T16:47:09-08:00","logger":"tracecheck","msg":"Taking reconcile step","Depth":51,"# Distinct States":335,"Total States":337,"Resource States":67}
{"level":"info","ts":"2026-01-13T16:47:09-08:00","logger":"KPAReconciler.seed","msg":"added podscalable to informer","resource":"deployments","namespace":"default","name":"kamera-test-deployment","stage":"podscalable-add","keys":["default/kamera-test-deployment"]}
{"level":"info","ts":"2026-01-13T16:47:09-08:00","logger":"KPAReconciler.seed","msg":"podscalable visible to lister","resource":"deployments","namespace":"default","name":"kamera-test-deployment","stage":"podscalable-lister","object":{"apiVersion":"autoscaling.internal.knative.dev/v1alpha1","kind":"PodScalable","namespace":"default","name":"kamera-test-deployment"}}
{"level":"info","ts":1768351629.9174368,"logger":"fallback","caller":"kpa/controller.go:77","msg":"Setting up ConfigMap receivers"}
{"level":"info","ts":1768351629.9176488,"logger":"fallback","caller":"kpa/controller.go:91","msg":"Setting up KPA-Class event handlers"}
{"level":"info","ts":1768351629.917831,"logger":"fallback","caller":"kpa/scaler.go:379","msg":"Scaling from 1 to 0"}
{"level":"info","ts":1768351629.9202838,"logger":"fallback","caller":"kpa/kpa.go:158","msg":"SKS should be in Proxy mode: want = 0, ebc = 0, #act's = 2 PA Inactive? = true"}
{"level":"info","ts":1768351629.920342,"logger":"fallback","caller":"kpa/kpa.go:178","msg":"PA scale got=1, want=0, desiredPods=0 ebc=0"}
{"level":"info","ts":1768351629.9203598,"logger":"fallback","caller":"kpa/kpa.go:188","msg":"Observed pod counts=kpa.podCounts{want:0, ready:1, notReady:0, pending:0, terminating:0}"}
{"level":"info","ts":"2026-01-13T16:47:09-08:00","logger":"KPAReconciler.reconcile","msg":"reconcile completed","key":"default/kamera-test","reconciler":"knative.dev.serving.pkg.reconciler.autoscaling.kpa.Reconciler","requeue":false,"requeueAfter":0}
{"level":"info","ts":"2026-01-13T16:47:09-08:00","logger":"tracecheck","msg":"Taking reconcile step","Depth":52,"# Distinct States":336,"Total States":338,"Resource States":67}
{"level":"info","ts":"2026-01-13T16:47:09-08:00","logger":"tracecheck","msg":"Taking reconcile step","Depth":53,"# Distinct States":337,"Total States":339,"Resource States":67}
{"level":"info","ts":"2026-01-13T16:47:10-08:00","logger":"ConfigurationReconciler.seed","msg":"added podscalable to informer","resource":"deployments","namespace":"default","name":"kamera-test-deployment","stage":"podscalable-add","keys":["default/kamera-test-deployment"]}
{"level":"info","ts":"2026-01-13T16:47:10-08:00","logger":"ConfigurationReconciler.seed","msg":"podscalable visible to lister","resource":"deployments","namespace":"default","name":"kamera-test-deployment","stage":"podscalable-lister","object":{"apiVersion":"autoscaling.internal.knative.dev/v1alpha1","kind":"PodScalable","namespace":"default","name":"kamera-test-deployment"}}
{"level":"info","ts":1768351630.039295,"logger":"fallback","caller":"configuration/configuration.go:106","msg":"Revision \"kamera-test\" of configuration is ready"}
{"level":"info","ts":"2026-01-13T16:47:10-08:00","logger":"ConfigurationReconciler.reconcile","msg":"reconcile completed","key":"default/demo","reconciler":"knative.dev.serving.pkg.reconciler.configuration.Reconciler","requeue":false,"requeueAfter":0}
{"level":"info","ts":"2026-01-13T16:47:10-08:00","logger":"tracecheck","msg":"Taking reconcile step","Depth":54,"# Distinct States":338,"Total States":340,"Resource States":67}
{"level":"info","ts":"2026-01-13T16:47:10-08:00","logger":"tracecheck","msg":"Updated Deployment status","Depth":54,"# Distinct States":338,"Total States":340,"Resource States":67,"name":"kamera-test-deployment"}
{"level":"info","ts":"2026-01-13T16:47:10-08:00","logger":"tracecheck","msg":"Taking reconcile step","Depth":32,"# Distinct States":339,"Total States":342,"Resource States":67}
{"level":"info","ts":"2026-01-13T16:47:10-08:00","logger":"RevisionReconciler.seed","msg":"added podscalable to informer","resource":"deployments","namespace":"default","name":"kamera-test-deployment","stage":"podscalable-add","keys":["default/kamera-test-deployment"]}
{"level":"info","ts":"2026-01-13T16:47:10-08:00","logger":"RevisionReconciler.seed","msg":"podscalable visible to lister","resource":"deployments","namespace":"default","name":"kamera-test-deployment","stage":"podscalable-lister","object":{"apiVersion":"autoscaling.internal.knative.dev/v1alpha1","kind":"PodScalable","namespace":"default","name":"kamera-test-deployment"}}
{"level":"error","ts":1768351630.15584,"logger":"fallback","caller":"revision/controller.go:116","msg":"Failed to create resolver transport","error":"open /var/run/secrets/kubernetes.io/serviceaccount/ca.crt: no such file or directory","stacktrace":"knative.dev/serving/pkg/reconciler/revision.newControllerWithOptions\n\t/Users/tgoodwin/tmp/gomodcache/knative.dev/serving@v0.46.5/pkg/reconciler/revision/controller.go:116\nknative.dev/serving/pkg/reconciler/revision.NewController\n\t/Users/tgoodwin/tmp/gomodcache/knative.dev/serving@v0.46.5/pkg/reconciler/revision/controller.go:64\nmain.configureKnativeExplorer.func1.1\n\t/Users/tgoodwin/projects/kamera/examples/knative-serving/scenario.go:91\ngithub.com/tgoodwin/kamera/examples/knative-serving/knative.NewKnativeStrategy.func1\n\t/Users/tgoodwin/projects/kamera/examples/knative-serving/knative/harness.go:555\ngithub.com/tgoodwin/kamera/examples/knative-serving/knative.(*KnativeStrategy).ReconcileAtState\n\t/Users/tgoodwin/projects/kamera/examples/knative-serving/knative/harness.go:895\ngithub.com/tgoodwin/kamera/pkg/tracecheck.(*ReconcilerContainer).doReconcile\n\t/Users/tgoodwin/projects/kamera/pkg/tracecheck/reconciler.go:164\ngithub.com/tgoodwin/kamera/pkg/tracecheck.(*Explorer).reconcileAtState\n\t/Users/tgoodwin/projects/kamera/pkg/tracecheck/explore.go:1313\ngithub.com/tgoodwin/kamera/pkg/tracecheck.(*Explorer).takeReconcileStep\n\t/Users/tgoodwin/projects/kamera/pkg/tracecheck/explore.go:1228\ngithub.com/tgoodwin/kamera/pkg/tracecheck.(*Explorer).explore\n\t/Users/tgoodwin/projects/kamera/pkg/tracecheck/explore.go:790\ngithub.com/tgoodwin/kamera/pkg/tracecheck.(*Explorer).Explore.func1\n\t/Users/tgoodwin/projects/kamera/pkg/tracecheck/explore.go:330"}
{"level":"info","ts":1768351630.156411,"logger":"fallback","caller":"revision/reconcile_resources.go:161","msg":"Reconciling PA: kamera-test"}
{"level":"info","ts":"2026-01-13T16:47:10-08:00","logger":"RevisionReconciler.reconcile","msg":"reconcile completed","key":"default/kamera-test","reconciler":"knative.dev.serving.pkg.reconciler.revision.Reconciler","requeue":false,"requeueAfter":0}
{"level":"info","ts":"2026-01-13T16:47:10-08:00","logger":"tracecheck","msg":"Taking reconcile step","Depth":33,"# Distinct States":340,"Total States":343,"Resource States":67}
{"level":"info","ts":"2026-01-13T16:47:10-08:00","logger":"tracecheck","msg":"Taking reconcile step","Depth":34,"# Distinct States":341,"Total States":344,"Resource States":67}
{"level":"info","ts":"2026-01-13T16:47:10-08:00","logger":"tracecheck","msg":"Taking reconcile step","Depth":35,"# Distinct States":342,"Total States":345,"Resource States":67}
{"level":"info","ts":"2026-01-13T16:47:10-08:00","logger":"KPAReconciler.seed","msg":"added podscalable to informer","resource":"deployments","namespace":"default","name":"kamera-test-deployment","stage":"podscalable-add","keys":["default/kamera-test-deployment"]}
{"level":"info","ts":"2026-01-13T16:47:10-08:00","logger":"KPAReconciler.seed","msg":"podscalable visible to lister","resource":"deployments","namespace":"default","name":"kamera-test-deployment","stage":"podscalable-lister","object":{"apiVersion":"autoscaling.internal.knative.dev/v1alpha1","kind":"PodScalable","namespace":"default","name":"kamera-test-deployment"}}
{"level":"info","ts":1768351630.26861,"logger":"fallback","caller":"kpa/controller.go:77","msg":"Setting up ConfigMap receivers"}
{"level":"info","ts":1768351630.2687192,"logger":"fallback","caller":"kpa/controller.go:91","msg":"Setting up KPA-Class event handlers"}
{"level":"info","ts":1768351630.268843,"logger":"fallback","caller":"kpa/kpa.go:158","msg":"SKS should be in Proxy mode: want = -1, ebc = 0, #act's = 2 PA Inactive? = false"}
{"level":"info","ts":1768351630.268866,"logger":"fallback","caller":"kpa/kpa.go:178","msg":"PA scale got=0, want=-1, desiredPods=0 ebc=0"}
{"level":"info","ts":1768351630.2688751,"logger":"fallback","caller":"kpa/kpa.go:188","msg":"Observed pod counts=kpa.podCounts{want:-1, ready:0, notReady:1, pending:0, terminating:0}"}
{"level":"info","ts":"2026-01-13T16:47:10-08:00","logger":"KPAReconciler.reconcile","msg":"reconcile completed","key":"default/kamera-test","reconciler":"knative.dev.serving.pkg.reconciler.autoscaling.kpa.Reconciler","requeue":false,"requeueAfter":0}
{"level":"info","ts":"2026-01-13T16:47:10-08:00","logger":"tracecheck","msg":"Taking reconcile step","Depth":36,"# Distinct States":343,"Total States":346,"Resource States":67}
{"level":"info","ts":"2026-01-13T16:47:10-08:00","logger":"tracecheck","msg":"Taking reconcile step","Depth":37,"# Distinct States":344,"Total States":347,"Resource States":67}
{"level":"info","ts":"2026-01-13T16:47:10-08:00","logger":"ServerlessServiceReconciler.seed","msg":"added podscalable to informer","resource":"deployments","namespace":"default","name":"kamera-test-deployment","stage":"podscalable-add","keys":["default/kamera-test-deployment"]}
{"level":"info","ts":"2026-01-13T16:47:10-08:00","logger":"ServerlessServiceReconciler.seed","msg":"podscalable visible to lister","resource":"deployments","namespace":"default","name":"kamera-test-deployment","stage":"podscalable-lister","object":{"apiVersion":"autoscaling.internal.knative.dev/v1alpha1","kind":"PodScalable","namespace":"default","name":"kamera-test-deployment"}}
{"level":"info","ts":1768351630.3777301,"logger":"fallback","caller":"serverlessservice/controller.go:90","msg":"Doing a global resync due to activator endpoint changes"}
{"level":"info","ts":1768351630.377789,"logger":"fallback","caller":"serverlessservice/serverlessservice.go:217","msg":"SKS is in Proxy mode; has 0 endpoints in kamera-test-private; 1 activator endpoints"}
{"level":"info","ts":1768351630.3778079,"logger":"fallback","caller":"serverlessservice/serverlessservice.go:245","msg":"Forcing SKS into Proxy mode, insufficient ready endpoints."}
{"level":"info","ts":1768351630.377821,"logger":"fallback","caller":"serverlessservice/serverlessservice.go:290","msg":"No ready endpoints backing revision"}
{"level":"info","ts":"2026-01-13T16:47:10-08:00","logger":"ServerlessServiceReconciler.reconcile","msg":"reconcile completed","key":"default/kamera-test","reconciler":"knative.dev.serving.pkg.reconciler.serverlessservice.reconciler","requeue":false,"requeueAfter":0}
{"level":"info","ts":"2026-01-13T16:47:10-08:00","logger":"tracecheck","msg":"Taking reconcile step","Depth":38,"# Distinct States":345,"Total States":348,"Resource States":67}
{"level":"info","ts":"2026-01-13T16:47:10-08:00","logger":"tracecheck","msg":"updated pod status","Depth":38,"# Distinct States":345,"Total States":348,"Resource States":67,"phase":"Running","pod":{"name":"kamera-test-deployment-1488584584-0","namespace":"default"}}
{"level":"info","ts":"2026-01-13T16:47:10-08:00","logger":"tracecheck","msg":"Taking reconcile step","Depth":39,"# Distinct States":346,"Total States":349,"Resource States":67}
{"level":"info","ts":"2026-01-13T16:47:10-08:00","logger":"tracecheck","msg":"Taking reconcile step","Depth":40,"# Distinct States":347,"Total States":350,"Resource States":67}
{"level":"info","ts":"2026-01-13T16:47:10-08:00","logger":"ConfigurationReconciler.seed","msg":"added podscalable to informer","resource":"deployments","namespace":"default","name":"kamera-test-deployment","stage":"podscalable-add","keys":["default/kamera-test-deployment"]}
{"level":"info","ts":"2026-01-13T16:47:10-08:00","logger":"ConfigurationReconciler.seed","msg":"podscalable visible to lister","resource":"deployments","namespace":"default","name":"kamera-test-deployment","stage":"podscalable-lister","object":{"apiVersion":"autoscaling.internal.knative.dev/v1alpha1","kind":"PodScalable","namespace":"default","name":"kamera-test-deployment"}}
{"level":"info","ts":1768351630.492502,"logger":"fallback","caller":"configuration/configuration.go:103","msg":"Revision \"kamera-test\" of configuration is not ready"}
{"level":"info","ts":"2026-01-13T16:47:10-08:00","logger":"ConfigurationReconciler.reconcile","msg":"reconcile completed","key":"default/demo","reconciler":"knative.dev.serving.pkg.reconciler.configuration.Reconciler","requeue":false,"requeueAfter":0}
{"level":"info","ts":"2026-01-13T16:47:10-08:00","logger":"tracecheck","msg":"Taking reconcile step","Depth":41,"# Distinct States":348,"Total States":351,"Resource States":67}
{"level":"info","ts":"2026-01-13T16:47:10-08:00","logger":"RevisionReconciler.seed","msg":"added podscalable to informer","resource":"deployments","namespace":"default","name":"kamera-test-deployment","stage":"podscalable-add","keys":["default/kamera-test-deployment"]}
{"level":"info","ts":"2026-01-13T16:47:10-08:00","logger":"RevisionReconciler.seed","msg":"podscalable visible to lister","resource":"deployments","namespace":"default","name":"kamera-test-deployment","stage":"podscalable-lister","object":{"apiVersion":"autoscaling.internal.knative.dev/v1alpha1","kind":"PodScalable","namespace":"default","name":"kamera-test-deployment"}}
{"level":"error","ts":1768351630.60003,"logger":"fallback","caller":"revision/controller.go:116","msg":"Failed to create resolver transport","error":"open /var/run/secrets/kubernetes.io/serviceaccount/ca.crt: no such file or directory","stacktrace":"knative.dev/serving/pkg/reconciler/revision.newControllerWithOptions\n\t/Users/tgoodwin/tmp/gomodcache/knative.dev/serving@v0.46.5/pkg/reconciler/revision/controller.go:116\nknative.dev/serving/pkg/reconciler/revision.NewController\n\t/Users/tgoodwin/tmp/gomodcache/knative.dev/serving@v0.46.5/pkg/reconciler/revision/controller.go:64\nmain.configureKnativeExplorer.func1.1\n\t/Users/tgoodwin/projects/kamera/examples/knative-serving/scenario.go:91\ngithub.com/tgoodwin/kamera/examples/knative-serving/knative.NewKnativeStrategy.func1\n\t/Users/tgoodwin/projects/kamera/examples/knative-serving/knative/harness.go:555\ngithub.com/tgoodwin/kamera/examples/knative-serving/knative.(*KnativeStrategy).ReconcileAtState\n\t/Users/tgoodwin/projects/kamera/examples/knative-serving/knative/harness.go:895\ngithub.com/tgoodwin/kamera/pkg/tracecheck.(*ReconcilerContainer).doReconcile\n\t/Users/tgoodwin/projects/kamera/pkg/tracecheck/reconciler.go:164\ngithub.com/tgoodwin/kamera/pkg/tracecheck.(*Explorer).reconcileAtState\n\t/Users/tgoodwin/projects/kamera/pkg/tracecheck/explore.go:1313\ngithub.com/tgoodwin/kamera/pkg/tracecheck.(*Explorer).takeReconcileStep\n\t/Users/tgoodwin/projects/kamera/pkg/tracecheck/explore.go:1228\ngithub.com/tgoodwin/kamera/pkg/tracecheck.(*Explorer).explore\n\t/Users/tgoodwin/projects/kamera/pkg/tracecheck/explore.go:790\ngithub.com/tgoodwin/kamera/pkg/tracecheck.(*Explorer).Explore.func1\n\t/Users/tgoodwin/projects/kamera/pkg/tracecheck/explore.go:330"}
{"level":"info","ts":1768351630.600352,"logger":"fallback","caller":"revision/reconcile_resources.go:161","msg":"Reconciling PA: kamera-test"}
{"level":"info","ts":"2026-01-13T16:47:10-08:00","logger":"RevisionReconciler.reconcile","msg":"reconcile completed","key":"default/kamera-test","reconciler":"knative.dev.serving.pkg.reconciler.revision.Reconciler","requeue":false,"requeueAfter":0}
{"level":"info","ts":"2026-01-13T16:47:10-08:00","logger":"tracecheck","msg":"Taking reconcile step","Depth":42,"# Distinct States":349,"Total States":352,"Resource States":67}
{"level":"info","ts":"2026-01-13T16:47:10-08:00","logger":"KPAReconciler.seed","msg":"added podscalable to informer","resource":"deployments","namespace":"default","name":"kamera-test-deployment","stage":"podscalable-add","keys":["default/kamera-test-deployment"]}
{"level":"info","ts":"2026-01-13T16:47:10-08:00","logger":"KPAReconciler.seed","msg":"podscalable visible to lister","resource":"deployments","namespace":"default","name":"kamera-test-deployment","stage":"podscalable-lister","object":{"apiVersion":"autoscaling.internal.knative.dev/v1alpha1","kind":"PodScalable","namespace":"default","name":"kamera-test-deployment"}}
{"level":"info","ts":1768351630.705745,"logger":"fallback","caller":"kpa/controller.go:77","msg":"Setting up ConfigMap receivers"}
{"level":"info","ts":1768351630.705874,"logger":"fallback","caller":"kpa/controller.go:91","msg":"Setting up KPA-Class event handlers"}
{"level":"info","ts":1768351630.7060428,"logger":"fallback","caller":"kpa/kpa.go:158","msg":"SKS should be in Proxy mode: want = -1, ebc = 0, #act's = 2 PA Inactive? = false"}
{"level":"info","ts":1768351630.7060852,"logger":"fallback","caller":"kpa/kpa.go:178","msg":"PA scale got=1, want=-1, desiredPods=0 ebc=0"}
{"level":"info","ts":1768351630.7060962,"logger":"fallback","caller":"kpa/kpa.go:188","msg":"Observed pod counts=kpa.podCounts{want:-1, ready:1, notReady:0, pending:0, terminating:0}"}
{"level":"info","ts":"2026-01-13T16:47:10-08:00","logger":"KPAReconciler.reconcile","msg":"reconcile completed","key":"default/kamera-test","reconciler":"knative.dev.serving.pkg.reconciler.autoscaling.kpa.Reconciler","requeue":false,"requeueAfter":0}
{"level":"info","ts":"2026-01-13T16:47:10-08:00","logger":"tracecheck","msg":"Taking reconcile step","Depth":43,"# Distinct States":350,"Total States":353,"Resource States":67}
{"level":"info","ts":"2026-01-13T16:47:10-08:00","logger":"tracecheck","msg":"Taking reconcile step","Depth":44,"# Distinct States":351,"Total States":354,"Resource States":67}
{"level":"info","ts":"2026-01-13T16:47:10-08:00","logger":"tracecheck","msg":"Updated ReplicaSet status","Depth":44,"# Distinct States":351,"Total States":354,"Resource States":67,"name":"kamera-test-deployment-1488584584"}
{"level":"info","ts":"2026-01-13T16:47:10-08:00","logger":"tracecheck","msg":"Taking reconcile step","Depth":45,"# Distinct States":352,"Total States":355,"Resource States":67}
{"level":"info","ts":"2026-01-13T16:47:10-08:00","logger":"KPAReconciler.seed","msg":"added podscalable to informer","resource":"deployments","namespace":"default","name":"kamera-test-deployment","stage":"podscalable-add","keys":["default/kamera-test-deployment"]}
{"level":"info","ts":"2026-01-13T16:47:10-08:00","logger":"KPAReconciler.seed","msg":"podscalable visible to lister","resource":"deployments","namespace":"default","name":"kamera-test-deployment","stage":"podscalable-lister","object":{"apiVersion":"autoscaling.internal.knative.dev/v1alpha1","kind":"PodScalable","namespace":"default","name":"kamera-test-deployment"}}
{"level":"info","ts":1768351630.820179,"logger":"fallback","caller":"kpa/controller.go:77","msg":"Setting up ConfigMap receivers"}
{"level":"info","ts":1768351630.820313,"logger":"fallback","caller":"kpa/controller.go:91","msg":"Setting up KPA-Class event handlers"}
{"level":"info","ts":1768351630.820443,"logger":"fallback","caller":"kpa/scaler.go:229","msg":"Can deactivate PA, was active for 6s"}
{"level":"info","ts":1768351630.8204632,"logger":"fallback","caller":"kpa/kpa.go:158","msg":"SKS should be in Proxy mode: want = 0, ebc = 0, #act's = 2 PA Inactive? = false"}
{"level":"info","ts":1768351630.820483,"logger":"fallback","caller":"kpa/kpa.go:178","msg":"PA scale got=1, want=0, desiredPods=0 ebc=0"}
{"level":"info","ts":1768351630.8204942,"logger":"fallback","caller":"kpa/kpa.go:188","msg":"Observed pod counts=kpa.podCounts{want:0, ready:1, notReady:0, pending:0, terminating:0}"}
{"level":"info","ts":"2026-01-13T16:47:10-08:00","logger":"KPAReconciler.reconcile","msg":"reconcile completed","key":"default/kamera-test","reconciler":"knative.dev.serving.pkg.reconciler.autoscaling.kpa.Reconciler","requeue":false,"requeueAfter":0}
{"level":"info","ts":"2026-01-13T16:47:10-08:00","logger":"tracecheck","msg":"Taking reconcile step","Depth":46,"# Distinct States":353,"Total States":356,"Resource States":67}
{"level":"info","ts":"2026-01-13T16:47:10-08:00","logger":"tracecheck","msg":"Taking reconcile step","Depth":47,"# Distinct States":354,"Total States":357,"Resource States":67}
{"level":"info","ts":"2026-01-13T16:47:10-08:00","logger":"RevisionReconciler.seed","msg":"added podscalable to informer","resource":"deployments","namespace":"default","name":"kamera-test-deployment","stage":"podscalable-add","keys":["default/kamera-test-deployment"]}
{"level":"info","ts":"2026-01-13T16:47:10-08:00","logger":"RevisionReconciler.seed","msg":"podscalable visible to lister","resource":"deployments","namespace":"default","name":"kamera-test-deployment","stage":"podscalable-lister","object":{"apiVersion":"autoscaling.internal.knative.dev/v1alpha1","kind":"PodScalable","namespace":"default","name":"kamera-test-deployment"}}
{"level":"error","ts":1768351630.933496,"logger":"fallback","caller":"revision/controller.go:116","msg":"Failed to create resolver transport","error":"open /var/run/secrets/kubernetes.io/serviceaccount/ca.crt: no such file or directory","stacktrace":"knative.dev/serving/pkg/reconciler/revision.newControllerWithOptions\n\t/Users/tgoodwin/tmp/gomodcache/knative.dev/serving@v0.46.5/pkg/reconciler/revision/controller.go:116\nknative.dev/serving/pkg/reconciler/revision.NewController\n\t/Users/tgoodwin/tmp/gomodcache/knative.dev/serving@v0.46.5/pkg/reconciler/revision/controller.go:64\nmain.configureKnativeExplorer.func1.1\n\t/Users/tgoodwin/projects/kamera/examples/knative-serving/scenario.go:91\ngithub.com/tgoodwin/kamera/examples/knative-serving/knative.NewKnativeStrategy.func1\n\t/Users/tgoodwin/projects/kamera/examples/knative-serving/knative/harness.go:555\ngithub.com/tgoodwin/kamera/examples/knative-serving/knative.(*KnativeStrategy).ReconcileAtState\n\t/Users/tgoodwin/projects/kamera/examples/knative-serving/knative/harness.go:895\ngithub.com/tgoodwin/kamera/pkg/tracecheck.(*ReconcilerContainer).doReconcile\n\t/Users/tgoodwin/projects/kamera/pkg/tracecheck/reconciler.go:164\ngithub.com/tgoodwin/kamera/pkg/tracecheck.(*Explorer).reconcileAtState\n\t/Users/tgoodwin/projects/kamera/pkg/tracecheck/explore.go:1313\ngithub.com/tgoodwin/kamera/pkg/tracecheck.(*Explorer).takeReconcileStep\n\t/Users/tgoodwin/projects/kamera/pkg/tracecheck/explore.go:1228\ngithub.com/tgoodwin/kamera/pkg/tracecheck.(*Explorer).explore\n\t/Users/tgoodwin/projects/kamera/pkg/tracecheck/explore.go:790\ngithub.com/tgoodwin/kamera/pkg/tracecheck.(*Explorer).Explore.func1\n\t/Users/tgoodwin/projects/kamera/pkg/tracecheck/explore.go:330"}
{"level":"info","ts":1768351630.93396,"logger":"fallback","caller":"revision/reconcile_resources.go:161","msg":"Reconciling PA: kamera-test"}
{"level":"info","ts":1768351630.93399,"logger":"fallback","caller":"revision/revision.go:166","msg":"Revision became ready"}
{"level":"info","ts":"2026-01-13T16:47:10-08:00","logger":"RevisionReconciler.reconcile","msg":"reconcile completed","key":"default/kamera-test","reconciler":"knative.dev.serving.pkg.reconciler.revision.Reconciler","requeue":false,"requeueAfter":0}
{"level":"info","ts":"2026-01-13T16:47:10-08:00","logger":"tracecheck","msg":"Taking reconcile step","Depth":48,"# Distinct States":355,"Total States":358,"Resource States":67}
{"level":"info","ts":"2026-01-13T16:47:10-08:00","logger":"tracecheck","msg":"Updated Deployment status","Depth":48,"# Distinct States":355,"Total States":358,"Resource States":67,"name":"kamera-test-deployment"}
{"level":"info","ts":"2026-01-13T16:47:10-08:00","logger":"tracecheck","msg":"Taking reconcile step","Depth":49,"# Distinct States":356,"Total States":359,"Resource States":67}
{"level":"info","ts":"2026-01-13T16:47:10-08:00","logger":"tracecheck","msg":"Taking reconcile step","Depth":50,"# Distinct States":357,"Total States":360,"Resource States":67}
{"level":"info","ts":"2026-01-13T16:47:11-08:00","logger":"KPAReconciler.seed","msg":"added podscalable to informer","resource":"deployments","namespace":"default","name":"kamera-test-deployment","stage":"podscalable-add","keys":["default/kamera-test-deployment"]}
{"level":"info","ts":"2026-01-13T16:47:11-08:00","logger":"KPAReconciler.seed","msg":"podscalable visible to lister","resource":"deployments","namespace":"default","name":"kamera-test-deployment","stage":"podscalable-lister","object":{"apiVersion":"autoscaling.internal.knative.dev/v1alpha1","kind":"PodScalable","namespace":"default","name":"kamera-test-deployment"}}
{"level":"info","ts":1768351631.049293,"logger":"fallback","caller":"kpa/controller.go:77","msg":"Setting up ConfigMap receivers"}
{"level":"info","ts":1768351631.049398,"logger":"fallback","caller":"kpa/controller.go:91","msg":"Setting up KPA-Class event handlers"}
{"level":"info","ts":1768351631.049495,"logger":"fallback","caller":"kpa/scaler.go:379","msg":"Scaling from 1 to 0"}
{"level":"info","ts":1768351631.05148,"logger":"fallback","caller":"kpa/kpa.go:158","msg":"SKS should be in Proxy mode: want = 0, ebc = 0, #act's = 2 PA Inactive? = true"}
{"level":"info","ts":1768351631.0515,"logger":"fallback","caller":"kpa/kpa.go:178","msg":"PA scale got=1, want=0, desiredPods=0 ebc=0"}
{"level":"info","ts":1768351631.051509,"logger":"fallback","caller":"kpa/kpa.go:188","msg":"Observed pod counts=kpa.podCounts{want:0, ready:1, notReady:0, pending:0, terminating:0}"}
{"level":"info","ts":"2026-01-13T16:47:11-08:00","logger":"KPAReconciler.reconcile","msg":"reconcile completed","key":"default/kamera-test","reconciler":"knative.dev.serving.pkg.reconciler.autoscaling.kpa.Reconciler","requeue":false,"requeueAfter":0}
{"level":"info","ts":"2026-01-13T16:47:11-08:00","logger":"tracecheck","msg":"Taking reconcile step","Depth":51,"# Distinct States":358,"Total States":361,"Resource States":67}
{"level":"info","ts":"2026-01-13T16:47:11-08:00","logger":"ConfigurationReconciler.seed","msg":"added podscalable to informer","resource":"deployments","namespace":"default","name":"kamera-test-deployment","stage":"podscalable-add","keys":["default/kamera-test-deployment"]}
{"level":"info","ts":"2026-01-13T16:47:11-08:00","logger":"ConfigurationReconciler.seed","msg":"podscalable visible to lister","resource":"deployments","namespace":"default","name":"kamera-test-deployment","stage":"podscalable-lister","object":{"apiVersion":"autoscaling.internal.knative.dev/v1alpha1","kind":"PodScalable","namespace":"default","name":"kamera-test-deployment"}}
{"level":"info","ts":1768351631.160888,"logger":"fallback","caller":"configuration/configuration.go:106","msg":"Revision \"kamera-test\" of configuration is ready"}
{"level":"info","ts":"2026-01-13T16:47:11-08:00","logger":"ConfigurationReconciler.reconcile","msg":"reconcile completed","key":"default/demo","reconciler":"knative.dev.serving.pkg.reconciler.configuration.Reconciler","requeue":false,"requeueAfter":0}
{"level":"info","ts":"2026-01-13T16:47:11-08:00","logger":"tracecheck","msg":"Taking reconcile step","Depth":52,"# Distinct States":359,"Total States":362,"Resource States":67}
{"level":"info","ts":"2026-01-13T16:47:11-08:00","logger":"tracecheck","msg":"Taking reconcile step","Depth":43,"# Distinct States":360,"Total States":363,"Resource States":67}
{"level":"info","ts":"2026-01-13T16:47:11-08:00","logger":"RevisionReconciler.seed","msg":"added podscalable to informer","resource":"deployments","namespace":"default","name":"kamera-test-deployment","stage":"podscalable-add","keys":["default/kamera-test-deployment"]}
{"level":"info","ts":"2026-01-13T16:47:11-08:00","logger":"RevisionReconciler.seed","msg":"podscalable visible to lister","resource":"deployments","namespace":"default","name":"kamera-test-deployment","stage":"podscalable-lister","object":{"apiVersion":"autoscaling.internal.knative.dev/v1alpha1","kind":"PodScalable","namespace":"default","name":"kamera-test-deployment"}}
{"level":"error","ts":1768351631.270624,"logger":"fallback","caller":"revision/controller.go:116","msg":"Failed to create resolver transport","error":"open /var/run/secrets/kubernetes.io/serviceaccount/ca.crt: no such file or directory","stacktrace":"knative.dev/serving/pkg/reconciler/revision.newControllerWithOptions\n\t/Users/tgoodwin/tmp/gomodcache/knative.dev/serving@v0.46.5/pkg/reconciler/revision/controller.go:116\nknative.dev/serving/pkg/reconciler/revision.NewController\n\t/Users/tgoodwin/tmp/gomodcache/knative.dev/serving@v0.46.5/pkg/reconciler/revision/controller.go:64\nmain.configureKnativeExplorer.func1.1\n\t/Users/tgoodwin/projects/kamera/examples/knative-serving/scenario.go:91\ngithub.com/tgoodwin/kamera/examples/knative-serving/knative.NewKnativeStrategy.func1\n\t/Users/tgoodwin/projects/kamera/examples/knative-serving/knative/harness.go:555\ngithub.com/tgoodwin/kamera/examples/knative-serving/knative.(*KnativeStrategy).ReconcileAtState\n\t/Users/tgoodwin/projects/kamera/examples/knative-serving/knative/harness.go:895\ngithub.com/tgoodwin/kamera/pkg/tracecheck.(*ReconcilerContainer).doReconcile\n\t/Users/tgoodwin/projects/kamera/pkg/tracecheck/reconciler.go:164\ngithub.com/tgoodwin/kamera/pkg/tracecheck.(*Explorer).reconcileAtState\n\t/Users/tgoodwin/projects/kamera/pkg/tracecheck/explore.go:1313\ngithub.com/tgoodwin/kamera/pkg/tracecheck.(*Explorer).takeReconcileStep\n\t/Users/tgoodwin/projects/kamera/pkg/tracecheck/explore.go:1228\ngithub.com/tgoodwin/kamera/pkg/tracecheck.(*Explorer).explore\n\t/Users/tgoodwin/projects/kamera/pkg/tracecheck/explore.go:790\ngithub.com/tgoodwin/kamera/pkg/tracecheck.(*Explorer).Explore.func1\n\t/Users/tgoodwin/projects/kamera/pkg/tracecheck/explore.go:330"}
{"level":"info","ts":1768351631.2710662,"logger":"fallback","caller":"revision/reconcile_resources.go:161","msg":"Reconciling PA: kamera-test"}
{"level":"info","ts":1768351631.2710981,"logger":"fallback","caller":"revision/revision.go:166","msg":"Revision became ready"}
{"level":"info","ts":"2026-01-13T16:47:11-08:00","logger":"RevisionReconciler.reconcile","msg":"reconcile completed","key":"default/kamera-test","reconciler":"knative.dev.serving.pkg.reconciler.revision.Reconciler","requeue":false,"requeueAfter":0}
{"level":"info","ts":"2026-01-13T16:47:11-08:00","logger":"tracecheck","msg":"Taking reconcile step","Depth":44,"# Distinct States":361,"Total States":364,"Resource States":67}
{"level":"info","ts":"2026-01-13T16:47:11-08:00","logger":"tracecheck","msg":"Taking reconcile step","Depth":45,"# Distinct States":362,"Total States":365,"Resource States":67}
{"level":"info","ts":"2026-01-13T16:47:11-08:00","logger":"tracecheck","msg":"Updated ReplicaSet status","Depth":45,"# Distinct States":362,"Total States":365,"Resource States":67,"name":"kamera-test-deployment-1488584584"}
{"level":"info","ts":"2026-01-13T16:47:11-08:00","logger":"tracecheck","msg":"Taking reconcile step","Depth":46,"# Distinct States":363,"Total States":366,"Resource States":67}
{"level":"info","ts":"2026-01-13T16:47:11-08:00","logger":"KPAReconciler.seed","msg":"added podscalable to informer","resource":"deployments","namespace":"default","name":"kamera-test-deployment","stage":"podscalable-add","keys":["default/kamera-test-deployment"]}
{"level":"info","ts":"2026-01-13T16:47:11-08:00","logger":"KPAReconciler.seed","msg":"podscalable visible to lister","resource":"deployments","namespace":"default","name":"kamera-test-deployment","stage":"podscalable-lister","object":{"apiVersion":"autoscaling.internal.knative.dev/v1alpha1","kind":"PodScalable","namespace":"default","name":"kamera-test-deployment"}}
{"level":"info","ts":1768351631.385102,"logger":"fallback","caller":"kpa/controller.go:77","msg":"Setting up ConfigMap receivers"}
{"level":"info","ts":1768351631.385211,"logger":"fallback","caller":"kpa/controller.go:91","msg":"Setting up KPA-Class event handlers"}
{"level":"info","ts":1768351631.385337,"logger":"fallback","caller":"kpa/scaler.go:229","msg":"Can deactivate PA, was active for 8s"}
{"level":"info","ts":1768351631.385356,"logger":"fallback","caller":"kpa/kpa.go:158","msg":"SKS should be in Proxy mode: want = 0, ebc = 0, #act's = 2 PA Inactive? = false"}
{"level":"info","ts":1768351631.385377,"logger":"fallback","caller":"kpa/kpa.go:178","msg":"PA scale got=1, want=0, desiredPods=0 ebc=0"}
{"level":"info","ts":1768351631.3853881,"logger":"fallback","caller":"kpa/kpa.go:188","msg":"Observed pod counts=kpa.podCounts{want:0, ready:1, notReady:0, pending:0, terminating:0}"}
{"level":"info","ts":"2026-01-13T16:47:11-08:00","logger":"KPAReconciler.reconcile","msg":"reconcile completed","key":"default/kamera-test","reconciler":"knative.dev.serving.pkg.reconciler.autoscaling.kpa.Reconciler","requeue":false,"requeueAfter":0}
{"level":"info","ts":"2026-01-13T16:47:11-08:00","logger":"tracecheck","msg":"Taking reconcile step","Depth":47,"# Distinct States":364,"Total States":367,"Resource States":67}
{"level":"info","ts":"2026-01-13T16:47:11-08:00","logger":"tracecheck","msg":"Taking reconcile step","Depth":27,"# Distinct States":366,"Total States":369,"Resource States":67}
{"level":"info","ts":"2026-01-13T16:47:11-08:00","logger":"RevisionReconciler.seed","msg":"added podscalable to informer","resource":"deployments","namespace":"default","name":"kamera-test-deployment","stage":"podscalable-add","keys":["default/kamera-test-deployment"]}
{"level":"info","ts":"2026-01-13T16:47:11-08:00","logger":"RevisionReconciler.seed","msg":"podscalable visible to lister","resource":"deployments","namespace":"default","name":"kamera-test-deployment","stage":"podscalable-lister","object":{"apiVersion":"autoscaling.internal.knative.dev/v1alpha1","kind":"PodScalable","namespace":"default","name":"kamera-test-deployment"}}
{"level":"error","ts":1768351631.494675,"logger":"fallback","caller":"revision/controller.go:116","msg":"Failed to create resolver transport","error":"open /var/run/secrets/kubernetes.io/serviceaccount/ca.crt: no such file or directory","stacktrace":"knative.dev/serving/pkg/reconciler/revision.newControllerWithOptions\n\t/Users/tgoodwin/tmp/gomodcache/knative.dev/serving@v0.46.5/pkg/reconciler/revision/controller.go:116\nknative.dev/serving/pkg/reconciler/revision.NewController\n\t/Users/tgoodwin/tmp/gomodcache/knative.dev/serving@v0.46.5/pkg/reconciler/revision/controller.go:64\nmain.configureKnativeExplorer.func1.1\n\t/Users/tgoodwin/projects/kamera/examples/knative-serving/scenario.go:91\ngithub.com/tgoodwin/kamera/examples/knative-serving/knative.NewKnativeStrategy.func1\n\t/Users/tgoodwin/projects/kamera/examples/knative-serving/knative/harness.go:555\ngithub.com/tgoodwin/kamera/examples/knative-serving/knative.(*KnativeStrategy).ReconcileAtState\n\t/Users/tgoodwin/projects/kamera/examples/knative-serving/knative/harness.go:895\ngithub.com/tgoodwin/kamera/pkg/tracecheck.(*ReconcilerContainer).doReconcile\n\t/Users/tgoodwin/projects/kamera/pkg/tracecheck/reconciler.go:164\ngithub.com/tgoodwin/kamera/pkg/tracecheck.(*Explorer).reconcileAtState\n\t/Users/tgoodwin/projects/kamera/pkg/tracecheck/explore.go:1313\ngithub.com/tgoodwin/kamera/pkg/tracecheck.(*Explorer).takeReconcileStep\n\t/Users/tgoodwin/projects/kamera/pkg/tracecheck/explore.go:1228\ngithub.com/tgoodwin/kamera/pkg/tracecheck.(*Explorer).explore\n\t/Users/tgoodwin/projects/kamera/pkg/tracecheck/explore.go:790\ngithub.com/tgoodwin/kamera/pkg/tracecheck.(*Explorer).Explore.func1\n\t/Users/tgoodwin/projects/kamera/pkg/tracecheck/explore.go:330"}
{"level":"info","ts":1768351631.495285,"logger":"fallback","caller":"revision/reconcile_resources.go:161","msg":"Reconciling PA: kamera-test"}
{"level":"info","ts":"2026-01-13T16:47:11-08:00","logger":"RevisionReconciler.reconcile","msg":"reconcile completed","key":"default/kamera-test","reconciler":"knative.dev.serving.pkg.reconciler.revision.Reconciler","requeue":false,"requeueAfter":0}
{"level":"info","ts":"2026-01-13T16:47:11-08:00","logger":"tracecheck","msg":"Taking reconcile step","Depth":28,"# Distinct States":367,"Total States":370,"Resource States":68}
{"level":"info","ts":"2026-01-13T16:47:11-08:00","logger":"ServerlessServiceReconciler.seed","msg":"added podscalable to informer","resource":"deployments","namespace":"default","name":"kamera-test-deployment","stage":"podscalable-add","keys":["default/kamera-test-deployment"]}
{"level":"info","ts":"2026-01-13T16:47:11-08:00","logger":"ServerlessServiceReconciler.seed","msg":"podscalable visible to lister","resource":"deployments","namespace":"default","name":"kamera-test-deployment","stage":"podscalable-lister","object":{"apiVersion":"autoscaling.internal.knative.dev/v1alpha1","kind":"PodScalable","namespace":"default","name":"kamera-test-deployment"}}
{"level":"info","ts":1768351631.6033652,"logger":"fallback","caller":"serverlessservice/controller.go:90","msg":"Doing a global resync due to activator endpoint changes"}
{"level":"info","ts":1768351631.603432,"logger":"fallback","caller":"serverlessservice/serverlessservice.go:217","msg":"SKS is in Proxy mode; has 0 endpoints in kamera-test-private; 1 activator endpoints"}
{"level":"info","ts":1768351631.6034508,"logger":"fallback","caller":"serverlessservice/serverlessservice.go:245","msg":"Forcing SKS into Proxy mode, insufficient ready endpoints."}
{"level":"info","ts":1768351631.603463,"logger":"fallback","caller":"serverlessservice/serverlessservice.go:265","msg":"Public endpoints object does not exist; creating."}
{"level":"info","ts":1768351631.603756,"logger":"fallback","caller":"serverlessservice/serverlessservice.go:270","msg":"Created K8s Endpoints: kamera-test"}
{"level":"info","ts":1768351631.603776,"logger":"fallback","caller":"serverlessservice/serverlessservice.go:290","msg":"No ready endpoints backing revision"}
{"level":"info","ts":"2026-01-13T16:47:11-08:00","logger":"ServerlessServiceReconciler.reconcile","msg":"reconcile completed","key":"default/kamera-test","reconciler":"knative.dev.serving.pkg.reconciler.serverlessservice.reconciler","requeue":false,"requeueAfter":0}
{"level":"info","ts":"2026-01-13T16:47:11-08:00","logger":"tracecheck","msg":"Taking reconcile step","Depth":29,"# Distinct States":368,"Total States":371,"Resource States":69}
{"level":"info","ts":"2026-01-13T16:47:11-08:00","logger":"tracecheck","msg":"Taking reconcile step","Depth":30,"# Distinct States":369,"Total States":372,"Resource States":69}
{"level":"info","ts":"2026-01-13T16:47:11-08:00","logger":"tracecheck","msg":"Taking reconcile step","Depth":31,"# Distinct States":370,"Total States":373,"Resource States":69}
{"level":"info","ts":"2026-01-13T16:47:11-08:00","logger":"tracecheck","msg":"updated pod status","Depth":31,"# Distinct States":370,"Total States":373,"Resource States":69,"phase":"Running","pod":{"name":"kamera-test-deployment-1488584584-0","namespace":"default"}}
{"level":"info","ts":"2026-01-13T16:47:11-08:00","logger":"tracecheck","msg":"Taking reconcile step","Depth":32,"# Distinct States":371,"Total States":374,"Resource States":70}
{"level":"info","ts":"2026-01-13T16:47:11-08:00","logger":"tracecheck","msg":"Updated Deployment status","Depth":32,"# Distinct States":371,"Total States":374,"Resource States":70,"name":"kamera-test-deployment"}
{"level":"info","ts":"2026-01-13T16:47:11-08:00","logger":"tracecheck","msg":"Taking reconcile step","Depth":33,"# Distinct States":372,"Total States":375,"Resource States":70}
{"level":"info","ts":"2026-01-13T16:47:11-08:00","logger":"tracecheck","msg":"Taking reconcile step","Depth":34,"# Distinct States":373,"Total States":376,"Resource States":70}
{"level":"info","ts":"2026-01-13T16:47:11-08:00","logger":"tracecheck","msg":"Taking reconcile step","Depth":35,"# Distinct States":374,"Total States":377,"Resource States":70}
{"level":"info","ts":"2026-01-13T16:47:11-08:00","logger":"KPAReconciler.seed","msg":"added podscalable to informer","resource":"deployments","namespace":"default","name":"kamera-test-deployment","stage":"podscalable-add","keys":["default/kamera-test-deployment"]}
{"level":"info","ts":"2026-01-13T16:47:11-08:00","logger":"KPAReconciler.seed","msg":"podscalable visible to lister","resource":"deployments","namespace":"default","name":"kamera-test-deployment","stage":"podscalable-lister","object":{"apiVersion":"autoscaling.internal.knative.dev/v1alpha1","kind":"PodScalable","namespace":"default","name":"kamera-test-deployment"}}
{"level":"info","ts":1768351631.7321181,"logger":"fallback","caller":"kpa/controller.go:77","msg":"Setting up ConfigMap receivers"}
{"level":"info","ts":1768351631.7322292,"logger":"fallback","caller":"kpa/controller.go:91","msg":"Setting up KPA-Class event handlers"}
{"level":"info","ts":1768351631.732352,"logger":"fallback","caller":"kpa/kpa.go:158","msg":"SKS should be in Proxy mode: want = -1, ebc = 0, #act's = 2 PA Inactive? = false"}
{"level":"info","ts":1768351631.732376,"logger":"fallback","caller":"kpa/kpa.go:178","msg":"PA scale got=0, want=-1, desiredPods=0 ebc=0"}
{"level":"info","ts":1768351631.732385,"logger":"fallback","caller":"kpa/kpa.go:188","msg":"Observed pod counts=kpa.podCounts{want:-1, ready:0, notReady:1, pending:0, terminating:0}"}
{"level":"info","ts":"2026-01-13T16:47:11-08:00","logger":"KPAReconciler.reconcile","msg":"reconcile completed","key":"default/kamera-test","reconciler":"knative.dev.serving.pkg.reconciler.autoscaling.kpa.Reconciler","requeue":false,"requeueAfter":0}
{"level":"info","ts":"2026-01-13T16:47:11-08:00","logger":"tracecheck","msg":"Taking reconcile step","Depth":36,"# Distinct States":375,"Total States":378,"Resource States":70}
{"level":"info","ts":"2026-01-13T16:47:11-08:00","logger":"tracecheck","msg":"Taking reconcile step","Depth":37,"# Distinct States":376,"Total States":379,"Resource States":70}
{"level":"info","ts":"2026-01-13T16:47:11-08:00","logger":"ConfigurationReconciler.seed","msg":"added podscalable to informer","resource":"deployments","namespace":"default","name":"kamera-test-deployment","stage":"podscalable-add","keys":["default/kamera-test-deployment"]}
{"level":"info","ts":"2026-01-13T16:47:11-08:00","logger":"ConfigurationReconciler.seed","msg":"podscalable visible to lister","resource":"deployments","namespace":"default","name":"kamera-test-deployment","stage":"podscalable-lister","object":{"apiVersion":"autoscaling.internal.knative.dev/v1alpha1","kind":"PodScalable","namespace":"default","name":"kamera-test-deployment"}}
{"level":"info","ts":1768351631.840368,"logger":"fallback","caller":"configuration/configuration.go:103","msg":"Revision \"kamera-test\" of configuration is not ready"}
{"level":"info","ts":"2026-01-13T16:47:11-08:00","logger":"ConfigurationReconciler.reconcile","msg":"reconcile completed","key":"default/demo","reconciler":"knative.dev.serving.pkg.reconciler.configuration.Reconciler","requeue":false,"requeueAfter":0}
{"level":"info","ts":"2026-01-13T16:47:11-08:00","logger":"tracecheck","msg":"Taking reconcile step","Depth":38,"# Distinct States":377,"Total States":380,"Resource States":70}
{"level":"info","ts":"2026-01-13T16:47:11-08:00","logger":"RevisionReconciler.seed","msg":"added podscalable to informer","resource":"deployments","namespace":"default","name":"kamera-test-deployment","stage":"podscalable-add","keys":["default/kamera-test-deployment"]}
{"level":"info","ts":"2026-01-13T16:47:11-08:00","logger":"RevisionReconciler.seed","msg":"podscalable visible to lister","resource":"deployments","namespace":"default","name":"kamera-test-deployment","stage":"podscalable-lister","object":{"apiVersion":"autoscaling.internal.knative.dev/v1alpha1","kind":"PodScalable","namespace":"default","name":"kamera-test-deployment"}}
{"level":"error","ts":1768351631.947289,"logger":"fallback","caller":"revision/controller.go:116","msg":"Failed to create resolver transport","error":"open /var/run/secrets/kubernetes.io/serviceaccount/ca.crt: no such file or directory","stacktrace":"knative.dev/serving/pkg/reconciler/revision.newControllerWithOptions\n\t/Users/tgoodwin/tmp/gomodcache/knative.dev/serving@v0.46.5/pkg/reconciler/revision/controller.go:116\nknative.dev/serving/pkg/reconciler/revision.NewController\n\t/Users/tgoodwin/tmp/gomodcache/knative.dev/serving@v0.46.5/pkg/reconciler/revision/controller.go:64\nmain.configureKnativeExplorer.func1.1\n\t/Users/tgoodwin/projects/kamera/examples/knative-serving/scenario.go:91\ngithub.com/tgoodwin/kamera/examples/knative-serving/knative.NewKnativeStrategy.func1\n\t/Users/tgoodwin/projects/kamera/examples/knative-serving/knative/harness.go:555\ngithub.com/tgoodwin/kamera/examples/knative-serving/knative.(*KnativeStrategy).ReconcileAtState\n\t/Users/tgoodwin/projects/kamera/examples/knative-serving/knative/harness.go:895\ngithub.com/tgoodwin/kamera/pkg/tracecheck.(*ReconcilerContainer).doReconcile\n\t/Users/tgoodwin/projects/kamera/pkg/tracecheck/reconciler.go:164\ngithub.com/tgoodwin/kamera/pkg/tracecheck.(*Explorer).reconcileAtState\n\t/Users/tgoodwin/projects/kamera/pkg/tracecheck/explore.go:1313\ngithub.com/tgoodwin/kamera/pkg/tracecheck.(*Explorer).takeReconcileStep\n\t/Users/tgoodwin/projects/kamera/pkg/tracecheck/explore.go:1228\ngithub.com/tgoodwin/kamera/pkg/tracecheck.(*Explorer).explore\n\t/Users/tgoodwin/projects/kamera/pkg/tracecheck/explore.go:790\ngithub.com/tgoodwin/kamera/pkg/tracecheck.(*Explorer).Explore.func1\n\t/Users/tgoodwin/projects/kamera/pkg/tracecheck/explore.go:330"}
{"level":"info","ts":1768351631.947735,"logger":"fallback","caller":"revision/reconcile_resources.go:161","msg":"Reconciling PA: kamera-test"}
{"level":"info","ts":"2026-01-13T16:47:11-08:00","logger":"RevisionReconciler.reconcile","msg":"reconcile completed","key":"default/kamera-test","reconciler":"knative.dev.serving.pkg.reconciler.revision.Reconciler","requeue":false,"requeueAfter":0}
{"level":"info","ts":"2026-01-13T16:47:11-08:00","logger":"tracecheck","msg":"Taking reconcile step","Depth":39,"# Distinct States":378,"Total States":381,"Resource States":70}
{"level":"info","ts":"2026-01-13T16:47:12-08:00","logger":"ServerlessServiceReconciler.seed","msg":"added podscalable to informer","resource":"deployments","namespace":"default","name":"kamera-test-deployment","stage":"podscalable-add","keys":["default/kamera-test-deployment"]}
{"level":"info","ts":"2026-01-13T16:47:12-08:00","logger":"ServerlessServiceReconciler.seed","msg":"podscalable visible to lister","resource":"deployments","namespace":"default","name":"kamera-test-deployment","stage":"podscalable-lister","object":{"apiVersion":"autoscaling.internal.knative.dev/v1alpha1","kind":"PodScalable","namespace":"default","name":"kamera-test-deployment"}}
{"level":"info","ts":1768351632.054312,"logger":"fallback","caller":"serverlessservice/controller.go:90","msg":"Doing a global resync due to activator endpoint changes"}
{"level":"info","ts":1768351632.054379,"logger":"fallback","caller":"serverlessservice/serverlessservice.go:217","msg":"SKS is in Proxy mode; has 0 endpoints in kamera-test-private; 1 activator endpoints"}
{"level":"info","ts":1768351632.0543969,"logger":"fallback","caller":"serverlessservice/serverlessservice.go:245","msg":"Forcing SKS into Proxy mode, insufficient ready endpoints."}
{"level":"info","ts":1768351632.054417,"logger":"fallback","caller":"serverlessservice/serverlessservice.go:290","msg":"No ready endpoints backing revision"}
{"level":"info","ts":"2026-01-13T16:47:12-08:00","logger":"ServerlessServiceReconciler.reconcile","msg":"reconcile completed","key":"default/kamera-test","reconciler":"knative.dev.serving.pkg.reconciler.serverlessservice.reconciler","requeue":false,"requeueAfter":0}
{"level":"info","ts":"2026-01-13T16:47:12-08:00","logger":"tracecheck","msg":"Taking reconcile step","Depth":40,"# Distinct States":379,"Total States":382,"Resource States":70}
{"level":"info","ts":"2026-01-13T16:47:12-08:00","logger":"tracecheck","msg":"updated pod status","Depth":40,"# Distinct States":379,"Total States":382,"Resource States":70,"phase":"Running","pod":{"name":"kamera-test-deployment-1488584584-0","namespace":"default"}}
{"level":"info","ts":"2026-01-13T16:47:12-08:00","logger":"tracecheck","msg":"Taking reconcile step","Depth":41,"# Distinct States":380,"Total States":383,"Resource States":70}
{"level":"info","ts":"2026-01-13T16:47:12-08:00","logger":"tracecheck","msg":"Taking reconcile step","Depth":28,"# Distinct States":381,"Total States":384,"Resource States":70}
{"level":"info","ts":"2026-01-13T16:47:12-08:00","logger":"RevisionReconciler.seed","msg":"added podscalable to informer","resource":"deployments","namespace":"default","name":"kamera-test-deployment","stage":"podscalable-add","keys":["default/kamera-test-deployment"]}
{"level":"info","ts":"2026-01-13T16:47:12-08:00","logger":"RevisionReconciler.seed","msg":"podscalable visible to lister","resource":"deployments","namespace":"default","name":"kamera-test-deployment","stage":"podscalable-lister","object":{"apiVersion":"autoscaling.internal.knative.dev/v1alpha1","kind":"PodScalable","namespace":"default","name":"kamera-test-deployment"}}
{"level":"error","ts":1768351632.1685371,"logger":"fallback","caller":"revision/controller.go:116","msg":"Failed to create resolver transport","error":"open /var/run/secrets/kubernetes.io/serviceaccount/ca.crt: no such file or directory","stacktrace":"knative.dev/serving/pkg/reconciler/revision.newControllerWithOptions\n\t/Users/tgoodwin/tmp/gomodcache/knative.dev/serving@v0.46.5/pkg/reconciler/revision/controller.go:116\nknative.dev/serving/pkg/reconciler/revision.NewController\n\t/Users/tgoodwin/tmp/gomodcache/knative.dev/serving@v0.46.5/pkg/reconciler/revision/controller.go:64\nmain.configureKnativeExplorer.func1.1\n\t/Users/tgoodwin/projects/kamera/examples/knative-serving/scenario.go:91\ngithub.com/tgoodwin/kamera/examples/knative-serving/knative.NewKnativeStrategy.func1\n\t/Users/tgoodwin/projects/kamera/examples/knative-serving/knative/harness.go:555\ngithub.com/tgoodwin/kamera/examples/knative-serving/knative.(*KnativeStrategy).ReconcileAtState\n\t/Users/tgoodwin/projects/kamera/examples/knative-serving/knative/harness.go:895\ngithub.com/tgoodwin/kamera/pkg/tracecheck.(*ReconcilerContainer).doReconcile\n\t/Users/tgoodwin/projects/kamera/pkg/tracecheck/reconciler.go:164\ngithub.com/tgoodwin/kamera/pkg/tracecheck.(*Explorer).reconcileAtState\n\t/Users/tgoodwin/projects/kamera/pkg/tracecheck/explore.go:1313\ngithub.com/tgoodwin/kamera/pkg/tracecheck.(*Explorer).takeReconcileStep\n\t/Users/tgoodwin/projects/kamera/pkg/tracecheck/explore.go:1228\ngithub.com/tgoodwin/kamera/pkg/tracecheck.(*Explorer).explore\n\t/Users/tgoodwin/projects/kamera/pkg/tracecheck/explore.go:790\ngithub.com/tgoodwin/kamera/pkg/tracecheck.(*Explorer).Explore.func1\n\t/Users/tgoodwin/projects/kamera/pkg/tracecheck/explore.go:330"}
{"level":"info","ts":1768351632.168993,"logger":"fallback","caller":"revision/reconcile_resources.go:161","msg":"Reconciling PA: kamera-test"}
{"level":"info","ts":"2026-01-13T16:47:12-08:00","logger":"RevisionReconciler.reconcile","msg":"reconcile completed","key":"default/kamera-test","reconciler":"knative.dev.serving.pkg.reconciler.revision.Reconciler","requeue":false,"requeueAfter":0}
{"level":"info","ts":"2026-01-13T16:47:12-08:00","logger":"tracecheck","msg":"Taking reconcile step","Depth":29,"# Distinct States":382,"Total States":385,"Resource States":70}
{"level":"info","ts":"2026-01-13T16:47:12-08:00","logger":"ServerlessServiceReconciler.seed","msg":"added podscalable to informer","resource":"deployments","namespace":"default","name":"kamera-test-deployment","stage":"podscalable-add","keys":["default/kamera-test-deployment"]}
{"level":"info","ts":"2026-01-13T16:47:12-08:00","logger":"ServerlessServiceReconciler.seed","msg":"podscalable visible to lister","resource":"deployments","namespace":"default","name":"kamera-test-deployment","stage":"podscalable-lister","object":{"apiVersion":"autoscaling.internal.knative.dev/v1alpha1","kind":"PodScalable","namespace":"default","name":"kamera-test-deployment"}}
{"level":"info","ts":1768351632.275778,"logger":"fallback","caller":"serverlessservice/controller.go:90","msg":"Doing a global resync due to activator endpoint changes"}
{"level":"info","ts":1768351632.27579,"logger":"fallback","caller":"serverlessservice/serverlessservice.go:217","msg":"SKS is in Proxy mode; has 0 endpoints in kamera-test-private; 1 activator endpoints"}
{"level":"info","ts":1768351632.2758021,"logger":"fallback","caller":"serverlessservice/serverlessservice.go:245","msg":"Forcing SKS into Proxy mode, insufficient ready endpoints."}
{"level":"info","ts":1768351632.27581,"logger":"fallback","caller":"serverlessservice/serverlessservice.go:265","msg":"Public endpoints object does not exist; creating."}
{"level":"info","ts":1768351632.275977,"logger":"fallback","caller":"serverlessservice/serverlessservice.go:270","msg":"Created K8s Endpoints: kamera-test"}
{"level":"info","ts":1768351632.275985,"logger":"fallback","caller":"serverlessservice/serverlessservice.go:290","msg":"No ready endpoints backing revision"}
{"level":"info","ts":"2026-01-13T16:47:12-08:00","logger":"ServerlessServiceReconciler.reconcile","msg":"reconcile completed","key":"default/kamera-test","reconciler":"knative.dev.serving.pkg.reconciler.serverlessservice.reconciler","requeue":false,"requeueAfter":0}
{"level":"info","ts":"2026-01-13T16:47:12-08:00","logger":"tracecheck","msg":"Taking reconcile step","Depth":30,"# Distinct States":383,"Total States":386,"Resource States":70}
{"level":"info","ts":"2026-01-13T16:47:12-08:00","logger":"tracecheck","msg":"Taking reconcile step","Depth":31,"# Distinct States":384,"Total States":387,"Resource States":70}
{"level":"info","ts":"2026-01-13T16:47:12-08:00","logger":"tracecheck","msg":"Taking reconcile step","Depth":32,"# Distinct States":385,"Total States":388,"Resource States":70}
{"level":"info","ts":"2026-01-13T16:47:12-08:00","logger":"tracecheck","msg":"updated pod status","Depth":32,"# Distinct States":385,"Total States":388,"Resource States":70,"phase":"Running","pod":{"name":"kamera-test-deployment-1488584584-0","namespace":"default"}}
{"level":"info","ts":"2026-01-13T16:47:12-08:00","logger":"tracecheck","msg":"Taking reconcile step","Depth":33,"# Distinct States":386,"Total States":389,"Resource States":70}
{"level":"info","ts":"2026-01-13T16:47:12-08:00","logger":"tracecheck","msg":"Updated Deployment status","Depth":33,"# Distinct States":386,"Total States":389,"Resource States":70,"name":"kamera-test-deployment"}
{"level":"info","ts":"2026-01-13T16:47:12-08:00","logger":"tracecheck","msg":"Taking reconcile step","Depth":34,"# Distinct States":387,"Total States":390,"Resource States":70}
{"level":"info","ts":"2026-01-13T16:47:12-08:00","logger":"tracecheck","msg":"Taking reconcile step","Depth":35,"# Distinct States":388,"Total States":391,"Resource States":70}
{"level":"info","ts":"2026-01-13T16:47:12-08:00","logger":"tracecheck","msg":"Taking reconcile step","Depth":36,"# Distinct States":389,"Total States":392,"Resource States":70}
{"level":"info","ts":"2026-01-13T16:47:12-08:00","logger":"KPAReconciler.seed","msg":"added podscalable to informer","resource":"deployments","namespace":"default","name":"kamera-test-deployment","stage":"podscalable-add","keys":["default/kamera-test-deployment"]}
{"level":"info","ts":"2026-01-13T16:47:12-08:00","logger":"KPAReconciler.seed","msg":"podscalable visible to lister","resource":"deployments","namespace":"default","name":"kamera-test-deployment","stage":"podscalable-lister","object":{"apiVersion":"autoscaling.internal.knative.dev/v1alpha1","kind":"PodScalable","namespace":"default","name":"kamera-test-deployment"}}
{"level":"info","ts":1768351632.39656,"logger":"fallback","caller":"kpa/controller.go:77","msg":"Setting up ConfigMap receivers"}
{"level":"info","ts":1768351632.3966641,"logger":"fallback","caller":"kpa/controller.go:91","msg":"Setting up KPA-Class event handlers"}
{"level":"info","ts":1768351632.3967638,"logger":"fallback","caller":"kpa/kpa.go:158","msg":"SKS should be in Proxy mode: want = -1, ebc = 0, #act's = 2 PA Inactive? = false"}
{"level":"info","ts":1768351632.396786,"logger":"fallback","caller":"kpa/kpa.go:178","msg":"PA scale got=0, want=-1, desiredPods=0 ebc=0"}
{"level":"info","ts":1768351632.3967948,"logger":"fallback","caller":"kpa/kpa.go:188","msg":"Observed pod counts=kpa.podCounts{want:-1, ready:0, notReady:1, pending:0, terminating:0}"}
{"level":"info","ts":"2026-01-13T16:47:12-08:00","logger":"KPAReconciler.reconcile","msg":"reconcile completed","key":"default/kamera-test","reconciler":"knative.dev.serving.pkg.reconciler.autoscaling.kpa.Reconciler","requeue":false,"requeueAfter":0}
{"level":"info","ts":"2026-01-13T16:47:12-08:00","logger":"tracecheck","msg":"Taking reconcile step","Depth":37,"# Distinct States":390,"Total States":393,"Resource States":70}
{"level":"info","ts":"2026-01-13T16:47:12-08:00","logger":"tracecheck","msg":"Taking reconcile step","Depth":38,"# Distinct States":391,"Total States":394,"Resource States":70}
{"level":"info","ts":"2026-01-13T16:47:12-08:00","logger":"ConfigurationReconciler.seed","msg":"added podscalable to informer","resource":"deployments","namespace":"default","name":"kamera-test-deployment","stage":"podscalable-add","keys":["default/kamera-test-deployment"]}
{"level":"info","ts":"2026-01-13T16:47:12-08:00","logger":"ConfigurationReconciler.seed","msg":"podscalable visible to lister","resource":"deployments","namespace":"default","name":"kamera-test-deployment","stage":"podscalable-lister","object":{"apiVersion":"autoscaling.internal.knative.dev/v1alpha1","kind":"PodScalable","namespace":"default","name":"kamera-test-deployment"}}
{"level":"info","ts":1768351632.5045,"logger":"fallback","caller":"configuration/configuration.go:103","msg":"Revision \"kamera-test\" of configuration is not ready"}
{"level":"info","ts":"2026-01-13T16:47:12-08:00","logger":"ConfigurationReconciler.reconcile","msg":"reconcile completed","key":"default/demo","reconciler":"knative.dev.serving.pkg.reconciler.configuration.Reconciler","requeue":false,"requeueAfter":0}
{"level":"info","ts":"2026-01-13T16:47:12-08:00","logger":"tracecheck","msg":"Taking reconcile step","Depth":39,"# Distinct States":392,"Total States":395,"Resource States":70}
{"level":"info","ts":"2026-01-13T16:47:12-08:00","logger":"ServerlessServiceReconciler.seed","msg":"added podscalable to informer","resource":"deployments","namespace":"default","name":"kamera-test-deployment","stage":"podscalable-add","keys":["default/kamera-test-deployment"]}
{"level":"info","ts":"2026-01-13T16:47:12-08:00","logger":"ServerlessServiceReconciler.seed","msg":"podscalable visible to lister","resource":"deployments","namespace":"default","name":"kamera-test-deployment","stage":"podscalable-lister","object":{"apiVersion":"autoscaling.internal.knative.dev/v1alpha1","kind":"PodScalable","namespace":"default","name":"kamera-test-deployment"}}
{"level":"info","ts":1768351632.6117098,"logger":"fallback","caller":"serverlessservice/controller.go:90","msg":"Doing a global resync due to activator endpoint changes"}
{"level":"info","ts":1768351632.6117492,"logger":"fallback","caller":"serverlessservice/serverlessservice.go:217","msg":"SKS is in Proxy mode; has 0 endpoints in kamera-test-private; 1 activator endpoints"}
{"level":"info","ts":1768351632.611763,"logger":"fallback","caller":"serverlessservice/serverlessservice.go:245","msg":"Forcing SKS into Proxy mode, insufficient ready endpoints."}
{"level":"info","ts":1768351632.611776,"logger":"fallback","caller":"serverlessservice/serverlessservice.go:290","msg":"No ready endpoints backing revision"}
{"level":"info","ts":"2026-01-13T16:47:12-08:00","logger":"ServerlessServiceReconciler.reconcile","msg":"reconcile completed","key":"default/kamera-test","reconciler":"knative.dev.serving.pkg.reconciler.serverlessservice.reconciler","requeue":false,"requeueAfter":0}
{"level":"info","ts":"2026-01-13T16:47:12-08:00","logger":"tracecheck","msg":"Taking reconcile step","Depth":40,"# Distinct States":393,"Total States":396,"Resource States":70}
{"level":"info","ts":"2026-01-13T16:47:12-08:00","logger":"tracecheck","msg":"updated pod status","Depth":40,"# Distinct States":393,"Total States":396,"Resource States":70,"phase":"Running","pod":{"name":"kamera-test-deployment-1488584584-0","namespace":"default"}}
{"level":"info","ts":"2026-01-13T16:47:12-08:00","logger":"tracecheck","msg":"Taking reconcile step","Depth":41,"# Distinct States":394,"Total States":397,"Resource States":70}
{"level":"info","ts":"2026-01-13T16:47:12-08:00","logger":"tracecheck","msg":"Taking reconcile step","Depth":14,"# Distinct States":395,"Total States":398,"Resource States":70}
{"level":"info","ts":"2026-01-13T16:47:12-08:00","logger":"RevisionReconciler.seed","msg":"added podscalable to informer","resource":"deployments","namespace":"default","name":"kamera-test-deployment","stage":"podscalable-add","keys":["default/kamera-test-deployment"]}
{"level":"info","ts":"2026-01-13T16:47:12-08:00","logger":"RevisionReconciler.seed","msg":"podscalable visible to lister","resource":"deployments","namespace":"default","name":"kamera-test-deployment","stage":"podscalable-lister","object":{"apiVersion":"autoscaling.internal.knative.dev/v1alpha1","kind":"PodScalable","namespace":"default","name":"kamera-test-deployment"}}
{"level":"error","ts":1768351632.729941,"logger":"fallback","caller":"revision/controller.go:116","msg":"Failed to create resolver transport","error":"open /var/run/secrets/kubernetes.io/serviceaccount/ca.crt: no such file or directory","stacktrace":"knative.dev/serving/pkg/reconciler/revision.newControllerWithOptions\n\t/Users/tgoodwin/tmp/gomodcache/knative.dev/serving@v0.46.5/pkg/reconciler/revision/controller.go:116\nknative.dev/serving/pkg/reconciler/revision.NewController\n\t/Users/tgoodwin/tmp/gomodcache/knative.dev/serving@v0.46.5/pkg/reconciler/revision/controller.go:64\nmain.configureKnativeExplorer.func1.1\n\t/Users/tgoodwin/projects/kamera/examples/knative-serving/scenario.go:91\ngithub.com/tgoodwin/kamera/examples/knative-serving/knative.NewKnativeStrategy.func1\n\t/Users/tgoodwin/projects/kamera/examples/knative-serving/knative/harness.go:555\ngithub.com/tgoodwin/kamera/examples/knative-serving/knative.(*KnativeStrategy).ReconcileAtState\n\t/Users/tgoodwin/projects/kamera/examples/knative-serving/knative/harness.go:895\ngithub.com/tgoodwin/kamera/pkg/tracecheck.(*ReconcilerContainer).doReconcile\n\t/Users/tgoodwin/projects/kamera/pkg/tracecheck/reconciler.go:164\ngithub.com/tgoodwin/kamera/pkg/tracecheck.(*Explorer).reconcileAtState\n\t/Users/tgoodwin/projects/kamera/pkg/tracecheck/explore.go:1313\ngithub.com/tgoodwin/kamera/pkg/tracecheck.(*Explorer).takeReconcileStep\n\t/Users/tgoodwin/projects/kamera/pkg/tracecheck/explore.go:1228\ngithub.com/tgoodwin/kamera/pkg/tracecheck.(*Explorer).explore\n\t/Users/tgoodwin/projects/kamera/pkg/tracecheck/explore.go:790\ngithub.com/tgoodwin/kamera/pkg/tracecheck.(*Explorer).Explore.func1\n\t/Users/tgoodwin/projects/kamera/pkg/tracecheck/explore.go:330"}
{"level":"info","ts":1768351632.730409,"logger":"fallback","caller":"revision/reconcile_resources.go:161","msg":"Reconciling PA: kamera-test"}
{"level":"info","ts":"2026-01-13T16:47:12-08:00","logger":"RevisionReconciler.reconcile","msg":"reconcile completed","key":"default/kamera-test","reconciler":"knative.dev.serving.pkg.reconciler.revision.Reconciler","requeue":false,"requeueAfter":0}
{"level":"info","ts":"2026-01-13T16:47:12-08:00","logger":"tracecheck","msg":"Taking reconcile step","Depth":15,"# Distinct States":396,"Total States":399,"Resource States":70}
{"level":"info","ts":"2026-01-13T16:47:12-08:00","logger":"tracecheck","msg":"Taking reconcile step","Depth":16,"# Distinct States":397,"Total States":400,"Resource States":70}
{"level":"info","ts":"2026-01-13T16:47:12-08:00","logger":"tracecheck","msg":"Creating pods","Depth":16,"# Distinct States":397,"Total States":400,"Resource States":70,"count":1}
{"level":"info","ts":"2026-01-13T16:47:12-08:00","logger":"tracecheck","msg":"Updated ReplicaSet status","Depth":16,"# Distinct States":397,"Total States":400,"Resource States":70,"name":"kamera-test-deployment-1488584584"}
{"level":"info","ts":"2026-01-13T16:47:12-08:00","logger":"tracecheck","msg":"Taking reconcile step","Depth":17,"# Distinct States":398,"Total States":401,"Resource States":70}
{"level":"info","ts":"2026-01-13T16:47:12-08:00","logger":"tracecheck","msg":"Taking reconcile step","Depth":18,"# Distinct States":399,"Total States":402,"Resource States":70}
{"level":"info","ts":"2026-01-13T16:47:12-08:00","logger":"KPAReconciler.seed","msg":"added podscalable to informer","resource":"deployments","namespace":"default","name":"kamera-test-deployment","stage":"podscalable-add","keys":["default/kamera-test-deployment"]}
{"level":"info","ts":"2026-01-13T16:47:12-08:00","logger":"KPAReconciler.seed","msg":"podscalable visible to lister","resource":"deployments","namespace":"default","name":"kamera-test-deployment","stage":"podscalable-lister","object":{"apiVersion":"autoscaling.internal.knative.dev/v1alpha1","kind":"PodScalable","namespace":"default","name":"kamera-test-deployment"}}
{"level":"info","ts":1768351632.8453372,"logger":"fallback","caller":"kpa/controller.go:77","msg":"Setting up ConfigMap receivers"}
{"level":"info","ts":1768351632.845438,"logger":"fallback","caller":"kpa/controller.go:91","msg":"Setting up KPA-Class event handlers"}
{"level":"info","ts":"2026-01-13T16:47:12-08:00","logger":"KPAReconciler.reconcile","msg":"reconcile completed","key":"default/kamera-test","reconciler":"knative.dev.serving.pkg.reconciler.autoscaling.kpa.Reconciler","requeue":false,"requeueAfter":0}
{"level":"info","ts":"2026-01-13T16:47:12-08:00","logger":"tracecheck","msg":"Taking reconcile step","Depth":19,"# Distinct States":400,"Total States":403,"Resource States":70}
{"level":"info","ts":"2026-01-13T16:47:12-08:00","logger":"ServerlessServiceReconciler.seed","msg":"added podscalable to informer","resource":"deployments","namespace":"default","name":"kamera-test-deployment","stage":"podscalable-add","keys":["default/kamera-test-deployment"]}
{"level":"info","ts":"2026-01-13T16:47:12-08:00","logger":"ServerlessServiceReconciler.seed","msg":"podscalable visible to lister","resource":"deployments","namespace":"default","name":"kamera-test-deployment","stage":"podscalable-lister","object":{"apiVersion":"autoscaling.internal.knative.dev/v1alpha1","kind":"PodScalable","namespace":"default","name":"kamera-test-deployment"}}
{"level":"info","ts":1768351632.9515572,"logger":"fallback","caller":"serverlessservice/controller.go:90","msg":"Doing a global resync due to activator endpoint changes"}
{"level":"info","ts":1768351632.95156,"logger":"fallback","caller":"serverlessservice/serverlessservice.go:316","msg":"SKS has no private service; creating."}
{"level":"info","ts":1768351632.9518101,"logger":"fallback","caller":"serverlessservice/serverlessservice.go:323","msg":"Created private K8s service: kamera-test-private"}
{"level":"info","ts":1768351632.951822,"logger":"fallback","caller":"serverlessservice/serverlessservice.go:97","msg":"K8s public service does not exist; creating."}
{"level":"info","ts":1768351632.9519591,"logger":"fallback","caller":"serverlessservice/serverlessservice.go:105","msg":"Created public K8s service: kamera-test"}
{"level":"error","ts":1768351632.95215,"logger":"fallback","caller":"serverlessservice/reconciler.go:303","msg":"Returned an error","targetMethod":"ReconcileKind","error":"failed to get private K8s Service endpoints: endpoints \"kamera-test-private\" not found","stacktrace":"knative.dev/networking/pkg/client/injection/reconciler/networking/v1alpha1/serverlessservice.(*reconcilerImpl).Reconcile\n\t/Users/tgoodwin/tmp/gomodcache/knative.dev/networking@v0.0.0-20250909015233-e3b68fc57bea/pkg/client/injection/reconciler/networking/v1alpha1/serverlessservice/reconciler.go:303\ngithub.com/tgoodwin/kamera/examples/knative-serving/knative.(*KnativeStrategy).ReconcileAtState\n\t/Users/tgoodwin/projects/kamera/examples/knative-serving/knative/harness.go:905\ngithub.com/tgoodwin/kamera/pkg/tracecheck.(*ReconcilerContainer).doReconcile\n\t/Users/tgoodwin/projects/kamera/pkg/tracecheck/reconciler.go:164\ngithub.com/tgoodwin/kamera/pkg/tracecheck.(*Explorer).reconcileAtState\n\t/Users/tgoodwin/projects/kamera/pkg/tracecheck/explore.go:1313\ngithub.com/tgoodwin/kamera/pkg/tracecheck.(*Explorer).takeReconcileStep\n\t/Users/tgoodwin/projects/kamera/pkg/tracecheck/explore.go:1228\ngithub.com/tgoodwin/kamera/pkg/tracecheck.(*Explorer).explore\n\t/Users/tgoodwin/projects/kamera/pkg/tracecheck/explore.go:790\ngithub.com/tgoodwin/kamera/pkg/tracecheck.(*Explorer).Explore.func1\n\t/Users/tgoodwin/projects/kamera/pkg/tracecheck/explore.go:330"}
{"level":"info","ts":"2026-01-13T16:47:12-08:00","logger":"ServerlessServiceReconciler.reconcile","msg":"transient not found; requeueing","key":"default/kamera-test","reconciler":"knative.dev.serving.pkg.reconciler.serverlessservice.reconciler","error":"failed to get private K8s Service endpoints: endpoints \"kamera-test-private\" not found"}
{"level":"info","ts":"2026-01-13T16:47:12-08:00","logger":"tracecheck","msg":"Taking reconcile step","Depth":12,"# Distinct States":402,"Total States":406,"Resource States":70}
{"level":"info","ts":"2026-01-13T16:47:13-08:00","logger":"RevisionReconciler.seed","msg":"added podscalable to informer","resource":"deployments","namespace":"default","name":"kamera-test-deployment","stage":"podscalable-add","keys":["default/kamera-test-deployment"]}
{"level":"info","ts":"2026-01-13T16:47:13-08:00","logger":"RevisionReconciler.seed","msg":"podscalable visible to lister","resource":"deployments","namespace":"default","name":"kamera-test-deployment","stage":"podscalable-lister","object":{"apiVersion":"autoscaling.internal.knative.dev/v1alpha1","kind":"PodScalable","namespace":"default","name":"kamera-test-deployment"}}
{"level":"error","ts":1768351633.059052,"logger":"fallback","caller":"revision/controller.go:116","msg":"Failed to create resolver transport","error":"open /var/run/secrets/kubernetes.io/serviceaccount/ca.crt: no such file or directory","stacktrace":"knative.dev/serving/pkg/reconciler/revision.newControllerWithOptions\n\t/Users/tgoodwin/tmp/gomodcache/knative.dev/serving@v0.46.5/pkg/reconciler/revision/controller.go:116\nknative.dev/serving/pkg/reconciler/revision.NewController\n\t/Users/tgoodwin/tmp/gomodcache/knative.dev/serving@v0.46.5/pkg/reconciler/revision/controller.go:64\nmain.configureKnativeExplorer.func1.1\n\t/Users/tgoodwin/projects/kamera/examples/knative-serving/scenario.go:91\ngithub.com/tgoodwin/kamera/examples/knative-serving/knative.NewKnativeStrategy.func1\n\t/Users/tgoodwin/projects/kamera/examples/knative-serving/knative/harness.go:555\ngithub.com/tgoodwin/kamera/examples/knative-serving/knative.(*KnativeStrategy).ReconcileAtState\n\t/Users/tgoodwin/projects/kamera/examples/knative-serving/knative/harness.go:895\ngithub.com/tgoodwin/kamera/pkg/tracecheck.(*ReconcilerContainer).doReconcile\n\t/Users/tgoodwin/projects/kamera/pkg/tracecheck/reconciler.go:164\ngithub.com/tgoodwin/kamera/pkg/tracecheck.(*Explorer).reconcileAtState\n\t/Users/tgoodwin/projects/kamera/pkg/tracecheck/explore.go:1313\ngithub.com/tgoodwin/kamera/pkg/tracecheck.(*Explorer).takeReconcileStep\n\t/Users/tgoodwin/projects/kamera/pkg/tracecheck/explore.go:1228\ngithub.com/tgoodwin/kamera/pkg/tracecheck.(*Explorer).explore\n\t/Users/tgoodwin/projects/kamera/pkg/tracecheck/explore.go:790\ngithub.com/tgoodwin/kamera/pkg/tracecheck.(*Explorer).Explore.func1\n\t/Users/tgoodwin/projects/kamera/pkg/tracecheck/explore.go:330"}
{"level":"info","ts":1768351633.059456,"logger":"fallback","caller":"revision/reconcile_resources.go:161","msg":"Reconciling PA: kamera-test"}
{"level":"info","ts":"2026-01-13T16:47:13-08:00","logger":"RevisionReconciler.reconcile","msg":"reconcile completed","key":"default/kamera-test","reconciler":"knative.dev.serving.pkg.reconciler.revision.Reconciler","requeue":false,"requeueAfter":0}
{"level":"info","ts":"2026-01-13T16:47:13-08:00","logger":"tracecheck","msg":"Taking reconcile step","Depth":13,"# Distinct States":403,"Total States":407,"Resource States":70}
{"level":"info","ts":"2026-01-13T16:47:13-08:00","logger":"KPAReconciler.seed","msg":"added podscalable to informer","resource":"deployments","namespace":"default","name":"kamera-test-deployment","stage":"podscalable-add","keys":["default/kamera-test-deployment"]}
{"level":"info","ts":"2026-01-13T16:47:13-08:00","logger":"KPAReconciler.seed","msg":"podscalable visible to lister","resource":"deployments","namespace":"default","name":"kamera-test-deployment","stage":"podscalable-lister","object":{"apiVersion":"autoscaling.internal.knative.dev/v1alpha1","kind":"PodScalable","namespace":"default","name":"kamera-test-deployment"}}
{"level":"info","ts":1768351633.1660612,"logger":"fallback","caller":"kpa/controller.go:77","msg":"Setting up ConfigMap receivers"}
{"level":"info","ts":1768351633.166177,"logger":"fallback","caller":"kpa/controller.go:91","msg":"Setting up KPA-Class event handlers"}
{"level":"info","ts":1768351633.166259,"logger":"fallback","caller":"autoscaling/reconciler.go:56","msg":"SKS does not exist; creating."}
{"level":"info","ts":1768351633.166433,"logger":"fallback","caller":"autoscaling/reconciler.go:61","msg":"Created SKS"}
{"level":"info","ts":"2026-01-13T16:47:13-08:00","logger":"KPAReconciler.reconcile","msg":"reconcile completed","key":"default/kamera-test","reconciler":"knative.dev.serving.pkg.reconciler.autoscaling.kpa.Reconciler","requeue":false,"requeueAfter":0}
{"level":"info","ts":"2026-01-13T16:47:13-08:00","logger":"tracecheck","msg":"Taking reconcile step","Depth":14,"# Distinct States":404,"Total States":408,"Resource States":70}
{"level":"info","ts":"2026-01-13T16:47:13-08:00","logger":"tracecheck","msg":"Taking reconcile step","Depth":15,"# Distinct States":405,"Total States":409,"Resource States":70}
{"level":"info","ts":"2026-01-13T16:47:13-08:00","logger":"tracecheck","msg":"Creating pods","Depth":15,"# Distinct States":405,"Total States":409,"Resource States":70,"count":1}
{"level":"info","ts":"2026-01-13T16:47:13-08:00","logger":"tracecheck","msg":"Updated ReplicaSet status","Depth":15,"# Distinct States":405,"Total States":409,"Resource States":70,"name":"kamera-test-deployment-1488584584"}
{"level":"info","ts":"2026-01-13T16:47:13-08:00","logger":"tracecheck","msg":"Taking reconcile step","Depth":16,"# Distinct States":406,"Total States":410,"Resource States":71}
{"level":"info","ts":"2026-01-13T16:47:13-08:00","logger":"tracecheck","msg":"Taking reconcile step","Depth":17,"# Distinct States":407,"Total States":411,"Resource States":71}
{"level":"info","ts":"2026-01-13T16:47:13-08:00","logger":"KPAReconciler.seed","msg":"added podscalable to informer","resource":"deployments","namespace":"default","name":"kamera-test-deployment","stage":"podscalable-add","keys":["default/kamera-test-deployment"]}
{"level":"info","ts":"2026-01-13T16:47:13-08:00","logger":"KPAReconciler.seed","msg":"podscalable visible to lister","resource":"deployments","namespace":"default","name":"kamera-test-deployment","stage":"podscalable-lister","object":{"apiVersion":"autoscaling.internal.knative.dev/v1alpha1","kind":"PodScalable","namespace":"default","name":"kamera-test-deployment"}}
{"level":"info","ts":1768351633.282054,"logger":"fallback","caller":"kpa/controller.go:77","msg":"Setting up ConfigMap receivers"}
{"level":"info","ts":1768351633.282176,"logger":"fallback","caller":"kpa/controller.go:91","msg":"Setting up KPA-Class event handlers"}
{"level":"info","ts":"2026-01-13T16:47:13-08:00","logger":"KPAReconciler.reconcile","msg":"reconcile completed","key":"default/kamera-test","reconciler":"knative.dev.serving.pkg.reconciler.autoscaling.kpa.Reconciler","requeue":false,"requeueAfter":0}
{"level":"info","ts":"2026-01-13T16:47:13-08:00","logger":"tracecheck","msg":"Taking reconcile step","Depth":18,"# Distinct States":408,"Total States":412,"Resource States":71}
{"level":"info","ts":"2026-01-13T16:47:13-08:00","logger":"RevisionReconciler.seed","msg":"added podscalable to informer","resource":"deployments","namespace":"default","name":"kamera-test-deployment","stage":"podscalable-add","keys":["default/kamera-test-deployment"]}
{"level":"info","ts":"2026-01-13T16:47:13-08:00","logger":"RevisionReconciler.seed","msg":"podscalable visible to lister","resource":"deployments","namespace":"default","name":"kamera-test-deployment","stage":"podscalable-lister","object":{"apiVersion":"autoscaling.internal.knative.dev/v1alpha1","kind":"PodScalable","namespace":"default","name":"kamera-test-deployment"}}
{"level":"error","ts":1768351633.38894,"logger":"fallback","caller":"revision/controller.go:116","msg":"Failed to create resolver transport","error":"open /var/run/secrets/kubernetes.io/serviceaccount/ca.crt: no such file or directory","stacktrace":"knative.dev/serving/pkg/reconciler/revision.newControllerWithOptions\n\t/Users/tgoodwin/tmp/gomodcache/knative.dev/serving@v0.46.5/pkg/reconciler/revision/controller.go:116\nknative.dev/serving/pkg/reconciler/revision.NewController\n\t/Users/tgoodwin/tmp/gomodcache/knative.dev/serving@v0.46.5/pkg/reconciler/revision/controller.go:64\nmain.configureKnativeExplorer.func1.1\n\t/Users/tgoodwin/projects/kamera/examples/knative-serving/scenario.go:91\ngithub.com/tgoodwin/kamera/examples/knative-serving/knative.NewKnativeStrategy.func1\n\t/Users/tgoodwin/projects/kamera/examples/knative-serving/knative/harness.go:555\ngithub.com/tgoodwin/kamera/examples/knative-serving/knative.(*KnativeStrategy).ReconcileAtState\n\t/Users/tgoodwin/projects/kamera/examples/knative-serving/knative/harness.go:895\ngithub.com/tgoodwin/kamera/pkg/tracecheck.(*ReconcilerContainer).doReconcile\n\t/Users/tgoodwin/projects/kamera/pkg/tracecheck/reconciler.go:164\ngithub.com/tgoodwin/kamera/pkg/tracecheck.(*Explorer).reconcileAtState\n\t/Users/tgoodwin/projects/kamera/pkg/tracecheck/explore.go:1313\ngithub.com/tgoodwin/kamera/pkg/tracecheck.(*Explorer).takeReconcileStep\n\t/Users/tgoodwin/projects/kamera/pkg/tracecheck/explore.go:1228\ngithub.com/tgoodwin/kamera/pkg/tracecheck.(*Explorer).explore\n\t/Users/tgoodwin/projects/kamera/pkg/tracecheck/explore.go:790\ngithub.com/tgoodwin/kamera/pkg/tracecheck.(*Explorer).Explore.func1\n\t/Users/tgoodwin/projects/kamera/pkg/tracecheck/explore.go:330"}
{"level":"info","ts":1768351633.389662,"logger":"fallback","caller":"revision/reconcile_resources.go:161","msg":"Reconciling PA: kamera-test"}
{"level":"info","ts":"2026-01-13T16:47:13-08:00","logger":"RevisionReconciler.reconcile","msg":"reconcile completed","key":"default/kamera-test","reconciler":"knative.dev.serving.pkg.reconciler.revision.Reconciler","requeue":false,"requeueAfter":0}
{"level":"info","ts":"2026-01-13T16:47:13-08:00","logger":"tracecheck","msg":"Taking reconcile step","Depth":19,"# Distinct States":409,"Total States":413,"Resource States":71}
{"level":"info","ts":"2026-01-13T16:47:13-08:00","logger":"ServerlessServiceReconciler.seed","msg":"added podscalable to informer","resource":"deployments","namespace":"default","name":"kamera-test-deployment","stage":"podscalable-add","keys":["default/kamera-test-deployment"]}
{"level":"info","ts":"2026-01-13T16:47:13-08:00","logger":"ServerlessServiceReconciler.seed","msg":"podscalable visible to lister","resource":"deployments","namespace":"default","name":"kamera-test-deployment","stage":"podscalable-lister","object":{"apiVersion":"autoscaling.internal.knative.dev/v1alpha1","kind":"PodScalable","namespace":"default","name":"kamera-test-deployment"}}
{"level":"info","ts":1768351633.4979641,"logger":"fallback","caller":"serverlessservice/serverlessservice.go:316","msg":"SKS has no private service; creating."}
{"level":"info","ts":1768351633.498058,"logger":"fallback","caller":"serverlessservice/controller.go:90","msg":"Doing a global resync due to activator endpoint changes"}
{"level":"info","ts":1768351633.498216,"logger":"fallback","caller":"serverlessservice/serverlessservice.go:323","msg":"Created private K8s service: kamera-test-private"}
{"level":"info","ts":1768351633.498228,"logger":"fallback","caller":"serverlessservice/serverlessservice.go:97","msg":"K8s public service does not exist; creating."}
{"level":"info","ts":1768351633.498357,"logger":"fallback","caller":"serverlessservice/serverlessservice.go:105","msg":"Created public K8s service: kamera-test"}
{"level":"error","ts":1768351633.498541,"logger":"fallback","caller":"serverlessservice/reconciler.go:303","msg":"Returned an error","targetMethod":"ReconcileKind","error":"failed to get private K8s Service endpoints: endpoints \"kamera-test-private\" not found","stacktrace":"knative.dev/networking/pkg/client/injection/reconciler/networking/v1alpha1/serverlessservice.(*reconcilerImpl).Reconcile\n\t/Users/tgoodwin/tmp/gomodcache/knative.dev/networking@v0.0.0-20250909015233-e3b68fc57bea/pkg/client/injection/reconciler/networking/v1alpha1/serverlessservice/reconciler.go:303\ngithub.com/tgoodwin/kamera/examples/knative-serving/knative.(*KnativeStrategy).ReconcileAtState\n\t/Users/tgoodwin/projects/kamera/examples/knative-serving/knative/harness.go:905\ngithub.com/tgoodwin/kamera/pkg/tracecheck.(*ReconcilerContainer).doReconcile\n\t/Users/tgoodwin/projects/kamera/pkg/tracecheck/reconciler.go:164\ngithub.com/tgoodwin/kamera/pkg/tracecheck.(*Explorer).reconcileAtState\n\t/Users/tgoodwin/projects/kamera/pkg/tracecheck/explore.go:1313\ngithub.com/tgoodwin/kamera/pkg/tracecheck.(*Explorer).takeReconcileStep\n\t/Users/tgoodwin/projects/kamera/pkg/tracecheck/explore.go:1228\ngithub.com/tgoodwin/kamera/pkg/tracecheck.(*Explorer).explore\n\t/Users/tgoodwin/projects/kamera/pkg/tracecheck/explore.go:790\ngithub.com/tgoodwin/kamera/pkg/tracecheck.(*Explorer).Explore.func1\n\t/Users/tgoodwin/projects/kamera/pkg/tracecheck/explore.go:330"}
{"level":"info","ts":"2026-01-13T16:47:13-08:00","logger":"ServerlessServiceReconciler.reconcile","msg":"transient not found; requeueing","key":"default/kamera-test","reconciler":"knative.dev.serving.pkg.reconciler.serverlessservice.reconciler","error":"failed to get private K8s Service endpoints: endpoints \"kamera-test-private\" not found"}
{"level":"info","ts":"2026-01-13T16:47:13-08:00","logger":"tracecheck","msg":"Taking reconcile step","Depth":20,"# Distinct States":410,"Total States":414,"Resource States":71}
{"level":"info","ts":"2026-01-13T16:47:13-08:00","logger":"tracecheck","msg":"Taking reconcile step","Depth":21,"# Distinct States":411,"Total States":415,"Resource States":71}
{"level":"info","ts":"2026-01-13T16:47:13-08:00","logger":"tracecheck","msg":"updated pod status","Depth":21,"# Distinct States":411,"Total States":415,"Resource States":71,"phase":"Pending","pod":{"name":"kamera-test-deployment-1488584584-0","namespace":"default"}}
{"level":"info","ts":"2026-01-13T16:47:13-08:00","logger":"tracecheck","msg":"Taking reconcile step","Depth":22,"# Distinct States":412,"Total States":416,"Resource States":71}
{"level":"info","ts":"2026-01-13T16:47:13-08:00","logger":"tracecheck","msg":"Updated ReplicaSet status","Depth":22,"# Distinct States":412,"Total States":416,"Resource States":71,"name":"kamera-test-deployment-1488584584"}
{"level":"info","ts":"2026-01-13T16:47:13-08:00","logger":"tracecheck","msg":"Taking reconcile step","Depth":23,"# Distinct States":413,"Total States":417,"Resource States":71}
{"level":"info","ts":"2026-01-13T16:47:13-08:00","logger":"ConfigurationReconciler.seed","msg":"added podscalable to informer","resource":"deployments","namespace":"default","name":"kamera-test-deployment","stage":"podscalable-add","keys":["default/kamera-test-deployment"]}
{"level":"info","ts":"2026-01-13T16:47:13-08:00","logger":"ConfigurationReconciler.seed","msg":"podscalable visible to lister","resource":"deployments","namespace":"default","name":"kamera-test-deployment","stage":"podscalable-lister","object":{"apiVersion":"autoscaling.internal.knative.dev/v1alpha1","kind":"PodScalable","namespace":"default","name":"kamera-test-deployment"}}
{"level":"info","ts":1768351633.615778,"logger":"fallback","caller":"configuration/configuration.go:103","msg":"Revision \"kamera-test\" of configuration is not ready"}
{"level":"info","ts":"2026-01-13T16:47:13-08:00","logger":"ConfigurationReconciler.reconcile","msg":"reconcile completed","key":"default/demo","reconciler":"knative.dev.serving.pkg.reconciler.configuration.Reconciler","requeue":false,"requeueAfter":0}
{"level":"info","ts":"2026-01-13T16:47:13-08:00","logger":"tracecheck","msg":"Taking reconcile step","Depth":24,"# Distinct States":414,"Total States":418,"Resource States":71}
{"level":"info","ts":"2026-01-13T16:47:13-08:00","logger":"tracecheck","msg":"Taking reconcile step","Depth":25,"# Distinct States":415,"Total States":419,"Resource States":71}
{"level":"info","ts":"2026-01-13T16:47:13-08:00","logger":"RevisionReconciler.seed","msg":"added podscalable to informer","resource":"deployments","namespace":"default","name":"kamera-test-deployment","stage":"podscalable-add","keys":["default/kamera-test-deployment"]}
{"level":"info","ts":"2026-01-13T16:47:13-08:00","logger":"RevisionReconciler.seed","msg":"podscalable visible to lister","resource":"deployments","namespace":"default","name":"kamera-test-deployment","stage":"podscalable-lister","object":{"apiVersion":"autoscaling.internal.knative.dev/v1alpha1","kind":"PodScalable","namespace":"default","name":"kamera-test-deployment"}}
{"level":"error","ts":1768351633.726315,"logger":"fallback","caller":"revision/controller.go:116","msg":"Failed to create resolver transport","error":"open /var/run/secrets/kubernetes.io/serviceaccount/ca.crt: no such file or directory","stacktrace":"knative.dev/serving/pkg/reconciler/revision.newControllerWithOptions\n\t/Users/tgoodwin/tmp/gomodcache/knative.dev/serving@v0.46.5/pkg/reconciler/revision/controller.go:116\nknative.dev/serving/pkg/reconciler/revision.NewController\n\t/Users/tgoodwin/tmp/gomodcache/knative.dev/serving@v0.46.5/pkg/reconciler/revision/controller.go:64\nmain.configureKnativeExplorer.func1.1\n\t/Users/tgoodwin/projects/kamera/examples/knative-serving/scenario.go:91\ngithub.com/tgoodwin/kamera/examples/knative-serving/knative.NewKnativeStrategy.func1\n\t/Users/tgoodwin/projects/kamera/examples/knative-serving/knative/harness.go:555\ngithub.com/tgoodwin/kamera/examples/knative-serving/knative.(*KnativeStrategy).ReconcileAtState\n\t/Users/tgoodwin/projects/kamera/examples/knative-serving/knative/harness.go:895\ngithub.com/tgoodwin/kamera/pkg/tracecheck.(*ReconcilerContainer).doReconcile\n\t/Users/tgoodwin/projects/kamera/pkg/tracecheck/reconciler.go:164\ngithub.com/tgoodwin/kamera/pkg/tracecheck.(*Explorer).reconcileAtState\n\t/Users/tgoodwin/projects/kamera/pkg/tracecheck/explore.go:1313\ngithub.com/tgoodwin/kamera/pkg/tracecheck.(*Explorer).takeReconcileStep\n\t/Users/tgoodwin/projects/kamera/pkg/tracecheck/explore.go:1228\ngithub.com/tgoodwin/kamera/pkg/tracecheck.(*Explorer).explore\n\t/Users/tgoodwin/projects/kamera/pkg/tracecheck/explore.go:790\ngithub.com/tgoodwin/kamera/pkg/tracecheck.(*Explorer).Explore.func1\n\t/Users/tgoodwin/projects/kamera/pkg/tracecheck/explore.go:330"}
{"level":"info","ts":1768351633.726929,"logger":"fallback","caller":"revision/reconcile_resources.go:161","msg":"Reconciling PA: kamera-test"}
{"level":"info","ts":"2026-01-13T16:47:13-08:00","logger":"RevisionReconciler.reconcile","msg":"reconcile completed","key":"default/kamera-test","reconciler":"knative.dev.serving.pkg.reconciler.revision.Reconciler","requeue":false,"requeueAfter":0}
{"level":"info","ts":"2026-01-13T16:47:13-08:00","logger":"tracecheck","msg":"Taking reconcile step","Depth":19,"# Distinct States":416,"Total States":420,"Resource States":71}
{"level":"info","ts":"2026-01-13T16:47:13-08:00","logger":"RevisionReconciler.seed","msg":"added podscalable to informer","resource":"deployments","namespace":"default","name":"kamera-test-deployment","stage":"podscalable-add","keys":["default/kamera-test-deployment"]}
{"level":"info","ts":"2026-01-13T16:47:13-08:00","logger":"RevisionReconciler.seed","msg":"podscalable visible to lister","resource":"deployments","namespace":"default","name":"kamera-test-deployment","stage":"podscalable-lister","object":{"apiVersion":"autoscaling.internal.knative.dev/v1alpha1","kind":"PodScalable","namespace":"default","name":"kamera-test-deployment"}}
{"level":"error","ts":1768351633.835989,"logger":"fallback","caller":"revision/controller.go:116","msg":"Failed to create resolver transport","error":"open /var/run/secrets/kubernetes.io/serviceaccount/ca.crt: no such file or directory","stacktrace":"knative.dev/serving/pkg/reconciler/revision.newControllerWithOptions\n\t/Users/tgoodwin/tmp/gomodcache/knative.dev/serving@v0.46.5/pkg/reconciler/revision/controller.go:116\nknative.dev/serving/pkg/reconciler/revision.NewController\n\t/Users/tgoodwin/tmp/gomodcache/knative.dev/serving@v0.46.5/pkg/reconciler/revision/controller.go:64\nmain.configureKnativeExplorer.func1.1\n\t/Users/tgoodwin/projects/kamera/examples/knative-serving/scenario.go:91\ngithub.com/tgoodwin/kamera/examples/knative-serving/knative.NewKnativeStrategy.func1\n\t/Users/tgoodwin/projects/kamera/examples/knative-serving/knative/harness.go:555\ngithub.com/tgoodwin/kamera/examples/knative-serving/knative.(*KnativeStrategy).ReconcileAtState\n\t/Users/tgoodwin/projects/kamera/examples/knative-serving/knative/harness.go:895\ngithub.com/tgoodwin/kamera/pkg/tracecheck.(*ReconcilerContainer).doReconcile\n\t/Users/tgoodwin/projects/kamera/pkg/tracecheck/reconciler.go:164\ngithub.com/tgoodwin/kamera/pkg/tracecheck.(*Explorer).reconcileAtState\n\t/Users/tgoodwin/projects/kamera/pkg/tracecheck/explore.go:1313\ngithub.com/tgoodwin/kamera/pkg/tracecheck.(*Explorer).takeReconcileStep\n\t/Users/tgoodwin/projects/kamera/pkg/tracecheck/explore.go:1228\ngithub.com/tgoodwin/kamera/pkg/tracecheck.(*Explorer).explore\n\t/Users/tgoodwin/projects/kamera/pkg/tracecheck/explore.go:790\ngithub.com/tgoodwin/kamera/pkg/tracecheck.(*Explorer).Explore.func1\n\t/Users/tgoodwin/projects/kamera/pkg/tracecheck/explore.go:330"}
{"level":"info","ts":1768351633.836405,"logger":"fallback","caller":"revision/reconcile_resources.go:161","msg":"Reconciling PA: kamera-test"}
{"level":"info","ts":"2026-01-13T16:47:13-08:00","logger":"RevisionReconciler.reconcile","msg":"reconcile completed","key":"default/kamera-test","reconciler":"knative.dev.serving.pkg.reconciler.revision.Reconciler","requeue":false,"requeueAfter":0}
{"level":"info","ts":"2026-01-13T16:47:13-08:00","logger":"tracecheck","msg":"Taking reconcile step","Depth":20,"# Distinct States":417,"Total States":421,"Resource States":71}
{"level":"info","ts":"2026-01-13T16:47:13-08:00","logger":"ServerlessServiceReconciler.seed","msg":"added podscalable to informer","resource":"deployments","namespace":"default","name":"kamera-test-deployment","stage":"podscalable-add","keys":["default/kamera-test-deployment"]}
{"level":"info","ts":"2026-01-13T16:47:13-08:00","logger":"ServerlessServiceReconciler.seed","msg":"podscalable visible to lister","resource":"deployments","namespace":"default","name":"kamera-test-deployment","stage":"podscalable-lister","object":{"apiVersion":"autoscaling.internal.knative.dev/v1alpha1","kind":"PodScalable","namespace":"default","name":"kamera-test-deployment"}}
{"level":"info","ts":1768351633.9438999,"logger":"fallback","caller":"serverlessservice/controller.go:90","msg":"Doing a global resync due to activator endpoint changes"}
{"level":"info","ts":1768351633.943905,"logger":"fallback","caller":"serverlessservice/serverlessservice.go:316","msg":"SKS has no private service; creating."}
{"level":"info","ts":1768351633.9441779,"logger":"fallback","caller":"serverlessservice/serverlessservice.go:323","msg":"Created private K8s service: kamera-test-private"}
{"level":"info","ts":1768351633.944192,"logger":"fallback","caller":"serverlessservice/serverlessservice.go:97","msg":"K8s public service does not exist; creating."}
{"level":"info","ts":1768351633.944339,"logger":"fallback","caller":"serverlessservice/serverlessservice.go:105","msg":"Created public K8s service: kamera-test"}
{"level":"error","ts":1768351633.9444978,"logger":"fallback","caller":"serverlessservice/reconciler.go:303","msg":"Returned an error","targetMethod":"ReconcileKind","error":"failed to get private K8s Service endpoints: endpoints \"kamera-test-private\" not found","stacktrace":"knative.dev/networking/pkg/client/injection/reconciler/networking/v1alpha1/serverlessservice.(*reconcilerImpl).Reconcile\n\t/Users/tgoodwin/tmp/gomodcache/knative.dev/networking@v0.0.0-20250909015233-e3b68fc57bea/pkg/client/injection/reconciler/networking/v1alpha1/serverlessservice/reconciler.go:303\ngithub.com/tgoodwin/kamera/examples/knative-serving/knative.(*KnativeStrategy).ReconcileAtState\n\t/Users/tgoodwin/projects/kamera/examples/knative-serving/knative/harness.go:905\ngithub.com/tgoodwin/kamera/pkg/tracecheck.(*ReconcilerContainer).doReconcile\n\t/Users/tgoodwin/projects/kamera/pkg/tracecheck/reconciler.go:164\ngithub.com/tgoodwin/kamera/pkg/tracecheck.(*Explorer).reconcileAtState\n\t/Users/tgoodwin/projects/kamera/pkg/tracecheck/explore.go:1313\ngithub.com/tgoodwin/kamera/pkg/tracecheck.(*Explorer).takeReconcileStep\n\t/Users/tgoodwin/projects/kamera/pkg/tracecheck/explore.go:1228\ngithub.com/tgoodwin/kamera/pkg/tracecheck.(*Explorer).explore\n\t/Users/tgoodwin/projects/kamera/pkg/tracecheck/explore.go:790\ngithub.com/tgoodwin/kamera/pkg/tracecheck.(*Explorer).Explore.func1\n\t/Users/tgoodwin/projects/kamera/pkg/tracecheck/explore.go:330"}
{"level":"info","ts":"2026-01-13T16:47:13-08:00","logger":"ServerlessServiceReconciler.reconcile","msg":"transient not found; requeueing","key":"default/kamera-test","reconciler":"knative.dev.serving.pkg.reconciler.serverlessservice.reconciler","error":"failed to get private K8s Service endpoints: endpoints \"kamera-test-private\" not found"}
{"level":"info","ts":"2026-01-13T16:47:13-08:00","logger":"tracecheck","msg":"Taking reconcile step","Depth":21,"# Distinct States":418,"Total States":422,"Resource States":71}
{"level":"info","ts":"2026-01-13T16:47:13-08:00","logger":"tracecheck","msg":"Taking reconcile step","Depth":22,"# Distinct States":419,"Total States":423,"Resource States":71}
{"level":"info","ts":"2026-01-13T16:47:13-08:00","logger":"tracecheck","msg":"updated pod status","Depth":22,"# Distinct States":419,"Total States":423,"Resource States":71,"phase":"Pending","pod":{"name":"kamera-test-deployment-1488584584-0","namespace":"default"}}
{"level":"info","ts":"2026-01-13T16:47:13-08:00","logger":"tracecheck","msg":"Taking reconcile step","Depth":23,"# Distinct States":420,"Total States":424,"Resource States":71}
{"level":"info","ts":"2026-01-13T16:47:13-08:00","logger":"tracecheck","msg":"Updated ReplicaSet status","Depth":23,"# Distinct States":420,"Total States":424,"Resource States":71,"name":"kamera-test-deployment-1488584584"}
{"level":"info","ts":"2026-01-13T16:47:13-08:00","logger":"tracecheck","msg":"Taking reconcile step","Depth":24,"# Distinct States":421,"Total States":425,"Resource States":71}
{"level":"info","ts":"2026-01-13T16:47:14-08:00","logger":"ConfigurationReconciler.seed","msg":"added podscalable to informer","resource":"deployments","namespace":"default","name":"kamera-test-deployment","stage":"podscalable-add","keys":["default/kamera-test-deployment"]}
{"level":"info","ts":"2026-01-13T16:47:14-08:00","logger":"ConfigurationReconciler.seed","msg":"podscalable visible to lister","resource":"deployments","namespace":"default","name":"kamera-test-deployment","stage":"podscalable-lister","object":{"apiVersion":"autoscaling.internal.knative.dev/v1alpha1","kind":"PodScalable","namespace":"default","name":"kamera-test-deployment"}}
{"level":"info","ts":1768351634.0625222,"logger":"fallback","caller":"configuration/configuration.go:103","msg":"Revision \"kamera-test\" of configuration is not ready"}
{"level":"info","ts":"2026-01-13T16:47:14-08:00","logger":"ConfigurationReconciler.reconcile","msg":"reconcile completed","key":"default/demo","reconciler":"knative.dev.serving.pkg.reconciler.configuration.Reconciler","requeue":false,"requeueAfter":0}
{"level":"info","ts":"2026-01-13T16:47:14-08:00","logger":"tracecheck","msg":"Taking reconcile step","Depth":7,"# Distinct States":423,"Total States":427,"Resource States":71}
{"level":"info","ts":"2026-01-13T16:47:14-08:00","logger":"RevisionReconciler.seed","msg":"added podscalable to informer","resource":"deployments","namespace":"default","name":"kamera-test-deployment","stage":"podscalable-add","keys":["default/kamera-test-deployment"]}
{"level":"info","ts":"2026-01-13T16:47:14-08:00","logger":"RevisionReconciler.seed","msg":"podscalable visible to lister","resource":"deployments","namespace":"default","name":"kamera-test-deployment","stage":"podscalable-lister","object":{"apiVersion":"autoscaling.internal.knative.dev/v1alpha1","kind":"PodScalable","namespace":"default","name":"kamera-test-deployment"}}
{"level":"error","ts":1768351634.1689699,"logger":"fallback","caller":"revision/controller.go:116","msg":"Failed to create resolver transport","error":"open /var/run/secrets/kubernetes.io/serviceaccount/ca.crt: no such file or directory","stacktrace":"knative.dev/serving/pkg/reconciler/revision.newControllerWithOptions\n\t/Users/tgoodwin/tmp/gomodcache/knative.dev/serving@v0.46.5/pkg/reconciler/revision/controller.go:116\nknative.dev/serving/pkg/reconciler/revision.NewController\n\t/Users/tgoodwin/tmp/gomodcache/knative.dev/serving@v0.46.5/pkg/reconciler/revision/controller.go:64\nmain.configureKnativeExplorer.func1.1\n\t/Users/tgoodwin/projects/kamera/examples/knative-serving/scenario.go:91\ngithub.com/tgoodwin/kamera/examples/knative-serving/knative.NewKnativeStrategy.func1\n\t/Users/tgoodwin/projects/kamera/examples/knative-serving/knative/harness.go:555\ngithub.com/tgoodwin/kamera/examples/knative-serving/knative.(*KnativeStrategy).ReconcileAtState\n\t/Users/tgoodwin/projects/kamera/examples/knative-serving/knative/harness.go:895\ngithub.com/tgoodwin/kamera/pkg/tracecheck.(*ReconcilerContainer).doReconcile\n\t/Users/tgoodwin/projects/kamera/pkg/tracecheck/reconciler.go:164\ngithub.com/tgoodwin/kamera/pkg/tracecheck.(*Explorer).reconcileAtState\n\t/Users/tgoodwin/projects/kamera/pkg/tracecheck/explore.go:1313\ngithub.com/tgoodwin/kamera/pkg/tracecheck.(*Explorer).takeReconcileStep\n\t/Users/tgoodwin/projects/kamera/pkg/tracecheck/explore.go:1228\ngithub.com/tgoodwin/kamera/pkg/tracecheck.(*Explorer).explore\n\t/Users/tgoodwin/projects/kamera/pkg/tracecheck/explore.go:790\ngithub.com/tgoodwin/kamera/pkg/tracecheck.(*Explorer).Explore.func1\n\t/Users/tgoodwin/projects/kamera/pkg/tracecheck/explore.go:330"}
{"level":"info","ts":1768351634.1694221,"logger":"fallback","caller":"revision/reconcile_resources.go:161","msg":"Reconciling PA: kamera-test"}
{"level":"info","ts":"2026-01-13T16:47:14-08:00","logger":"RevisionReconciler.reconcile","msg":"reconcile completed","key":"default/kamera-test","reconciler":"knative.dev.serving.pkg.reconciler.revision.Reconciler","requeue":false,"requeueAfter":0}
{"level":"info","ts":"2026-01-13T16:47:14-08:00","logger":"tracecheck","msg":"Taking reconcile step","Depth":8,"# Distinct States":424,"Total States":428,"Resource States":71}
{"level":"info","ts":"2026-01-13T16:47:14-08:00","logger":"RouteReconciler.seed","msg":"added podscalable to informer","resource":"deployments","namespace":"default","name":"kamera-test-deployment","stage":"podscalable-add","keys":["default/kamera-test-deployment"]}
{"level":"info","ts":"2026-01-13T16:47:14-08:00","logger":"RouteReconciler.seed","msg":"podscalable visible to lister","resource":"deployments","namespace":"default","name":"kamera-test-deployment","stage":"podscalable-lister","object":{"apiVersion":"autoscaling.internal.knative.dev/v1alpha1","kind":"PodScalable","namespace":"default","name":"kamera-test-deployment"}}
{"level":"info","ts":1768351634.275436,"logger":"fallback","caller":"route/route.go:480","msg":"Marking bad traffic target: Configuration \"demo\" not ready, isFailure=false"}
{"level":"info","ts":"2026-01-13T16:47:14-08:00","logger":"RouteReconciler.reconcile","msg":"reconcile completed","key":"default/demo","reconciler":"knative.dev.serving.pkg.reconciler.route.Reconciler","requeue":false,"requeueAfter":0}
{"level":"info","ts":"2026-01-13T16:47:14-08:00","logger":"tracecheck","msg":"Taking reconcile step","Depth":9,"# Distinct States":425,"Total States":429,"Resource States":71}
{"level":"info","ts":"2026-01-13T16:47:14-08:00","logger":"ServiceReconciler.seed","msg":"added podscalable to informer","resource":"deployments","namespace":"default","name":"kamera-test-deployment","stage":"podscalable-add","keys":["default/kamera-test-deployment"]}
{"level":"info","ts":"2026-01-13T16:47:14-08:00","logger":"ServiceReconciler.seed","msg":"podscalable visible to lister","resource":"deployments","namespace":"default","name":"kamera-test-deployment","stage":"podscalable-lister","object":{"apiVersion":"autoscaling.internal.knative.dev/v1alpha1","kind":"PodScalable","namespace":"default","name":"kamera-test-deployment"}}
{"level":"info","ts":1768351634.3815281,"logger":"fallback","caller":"service/service.go:171","msg":"Service reconciler fetching Route from lister: name=demo, namespace=default"}
{"level":"info","ts":1768351634.3815491,"logger":"fallback","caller":"service/service.go:174","msg":"Service reconciler got Route from lister: name=demo, Generation=1, ObservedGeneration=1, ResourceVersion="}
{"level":"info","ts":1768351634.3815858,"logger":"fallback","caller":"service/service.go:126","msg":"Service reconciler checking Route: name=demo, Generation=1, ObservedGeneration=1, Ready=Unknown (reason=RevisionMissing, message=Configuration \"demo\" is waiting for a Revision to become ready.), generationMatch=true, routeResourceVersion="}
{"level":"info","ts":1768351634.381595,"logger":"fallback","caller":"service/service.go:136","msg":"Service reconciler calling PropagateRouteStatus() because Generation == ObservedGeneration"}
{"level":"info","ts":"2026-01-13T16:47:14-08:00","logger":"ServiceReconciler.reconcile","msg":"reconcile completed","key":"default/demo","reconciler":"knative.dev.serving.pkg.reconciler.service.Reconciler","requeue":false,"requeueAfter":0}
{"level":"info","ts":"2026-01-13T16:47:14-08:00","logger":"tracecheck","msg":"Taking reconcile step","Depth":10,"# Distinct States":426,"Total States":430,"Resource States":71}
{"level":"info","ts":"2026-01-13T16:47:14-08:00","logger":"ConfigurationReconciler.seed","msg":"added podscalable to informer","resource":"deployments","namespace":"default","name":"kamera-test-deployment","stage":"podscalable-add","keys":["default/kamera-test-deployment"]}
{"level":"info","ts":"2026-01-13T16:47:14-08:00","logger":"ConfigurationReconciler.seed","msg":"podscalable visible to lister","resource":"deployments","namespace":"default","name":"kamera-test-deployment","stage":"podscalable-lister","object":{"apiVersion":"autoscaling.internal.knative.dev/v1alpha1","kind":"PodScalable","namespace":"default","name":"kamera-test-deployment"}}
{"level":"info","ts":1768351634.487872,"logger":"fallback","caller":"configuration/configuration.go:103","msg":"Revision \"kamera-test\" of configuration is not ready"}
{"level":"info","ts":"2026-01-13T16:47:14-08:00","logger":"ConfigurationReconciler.reconcile","msg":"reconcile completed","key":"default/demo","reconciler":"knative.dev.serving.pkg.reconciler.configuration.Reconciler","requeue":false,"requeueAfter":0}
{"level":"info","ts":"2026-01-13T16:47:14-08:00","logger":"tracecheck","msg":"Taking reconcile step","Depth":11,"# Distinct States":427,"Total States":431,"Resource States":71}
{"level":"info","ts":"2026-01-13T16:47:14-08:00","logger":"tracecheck","msg":"Taking reconcile step","Depth":12,"# Distinct States":428,"Total States":432,"Resource States":71}
{"level":"info","ts":"2026-01-13T16:47:14-08:00","logger":"tracecheck","msg":"Updated Deployment status","Depth":12,"# Distinct States":428,"Total States":432,"Resource States":71,"name":"kamera-test-deployment"}
{"level":"info","ts":"2026-01-13T16:47:14-08:00","logger":"tracecheck","msg":"Taking reconcile step","Depth":13,"# Distinct States":429,"Total States":433,"Resource States":71}
{"level":"info","ts":"2026-01-13T16:47:14-08:00","logger":"KPAReconciler.seed","msg":"added podscalable to informer","resource":"deployments","namespace":"default","name":"kamera-test-deployment","stage":"podscalable-add","keys":["default/kamera-test-deployment"]}
{"level":"info","ts":"2026-01-13T16:47:14-08:00","logger":"KPAReconciler.seed","msg":"podscalable visible to lister","resource":"deployments","namespace":"default","name":"kamera-test-deployment","stage":"podscalable-lister","object":{"apiVersion":"autoscaling.internal.knative.dev/v1alpha1","kind":"PodScalable","namespace":"default","name":"kamera-test-deployment"}}
{"level":"info","ts":1768351634.597059,"logger":"fallback","caller":"kpa/controller.go:77","msg":"Setting up ConfigMap receivers"}
{"level":"info","ts":1768351634.597152,"logger":"fallback","caller":"kpa/controller.go:91","msg":"Setting up KPA-Class event handlers"}
{"level":"info","ts":1768351634.597232,"logger":"fallback","caller":"autoscaling/reconciler.go:56","msg":"SKS does not exist; creating."}
{"level":"info","ts":1768351634.597375,"logger":"fallback","caller":"autoscaling/reconciler.go:61","msg":"Created SKS"}
{"level":"info","ts":"2026-01-13T16:47:14-08:00","logger":"KPAReconciler.reconcile","msg":"reconcile completed","key":"default/kamera-test","reconciler":"knative.dev.serving.pkg.reconciler.autoscaling.kpa.Reconciler","requeue":false,"requeueAfter":0}
{"level":"info","ts":"2026-01-13T16:47:14-08:00","logger":"tracecheck","msg":"Taking reconcile step","Depth":14,"# Distinct States":430,"Total States":434,"Resource States":71}
{"level":"info","ts":"2026-01-13T16:47:14-08:00","logger":"tracecheck","msg":"Taking reconcile step","Depth":15,"# Distinct States":431,"Total States":435,"Resource States":71}
{"level":"info","ts":"2026-01-13T16:47:14-08:00","logger":"tracecheck","msg":"Creating pods","Depth":15,"# Distinct States":431,"Total States":435,"Resource States":71,"count":1}
{"level":"info","ts":"2026-01-13T16:47:14-08:00","logger":"tracecheck","msg":"Updated ReplicaSet status","Depth":15,"# Distinct States":431,"Total States":435,"Resource States":71,"name":"kamera-test-deployment-1488584584"}
{"level":"info","ts":"2026-01-13T16:47:14-08:00","logger":"tracecheck","msg":"Taking reconcile step","Depth":16,"# Distinct States":432,"Total States":436,"Resource States":71}
{"level":"info","ts":"2026-01-13T16:47:14-08:00","logger":"tracecheck","msg":"Taking reconcile step","Depth":17,"# Distinct States":433,"Total States":437,"Resource States":71}
{"level":"info","ts":"2026-01-13T16:47:14-08:00","logger":"RevisionReconciler.seed","msg":"added podscalable to informer","resource":"deployments","namespace":"default","name":"kamera-test-deployment","stage":"podscalable-add","keys":["default/kamera-test-deployment"]}
{"level":"info","ts":"2026-01-13T16:47:14-08:00","logger":"RevisionReconciler.seed","msg":"podscalable visible to lister","resource":"deployments","namespace":"default","name":"kamera-test-deployment","stage":"podscalable-lister","object":{"apiVersion":"autoscaling.internal.knative.dev/v1alpha1","kind":"PodScalable","namespace":"default","name":"kamera-test-deployment"}}
{"level":"error","ts":1768351634.7111611,"logger":"fallback","caller":"revision/controller.go:116","msg":"Failed to create resolver transport","error":"open /var/run/secrets/kubernetes.io/serviceaccount/ca.crt: no such file or directory","stacktrace":"knative.dev/serving/pkg/reconciler/revision.newControllerWithOptions\n\t/Users/tgoodwin/tmp/gomodcache/knative.dev/serving@v0.46.5/pkg/reconciler/revision/controller.go:116\nknative.dev/serving/pkg/reconciler/revision.NewController\n\t/Users/tgoodwin/tmp/gomodcache/knative.dev/serving@v0.46.5/pkg/reconciler/revision/controller.go:64\nmain.configureKnativeExplorer.func1.1\n\t/Users/tgoodwin/projects/kamera/examples/knative-serving/scenario.go:91\ngithub.com/tgoodwin/kamera/examples/knative-serving/knative.NewKnativeStrategy.func1\n\t/Users/tgoodwin/projects/kamera/examples/knative-serving/knative/harness.go:555\ngithub.com/tgoodwin/kamera/examples/knative-serving/knative.(*KnativeStrategy).ReconcileAtState\n\t/Users/tgoodwin/projects/kamera/examples/knative-serving/knative/harness.go:895\ngithub.com/tgoodwin/kamera/pkg/tracecheck.(*ReconcilerContainer).doReconcile\n\t/Users/tgoodwin/projects/kamera/pkg/tracecheck/reconciler.go:164\ngithub.com/tgoodwin/kamera/pkg/tracecheck.(*Explorer).reconcileAtState\n\t/Users/tgoodwin/projects/kamera/pkg/tracecheck/explore.go:1313\ngithub.com/tgoodwin/kamera/pkg/tracecheck.(*Explorer).takeReconcileStep\n\t/Users/tgoodwin/projects/kamera/pkg/tracecheck/explore.go:1228\ngithub.com/tgoodwin/kamera/pkg/tracecheck.(*Explorer).explore\n\t/Users/tgoodwin/projects/kamera/pkg/tracecheck/explore.go:790\ngithub.com/tgoodwin/kamera/pkg/tracecheck.(*Explorer).Explore.func1\n\t/Users/tgoodwin/projects/kamera/pkg/tracecheck/explore.go:330"}
{"level":"info","ts":1768351634.711552,"logger":"fallback","caller":"revision/reconcile_resources.go:161","msg":"Reconciling PA: kamera-test"}
{"level":"info","ts":"2026-01-13T16:47:14-08:00","logger":"RevisionReconciler.reconcile","msg":"reconcile completed","key":"default/kamera-test","reconciler":"knative.dev.serving.pkg.reconciler.revision.Reconciler","requeue":false,"requeueAfter":0}
{"level":"info","ts":"2026-01-13T16:47:14-08:00","logger":"tracecheck","msg":"Taking reconcile step","Depth":2,"# Distinct States":435,"Total States":440,"Resource States":71}
{"level":"error","ts":1768351634.717058,"logger":"fallback","caller":"revision/controller.go:116","msg":"Failed to create resolver transport","error":"open /var/run/secrets/kubernetes.io/serviceaccount/ca.crt: no such file or directory","stacktrace":"knative.dev/serving/pkg/reconciler/revision.newControllerWithOptions\n\t/Users/tgoodwin/tmp/gomodcache/knative.dev/serving@v0.46.5/pkg/reconciler/revision/controller.go:116\nknative.dev/serving/pkg/reconciler/revision.NewController\n\t/Users/tgoodwin/tmp/gomodcache/knative.dev/serving@v0.46.5/pkg/reconciler/revision/controller.go:64\nmain.configureKnativeExplorer.func1.1\n\t/Users/tgoodwin/projects/kamera/examples/knative-serving/scenario.go:91\ngithub.com/tgoodwin/kamera/examples/knative-serving/knative.NewKnativeStrategy.func1\n\t/Users/tgoodwin/projects/kamera/examples/knative-serving/knative/harness.go:555\ngithub.com/tgoodwin/kamera/examples/knative-serving/knative.(*KnativeStrategy).ReconcileAtState\n\t/Users/tgoodwin/projects/kamera/examples/knative-serving/knative/harness.go:895\ngithub.com/tgoodwin/kamera/pkg/tracecheck.(*ReconcilerContainer).doReconcile\n\t/Users/tgoodwin/projects/kamera/pkg/tracecheck/reconciler.go:164\ngithub.com/tgoodwin/kamera/pkg/tracecheck.(*Explorer).reconcileAtState\n\t/Users/tgoodwin/projects/kamera/pkg/tracecheck/explore.go:1313\ngithub.com/tgoodwin/kamera/pkg/tracecheck.(*Explorer).takeReconcileStep\n\t/Users/tgoodwin/projects/kamera/pkg/tracecheck/explore.go:1228\ngithub.com/tgoodwin/kamera/pkg/tracecheck.(*Explorer).explore\n\t/Users/tgoodwin/projects/kamera/pkg/tracecheck/explore.go:790\ngithub.com/tgoodwin/kamera/pkg/tracecheck.(*Explorer).Explore.func1\n\t/Users/tgoodwin/projects/kamera/pkg/tracecheck/explore.go:330"}
{"level":"info","ts":1768351634.7176,"logger":"fallback","caller":"revision/reconcile_resources.go:59","msg":"Created deployment \"kamera-test-deployment\"","knative.dev/deployment":"kamera-test-deployment"}
{"level":"info","ts":1768351634.717697,"logger":"fallback","caller":"revision/reconcile_resources.go:142","msg":"Created image cache \"kamera-test-cache-user-container\""}
{"level":"info","ts":1768351634.717705,"logger":"fallback","caller":"revision/reconcile_resources.go:161","msg":"Reconciling PA: kamera-test"}
{"level":"info","ts":1768351634.71779,"logger":"fallback","caller":"revision/reconcile_resources.go:170","msg":"Created PA: kamera-test"}
{"level":"info","ts":"2026-01-13T16:47:14-08:00","logger":"RevisionReconciler.reconcile","msg":"reconcile completed","key":"default/kamera-test","reconciler":"knative.dev.serving.pkg.reconciler.revision.Reconciler","requeue":false,"requeueAfter":0}
{"level":"info","ts":"2026-01-13T16:47:14-08:00","logger":"tracecheck","msg":"Taking reconcile step","Depth":3,"# Distinct States":436,"Total States":441,"Resource States":72}
{"level":"info","ts":"2026-01-13T16:47:14-08:00","logger":"RouteReconciler.seed","msg":"added podscalable to informer","resource":"deployments","namespace":"default","name":"kamera-test-deployment","stage":"podscalable-add","keys":["default/kamera-test-deployment"]}
{"level":"info","ts":"2026-01-13T16:47:14-08:00","logger":"RouteReconciler.seed","msg":"podscalable visible to lister","resource":"deployments","namespace":"default","name":"kamera-test-deployment","stage":"podscalable-lister","object":{"apiVersion":"autoscaling.internal.knative.dev/v1alpha1","kind":"PodScalable","namespace":"default","name":"kamera-test-deployment"}}
{"level":"info","ts":1768351634.8245609,"logger":"fallback","caller":"route/route.go:480","msg":"Marking bad traffic target: Configuration \"demo\" not ready, isFailure=false"}
{"level":"info","ts":"2026-01-13T16:47:14-08:00","logger":"RouteReconciler.reconcile","msg":"reconcile completed","key":"default/demo","reconciler":"knative.dev.serving.pkg.reconciler.route.Reconciler","requeue":false,"requeueAfter":0}
{"level":"info","ts":"2026-01-13T16:47:14-08:00","logger":"tracecheck","msg":"Taking reconcile step","Depth":4,"# Distinct States":437,"Total States":442,"Resource States":73}
{"level":"info","ts":"2026-01-13T16:47:14-08:00","logger":"ServiceReconciler.seed","msg":"added podscalable to informer","resource":"deployments","namespace":"default","name":"kamera-test-deployment","stage":"podscalable-add","keys":["default/kamera-test-deployment"]}
{"level":"info","ts":"2026-01-13T16:47:14-08:00","logger":"ServiceReconciler.seed","msg":"podscalable visible to lister","resource":"deployments","namespace":"default","name":"kamera-test-deployment","stage":"podscalable-lister","object":{"apiVersion":"autoscaling.internal.knative.dev/v1alpha1","kind":"PodScalable","namespace":"default","name":"kamera-test-deployment"}}
{"level":"info","ts":1768351634.9316869,"logger":"fallback","caller":"service/service.go:171","msg":"Service reconciler fetching Route from lister: name=demo, namespace=default"}
{"level":"info","ts":1768351634.931722,"logger":"fallback","caller":"service/service.go:174","msg":"Service reconciler got Route from lister: name=demo, Generation=1, ObservedGeneration=1, ResourceVersion="}
{"level":"info","ts":1768351634.9317608,"logger":"fallback","caller":"service/service.go:126","msg":"Service reconciler checking Route: name=demo, Generation=1, ObservedGeneration=1, Ready=Unknown (reason=RevisionMissing, message=Configuration \"demo\" is waiting for a Revision to become ready.), generationMatch=true, routeResourceVersion="}
{"level":"info","ts":1768351634.931772,"logger":"fallback","caller":"service/service.go:136","msg":"Service reconciler calling PropagateRouteStatus() because Generation == ObservedGeneration"}
{"level":"info","ts":"2026-01-13T16:47:14-08:00","logger":"ServiceReconciler.reconcile","msg":"reconcile completed","key":"default/demo","reconciler":"knative.dev.serving.pkg.reconciler.service.Reconciler","requeue":false,"requeueAfter":0}
{"level":"info","ts":"2026-01-13T16:47:14-08:00","logger":"tracecheck","msg":"Taking reconcile step","Depth":5,"# Distinct States":438,"Total States":443,"Resource States":73}
{"level":"info","ts":"2026-01-13T16:47:15-08:00","logger":"ConfigurationReconciler.seed","msg":"added podscalable to informer","resource":"deployments","namespace":"default","name":"kamera-test-deployment","stage":"podscalable-add","keys":["default/kamera-test-deployment"]}
{"level":"info","ts":"2026-01-13T16:47:15-08:00","logger":"ConfigurationReconciler.seed","msg":"podscalable visible to lister","resource":"deployments","namespace":"default","name":"kamera-test-deployment","stage":"podscalable-lister","object":{"apiVersion":"autoscaling.internal.knative.dev/v1alpha1","kind":"PodScalable","namespace":"default","name":"kamera-test-deployment"}}
{"level":"info","ts":1768351635.042437,"logger":"fallback","caller":"configuration/configuration.go:103","msg":"Revision \"kamera-test\" of configuration is not ready"}
{"level":"info","ts":"2026-01-13T16:47:15-08:00","logger":"ConfigurationReconciler.reconcile","msg":"reconcile completed","key":"default/demo","reconciler":"knative.dev.serving.pkg.reconciler.configuration.Reconciler","requeue":false,"requeueAfter":0}
{"level":"info","ts":"2026-01-13T16:47:15-08:00","logger":"tracecheck","msg":"Taking reconcile step","Depth":6,"# Distinct States":439,"Total States":444,"Resource States":73}
{"level":"info","ts":"2026-01-13T16:47:15-08:00","logger":"tracecheck","msg":"Taking reconcile step","Depth":7,"# Distinct States":440,"Total States":445,"Resource States":73}
{"level":"info","ts":"2026-01-13T16:47:15-08:00","logger":"tracecheck","msg":"Updated Deployment status","Depth":7,"# Distinct States":440,"Total States":445,"Resource States":73,"name":"kamera-test-deployment"}
{"level":"info","ts":"2026-01-13T16:47:15-08:00","logger":"tracecheck","msg":"Taking reconcile step","Depth":8,"# Distinct States":441,"Total States":446,"Resource States":73}
{"level":"info","ts":"2026-01-13T16:47:15-08:00","logger":"KPAReconciler.seed","msg":"added podscalable to informer","resource":"deployments","namespace":"default","name":"kamera-test-deployment","stage":"podscalable-add","keys":["default/kamera-test-deployment"]}
{"level":"info","ts":"2026-01-13T16:47:15-08:00","logger":"KPAReconciler.seed","msg":"podscalable visible to lister","resource":"deployments","namespace":"default","name":"kamera-test-deployment","stage":"podscalable-lister","object":{"apiVersion":"autoscaling.internal.knative.dev/v1alpha1","kind":"PodScalable","namespace":"default","name":"kamera-test-deployment"}}
{"level":"info","ts":1768351635.154249,"logger":"fallback","caller":"kpa/controller.go:77","msg":"Setting up ConfigMap receivers"}
{"level":"info","ts":1768351635.154457,"logger":"fallback","caller":"kpa/controller.go:91","msg":"Setting up KPA-Class event handlers"}
{"level":"info","ts":1768351635.154628,"logger":"fallback","caller":"autoscaling/reconciler.go:56","msg":"SKS does not exist; creating."}
{"level":"info","ts":1768351635.154894,"logger":"fallback","caller":"autoscaling/reconciler.go:61","msg":"Created SKS"}
{"level":"info","ts":"2026-01-13T16:47:15-08:00","logger":"KPAReconciler.reconcile","msg":"reconcile completed","key":"default/kamera-test","reconciler":"knative.dev.serving.pkg.reconciler.autoscaling.kpa.Reconciler","requeue":false,"requeueAfter":0}
{"level":"info","ts":"2026-01-13T16:47:15-08:00","logger":"tracecheck","msg":"Taking reconcile step","Depth":9,"# Distinct States":442,"Total States":447,"Resource States":73}
{"level":"info","ts":"2026-01-13T16:47:15-08:00","logger":"RevisionReconciler.seed","msg":"added podscalable to informer","resource":"deployments","namespace":"default","name":"kamera-test-deployment","stage":"podscalable-add","keys":["default/kamera-test-deployment"]}
{"level":"info","ts":"2026-01-13T16:47:15-08:00","logger":"RevisionReconciler.seed","msg":"podscalable visible to lister","resource":"deployments","namespace":"default","name":"kamera-test-deployment","stage":"podscalable-lister","object":{"apiVersion":"autoscaling.internal.knative.dev/v1alpha1","kind":"PodScalable","namespace":"default","name":"kamera-test-deployment"}}
{"level":"error","ts":1768351635.262911,"logger":"fallback","caller":"revision/controller.go:116","msg":"Failed to create resolver transport","error":"open /var/run/secrets/kubernetes.io/serviceaccount/ca.crt: no such file or directory","stacktrace":"knative.dev/serving/pkg/reconciler/revision.newControllerWithOptions\n\t/Users/tgoodwin/tmp/gomodcache/knative.dev/serving@v0.46.5/pkg/reconciler/revision/controller.go:116\nknative.dev/serving/pkg/reconciler/revision.NewController\n\t/Users/tgoodwin/tmp/gomodcache/knative.dev/serving@v0.46.5/pkg/reconciler/revision/controller.go:64\nmain.configureKnativeExplorer.func1.1\n\t/Users/tgoodwin/projects/kamera/examples/knative-serving/scenario.go:91\ngithub.com/tgoodwin/kamera/examples/knative-serving/knative.NewKnativeStrategy.func1\n\t/Users/tgoodwin/projects/kamera/examples/knative-serving/knative/harness.go:555\ngithub.com/tgoodwin/kamera/examples/knative-serving/knative.(*KnativeStrategy).ReconcileAtState\n\t/Users/tgoodwin/projects/kamera/examples/knative-serving/knative/harness.go:895\ngithub.com/tgoodwin/kamera/pkg/tracecheck.(*ReconcilerContainer).doReconcile\n\t/Users/tgoodwin/projects/kamera/pkg/tracecheck/reconciler.go:164\ngithub.com/tgoodwin/kamera/pkg/tracecheck.(*Explorer).reconcileAtState\n\t/Users/tgoodwin/projects/kamera/pkg/tracecheck/explore.go:1313\ngithub.com/tgoodwin/kamera/pkg/tracecheck.(*Explorer).takeReconcileStep\n\t/Users/tgoodwin/projects/kamera/pkg/tracecheck/explore.go:1228\ngithub.com/tgoodwin/kamera/pkg/tracecheck.(*Explorer).explore\n\t/Users/tgoodwin/projects/kamera/pkg/tracecheck/explore.go:790\ngithub.com/tgoodwin/kamera/pkg/tracecheck.(*Explorer).Explore.func1\n\t/Users/tgoodwin/projects/kamera/pkg/tracecheck/explore.go:330"}
{"level":"info","ts":1768351635.263447,"logger":"fallback","caller":"revision/reconcile_resources.go:161","msg":"Reconciling PA: kamera-test"}
{"level":"info","ts":"2026-01-13T16:47:15-08:00","logger":"RevisionReconciler.reconcile","msg":"reconcile completed","key":"default/kamera-test","reconciler":"knative.dev.serving.pkg.reconciler.revision.Reconciler","requeue":false,"requeueAfter":0}
{"level":"info","ts":"2026-01-13T16:47:15-08:00","logger":"tracecheck","msg":"Taking reconcile step","Depth":10,"# Distinct States":443,"Total States":448,"Resource States":73}
{"level":"info","ts":"2026-01-13T16:47:15-08:00","logger":"RouteReconciler.seed","msg":"added podscalable to informer","resource":"deployments","namespace":"default","name":"kamera-test-deployment","stage":"podscalable-add","keys":["default/kamera-test-deployment"]}
{"level":"info","ts":"2026-01-13T16:47:15-08:00","logger":"RouteReconciler.seed","msg":"podscalable visible to lister","resource":"deployments","namespace":"default","name":"kamera-test-deployment","stage":"podscalable-lister","object":{"apiVersion":"autoscaling.internal.knative.dev/v1alpha1","kind":"PodScalable","namespace":"default","name":"kamera-test-deployment"}}
{"level":"info","ts":1768351635.3725262,"logger":"fallback","caller":"route/route.go:480","msg":"Marking bad traffic target: Configuration \"demo\" not ready, isFailure=false"}
{"level":"info","ts":"2026-01-13T16:47:15-08:00","logger":"RouteReconciler.reconcile","msg":"reconcile completed","key":"default/demo","reconciler":"knative.dev.serving.pkg.reconciler.route.Reconciler","requeue":false,"requeueAfter":0}
{"level":"info","ts":"2026-01-13T16:47:15-08:00","logger":"tracecheck","msg":"Taking reconcile step","Depth":11,"# Distinct States":444,"Total States":449,"Resource States":73}
{"level":"info","ts":"2026-01-13T16:47:15-08:00","logger":"ServiceReconciler.seed","msg":"added podscalable to informer","resource":"deployments","namespace":"default","name":"kamera-test-deployment","stage":"podscalable-add","keys":["default/kamera-test-deployment"]}
{"level":"info","ts":"2026-01-13T16:47:15-08:00","logger":"ServiceReconciler.seed","msg":"podscalable visible to lister","resource":"deployments","namespace":"default","name":"kamera-test-deployment","stage":"podscalable-lister","object":{"apiVersion":"autoscaling.internal.knative.dev/v1alpha1","kind":"PodScalable","namespace":"default","name":"kamera-test-deployment"}}
{"level":"info","ts":1768351635.480742,"logger":"fallback","caller":"service/service.go:171","msg":"Service reconciler fetching Route from lister: name=demo, namespace=default"}
{"level":"info","ts":1768351635.480763,"logger":"fallback","caller":"service/service.go:174","msg":"Service reconciler got Route from lister: name=demo, Generation=1, ObservedGeneration=1, ResourceVersion="}
{"level":"info","ts":1768351635.480793,"logger":"fallback","caller":"service/service.go:126","msg":"Service reconciler checking Route: name=demo, Generation=1, ObservedGeneration=1, Ready=Unknown (reason=RevisionMissing, message=Configuration \"demo\" is waiting for a Revision to become ready.), generationMatch=true, routeResourceVersion="}
{"level":"info","ts":1768351635.480802,"logger":"fallback","caller":"service/service.go:136","msg":"Service reconciler calling PropagateRouteStatus() because Generation == ObservedGeneration"}
{"level":"info","ts":"2026-01-13T16:47:15-08:00","logger":"ServiceReconciler.reconcile","msg":"reconcile completed","key":"default/demo","reconciler":"knative.dev.serving.pkg.reconciler.service.Reconciler","requeue":false,"requeueAfter":0}
{"level":"info","ts":"2026-01-13T16:47:15-08:00","logger":"tracecheck","msg":"Taking reconcile step","Depth":3,"# Distinct States":445,"Total States":451,"Resource States":73}
{"level":"info","ts":"2026-01-13T16:47:15-08:00","logger":"RevisionReconciler.seed","msg":"added podscalable to informer","resource":"deployments","namespace":"default","name":"kamera-test-deployment","stage":"podscalable-add","keys":["default/kamera-test-deployment"]}
{"level":"info","ts":"2026-01-13T16:47:15-08:00","logger":"RevisionReconciler.seed","msg":"podscalable visible to lister","resource":"deployments","namespace":"default","name":"kamera-test-deployment","stage":"podscalable-lister","object":{"apiVersion":"autoscaling.internal.knative.dev/v1alpha1","kind":"PodScalable","namespace":"default","name":"kamera-test-deployment"}}
{"level":"error","ts":1768351635.5875041,"logger":"fallback","caller":"revision/controller.go:116","msg":"Failed to create resolver transport","error":"open /var/run/secrets/kubernetes.io/serviceaccount/ca.crt: no such file or directory","stacktrace":"knative.dev/serving/pkg/reconciler/revision.newControllerWithOptions\n\t/Users/tgoodwin/tmp/gomodcache/knative.dev/serving@v0.46.5/pkg/reconciler/revision/controller.go:116\nknative.dev/serving/pkg/reconciler/revision.NewController\n\t/Users/tgoodwin/tmp/gomodcache/knative.dev/serving@v0.46.5/pkg/reconciler/revision/controller.go:64\nmain.configureKnativeExplorer.func1.1\n\t/Users/tgoodwin/projects/kamera/examples/knative-serving/scenario.go:91\ngithub.com/tgoodwin/kamera/examples/knative-serving/knative.NewKnativeStrategy.func1\n\t/Users/tgoodwin/projects/kamera/examples/knative-serving/knative/harness.go:555\ngithub.com/tgoodwin/kamera/examples/knative-serving/knative.(*KnativeStrategy).ReconcileAtState\n\t/Users/tgoodwin/projects/kamera/examples/knative-serving/knative/harness.go:895\ngithub.com/tgoodwin/kamera/pkg/tracecheck.(*ReconcilerContainer).doReconcile\n\t/Users/tgoodwin/projects/kamera/pkg/tracecheck/reconciler.go:164\ngithub.com/tgoodwin/kamera/pkg/tracecheck.(*Explorer).reconcileAtState\n\t/Users/tgoodwin/projects/kamera/pkg/tracecheck/explore.go:1313\ngithub.com/tgoodwin/kamera/pkg/tracecheck.(*Explorer).takeReconcileStep\n\t/Users/tgoodwin/projects/kamera/pkg/tracecheck/explore.go:1228\ngithub.com/tgoodwin/kamera/pkg/tracecheck.(*Explorer).explore\n\t/Users/tgoodwin/projects/kamera/pkg/tracecheck/explore.go:790\ngithub.com/tgoodwin/kamera/pkg/tracecheck.(*Explorer).Explore.func1\n\t/Users/tgoodwin/projects/kamera/pkg/tracecheck/explore.go:330"}
{"level":"info","ts":1768351635.588244,"logger":"fallback","caller":"revision/reconcile_resources.go:161","msg":"Reconciling PA: kamera-test"}
{"level":"info","ts":"2026-01-13T16:47:15-08:00","logger":"RevisionReconciler.reconcile","msg":"reconcile completed","key":"default/kamera-test","reconciler":"knative.dev.serving.pkg.reconciler.revision.Reconciler","requeue":false,"requeueAfter":0}
{"level":"info","ts":"2026-01-13T16:47:15-08:00","logger":"tracecheck","msg":"Taking reconcile step","Depth":4,"# Distinct States":446,"Total States":452,"Resource States":73}
{"level":"info","ts":"2026-01-13T16:47:15-08:00","logger":"RouteReconciler.seed","msg":"added podscalable to informer","resource":"deployments","namespace":"default","name":"kamera-test-deployment","stage":"podscalable-add","keys":["default/kamera-test-deployment"]}
{"level":"info","ts":"2026-01-13T16:47:15-08:00","logger":"RouteReconciler.seed","msg":"podscalable visible to lister","resource":"deployments","namespace":"default","name":"kamera-test-deployment","stage":"podscalable-lister","object":{"apiVersion":"autoscaling.internal.knative.dev/v1alpha1","kind":"PodScalable","namespace":"default","name":"kamera-test-deployment"}}
{"level":"info","ts":1768351635.6962812,"logger":"fallback","caller":"route/route.go:480","msg":"Marking bad traffic target: Configuration \"demo\" not ready, isFailure=false"}
{"level":"info","ts":"2026-01-13T16:47:15-08:00","logger":"RouteReconciler.reconcile","msg":"reconcile completed","key":"default/demo","reconciler":"knative.dev.serving.pkg.reconciler.route.Reconciler","requeue":false,"requeueAfter":0}
{"level":"info","ts":"2026-01-13T16:47:15-08:00","logger":"tracecheck","msg":"Taking reconcile step","Depth":5,"# Distinct States":447,"Total States":453,"Resource States":73}
{"level":"info","ts":"2026-01-13T16:47:15-08:00","logger":"ServiceReconciler.seed","msg":"added podscalable to informer","resource":"deployments","namespace":"default","name":"kamera-test-deployment","stage":"podscalable-add","keys":["default/kamera-test-deployment"]}
{"level":"info","ts":"2026-01-13T16:47:15-08:00","logger":"ServiceReconciler.seed","msg":"podscalable visible to lister","resource":"deployments","namespace":"default","name":"kamera-test-deployment","stage":"podscalable-lister","object":{"apiVersion":"autoscaling.internal.knative.dev/v1alpha1","kind":"PodScalable","namespace":"default","name":"kamera-test-deployment"}}
{"level":"info","ts":1768351635.805043,"logger":"fallback","caller":"service/service.go:171","msg":"Service reconciler fetching Route from lister: name=demo, namespace=default"}
{"level":"info","ts":1768351635.8050911,"logger":"fallback","caller":"service/service.go:174","msg":"Service reconciler got Route from lister: name=demo, Generation=1, ObservedGeneration=1, ResourceVersion="}
{"level":"info","ts":1768351635.805162,"logger":"fallback","caller":"service/service.go:126","msg":"Service reconciler checking Route: name=demo, Generation=1, ObservedGeneration=1, Ready=Unknown (reason=RevisionMissing, message=Configuration \"demo\" is waiting for a Revision to become ready.), generationMatch=true, routeResourceVersion="}
{"level":"info","ts":1768351635.805173,"logger":"fallback","caller":"service/service.go:136","msg":"Service reconciler calling PropagateRouteStatus() because Generation == ObservedGeneration"}
{"level":"info","ts":"2026-01-13T16:47:15-08:00","logger":"ServiceReconciler.reconcile","msg":"reconcile completed","key":"default/demo","reconciler":"knative.dev.serving.pkg.reconciler.service.Reconciler","requeue":false,"requeueAfter":0}
{"level":"info","ts":"2026-01-13T16:47:15-08:00","logger":"tracecheck","msg":"Taking reconcile step","Depth":6,"# Distinct States":448,"Total States":454,"Resource States":73}
{"level":"info","ts":"2026-01-13T16:47:15-08:00","logger":"ConfigurationReconciler.seed","msg":"added podscalable to informer","resource":"deployments","namespace":"default","name":"kamera-test-deployment","stage":"podscalable-add","keys":["default/kamera-test-deployment"]}
{"level":"info","ts":"2026-01-13T16:47:15-08:00","logger":"ConfigurationReconciler.seed","msg":"podscalable visible to lister","resource":"deployments","namespace":"default","name":"kamera-test-deployment","stage":"podscalable-lister","object":{"apiVersion":"autoscaling.internal.knative.dev/v1alpha1","kind":"PodScalable","namespace":"default","name":"kamera-test-deployment"}}
{"level":"info","ts":1768351635.912514,"logger":"fallback","caller":"configuration/configuration.go:103","msg":"Revision \"kamera-test\" of configuration is not ready"}
{"level":"info","ts":"2026-01-13T16:47:15-08:00","logger":"ConfigurationReconciler.reconcile","msg":"reconcile completed","key":"default/demo","reconciler":"knative.dev.serving.pkg.reconciler.configuration.Reconciler","requeue":false,"requeueAfter":0}
{"level":"info","ts":"2026-01-13T16:47:15-08:00","logger":"tracecheck","msg":"Taking reconcile step","Depth":7,"# Distinct States":449,"Total States":455,"Resource States":73}
{"level":"info","ts":"2026-01-13T16:47:15-08:00","logger":"tracecheck","msg":"Taking reconcile step","Depth":8,"# Distinct States":450,"Total States":456,"Resource States":73}
{"level":"info","ts":"2026-01-13T16:47:15-08:00","logger":"tracecheck","msg":"Updated Deployment status","Depth":8,"# Distinct States":450,"Total States":456,"Resource States":73,"name":"kamera-test-deployment"}
{"level":"info","ts":"2026-01-13T16:47:15-08:00","logger":"tracecheck","msg":"Taking reconcile step","Depth":9,"# Distinct States":451,"Total States":457,"Resource States":73}
{"level":"info","ts":"2026-01-13T16:47:16-08:00","logger":"KPAReconciler.seed","msg":"added podscalable to informer","resource":"deployments","namespace":"default","name":"kamera-test-deployment","stage":"podscalable-add","keys":["default/kamera-test-deployment"]}
{"level":"info","ts":"2026-01-13T16:47:16-08:00","logger":"KPAReconciler.seed","msg":"podscalable visible to lister","resource":"deployments","namespace":"default","name":"kamera-test-deployment","stage":"podscalable-lister","object":{"apiVersion":"autoscaling.internal.knative.dev/v1alpha1","kind":"PodScalable","namespace":"default","name":"kamera-test-deployment"}}
{"level":"info","ts":1768351636.0241401,"logger":"fallback","caller":"kpa/controller.go:77","msg":"Setting up ConfigMap receivers"}
{"level":"info","ts":1768351636.0243242,"logger":"fallback","caller":"kpa/controller.go:91","msg":"Setting up KPA-Class event handlers"}
{"level":"info","ts":1768351636.024502,"logger":"fallback","caller":"autoscaling/reconciler.go:56","msg":"SKS does not exist; creating."}
{"level":"info","ts":1768351636.024725,"logger":"fallback","caller":"autoscaling/reconciler.go:61","msg":"Created SKS"}
{"level":"info","ts":"2026-01-13T16:47:16-08:00","logger":"KPAReconciler.reconcile","msg":"reconcile completed","key":"default/kamera-test","reconciler":"knative.dev.serving.pkg.reconciler.autoscaling.kpa.Reconciler","requeue":false,"requeueAfter":0}
{"level":"info","ts":"2026-01-13T16:47:16-08:00","logger":"tracecheck","msg":"Taking reconcile step","Depth":10,"# Distinct States":452,"Total States":458,"Resource States":73}
{"level":"info","ts":"2026-01-13T16:47:16-08:00","logger":"RouteReconciler.seed","msg":"added podscalable to informer","resource":"deployments","namespace":"default","name":"kamera-test-deployment","stage":"podscalable-add","keys":["default/kamera-test-deployment"]}
{"level":"info","ts":"2026-01-13T16:47:16-08:00","logger":"RouteReconciler.seed","msg":"podscalable visible to lister","resource":"deployments","namespace":"default","name":"kamera-test-deployment","stage":"podscalable-lister","object":{"apiVersion":"autoscaling.internal.knative.dev/v1alpha1","kind":"PodScalable","namespace":"default","name":"kamera-test-deployment"}}
{"level":"info","ts":1768351636.132512,"logger":"fallback","caller":"route/route.go:480","msg":"Marking bad traffic target: Configuration \"demo\" not ready, isFailure=false"}
{"level":"info","ts":"2026-01-13T16:47:16-08:00","logger":"RouteReconciler.reconcile","msg":"reconcile completed","key":"default/demo","reconciler":"knative.dev.serving.pkg.reconciler.route.Reconciler","requeue":false,"requeueAfter":0}
{"level":"info","ts":"2026-01-13T16:47:16-08:00","logger":"tracecheck","msg":"Taking reconcile step","Depth":11,"# Distinct States":453,"Total States":459,"Resource States":73}
{"level":"info","ts":"2026-01-13T16:47:16-08:00","logger":"ServiceReconciler.seed","msg":"added podscalable to informer","resource":"deployments","namespace":"default","name":"kamera-test-deployment","stage":"podscalable-add","keys":["default/kamera-test-deployment"]}
{"level":"info","ts":"2026-01-13T16:47:16-08:00","logger":"ServiceReconciler.seed","msg":"podscalable visible to lister","resource":"deployments","namespace":"default","name":"kamera-test-deployment","stage":"podscalable-lister","object":{"apiVersion":"autoscaling.internal.knative.dev/v1alpha1","kind":"PodScalable","namespace":"default","name":"kamera-test-deployment"}}
{"level":"info","ts":1768351636.238566,"logger":"fallback","caller":"service/service.go:171","msg":"Service reconciler fetching Route from lister: name=demo, namespace=default"}
{"level":"info","ts":1768351636.238585,"logger":"fallback","caller":"service/service.go:174","msg":"Service reconciler got Route from lister: name=demo, Generation=1, ObservedGeneration=1, ResourceVersion="}
{"level":"info","ts":1768351636.238608,"logger":"fallback","caller":"service/service.go:126","msg":"Service reconciler checking Route: name=demo, Generation=1, ObservedGeneration=1, Ready=Unknown (reason=RevisionMissing, message=Configuration \"demo\" is waiting for a Revision to become ready.), generationMatch=true, routeResourceVersion="}
{"level":"info","ts":1768351636.2386172,"logger":"fallback","caller":"service/service.go:136","msg":"Service reconciler calling PropagateRouteStatus() because Generation == ObservedGeneration"}
{"level":"info","ts":"2026-01-13T16:47:16-08:00","logger":"ServiceReconciler.reconcile","msg":"reconcile completed","key":"default/demo","reconciler":"knative.dev.serving.pkg.reconciler.service.Reconciler","requeue":false,"requeueAfter":0}
Total time: 24.093074125s
Total node visits: 459
Unique node visits: 453
Unique resource states: 73
Skipped node visits: 6
Skipped paths: 0
Skipped order expansions: 111
Skipped subtrees: 0
Subtree completion skips: 18
Subtree diamond skips: 0
Early convergence: 3
No-op reconciles: 247
Skipped no-op orderings: 8
Cache predicted skips: 17
Aborted paths: 0
Optimization fires:
  orderingPruning branch skips: 111
  orderingPruning no-op skips: 8
  completedPathDedup skips: 0
  cachePrediction skips: 17
  earlyConvergence skips: 3
  subtreeCompletion skips: 18
  subtreeCompletion diamond skips: 0
Reconcile steps: 441
Avg step latency: 54.049211ms
Max step latency: 115.940917ms
Step latency by reconciler:
  Reconciler                Count  Avg          Max          Min         
  ServerlessServiceReconciler 12     106.909743ms 108.542666ms 104.029833ms
  EndpointsController       22     1.311573ms   2.695166ms   541.042µs   
  ServiceController         15     1.423094ms   1.771458ms   663.333µs   
  IngressStatusStub         16     2.09362ms    4.046583ms   715.042µs   
  CleanupReconciler         6      4.019888ms   5.822417ms   1.952667ms  
  ServiceReconciler         33     101.05592ms  108.93125ms  2.920209ms  
  RouteReconciler           32     104.248075ms 115.940917ms 3.761458ms  
  RevisionDigestStub        44     1.37329ms    2.866125ms   426.875µs   
  RevisionReconciler        61     103.953461ms 110.375333ms 4.191041ms  
  DeploymentController      48     3.850982ms   7.695042ms   1.231125ms  
  KPA                       52     107.417569ms 113.17ms     104.560666ms
  ReplicaSetController      43     2.876231ms   5.068833ms   721.458µs   
  PodLifecycleController    23     2.354072ms   6.059584ms   537µs       
  ConfigurationReconciler   34     100.712201ms 114.478042ms 3.073ms     

Visits by depth:
  Depth Range     Visits     Avg Pending    
  0-9             30         5.67           
  10-19           39         6.03           
  20-29           28         9.89           
  30-39           41         7.15           
  40-49           63         5.59           
  50-59           104        7.37           
  60-69           79         8.48           
  70-79           59         7.64           
  80-87           16         4.25           

Max queue depth: 124
Queue depth samples (every 100 visits): [112 70 93 25]
Converged state 0 - hash: pdu8xy8e, total paths: 1, unique paths: 1
wrote results to /Users/tgoodwin/projects/kamera/analysis/nondeterminism-verification/trials-original-config/trial-2/dump.jsonl
interactive inspector disabled; states available: 1 (converged=1, aborted=0)
